date,hour,systemMarginalPrice
2026-03-14T00:00:00+03:00,2026-03-14T00:00:00+03:00,3399.6
2026-03-14T01:00:00+03:00,2026-03-14T01:00:00+03:00,3399.22
2026-03-14T02:00:00+03:00,2026-03-14T02:00:00+03:00,3399.21
2026-03-14T03:00:00+03:00,2026-03-14T03:00:00+03:00,3000.0
2026-03-14T04:00:00+03:00,2026-03-14T04:00:00+03:00,3300.0
2026-03-14T05:00:00+03:00,2026-03-14T05:00:00+03:00,3300.0
2026-03-14T06:00:00+03:00,2026-03-14T06:00:00+03:00,1490.0
2026-03-14T07:00:00+03:00,2026-03-14T07:00:00+03:00,699.99
2026-03-14T08:00:00+03:00,2026-03-14T08:00:00+03:00,3399.21
2026-03-14T09:00:00+03:00,2026-03-14T09:00:00+03:00,3399.23
2026-03-14T10:00:00+03:00,2026-03-14T10:00:00+03:00,3399.23
2026-03-14T11:00:00+03:00,2026-03-14T11:00:00+03:00,3399.23
2026-03-14T12:00:00+03:00,2026-03-14T12:00:00+03:00,3399.22
2026-03-14T13:00:00+03:00,2026-03-14T13:00:00+03:00,3399.24
2026-03-14T14:00:00+03:00,2026-03-14T14:00:00+03:00,3399.28
2026-03-14T15:00:00+03:00,2026-03-14T15:00:00+03:00,3399.27
2026-03-14T16:00:00+03:00,2026-03-14T16:00:00+03:00,3399.32
2026-03-14T17:00:00+03:00,2026-03-14T17:00:00+03:00,3399.4
2026-03-14T18:00:00+03:00,2026-03-14T18:00:00+03:00,3399.92
2026-03-14T19:00:00+03:00,2026-03-14T19:00:00+03:00,2257.0
2026-03-14T20:00:00+03:00,2026-03-14T20:00:00+03:00,3399.41
2026-03-14T21:00:00+03:00,2026-03-14T21:00:00+03:00,2257.0
2026-03-14T22:00:00+03:00,2026-03-14T22:00:00+03:00,2257.0
2026-03-14T23:00:00+03:00,2026-03-14T23:00:00+03:00,1001.0
2026-03-15T00:00:00+03:00,2026-03-15T00:00:00+03:00,3089.0
2026-03-15T01:00:00+03:00,2026-03-15T01:00:00+03:00,3388.0
2026-03-15T02:00:00+03:00,2026-03-15T02:00:00+03:00,1500.0
2026-03-15T03:00:00+03:00,2026-03-15T03:00:00+03:00,2271.0
2026-03-15T04:00:00+03:00,2026-03-15T04:00:00+03:00,2271.0
2026-03-15T05:00:00+03:00,2026-03-15T05:00:00+03:00,1743.99
2026-03-15T06:00:00+03:00,2026-03-15T06:00:00+03:00,799.99
2026-03-15T07:00:00+03:00,2026-03-15T07:00:00+03:00,500.0
2026-03-15T08:00:00+03:00,2026-03-15T08:00:00+03:00,5.0
2026-03-15T09:00:00+03:00,2026-03-15T09:00:00+03:00,500.0
2026-03-15T10:00:00+03:00,2026-03-15T10:00:00+03:00,650.0
2026-03-15T11:00:00+03:00,2026-03-15T11:00:00+03:00,650.0
2026-03-15T12:00:00+03:00,2026-03-15T12:00:00+03:00,650.0
2026-03-15T13:00:00+03:00,2026-03-15T13:00:00+03:00,2082.0
2026-03-15T14:00:00+03:00,2026-03-15T14:00:00+03:00,3100.0
2026-03-15T15:00:00+03:00,2026-03-15T15:00:00+03:00,2500.0
2026-03-15T16:00:00+03:00,2026-03-15T16:00:00+03:00,2500.0
2026-03-15T17:00:00+03:00,2026-03-15T17:00:00+03:00,1744.01
2026-03-15T18:00:00+03:00,2026-03-15T18:00:00+03:00,1001.0
2026-03-15T19:00:00+03:00,2026-03-15T19:00:00+03:00,800.0
2026-03-15T20:00:00+03:00,2026-03-15T20:00:00+03:00,799.99
2026-03-15T21:00:00+03:00,2026-03-15T21:00:00+03:00,400.0
2026-03-15T22:00:00+03:00,2026-03-15T22:00:00+03:00,400.0
2026-03-15T23:00:00+03:00,2026-03-15T23:00:00+03:00,800.0
2026-03-16T00:00:00+03:00,2026-03-16T00:00:00+03:00,3000.0
2026-03-16T01:00:00+03:00,2026-03-16T01:00:00+03:00,1719.09
2026-03-16T02:00:00+03:00,2026-03-16T02:00:00+03:00,1715.0
2026-03-16T03:00:00+03:00,2026-03-16T03:00:00+03:00,1418.0
2026-03-16T04:00:00+03:00,2026-03-16T04:00:00+03:00,1744.0
2026-03-16T05:00:00+03:00,2026-03-16T05:00:00+03:00,1744.0
2026-03-16T06:00:00+03:00,2026-03-16T06:00:00+03:00,1744.0
2026-03-16T07:00:00+03:00,2026-03-16T07:00:00+03:00,750.0
2026-03-16T08:00:00+03:00,2026-03-16T08:00:00+03:00,3400.0
2026-03-16T09:00:00+03:00,2026-03-16T09:00:00+03:00,3400.0
2026-03-16T10:00:00+03:00,2026-03-16T10:00:00+03:00,3400.0
2026-03-16T11:00:00+03:00,2026-03-16T11:00:00+03:00,3400.0
2026-03-16T12:00:00+03:00,2026-03-16T12:00:00+03:00,1800.0
2026-03-16T13:00:00+03:00,2026-03-16T13:00:00+03:00,800.0
2026-03-16T14:00:00+03:00,2026-03-16T14:00:00+03:00,700.0
2026-03-16T15:00:00+03:00,2026-03-16T15:00:00+03:00,700.0
2026-03-16T16:00:00+03:00,2026-03-16T16:00:00+03:00,400.0
2026-03-16T17:00:00+03:00,2026-03-16T17:00:00+03:00,800.0
2026-03-16T18:00:00+03:00,2026-03-16T18:00:00+03:00,2400.0
2026-03-16T19:00:00+03:00,2026-03-16T19:00:00+03:00,2500.0
2026-03-16T20:00:00+03:00,2026-03-16T20:00:00+03:00,2500.0
2026-03-16T21:00:00+03:00,2026-03-16T21:00:00+03:00,2099.99
2026-03-16T22:00:00+03:00,2026-03-16T22:00:00+03:00,2874.95
2026-03-16T23:00:00+03:00,2026-03-16T23:00:00+03:00,2200.0
2026-03-17T00:00:00+03:00,2026-03-17T00:00:00+03:00,2999.0
2026-03-17T01:00:00+03:00,2026-03-17T01:00:00+03:00,2900.01
2026-03-17T02:00:00+03:00,2026-03-17T02:00:00+03:00,993.99
2026-03-17T03:00:00+03:00,2026-03-17T03:00:00+03:00,1791.99
2026-03-17T04:00:00+03:00,2026-03-17T04:00:00+03:00,2199.99
2026-03-17T05:00:00+03:00,2026-03-17T05:00:00+03:00,800.0
2026-03-17T06:00:00+03:00,2026-03-17T06:00:00+03:00,800.0
2026-03-17T07:00:00+03:00,2026-03-17T07:00:00+03:00,5.0
2026-03-17T08:00:00+03:00,2026-03-17T08:00:00+03:00,100.0
2026-03-17T09:00:00+03:00,2026-03-17T09:00:00+03:00,100.0
2026-03-17T10:00:00+03:00,2026-03-17T10:00:00+03:00,5.0
2026-03-17T11:00:00+03:00,2026-03-17T11:00:00+03:00,0.0
2026-03-17T12:00:00+03:00,2026-03-17T12:00:00+03:00,0.0
2026-03-17T13:00:00+03:00,2026-03-17T13:00:00+03:00,0.0
2026-03-17T14:00:00+03:00,2026-03-17T14:00:00+03:00,0.0
2026-03-17T15:00:00+03:00,2026-03-17T15:00:00+03:00,800.0
2026-03-17T16:00:00+03:00,2026-03-17T16:00:00+03:00,744.0
2026-03-17T17:00:00+03:00,2026-03-17T17:00:00+03:00,800.0
2026-03-17T18:00:00+03:00,2026-03-17T18:00:00+03:00,3399.5
2026-03-17T19:00:00+03:00,2026-03-17T19:00:00+03:00,3399.9
2026-03-17T20:00:00+03:00,2026-03-17T20:00:00+03:00,3399.31
2026-03-17T21:00:00+03:00,2026-03-17T21:00:00+03:00,3399.5
2026-03-17T22:00:00+03:00,2026-03-17T22:00:00+03:00,2784.0
2026-03-17T23:00:00+03:00,2026-03-17T23:00:00+03:00,833.71
2026-03-18T00:00:00+03:00,2026-03-18T00:00:00+03:00,2050.0
2026-03-18T01:00:00+03:00,2026-03-18T01:00:00+03:00,799.99
2026-03-18T02:00:00+03:00,2026-03-18T02:00:00+03:00,715.0
2026-03-18T03:00:00+03:00,2026-03-18T03:00:00+03:00,1110.12
2026-03-18T04:00:00+03:00,2026-03-18T04:00:00+03:00,1805.01
2026-03-18T05:00:00+03:00,2026-03-18T05:00:00+03:00,2199.99
2026-03-18T06:00:00+03:00,2026-03-18T06:00:00+03:00,754.1
2026-03-18T07:00:00+03:00,2026-03-18T07:00:00+03:00,80.0
2026-03-18T08:00:00+03:00,2026-03-18T08:00:00+03:00,0.0
2026-03-18T09:00:00+03:00,2026-03-18T09:00:00+03:00,80.0
2026-03-18T10:00:00+03:00,2026-03-18T10:00:00+03:00,100.0
2026-03-18T11:00:00+03:00,2026-03-18T11:00:00+03:00,0.0
2026-03-18T12:00:00+03:00,2026-03-18T12:00:00+03:00,0.0
2026-03-18T13:00:00+03:00,2026-03-18T13:00:00+03:00,1430.0
2026-03-18T14:00:00+03:00,2026-03-18T14:00:00+03:00,2800.0
2026-03-18T15:00:00+03:00,2026-03-18T15:00:00+03:00,1730.0
2026-03-18T16:00:00+03:00,2026-03-18T16:00:00+03:00,500.0
2026-03-18T17:00:00+03:00,2026-03-18T17:00:00+03:00,3200.01
2026-03-18T18:00:00+03:00,2026-03-18T18:00:00+03:00,3288.0
2026-03-18T19:00:00+03:00,2026-03-18T19:00:00+03:00,3200.0
2026-03-18T20:00:00+03:00,2026-03-18T20:00:00+03:00,1716.01
2026-03-18T21:00:00+03:00,2026-03-18T21:00:00+03:00,890.0
2026-03-18T22:00:00+03:00,2026-03-18T22:00:00+03:00,100.0
2026-03-18T23:00:00+03:00,2026-03-18T23:00:00+03:00,80.0
2026-03-19T00:00:00+03:00,2026-03-19T00:00:00+03:00,2500.0
2026-03-19T01:00:00+03:00,2026-03-19T01:00:00+03:00,2500.0
2026-03-19T02:00:00+03:00,2026-03-19T02:00:00+03:00,2500.0
2026-03-19T03:00:00+03:00,2026-03-19T03:00:00+03:00,2450.0
2026-03-19T04:00:00+03:00,2026-03-19T04:00:00+03:00,2450.0
2026-03-19T05:00:00+03:00,2026-03-19T05:00:00+03:00,235.01
2026-03-19T06:00:00+03:00,2026-03-19T06:00:00+03:00,0.0
2026-03-19T07:00:00+03:00,2026-03-19T07:00:00+03:00,0.0
2026-03-19T08:00:00+03:00,2026-03-19T08:00:00+03:00,0.0
2026-03-19T09:00:00+03:00,2026-03-19T09:00:00+03:00,0.0
2026-03-19T10:00:00+03:00,2026-03-19T10:00:00+03:00,0.0
2026-03-19T11:00:00+03:00,2026-03-19T11:00:00+03:00,0.0
2026-03-19T12:00:00+03:00,2026-03-19T12:00:00+03:00,0.0
2026-03-19T13:00:00+03:00,2026-03-19T13:00:00+03:00,0.0
2026-03-19T14:00:00+03:00,2026-03-19T14:00:00+03:00,0.0
2026-03-19T15:00:00+03:00,2026-03-19T15:00:00+03:00,984.38
2026-03-19T16:00:00+03:00,2026-03-19T16:00:00+03:00,2450.0
2026-03-19T17:00:00+03:00,2026-03-19T17:00:00+03:00,2500.0
2026-03-19T18:00:00+03:00,2026-03-19T18:00:00+03:00,2500.0
2026-03-19T19:00:00+03:00,2026-03-19T19:00:00+03:00,1600.0
2026-03-19T20:00:00+03:00,2026-03-19T20:00:00+03:00,1743.99
2026-03-19T21:00:00+03:00,2026-03-19T21:00:00+03:00,2500.0
2026-03-19T22:00:00+03:00,2026-03-19T22:00:00+03:00,2500.0
2026-03-19T23:00:00+03:00,2026-03-19T23:00:00+03:00,2500.0
2026-03-20T00:00:00+03:00,2026-03-20T00:00:00+03:00,2880.0
2026-03-20T01:00:00+03:00,2026-03-20T01:00:00+03:00,3100.0
2026-03-20T02:00:00+03:00,2026-03-20T02:00:00+03:00,2249.0
2026-03-20T03:00:00+03:00,2026-03-20T03:00:00+03:00,2249.0
2026-03-20T04:00:00+03:00,2026-03-20T04:00:00+03:00,1855.85
2026-03-20T05:00:00+03:00,2026-03-20T05:00:00+03:00,1000.0
2026-03-20T06:00:00+03:00,2026-03-20T06:00:00+03:00,2400.0
2026-03-20T07:00:00+03:00,2026-03-20T07:00:00+03:00,2900.0
2026-03-20T08:00:00+03:00,2026-03-20T08:00:00+03:00,2249.0
2026-03-20T09:00:00+03:00,2026-03-20T09:00:00+03:00,1700.0
2026-03-20T10:00:00+03:00,2026-03-20T10:00:00+03:00,100.01
2026-03-20T11:00:00+03:00,2026-03-20T11:00:00+03:00,0.0
2026-03-20T12:00:00+03:00,2026-03-20T12:00:00+03:00,0.0
2026-03-20T13:00:00+03:00,2026-03-20T13:00:00+03:00,0.0
2026-03-20T14:00:00+03:00,2026-03-20T14:00:00+03:00,0.0
2026-03-20T15:00:00+03:00,2026-03-20T15:00:00+03:00,0.0
2026-03-20T16:00:00+03:00,2026-03-20T16:00:00+03:00,0.0
2026-03-20T17:00:00+03:00,2026-03-20T17:00:00+03:00,0.0
2026-03-20T18:00:00+03:00,2026-03-20T18:00:00+03:00,1000.0
2026-03-20T19:00:00+03:00,2026-03-20T19:00:00+03:00,2249.0
2026-03-20T20:00:00+03:00,2026-03-20T20:00:00+03:00,2249.0
2026-03-20T21:00:00+03:00,2026-03-20T21:00:00+03:00,2249.0
2026-03-20T22:00:00+03:00,2026-03-20T22:00:00+03:00,1855.85
2026-03-20T23:00:00+03:00,2026-03-20T23:00:00+03:00,1429.0
2026-03-21T00:00:00+03:00,2026-03-21T00:00:00+03:00,239.0
2026-03-21T01:00:00+03:00,2026-03-21T01:00:00+03:00,0.0
2026-03-21T02:00:00+03:00,2026-03-21T02:00:00+03:00,1000.0
2026-03-21T03:00:00+03:00,2026-03-21T03:00:00+03:00,1690.0
2026-03-21T04:00:00+03:00,2026-03-21T04:00:00+03:00,1400.0
2026-03-21T05:00:00+03:00,2026-03-21T05:00:00+03:00,1684.0
2026-03-21T06:00:00+03:00,2026-03-21T06:00:00+03:00,2900.0
2026-03-21T07:00:00+03:00,2026-03-21T07:00:00+03:00,71.0
2026-03-21T08:00:00+03:00,2026-03-21T08:00:00+03:00,0.0
2026-03-21T09:00:00+03:00,2026-03-21T09:00:00+03:00,0.0
2026-03-21T10:00:00+03:00,2026-03-21T10:00:00+03:00,0.0
2026-03-21T11:00:00+03:00,2026-03-21T11:00:00+03:00,0.0
2026-03-21T12:00:00+03:00,2026-03-21T12:00:00+03:00,0.0
2026-03-21T13:00:00+03:00,2026-03-21T13:00:00+03:00,0.0
2026-03-21T14:00:00+03:00,2026-03-21T14:00:00+03:00,0.0
2026-03-21T15:00:00+03:00,2026-03-21T15:00:00+03:00,0.0
2026-03-21T16:00:00+03:00,2026-03-21T16:00:00+03:00,0.0
2026-03-21T17:00:00+03:00,2026-03-21T17:00:00+03:00,0.0
2026-03-21T18:00:00+03:00,2026-03-21T18:00:00+03:00,0.0
2026-03-21T19:00:00+03:00,2026-03-21T19:00:00+03:00,1.0
2026-03-21T20:00:00+03:00,2026-03-21T20:00:00+03:00,1666.99
2026-03-21T21:00:00+03:00,2026-03-21T21:00:00+03:00,1499.99
2026-03-21T22:00:00+03:00,2026-03-21T22:00:00+03:00,271.0
2026-03-21T23:00:00+03:00,2026-03-21T23:00:00+03:00,250.0
2026-03-22T00:00:00+03:00,2026-03-22T00:00:00+03:00,1062.0
2026-03-22T01:00:00+03:00,2026-03-22T01:00:00+03:00,0.0
2026-03-22T02:00:00+03:00,2026-03-22T02:00:00+03:00,0.0
2026-03-22T03:00:00+03:00,2026-03-22T03:00:00+03:00,0.0
2026-03-22T04:00:00+03:00,2026-03-22T04:00:00+03:00,0.0
2026-03-22T05:00:00+03:00,2026-03-22T05:00:00+03:00,0.0
2026-03-22T06:00:00+03:00,2026-03-22T06:00:00+03:00,0.0
2026-03-22T07:00:00+03:00,2026-03-22T07:00:00+03:00,0.0
2026-03-22T08:00:00+03:00,2026-03-22T08:00:00+03:00,0.0
2026-03-22T09:00:00+03:00,2026-03-22T09:00:00+03:00,0.0
2026-03-22T10:00:00+03:00,2026-03-22T10:00:00+03:00,0.0
2026-03-22T11:00:00+03:00,2026-03-22T11:00:00+03:00,1429.0
2026-03-22T12:00:00+03:00,2026-03-22T12:00:00+03:00,3250.0
2026-03-22T13:00:00+03:00,2026-03-22T13:00:00+03:00,3200.02
2026-03-22T14:00:00+03:00,2026-03-22T14:00:00+03:00,1855.85
2026-03-22T15:00:00+03:00,2026-03-22T15:00:00+03:00,0.0
2026-03-22T16:00:00+03:00,2026-03-22T16:00:00+03:00,0.0
2026-03-22T17:00:00+03:00,2026-03-22T17:00:00+03:00,0.0
2026-03-22T18:00:00+03:00,2026-03-22T18:00:00+03:00,900.0
2026-03-22T19:00:00+03:00,2026-03-22T19:00:00+03:00,3250.0
2026-03-22T20:00:00+03:00,2026-03-22T20:00:00+03:00,3000.0
2026-03-22T21:00:00+03:00,2026-03-22T21:00:00+03:00,2800.0
2026-03-22T22:00:00+03:00,2026-03-22T22:00:00+03:00,2041.43
2026-03-22T23:00:00+03:00,2026-03-22T23:00:00+03:00,1855.85
2026-03-23T00:00:00+03:00,2026-03-23T00:00:00+03:00,0.0
2026-03-23T01:00:00+03:00,2026-03-23T01:00:00+03:00,0.0
2026-03-23T02:00:00+03:00,2026-03-23T02:00:00+03:00,1.0
2026-03-23T03:00:00+03:00,2026-03-23T03:00:00+03:00,0.0
2026-03-23T04:00:00+03:00,2026-03-23T04:00:00+03:00,0.0
2026-03-23T05:00:00+03:00,2026-03-23T05:00:00+03:00,9.0
2026-03-23T06:00:00+03:00,2026-03-23T06:00:00+03:00,1200.0
2026-03-23T07:00:00+03:00,2026-03-23T07:00:00+03:00,1855.85
2026-03-23T08:00:00+03:00,2026-03-23T08:00:00+03:00,3399.24
2026-03-23T09:00:00+03:00,2026-03-23T09:00:00+03:00,3399.42
2026-03-23T10:00:00+03:00,2026-03-23T10:00:00+03:00,3399.27
2026-03-23T11:00:00+03:00,2026-03-23T11:00:00+03:00,3399.25
2026-03-23T12:00:00+03:00,2026-03-23T12:00:00+03:00,3399.21
2026-03-23T13:00:00+03:00,2026-03-23T13:00:00+03:00,3399.2
2026-03-23T14:00:00+03:00,2026-03-23T14:00:00+03:00,3399.23
2026-03-23T15:00:00+03:00,2026-03-23T15:00:00+03:00,2199.99
2026-03-23T16:00:00+03:00,2026-03-23T16:00:00+03:00,3399.22
2026-03-23T17:00:00+03:00,2026-03-23T17:00:00+03:00,3399.6
2026-03-23T18:00:00+03:00,2026-03-23T18:00:00+03:00,3399.5
2026-03-23T19:00:00+03:00,2026-03-23T19:00:00+03:00,3400.0
2026-03-23T20:00:00+03:00,2026-03-23T20:00:00+03:00,3400.0
2026-03-23T21:00:00+03:00,2026-03-23T21:00:00+03:00,3399.93
2026-03-23T22:00:00+03:00,2026-03-23T22:00:00+03:00,3399.91
2026-03-23T23:00:00+03:00,2026-03-23T23:00:00+03:00,3399.21
2026-03-24T00:00:00+03:00,2026-03-24T00:00:00+03:00,3388.0
2026-03-24T01:00:00+03:00,2026-03-24T01:00:00+03:00,3200.03
2026-03-24T02:00:00+03:00,2026-03-24T02:00:00+03:00,3200.01
2026-03-24T03:00:00+03:00,2026-03-24T03:00:00+03:00,800.0
2026-03-24T04:00:00+03:00,2026-03-24T04:00:00+03:00,2899.0
2026-03-24T05:00:00+03:00,2026-03-24T05:00:00+03:00,1705.0
2026-03-24T06:00:00+03:00,2026-03-24T06:00:00+03:00,1705.0
2026-03-24T07:00:00+03:00,2026-03-24T07:00:00+03:00,700.0
2026-03-24T08:00:00+03:00,2026-03-24T08:00:00+03:00,3399.22
2026-03-24T09:00:00+03:00,2026-03-24T09:00:00+03:00,3399.24
2026-03-24T10:00:00+03:00,2026-03-24T10:00:00+03:00,3390.0
2026-03-24T11:00:00+03:00,2026-03-24T11:00:00+03:00,3390.0
2026-03-24T12:00:00+03:00,2026-03-24T12:00:00+03:00,2500.0
2026-03-24T13:00:00+03:00,2026-03-24T13:00:00+03:00,1705.0
2026-03-24T14:00:00+03:00,2026-03-24T14:00:00+03:00,500.0
2026-03-24T15:00:00+03:00,2026-03-24T15:00:00+03:00,1200.0
2026-03-24T16:00:00+03:00,2026-03-24T16:00:00+03:00,1719.09
2026-03-24T17:00:00+03:00,2026-03-24T17:00:00+03:00,3200.0
2026-03-24T18:00:00+03:00,2026-03-24T18:00:00+03:00,1001.0
2026-03-24T19:00:00+03:00,2026-03-24T19:00:00+03:00,3399.5
2026-03-24T20:00:00+03:00,2026-03-24T20:00:00+03:00,3390.0
2026-03-24T21:00:00+03:00,2026-03-24T21:00:00+03:00,2124.99
2026-03-24T22:00:00+03:00,2026-03-24T22:00:00+03:00,1705.0
2026-03-24T23:00:00+03:00,2026-03-24T23:00:00+03:00,439.47
2026-03-25T00:00:00+03:00,2026-03-25T00:00:00+03:00,1.0
2026-03-25T01:00:00+03:00,2026-03-25T01:00:00+03:00,0.0
2026-03-25T02:00:00+03:00,2026-03-25T02:00:00+03:00,0.0
2026-03-25T03:00:00+03:00,2026-03-25T03:00:00+03:00,0.0
2026-03-25T04:00:00+03:00,2026-03-25T04:00:00+03:00,0.0
2026-03-25T05:00:00+03:00,2026-03-25T05:00:00+03:00,0.0
2026-03-25T06:00:00+03:00,2026-03-25T06:00:00+03:00,0.0
2026-03-25T07:00:00+03:00,2026-03-25T07:00:00+03:00,1.0
2026-03-25T08:00:00+03:00,2026-03-25T08:00:00+03:00,90.0
2026-03-25T09:00:00+03:00,2026-03-25T09:00:00+03:00,80.0
2026-03-25T10:00:00+03:00,2026-03-25T10:00:00+03:00,0.0
2026-03-25T11:00:00+03:00,2026-03-25T11:00:00+03:00,0.0
2026-03-25T12:00:00+03:00,2026-03-25T12:00:00+03:00,0.0
2026-03-25T13:00:00+03:00,2026-03-25T13:00:00+03:00,0.0
2026-03-25T14:00:00+03:00,2026-03-25T14:00:00+03:00,0.0
2026-03-25T15:00:00+03:00,2026-03-25T15:00:00+03:00,0.0
2026-03-25T16:00:00+03:00,2026-03-25T16:00:00+03:00,0.0
2026-03-25T17:00:00+03:00,2026-03-25T17:00:00+03:00,1.0
2026-03-25T18:00:00+03:00,2026-03-25T18:00:00+03:00,1102.0
2026-03-25T19:00:00+03:00,2026-03-25T19:00:00+03:00,3399.92
2026-03-25T20:00:00+03:00,2026-03-25T20:00:00+03:00,3399.0
2026-03-25T21:00:00+03:00,2026-03-25T21:00:00+03:00,3210.0
2026-03-25T22:00:00+03:00,2026-03-25T22:00:00+03:00,1705.0
2026-03-25T23:00:00+03:00,2026-03-25T23:00:00+03:00,500.0
2026-03-26T00:00:00+03:00,2026-03-26T00:00:00+03:00,200.01
2026-03-26T01:00:00+03:00,2026-03-26T01:00:00+03:00,500.0
2026-03-26T02:00:00+03:00,2026-03-26T02:00:00+03:00,950.0
2026-03-26T03:00:00+03:00,2026-03-26T03:00:00+03:00,1200.0
2026-03-26T04:00:00+03:00,2026-03-26T04:00:00+03:00,1200.01
2026-03-26T05:00:00+03:00,2026-03-26T05:00:00+03:00,1349.99
2026-03-26T06:00:00+03:00,2026-03-26T06:00:00+03:00,1500.0
2026-03-26T07:00:00+03:00,2026-03-26T07:00:00+03:00,800.0
2026-03-26T08:00:00+03:00,2026-03-26T08:00:00+03:00,3399.52
2026-03-26T09:00:00+03:00,2026-03-26T09:00:00+03:00,3399.93
2026-03-26T10:00:00+03:00,2026-03-26T10:00:00+03:00,3199.0
2026-03-26T11:00:00+03:00,2026-03-26T11:00:00+03:00,2034.0
2026-03-26T12:00:00+03:00,2026-03-26T12:00:00+03:00,1300.0
2026-03-26T13:00:00+03:00,2026-03-26T13:00:00+03:00,798.0
2026-03-26T14:00:00+03:00,2026-03-26T14:00:00+03:00,200.01
2026-03-26T15:00:00+03:00,2026-03-26T15:00:00+03:00,0.0
2026-03-26T16:00:00+03:00,2026-03-26T16:00:00+03:00,1.0
2026-03-26T17:00:00+03:00,2026-03-26T17:00:00+03:00,800.0
2026-03-26T18:00:00+03:00,2026-03-26T18:00:00+03:00,3400.0
2026-03-26T19:00:00+03:00,2026-03-26T19:00:00+03:00,3400.0
2026-03-26T20:00:00+03:00,2026-03-26T20:00:00+03:00,3400.0
2026-03-26T21:00:00+03:00,2026-03-26T21:00:00+03:00,3400.0
2026-03-26T22:00:00+03:00,2026-03-26T22:00:00+03:00,3390.0
2026-03-26T23:00:00+03:00,2026-03-26T23:00:00+03:00,3236.0
2026-03-27T00:00:00+03:00,2026-03-27T00:00:00+03:00,2199.99
2026-03-27T01:00:00+03:00,2026-03-27T01:00:00+03:00,2475.0
2026-03-27T02:00:00+03:00,2026-03-27T02:00:00+03:00,2047.35
2026-03-27T03:00:00+03:00,2026-03-27T03:00:00+03:00,2047.35
2026-03-27T04:00:00+03:00,2026-03-27T04:00:00+03:00,1861.23
2026-03-27T05:00:00+03:00,2026-03-27T05:00:00+03:00,1890.0
2026-03-27T06:00:00+03:00,2026-03-27T06:00:00+03:00,2047.35
2026-03-27T07:00:00+03:00,2026-03-27T07:00:00+03:00,2000.0
2026-03-27T08:00:00+03:00,2026-03-27T08:00:00+03:00,2475.0
2026-03-27T09:00:00+03:00,2026-03-27T09:00:00+03:00,1861.23
2026-03-27T10:00:00+03:00,2026-03-27T10:00:00+03:00,0.0
2026-03-27T11:00:00+03:00,2026-03-27T11:00:00+03:00,0.0
2026-03-27T12:00:00+03:00,2026-03-27T12:00:00+03:00,0.0
2026-03-27T13:00:00+03:00,2026-03-27T13:00:00+03:00,0.0
2026-03-27T14:00:00+03:00,2026-03-27T14:00:00+03:00,0.0
2026-03-27T15:00:00+03:00,2026-03-27T15:00:00+03:00,0.0
2026-03-27T16:00:00+03:00,2026-03-27T16:00:00+03:00,0.0
2026-03-27T17:00:00+03:00,2026-03-27T17:00:00+03:00,125.0
2026-03-27T18:00:00+03:00,2026-03-27T18:00:00+03:00,200.0
2026-03-27T19:00:00+03:00,2026-03-27T19:00:00+03:00,3390.0
2026-03-27T20:00:00+03:00,2026-03-27T20:00:00+03:00,3390.0
2026-03-27T21:00:00+03:00,2026-03-27T21:00:00+03:00,500.0
2026-03-27T22:00:00+03:00,2026-03-27T22:00:00+03:00,9.0
2026-03-27T23:00:00+03:00,2026-03-27T23:00:00+03:00,0.0
2026-03-28T00:00:00+03:00,2026-03-28T00:00:00+03:00,0.0
2026-03-28T01:00:00+03:00,2026-03-28T01:00:00+03:00,0.0
2026-03-28T02:00:00+03:00,2026-03-28T02:00:00+03:00,0.0
2026-03-28T03:00:00+03:00,2026-03-28T03:00:00+03:00,0.0
2026-03-28T04:00:00+03:00,2026-03-28T04:00:00+03:00,0.0
2026-03-28T05:00:00+03:00,2026-03-28T05:00:00+03:00,0.0
2026-03-28T06:00:00+03:00,2026-03-28T06:00:00+03:00,0.0
2026-03-28T07:00:00+03:00,2026-03-28T07:00:00+03:00,0.0
2026-03-28T08:00:00+03:00,2026-03-28T08:00:00+03:00,0.0
2026-03-28T09:00:00+03:00,2026-03-28T09:00:00+03:00,1900.0
2026-03-28T10:00:00+03:00,2026-03-28T10:00:00+03:00,2047.74
2026-03-28T11:00:00+03:00,2026-03-28T11:00:00+03:00,2500.0
2026-03-28T12:00:00+03:00,2026-03-28T12:00:00+03:00,2047.74
2026-03-28T13:00:00+03:00,2026-03-28T13:00:00+03:00,1990.0
2026-03-28T14:00:00+03:00,2026-03-28T14:00:00+03:00,1800.0
2026-03-28T15:00:00+03:00,2026-03-28T15:00:00+03:00,0.0
2026-03-28T16:00:00+03:00,2026-03-28T16:00:00+03:00,0.0
2026-03-28T17:00:00+03:00,2026-03-28T17:00:00+03:00,500.0
2026-03-28T18:00:00+03:00,2026-03-28T18:00:00+03:00,700.0
2026-03-28T19:00:00+03:00,2026-03-28T19:00:00+03:00,3400.0
2026-03-28T20:00:00+03:00,2026-03-28T20:00:00+03:00,3400.0
2026-03-28T21:00:00+03:00,2026-03-28T21:00:00+03:00,3220.0
2026-03-28T22:00:00+03:00,2026-03-28T22:00:00+03:00,2850.0
2026-03-28T23:00:00+03:00,2026-03-28T23:00:00+03:00,1990.0
2026-03-29T00:00:00+03:00,2026-03-29T00:00:00+03:00,2900.0
2026-03-29T01:00:00+03:00,2026-03-29T01:00:00+03:00,2500.0
2026-03-29T02:00:00+03:00,2026-03-29T02:00:00+03:00,1861.8
2026-03-29T03:00:00+03:00,2026-03-29T03:00:00+03:00,1861.8
2026-03-29T04:00:00+03:00,2026-03-29T04:00:00+03:00,1129.0
2026-03-29T05:00:00+03:00,2026-03-29T05:00:00+03:00,1200.0
2026-03-29T06:00:00+03:00,2026-03-29T06:00:00+03:00,1029.0
2026-03-29T07:00:00+03:00,2026-03-29T07:00:00+03:00,0.0
2026-03-29T08:00:00+03:00,2026-03-29T08:00:00+03:00,0.0
2026-03-29T09:00:00+03:00,2026-03-29T09:00:00+03:00,0.0
2026-03-29T10:00:00+03:00,2026-03-29T10:00:00+03:00,0.0
2026-03-29T11:00:00+03:00,2026-03-29T11:00:00+03:00,1861.8
2026-03-29T12:00:00+03:00,2026-03-29T12:00:00+03:00,2047.98
2026-03-29T13:00:00+03:00,2026-03-29T13:00:00+03:00,2047.98
2026-03-29T14:00:00+03:00,2026-03-29T14:00:00+03:00,2498.0
2026-03-29T15:00:00+03:00,2026-03-29T15:00:00+03:00,2047.98
2026-03-29T16:00:00+03:00,2026-03-29T16:00:00+03:00,490.0
2026-03-29T17:00:00+03:00,2026-03-29T17:00:00+03:00,200.0
2026-03-29T18:00:00+03:00,2026-03-29T18:00:00+03:00,180.0
2026-03-29T19:00:00+03:00,2026-03-29T19:00:00+03:00,3390.0
2026-03-29T20:00:00+03:00,2026-03-29T20:00:00+03:00,3390.0
2026-03-29T21:00:00+03:00,2026-03-29T21:00:00+03:00,800.0
2026-03-29T22:00:00+03:00,2026-03-29T22:00:00+03:00,800.0
2026-03-29T23:00:00+03:00,2026-03-29T23:00:00+03:00,799.99
2026-03-30T00:00:00+03:00,2026-03-30T00:00:00+03:00,600.0
2026-03-30T01:00:00+03:00,2026-03-30T01:00:00+03:00,1000.0
2026-03-30T02:00:00+03:00,2026-03-30T02:00:00+03:00,1200.0
2026-03-30T03:00:00+03:00,2026-03-30T03:00:00+03:00,299.0
2026-03-30T04:00:00+03:00,2026-03-30T04:00:00+03:00,9.0
2026-03-30T05:00:00+03:00,2026-03-30T05:00:00+03:00,0.0
2026-03-30T06:00:00+03:00,2026-03-30T06:00:00+03:00,0.0
2026-03-30T07:00:00+03:00,2026-03-30T07:00:00+03:00,0.0
2026-03-30T08:00:00+03:00,2026-03-30T08:00:00+03:00,1240.1
2026-03-30T09:00:00+03:00,2026-03-30T09:00:00+03:00,3200.0
2026-03-30T10:00:00+03:00,2026-03-30T10:00:00+03:00,3200.0
2026-03-30T11:00:00+03:00,2026-03-30T11:00:00+03:00,3100.0
2026-03-30T12:00:00+03:00,2026-03-30T12:00:00+03:00,2498.0
2026-03-30T13:00:00+03:00,2026-03-30T13:00:00+03:00,2498.0
2026-03-30T14:00:00+03:00,2026-03-30T14:00:00+03:00,3000.0
2026-03-30T15:00:00+03:00,2026-03-30T15:00:00+03:00,2900.0
2026-03-30T16:00:00+03:00,2026-03-30T16:00:00+03:00,3250.0
2026-03-30T17:00:00+03:00,2026-03-30T17:00:00+03:00,3399.91
2026-03-30T18:00:00+03:00,2026-03-30T18:00:00+03:00,3399.91
2026-03-30T19:00:00+03:00,2026-03-30T19:00:00+03:00,3400.0
2026-03-30T20:00:00+03:00,2026-03-30T20:00:00+03:00,3400.0
2026-03-30T21:00:00+03:00,2026-03-30T21:00:00+03:00,3400.0
2026-03-30T22:00:00+03:00,2026-03-30T22:00:00+03:00,3390.0
2026-03-30T23:00:00+03:00,2026-03-30T23:00:00+03:00,3250.0
2026-03-31T00:00:00+03:00,2026-03-31T00:00:00+03:00,2540.0
2026-03-31T01:00:00+03:00,2026-03-31T01:00:00+03:00,3200.0
2026-03-31T02:00:00+03:00,2026-03-31T02:00:00+03:00,2500.0
2026-03-31T03:00:00+03:00,2026-03-31T03:00:00+03:00,800.0
2026-03-31T04:00:00+03:00,2026-03-31T04:00:00+03:00,1900.0
2026-03-31T05:00:00+03:00,2026-03-31T05:00:00+03:00,2100.0
2026-03-31T06:00:00+03:00,2026-03-31T06:00:00+03:00,2100.0
2026-03-31T07:00:00+03:00,2026-03-31T07:00:00+03:00,100.0
2026-03-31T08:00:00+03:00,2026-03-31T08:00:00+03:00,2500.0
2026-03-31T09:00:00+03:00,2026-03-31T09:00:00+03:00,200.0
2026-03-31T10:00:00+03:00,2026-03-31T10:00:00+03:00,0.0
2026-03-31T11:00:00+03:00,2026-03-31T11:00:00+03:00,0.0
2026-03-31T12:00:00+03:00,2026-03-31T12:00:00+03:00,0.0
2026-03-31T13:00:00+03:00,2026-03-31T13:00:00+03:00,0.0
2026-03-31T14:00:00+03:00,2026-03-31T14:00:00+03:00,0.0
2026-03-31T15:00:00+03:00,2026-03-31T15:00:00+03:00,0.0
2026-03-31T16:00:00+03:00,2026-03-31T16:00:00+03:00,1000.0
2026-03-31T17:00:00+03:00,2026-03-31T17:00:00+03:00,3200.0
2026-03-31T18:00:00+03:00,2026-03-31T18:00:00+03:00,1750.01
2026-03-31T19:00:00+03:00,2026-03-31T19:00:00+03:00,1900.0
2026-03-31T20:00:00+03:00,2026-03-31T20:00:00+03:00,3400.0
2026-03-31T21:00:00+03:00,2026-03-31T21:00:00+03:00,2941.78
2026-03-31T22:00:00+03:00,2026-03-31T22:00:00+03:00,800.0
2026-03-31T23:00:00+03:00,2026-03-31T23:00:00+03:00,1861.8
2026-04-01T00:00:00+03:00,2026-04-01T00:00:00+03:00,100.0
2026-04-01T01:00:00+03:00,2026-04-01T01:00:00+03:00,100.0
2026-04-01T02:00:00+03:00,2026-04-01T02:00:00+03:00,0.0
2026-04-01T03:00:00+03:00,2026-04-01T03:00:00+03:00,0.0
2026-04-01T04:00:00+03:00,2026-04-01T04:00:00+03:00,0.0
2026-04-01T05:00:00+03:00,2026-04-01T05:00:00+03:00,11.0
2026-04-01T06:00:00+03:00,2026-04-01T06:00:00+03:00,100.0
2026-04-01T07:00:00+03:00,2026-04-01T07:00:00+03:00,1200.0
2026-04-01T08:00:00+03:00,2026-04-01T08:00:00+03:00,0.0
2026-04-01T09:00:00+03:00,2026-04-01T09:00:00+03:00,0.0
2026-04-01T10:00:00+03:00,2026-04-01T10:00:00+03:00,0.0
2026-04-01T11:00:00+03:00,2026-04-01T11:00:00+03:00,0.0
2026-04-01T12:00:00+03:00,2026-04-01T12:00:00+03:00,0.0
2026-04-01T13:00:00+03:00,2026-04-01T13:00:00+03:00,200.01
2026-04-01T14:00:00+03:00,2026-04-01T14:00:00+03:00,1900.0
2026-04-01T15:00:00+03:00,2026-04-01T15:00:00+03:00,2200.0
2026-04-01T16:00:00+03:00,2026-04-01T16:00:00+03:00,2700.0
2026-04-01T17:00:00+03:00,2026-04-01T17:00:00+03:00,2400.0
2026-04-01T18:00:00+03:00,2026-04-01T18:00:00+03:00,1.0
2026-04-01T19:00:00+03:00,2026-04-01T19:00:00+03:00,100.0
2026-04-01T20:00:00+03:00,2026-04-01T20:00:00+03:00,100.0
2026-04-01T21:00:00+03:00,2026-04-01T21:00:00+03:00,0.0
2026-04-01T22:00:00+03:00,2026-04-01T22:00:00+03:00,0.0
2026-04-01T23:00:00+03:00,2026-04-01T23:00:00+03:00,250.0
2026-04-02T00:00:00+03:00,2026-04-02T00:00:00+03:00,249.99
2026-04-02T01:00:00+03:00,2026-04-02T01:00:00+03:00,8.0
2026-04-02T02:00:00+03:00,2026-04-02T02:00:00+03:00,0.0
2026-04-02T03:00:00+03:00,2026-04-02T03:00:00+03:00,0.0
2026-04-02T04:00:00+03:00,2026-04-02T04:00:00+03:00,0.0
2026-04-02T05:00:00+03:00,2026-04-02T05:00:00+03:00,0.0
2026-04-02T06:00:00+03:00,2026-04-02T06:00:00+03:00,0.0
2026-04-02T07:00:00+03:00,2026-04-02T07:00:00+03:00,0.0
2026-04-02T08:00:00+03:00,2026-04-02T08:00:00+03:00,0.0
2026-04-02T09:00:00+03:00,2026-04-02T09:00:00+03:00,100.0
2026-04-02T10:00:00+03:00,2026-04-02T10:00:00+03:00,100.0
2026-04-02T11:00:00+03:00,2026-04-02T11:00:00+03:00,2400.0
2026-04-02T12:00:00+03:00,2026-04-02T12:00:00+03:00,2200.0
2026-04-02T13:00:00+03:00,2026-04-02T13:00:00+03:00,0.0
2026-04-02T14:00:00+03:00,2026-04-02T14:00:00+03:00,0.0
2026-04-02T15:00:00+03:00,2026-04-02T15:00:00+03:00,0.0
2026-04-02T16:00:00+03:00,2026-04-02T16:00:00+03:00,0.0
2026-04-02T17:00:00+03:00,2026-04-02T17:00:00+03:00,0.0
2026-04-02T18:00:00+03:00,2026-04-02T18:00:00+03:00,100.0
2026-04-02T19:00:00+03:00,2026-04-02T19:00:00+03:00,2850.0
2026-04-02T20:00:00+03:00,2026-04-02T20:00:00+03:00,3350.0
2026-04-02T21:00:00+03:00,2026-04-02T21:00:00+03:00,2000.0
2026-04-02T22:00:00+03:00,2026-04-02T22:00:00+03:00,2200.0
2026-04-02T23:00:00+03:00,2026-04-02T23:00:00+03:00,1900.0
2026-04-03T00:00:00+03:00,2026-04-03T00:00:00+03:00,2200.0
2026-04-03T01:00:00+03:00,2026-04-03T01:00:00+03:00,2200.0
2026-04-03T02:00:00+03:00,2026-04-03T02:00:00+03:00,0.0
2026-04-03T03:00:00+03:00,2026-04-03T03:00:00+03:00,0.0
2026-04-03T04:00:00+03:00,2026-04-03T04:00:00+03:00,0.0
2026-04-03T05:00:00+03:00,2026-04-03T05:00:00+03:00,0.0
2026-04-03T06:00:00+03:00,2026-04-03T06:00:00+03:00,1590.0
2026-04-03T07:00:00+03:00,2026-04-03T07:00:00+03:00,1200.0
2026-04-03T08:00:00+03:00,2026-04-03T08:00:00+03:00,3150.0
2026-04-03T09:00:00+03:00,2026-04-03T09:00:00+03:00,3150.0
2026-04-03T10:00:00+03:00,2026-04-03T10:00:00+03:00,2800.0
2026-04-03T11:00:00+03:00,2026-04-03T11:00:00+03:00,2900.0
2026-04-03T12:00:00+03:00,2026-04-03T12:00:00+03:00,3000.01
2026-04-03T13:00:00+03:00,2026-04-03T13:00:00+03:00,0.0
2026-04-03T14:00:00+03:00,2026-04-03T14:00:00+03:00,2400.0
2026-04-03T15:00:00+03:00,2026-04-03T15:00:00+03:00,2200.0
2026-04-03T16:00:00+03:00,2026-04-03T16:00:00+03:00,2400.0
2026-04-03T17:00:00+03:00,2026-04-03T17:00:00+03:00,100.0
2026-04-03T18:00:00+03:00,2026-04-03T18:00:00+03:00,3000.01
2026-04-03T19:00:00+03:00,2026-04-03T19:00:00+03:00,3390.0
2026-04-03T20:00:00+03:00,2026-04-03T20:00:00+03:00,3399.0
2026-04-03T21:00:00+03:00,2026-04-03T21:00:00+03:00,3350.0
2026-04-03T22:00:00+03:00,2026-04-03T22:00:00+03:00,800.0
2026-04-03T23:00:00+03:00,2026-04-03T23:00:00+03:00,1200.0
2026-04-04T00:00:00+03:00,2026-04-04T00:00:00+03:00,700.01
2026-04-04T01:00:00+03:00,2026-04-04T01:00:00+03:00,200.0
2026-04-04T02:00:00+03:00,2026-04-04T02:00:00+03:00,650.99
2026-04-04T03:00:00+03:00,2026-04-04T03:00:00+03:00,110.0
2026-04-04T04:00:00+03:00,2026-04-04T04:00:00+03:00,699.99
2026-04-04T05:00:00+03:00,2026-04-04T05:00:00+03:00,999.99
2026-04-04T06:00:00+03:00,2026-04-04T06:00:00+03:00,900.01
2026-04-04T07:00:00+03:00,2026-04-04T07:00:00+03:00,0.0
2026-04-04T08:00:00+03:00,2026-04-04T08:00:00+03:00,0.0
2026-04-04T09:00:00+03:00,2026-04-04T09:00:00+03:00,0.0
2026-04-04T10:00:00+03:00,2026-04-04T10:00:00+03:00,0.0
2026-04-04T11:00:00+03:00,2026-04-04T11:00:00+03:00,0.0
2026-04-04T12:00:00+03:00,2026-04-04T12:00:00+03:00,0.0
2026-04-04T13:00:00+03:00,2026-04-04T13:00:00+03:00,0.0
2026-04-04T14:00:00+03:00,2026-04-04T14:00:00+03:00,0.0
2026-04-04T15:00:00+03:00,2026-04-04T15:00:00+03:00,0.0
2026-04-04T16:00:00+03:00,2026-04-04T16:00:00+03:00,0.0
2026-04-04T17:00:00+03:00,2026-04-04T17:00:00+03:00,0.0
2026-04-04T18:00:00+03:00,2026-04-04T18:00:00+03:00,800.0
2026-04-04T19:00:00+03:00,2026-04-04T19:00:00+03:00,4500.0
2026-04-04T20:00:00+03:00,2026-04-04T20:00:00+03:00,4500.0
2026-04-04T21:00:00+03:00,2026-04-04T21:00:00+03:00,3600.0
2026-04-04T22:00:00+03:00,2026-04-04T22:00:00+03:00,1725.0
2026-04-04T23:00:00+03:00,2026-04-04T23:00:00+03:00,1090.48
2026-04-05T00:00:00+03:00,2026-04-05T00:00:00+03:00,100.0
2026-04-05T01:00:00+03:00,2026-04-05T01:00:00+03:00,2000.0
2026-04-05T02:00:00+03:00,2026-04-05T02:00:00+03:00,1600.0
2026-04-05T03:00:00+03:00,2026-04-05T03:00:00+03:00,1500.0
2026-04-05T04:00:00+03:00,2026-04-05T04:00:00+03:00,1200.0
2026-04-05T05:00:00+03:00,2026-04-05T05:00:00+03:00,150.0
2026-04-05T06:00:00+03:00,2026-04-05T06:00:00+03:00,200.0
2026-04-05T07:00:00+03:00,2026-04-05T07:00:00+03:00,0.0
2026-04-05T08:00:00+03:00,2026-04-05T08:00:00+03:00,0.0
2026-04-05T09:00:00+03:00,2026-04-05T09:00:00+03:00,0.0
2026-04-05T10:00:00+03:00,2026-04-05T10:00:00+03:00,0.0
2026-04-05T11:00:00+03:00,2026-04-05T11:00:00+03:00,0.0
2026-04-05T12:00:00+03:00,2026-04-05T12:00:00+03:00,0.0
2026-04-05T13:00:00+03:00,2026-04-05T13:00:00+03:00,0.0
2026-04-05T14:00:00+03:00,2026-04-05T14:00:00+03:00,0.0
2026-04-05T15:00:00+03:00,2026-04-05T15:00:00+03:00,0.0
2026-04-05T16:00:00+03:00,2026-04-05T16:00:00+03:00,0.0
2026-04-05T17:00:00+03:00,2026-04-05T17:00:00+03:00,0.0
2026-04-05T18:00:00+03:00,2026-04-05T18:00:00+03:00,0.0
2026-04-05T19:00:00+03:00,2026-04-05T19:00:00+03:00,800.0
2026-04-05T20:00:00+03:00,2026-04-05T20:00:00+03:00,3400.0
2026-04-05T21:00:00+03:00,2026-04-05T21:00:00+03:00,100.0
2026-04-05T22:00:00+03:00,2026-04-05T22:00:00+03:00,350.0
2026-04-05T23:00:00+03:00,2026-04-05T23:00:00+03:00,200.0
2026-04-06T00:00:00+03:00,2026-04-06T00:00:00+03:00,0.0
2026-04-06T01:00:00+03:00,2026-04-06T01:00:00+03:00,0.0
2026-04-06T02:00:00+03:00,2026-04-06T02:00:00+03:00,0.0
2026-04-06T03:00:00+03:00,2026-04-06T03:00:00+03:00,0.0
2026-04-06T04:00:00+03:00,2026-04-06T04:00:00+03:00,0.0
2026-04-06T05:00:00+03:00,2026-04-06T05:00:00+03:00,0.0
2026-04-06T06:00:00+03:00,2026-04-06T06:00:00+03:00,0.0
2026-04-06T07:00:00+03:00,2026-04-06T07:00:00+03:00,0.0
2026-04-06T08:00:00+03:00,2026-04-06T08:00:00+03:00,0.0
2026-04-06T09:00:00+03:00,2026-04-06T09:00:00+03:00,0.0
2026-04-06T10:00:00+03:00,2026-04-06T10:00:00+03:00,0.0
2026-04-06T11:00:00+03:00,2026-04-06T11:00:00+03:00,0.0
2026-04-06T12:00:00+03:00,2026-04-06T12:00:00+03:00,0.0
2026-04-06T13:00:00+03:00,2026-04-06T13:00:00+03:00,0.0
2026-04-06T14:00:00+03:00,2026-04-06T14:00:00+03:00,0.0
2026-04-06T15:00:00+03:00,2026-04-06T15:00:00+03:00,0.0
2026-04-06T16:00:00+03:00,2026-04-06T16:00:00+03:00,0.0
2026-04-06T17:00:00+03:00,2026-04-06T17:00:00+03:00,0.0
2026-04-06T18:00:00+03:00,2026-04-06T18:00:00+03:00,351.0
2026-04-06T19:00:00+03:00,2026-04-06T19:00:00+03:00,2436.0
2026-04-06T20:00:00+03:00,2026-04-06T20:00:00+03:00,4499.0
2026-04-06T21:00:00+03:00,2026-04-06T21:00:00+03:00,4499.0
2026-04-06T22:00:00+03:00,2026-04-06T22:00:00+03:00,3323.69
2026-04-06T23:00:00+03:00,2026-04-06T23:00:00+03:00,700.0
2026-04-07T00:00:00+03:00,2026-04-07T00:00:00+03:00,9.0
2026-04-07T01:00:00+03:00,2026-04-07T01:00:00+03:00,1200.0
2026-04-07T02:00:00+03:00,2026-04-07T02:00:00+03:00,2300.0
2026-04-07T03:00:00+03:00,2026-04-07T03:00:00+03:00,999.99
2026-04-07T04:00:00+03:00,2026-04-07T04:00:00+03:00,1550.0
2026-04-07T05:00:00+03:00,2026-04-07T05:00:00+03:00,1550.0
2026-04-07T06:00:00+03:00,2026-04-07T06:00:00+03:00,1550.0
2026-04-07T07:00:00+03:00,2026-04-07T07:00:00+03:00,0.0
2026-04-07T08:00:00+03:00,2026-04-07T08:00:00+03:00,500.0
2026-04-07T09:00:00+03:00,2026-04-07T09:00:00+03:00,548.0
2026-04-07T10:00:00+03:00,2026-04-07T10:00:00+03:00,0.0
2026-04-07T11:00:00+03:00,2026-04-07T11:00:00+03:00,0.0
2026-04-07T12:00:00+03:00,2026-04-07T12:00:00+03:00,0.0
2026-04-07T13:00:00+03:00,2026-04-07T13:00:00+03:00,0.0
2026-04-07T14:00:00+03:00,2026-04-07T14:00:00+03:00,137.99
2026-04-07T15:00:00+03:00,2026-04-07T15:00:00+03:00,0.0
2026-04-07T16:00:00+03:00,2026-04-07T16:00:00+03:00,0.0
2026-04-07T17:00:00+03:00,2026-04-07T17:00:00+03:00,0.0
2026-04-07T18:00:00+03:00,2026-04-07T18:00:00+03:00,490.0
2026-04-07T19:00:00+03:00,2026-04-07T19:00:00+03:00,3608.35
2026-04-07T20:00:00+03:00,2026-04-07T20:00:00+03:00,4499.0
2026-04-07T21:00:00+03:00,2026-04-07T21:00:00+03:00,3945.0
2026-04-07T22:00:00+03:00,2026-04-07T22:00:00+03:00,2950.0
2026-04-07T23:00:00+03:00,2026-04-07T23:00:00+03:00,200.0
2026-04-08T00:00:00+03:00,2026-04-08T00:00:00+03:00,0.0
2026-04-08T01:00:00+03:00,2026-04-08T01:00:00+03:00,0.0
2026-04-08T02:00:00+03:00,2026-04-08T02:00:00+03:00,303.0
2026-04-08T03:00:00+03:00,2026-04-08T03:00:00+03:00,0.0
2026-04-08T04:00:00+03:00,2026-04-08T04:00:00+03:00,0.0
2026-04-08T05:00:00+03:00,2026-04-08T05:00:00+03:00,0.0
2026-04-08T06:00:00+03:00,2026-04-08T06:00:00+03:00,0.0
2026-04-08T07:00:00+03:00,2026-04-08T07:00:00+03:00,0.0
2026-04-08T08:00:00+03:00,2026-04-08T08:00:00+03:00,2500.0
2026-04-08T09:00:00+03:00,2026-04-08T09:00:00+03:00,3150.0
2026-04-08T10:00:00+03:00,2026-04-08T10:00:00+03:00,3000.02
2026-04-08T11:00:00+03:00,2026-04-08T11:00:00+03:00,2300.0
2026-04-08T12:00:00+03:00,2026-04-08T12:00:00+03:00,900.0
2026-04-08T13:00:00+03:00,2026-04-08T13:00:00+03:00,900.0
2026-04-08T14:00:00+03:00,2026-04-08T14:00:00+03:00,3000.01
2026-04-08T15:00:00+03:00,2026-04-08T15:00:00+03:00,2900.0
2026-04-08T16:00:00+03:00,2026-04-08T16:00:00+03:00,2300.0
2026-04-08T17:00:00+03:00,2026-04-08T17:00:00+03:00,749.47
2026-04-08T18:00:00+03:00,2026-04-08T18:00:00+03:00,450.0
2026-04-08T19:00:00+03:00,2026-04-08T19:00:00+03:00,700.0
2026-04-08T20:00:00+03:00,2026-04-08T20:00:00+03:00,700.0
2026-04-08T21:00:00+03:00,2026-04-08T21:00:00+03:00,700.0
2026-04-08T22:00:00+03:00,2026-04-08T22:00:00+03:00,372.99
2026-04-08T23:00:00+03:00,2026-04-08T23:00:00+03:00,100.0
2026-04-09T00:00:00+03:00,2026-04-09T00:00:00+03:00,0.0
2026-04-09T01:00:00+03:00,2026-04-09T01:00:00+03:00,10.0
2026-04-09T02:00:00+03:00,2026-04-09T02:00:00+03:00,10.0
2026-04-09T03:00:00+03:00,2026-04-09T03:00:00+03:00,5.0
2026-04-09T04:00:00+03:00,2026-04-09T04:00:00+03:00,100.0
2026-04-09T05:00:00+03:00,2026-04-09T05:00:00+03:00,1500.0
2026-04-09T06:00:00+03:00,2026-04-09T06:00:00+03:00,1750.0
2026-04-09T07:00:00+03:00,2026-04-09T07:00:00+03:00,1891.93
2026-04-09T08:00:00+03:00,2026-04-09T08:00:00+03:00,3249.0
2026-04-09T09:00:00+03:00,2026-04-09T09:00:00+03:00,2500.0
2026-04-09T10:00:00+03:00,2026-04-09T10:00:00+03:00,1390.0
2026-04-09T11:00:00+03:00,2026-04-09T11:00:00+03:00,1891.93
2026-04-09T12:00:00+03:00,2026-04-09T12:00:00+03:00,0.0
2026-04-09T13:00:00+03:00,2026-04-09T13:00:00+03:00,1891.93
2026-04-09T14:00:00+03:00,2026-04-09T14:00:00+03:00,3000.01
2026-04-09T15:00:00+03:00,2026-04-09T15:00:00+03:00,2200.0
2026-04-09T16:00:00+03:00,2026-04-09T16:00:00+03:00,4300.0
2026-04-09T17:00:00+03:00,2026-04-09T17:00:00+03:00,4498.91
2026-04-09T18:00:00+03:00,2026-04-09T18:00:00+03:00,4500.0
2026-04-09T19:00:00+03:00,2026-04-09T19:00:00+03:00,4500.0
2026-04-09T20:00:00+03:00,2026-04-09T20:00:00+03:00,4500.0
2026-04-09T21:00:00+03:00,2026-04-09T21:00:00+03:00,4498.92
2026-04-09T22:00:00+03:00,2026-04-09T22:00:00+03:00,4499.0
2026-04-09T23:00:00+03:00,2026-04-09T23:00:00+03:00,4498.9
2026-04-10T00:00:00+03:00,2026-04-10T00:00:00+03:00,800.0
2026-04-10T01:00:00+03:00,2026-04-10T01:00:00+03:00,700.0
2026-04-10T02:00:00+03:00,2026-04-10T02:00:00+03:00,800.0
2026-04-10T03:00:00+03:00,2026-04-10T03:00:00+03:00,1200.01
2026-04-10T04:00:00+03:00,2026-04-10T04:00:00+03:00,1600.0
2026-04-10T05:00:00+03:00,2026-04-10T05:00:00+03:00,2898.0
2026-04-10T06:00:00+03:00,2026-04-10T06:00:00+03:00,2200.0
2026-04-10T07:00:00+03:00,2026-04-10T07:00:00+03:00,2188.3
2026-04-10T08:00:00+03:00,2026-04-10T08:00:00+03:00,4388.0
2026-04-10T09:00:00+03:00,2026-04-10T09:00:00+03:00,4300.0
2026-04-10T10:00:00+03:00,2026-04-10T10:00:00+03:00,2188.3
2026-04-10T11:00:00+03:00,2026-04-10T11:00:00+03:00,3000.02
2026-04-10T12:00:00+03:00,2026-04-10T12:00:00+03:00,50.0
2026-04-10T13:00:00+03:00,2026-04-10T13:00:00+03:00,0.0
2026-04-10T14:00:00+03:00,2026-04-10T14:00:00+03:00,2188.3
2026-04-10T15:00:00+03:00,2026-04-10T15:00:00+03:00,1989.37
2026-04-10T16:00:00+03:00,2026-04-10T16:00:00+03:00,2898.0
2026-04-10T17:00:00+03:00,2026-04-10T17:00:00+03:00,4300.0
2026-04-10T18:00:00+03:00,2026-04-10T18:00:00+03:00,4300.0
2026-04-10T19:00:00+03:00,2026-04-10T19:00:00+03:00,4500.0
2026-04-10T20:00:00+03:00,2026-04-10T20:00:00+03:00,2801.0
2026-04-10T21:00:00+03:00,2026-04-10T21:00:00+03:00,4498.9
2026-04-10T22:00:00+03:00,2026-04-10T22:00:00+03:00,4388.0
2026-04-10T23:00:00+03:00,2026-04-10T23:00:00+03:00,4388.0
2026-04-11T00:00:00+03:00,2026-04-11T00:00:00+03:00,4498.3
2026-04-11T01:00:00+03:00,2026-04-11T01:00:00+03:00,4300.0
2026-04-11T02:00:00+03:00,2026-04-11T02:00:00+03:00,4300.0
2026-04-11T03:00:00+03:00,2026-04-11T03:00:00+03:00,3000.0
2026-04-11T04:00:00+03:00,2026-04-11T04:00:00+03:00,3000.0
2026-04-11T05:00:00+03:00,2026-04-11T05:00:00+03:00,2800.0
2026-04-11T06:00:00+03:00,2026-04-11T06:00:00+03:00,2498.0
2026-04-11T07:00:00+03:00,2026-04-11T07:00:00+03:00,1200.0
2026-04-11T08:00:00+03:00,2026-04-11T08:00:00+03:00,3000.0
2026-04-11T09:00:00+03:00,2026-04-11T09:00:00+03:00,2498.0
2026-04-11T10:00:00+03:00,2026-04-11T10:00:00+03:00,1490.0
2026-04-11T11:00:00+03:00,2026-04-11T11:00:00+03:00,1151.0
2026-04-11T12:00:00+03:00,2026-04-11T12:00:00+03:00,0.0
2026-04-11T13:00:00+03:00,2026-04-11T13:00:00+03:00,0.0
2026-04-11T14:00:00+03:00,2026-04-11T14:00:00+03:00,0.0
2026-04-11T15:00:00+03:00,2026-04-11T15:00:00+03:00,0.0
2026-04-11T16:00:00+03:00,2026-04-11T16:00:00+03:00,0.0
2026-04-11T17:00:00+03:00,2026-04-11T17:00:00+03:00,800.0
2026-04-11T18:00:00+03:00,2026-04-11T18:00:00+03:00,4498.3
2026-04-11T19:00:00+03:00,2026-04-11T19:00:00+03:00,4500.0
2026-04-11T20:00:00+03:00,2026-04-11T20:00:00+03:00,4500.0
2026-04-11T21:00:00+03:00,2026-04-11T21:00:00+03:00,4500.0
2026-04-11T22:00:00+03:00,2026-04-11T22:00:00+03:00,4500.0
2026-04-11T23:00:00+03:00,2026-04-11T23:00:00+03:00,4498.91
2026-04-12T00:00:00+03:00,2026-04-12T00:00:00+03:00,4377.0
2026-04-12T01:00:00+03:00,2026-04-12T01:00:00+03:00,3000.03
2026-04-12T02:00:00+03:00,2026-04-12T02:00:00+03:00,3000.0
2026-04-12T03:00:00+03:00,2026-04-12T03:00:00+03:00,700.0
2026-04-12T04:00:00+03:00,2026-04-12T04:00:00+03:00,599.99
2026-04-12T05:00:00+03:00,2026-04-12T05:00:00+03:00,1851.0
2026-04-12T06:00:00+03:00,2026-04-12T06:00:00+03:00,1957.71
2026-04-12T07:00:00+03:00,2026-04-12T07:00:00+03:00,2153.48
2026-04-12T08:00:00+03:00,2026-04-12T08:00:00+03:00,0.0
2026-04-12T09:00:00+03:00,2026-04-12T09:00:00+03:00,0.0
2026-04-12T10:00:00+03:00,2026-04-12T10:00:00+03:00,0.0
2026-04-12T11:00:00+03:00,2026-04-12T11:00:00+03:00,0.0
2026-04-12T12:00:00+03:00,2026-04-12T12:00:00+03:00,0.0
2026-04-12T13:00:00+03:00,2026-04-12T13:00:00+03:00,0.0
2026-04-12T14:00:00+03:00,2026-04-12T14:00:00+03:00,0.0
2026-04-12T15:00:00+03:00,2026-04-12T15:00:00+03:00,0.0
2026-04-12T16:00:00+03:00,2026-04-12T16:00:00+03:00,0.0
2026-04-12T17:00:00+03:00,2026-04-12T17:00:00+03:00,0.0
2026-04-12T18:00:00+03:00,2026-04-12T18:00:00+03:00,0.0
2026-04-12T19:00:00+03:00,2026-04-12T19:00:00+03:00,4377.0
2026-04-12T20:00:00+03:00,2026-04-12T20:00:00+03:00,4500.0
2026-04-12T21:00:00+03:00,2026-04-12T21:00:00+03:00,4498.9
2026-04-12T22:00:00+03:00,2026-04-12T22:00:00+03:00,4377.0
2026-04-12T23:00:00+03:00,2026-04-12T23:00:00+03:00,3000.0
2026-04-13T00:00:00+03:00,2026-04-13T00:00:00+03:00,2153.48
2026-04-13T01:00:00+03:00,2026-04-13T01:00:00+03:00,2153.48
2026-04-13T02:00:00+03:00,2026-04-13T02:00:00+03:00,1340.0
2026-04-13T03:00:00+03:00,2026-04-13T03:00:00+03:00,348.0
2026-04-13T04:00:00+03:00,2026-04-13T04:00:00+03:00,225.0
2026-04-13T05:00:00+03:00,2026-04-13T05:00:00+03:00,300.0
2026-04-13T06:00:00+03:00,2026-04-13T06:00:00+03:00,977.0
2026-04-13T07:00:00+03:00,2026-04-13T07:00:00+03:00,0.0
2026-04-13T08:00:00+03:00,2026-04-13T08:00:00+03:00,0.0
2026-04-13T09:00:00+03:00,2026-04-13T09:00:00+03:00,0.0
2026-04-13T10:00:00+03:00,2026-04-13T10:00:00+03:00,0.0
2026-04-13T11:00:00+03:00,2026-04-13T11:00:00+03:00,0.0
2026-04-13T12:00:00+03:00,2026-04-13T12:00:00+03:00,0.0
2026-04-13T13:00:00+03:00,2026-04-13T13:00:00+03:00,0.0
2026-04-13T14:00:00+03:00,2026-04-13T14:00:00+03:00,0.0
2026-04-13T15:00:00+03:00,2026-04-13T15:00:00+03:00,0.0
2026-04-13T16:00:00+03:00,2026-04-13T16:00:00+03:00,0.0
2026-04-13T17:00:00+03:00,2026-04-13T17:00:00+03:00,800.0
2026-04-13T18:00:00+03:00,2026-04-13T18:00:00+03:00,2001.0
2026-04-13T19:00:00+03:00,2026-04-13T19:00:00+03:00,4500.0
2026-04-13T20:00:00+03:00,2026-04-13T20:00:00+03:00,4500.0
2026-04-13T21:00:00+03:00,2026-04-13T21:00:00+03:00,4500.0
2026-04-13T22:00:00+03:00,2026-04-13T22:00:00+03:00,4498.6
2026-04-13T23:00:00+03:00,2026-04-13T23:00:00+03:00,3650.0
2026-04-14T00:00:00+03:00,2026-04-14T00:00:00+03:00,4422.0
2026-04-14T01:00:00+03:00,2026-04-14T01:00:00+03:00,3000.0
2026-04-14T02:00:00+03:00,2026-04-14T02:00:00+03:00,3000.01
2026-04-14T03:00:00+03:00,2026-04-14T03:00:00+03:00,1677.0
2026-04-14T04:00:00+03:00,2026-04-14T04:00:00+03:00,3000.0
2026-04-14T05:00:00+03:00,2026-04-14T05:00:00+03:00,3000.0
2026-04-14T06:00:00+03:00,2026-04-14T06:00:00+03:00,3000.0
2026-04-14T07:00:00+03:00,2026-04-14T07:00:00+03:00,500.0
2026-04-14T08:00:00+03:00,2026-04-14T08:00:00+03:00,1957.71
2026-04-14T09:00:00+03:00,2026-04-14T09:00:00+03:00,300.0
2026-04-14T10:00:00+03:00,2026-04-14T10:00:00+03:00,0.0
2026-04-14T11:00:00+03:00,2026-04-14T11:00:00+03:00,2.0
2026-04-14T12:00:00+03:00,2026-04-14T12:00:00+03:00,0.0
2026-04-14T13:00:00+03:00,2026-04-14T13:00:00+03:00,0.0
2026-04-14T14:00:00+03:00,2026-04-14T14:00:00+03:00,9.0
2026-04-14T15:00:00+03:00,2026-04-14T15:00:00+03:00,0.0
2026-04-14T16:00:00+03:00,2026-04-14T16:00:00+03:00,600.0
2026-04-14T17:00:00+03:00,2026-04-14T17:00:00+03:00,4450.0
2026-04-14T18:00:00+03:00,2026-04-14T18:00:00+03:00,4498.5
2026-04-14T19:00:00+03:00,2026-04-14T19:00:00+03:00,4500.0
2026-04-14T20:00:00+03:00,2026-04-14T20:00:00+03:00,4500.0
2026-04-14T21:00:00+03:00,2026-04-14T21:00:00+03:00,4498.92
2026-04-14T22:00:00+03:00,2026-04-14T22:00:00+03:00,4450.0
2026-04-14T23:00:00+03:00,2026-04-14T23:00:00+03:00,3988.0
2026-04-15T00:00:00+03:00,2026-04-15T00:00:00+03:00,4450.0
2026-04-15T01:00:00+03:00,2026-04-15T01:00:00+03:00,4384.0
2026-04-15T02:00:00+03:00,2026-04-15T02:00:00+03:00,3719.99
2026-04-15T03:00:00+03:00,2026-04-15T03:00:00+03:00,3100.0
2026-04-15T04:00:00+03:00,2026-04-15T04:00:00+03:00,480.0
2026-04-15T05:00:00+03:00,2026-04-15T05:00:00+03:00,1000.0
2026-04-15T06:00:00+03:00,2026-04-15T06:00:00+03:00,1650.0
2026-04-15T07:00:00+03:00,2026-04-15T07:00:00+03:00,380.0
2026-04-15T08:00:00+03:00,2026-04-15T08:00:00+03:00,800.0
2026-04-15T09:00:00+03:00,2026-04-15T09:00:00+03:00,800.0
2026-04-15T10:00:00+03:00,2026-04-15T10:00:00+03:00,2799.0
2026-04-15T11:00:00+03:00,2026-04-15T11:00:00+03:00,1963.57
2026-04-15T12:00:00+03:00,2026-04-15T12:00:00+03:00,0.0
2026-04-15T13:00:00+03:00,2026-04-15T13:00:00+03:00,9.0
2026-04-15T14:00:00+03:00,2026-04-15T14:00:00+03:00,1590.0
2026-04-15T15:00:00+03:00,2026-04-15T15:00:00+03:00,8.0
2026-04-15T16:00:00+03:00,2026-04-15T16:00:00+03:00,3100.0
2026-04-15T17:00:00+03:00,2026-04-15T17:00:00+03:00,3100.0
2026-04-15T18:00:00+03:00,2026-04-15T18:00:00+03:00,2799.99
2026-04-15T19:00:00+03:00,2026-04-15T19:00:00+03:00,3550.0
2026-04-15T20:00:00+03:00,2026-04-15T20:00:00+03:00,4500.0
2026-04-15T21:00:00+03:00,2026-04-15T21:00:00+03:00,4084.79
2026-04-15T22:00:00+03:00,2026-04-15T22:00:00+03:00,800.0
2026-04-15T23:00:00+03:00,2026-04-15T23:00:00+03:00,500.0
2026-04-16T00:00:00+03:00,2026-04-16T00:00:00+03:00,0.0
2026-04-16T01:00:00+03:00,2026-04-16T01:00:00+03:00,0.0
2026-04-16T02:00:00+03:00,2026-04-16T02:00:00+03:00,1.0
2026-04-16T03:00:00+03:00,2026-04-16T03:00:00+03:00,563.0
2026-04-16T04:00:00+03:00,2026-04-16T04:00:00+03:00,0.0
2026-04-16T05:00:00+03:00,2026-04-16T05:00:00+03:00,0.0
2026-04-16T06:00:00+03:00,2026-04-16T06:00:00+03:00,0.0
2026-04-16T07:00:00+03:00,2026-04-16T07:00:00+03:00,0.0
2026-04-16T08:00:00+03:00,2026-04-16T08:00:00+03:00,0.0
2026-04-16T09:00:00+03:00,2026-04-16T09:00:00+03:00,0.0
2026-04-16T10:00:00+03:00,2026-04-16T10:00:00+03:00,0.0
2026-04-16T11:00:00+03:00,2026-04-16T11:00:00+03:00,0.1
2026-04-16T12:00:00+03:00,2026-04-16T12:00:00+03:00,0.0
2026-04-16T13:00:00+03:00,2026-04-16T13:00:00+03:00,1000.0
2026-04-16T14:00:00+03:00,2026-04-16T14:00:00+03:00,2144.59
2026-04-16T15:00:00+03:00,2026-04-16T15:00:00+03:00,0.1
2026-04-16T16:00:00+03:00,2026-04-16T16:00:00+03:00,0.0
2026-04-16T17:00:00+03:00,2026-04-16T17:00:00+03:00,1949.63
2026-04-16T18:00:00+03:00,2026-04-16T18:00:00+03:00,500.0
2026-04-16T19:00:00+03:00,2026-04-16T19:00:00+03:00,800.0
2026-04-16T20:00:00+03:00,2026-04-16T20:00:00+03:00,4417.0
2026-04-16T21:00:00+03:00,2026-04-16T21:00:00+03:00,1249.99
2026-04-16T22:00:00+03:00,2026-04-16T22:00:00+03:00,800.0
2026-04-16T23:00:00+03:00,2026-04-16T23:00:00+03:00,9.0
2026-04-17T00:00:00+03:00,2026-04-17T00:00:00+03:00,0.0
2026-04-17T01:00:00+03:00,2026-04-17T01:00:00+03:00,0.0
2026-04-17T02:00:00+03:00,2026-04-17T02:00:00+03:00,0.0
2026-04-17T03:00:00+03:00,2026-04-17T03:00:00+03:00,0.0
2026-04-17T04:00:00+03:00,2026-04-17T04:00:00+03:00,0.0
2026-04-17T05:00:00+03:00,2026-04-17T05:00:00+03:00,0.0
2026-04-19T00:00:00+03:00,2026-04-19T00:00:00+03:00,1.0
2026-04-19T01:00:00+03:00,2026-04-19T01:00:00+03:00,1.0
2026-04-19T02:00:00+03:00,2026-04-19T02:00:00+03:00,1.0
2026-04-19T03:00:00+03:00,2026-04-19T03:00:00+03:00,0.0
2026-04-19T04:00:00+03:00,2026-04-19T04:00:00+03:00,0.0
2026-04-19T05:00:00+03:00,2026-04-19T05:00:00+03:00,7.0
2026-04-19T06:00:00+03:00,2026-04-19T06:00:00+03:00,299.0
2026-04-19T07:00:00+03:00,2026-04-19T07:00:00+03:00,170.0
2026-04-19T08:00:00+03:00,2026-04-19T08:00:00+03:00,1190.0
2026-04-19T09:00:00+03:00,2026-04-19T09:00:00+03:00,1000.0
2026-04-19T10:00:00+03:00,2026-04-19T10:00:00+03:00,1149.0
2026-04-19T11:00:00+03:00,2026-04-19T11:00:00+03:00,1000.0
2026-04-19T12:00:00+03:00,2026-04-19T12:00:00+03:00,1000.0
2026-04-19T13:00:00+03:00,2026-04-19T13:00:00+03:00,1449.0
2026-04-19T14:00:00+03:00,2026-04-19T14:00:00+03:00,1449.0
2026-04-19T15:00:00+03:00,2026-04-19T15:00:00+03:00,0.0
2026-04-19T16:00:00+03:00,2026-04-19T16:00:00+03:00,0.0
2026-04-19T17:00:00+03:00,2026-04-19T17:00:00+03:00,71.0
2026-04-19T18:00:00+03:00,2026-04-19T18:00:00+03:00,7.0
2026-04-19T19:00:00+03:00,2026-04-19T19:00:00+03:00,1000.0
2026-04-19T20:00:00+03:00,2026-04-19T20:00:00+03:00,2600.0
2026-04-19T21:00:00+03:00,2026-04-19T21:00:00+03:00,2600.0
2026-04-19T22:00:00+03:00,2026-04-19T22:00:00+03:00,1898.24
2026-04-19T23:00:00+03:00,2026-04-19T23:00:00+03:00,1149.0
2026-04-20T00:00:00+03:00,2026-04-20T00:00:00+03:00,1898.24
2026-04-20T01:00:00+03:00,2026-04-20T01:00:00+03:00,1769.0
2026-04-20T02:00:00+03:00,2026-04-20T02:00:00+03:00,298.0
2026-04-20T03:00:00+03:00,2026-04-20T03:00:00+03:00,50.0
2026-04-20T04:00:00+03:00,2026-04-20T04:00:00+03:00,170.0
2026-04-20T05:00:00+03:00,2026-04-20T05:00:00+03:00,1200.0
2026-04-20T06:00:00+03:00,2026-04-20T06:00:00+03:00,1457.0
2026-04-20T07:00:00+03:00,2026-04-20T07:00:00+03:00,0.1
2026-04-20T08:00:00+03:00,2026-04-20T08:00:00+03:00,100.0
2026-04-20T09:00:00+03:00,2026-04-20T09:00:00+03:00,8.0
2026-04-20T10:00:00+03:00,2026-04-20T10:00:00+03:00,0.0
2026-04-20T11:00:00+03:00,2026-04-20T11:00:00+03:00,0.0
2026-04-20T12:00:00+03:00,2026-04-20T12:00:00+03:00,0.0
2026-04-20T13:00:00+03:00,2026-04-20T13:00:00+03:00,0.0
2026-04-20T14:00:00+03:00,2026-04-20T14:00:00+03:00,784.0
2026-04-20T15:00:00+03:00,2026-04-20T15:00:00+03:00,0.0
2026-04-20T16:00:00+03:00,2026-04-20T16:00:00+03:00,0.0
2026-04-20T17:00:00+03:00,2026-04-20T17:00:00+03:00,0.0
2026-04-20T18:00:00+03:00,2026-04-20T18:00:00+03:00,354.0
2026-04-20T19:00:00+03:00,2026-04-20T19:00:00+03:00,800.0
2026-04-20T20:00:00+03:00,2026-04-20T20:00:00+03:00,4500.0
2026-04-20T21:00:00+03:00,2026-04-20T21:00:00+03:00,4498.7
2026-04-20T22:00:00+03:00,2026-04-20T22:00:00+03:00,4397.0
2026-04-20T23:00:00+03:00,2026-04-20T23:00:00+03:00,4397.0
2026-04-21T00:00:00+03:00,2026-04-21T00:00:00+03:00,1898.24
2026-04-21T01:00:00+03:00,2026-04-21T01:00:00+03:00,1898.24
2026-04-21T02:00:00+03:00,2026-04-21T02:00:00+03:00,1500.0
2026-04-21T03:00:00+03:00,2026-04-21T03:00:00+03:00,1200.0
2026-04-21T04:00:00+03:00,2026-04-21T04:00:00+03:00,1200.0
2026-04-21T05:00:00+03:00,2026-04-21T05:00:00+03:00,1777.0
2026-04-21T06:00:00+03:00,2026-04-21T06:00:00+03:00,9.0
2026-04-21T07:00:00+03:00,2026-04-21T07:00:00+03:00,0.0
2026-04-21T08:00:00+03:00,2026-04-21T08:00:00+03:00,0.0
2026-04-21T09:00:00+03:00,2026-04-21T09:00:00+03:00,0.0
2026-04-21T10:00:00+03:00,2026-04-21T10:00:00+03:00,0.0
2026-04-21T11:00:00+03:00,2026-04-21T11:00:00+03:00,0.0
2026-04-21T12:00:00+03:00,2026-04-21T12:00:00+03:00,0.0
2026-04-21T13:00:00+03:00,2026-04-21T13:00:00+03:00,0.0
2026-04-21T14:00:00+03:00,2026-04-21T14:00:00+03:00,0.0
2026-04-21T15:00:00+03:00,2026-04-21T15:00:00+03:00,0.0
2026-04-21T16:00:00+03:00,2026-04-21T16:00:00+03:00,0.0
2026-04-21T17:00:00+03:00,2026-04-21T17:00:00+03:00,0.0
2026-04-21T18:00:00+03:00,2026-04-21T18:00:00+03:00,9.0
2026-04-21T19:00:00+03:00,2026-04-21T19:00:00+03:00,4400.0
2026-04-21T20:00:00+03:00,2026-04-21T20:00:00+03:00,4500.0
2026-04-21T21:00:00+03:00,2026-04-21T21:00:00+03:00,4450.0
2026-04-21T22:00:00+03:00,2026-04-21T22:00:00+03:00,3950.0
2026-04-21T23:00:00+03:00,2026-04-21T23:00:00+03:00,2700.01
2026-04-22T00:00:00+03:00,2026-04-22T00:00:00+03:00,2900.01
2026-04-22T01:00:00+03:00,2026-04-22T01:00:00+03:00,2600.0
2026-04-22T02:00:00+03:00,2026-04-22T02:00:00+03:00,1901.74
2026-04-22T03:00:00+03:00,2026-04-22T03:00:00+03:00,1448.0
2026-04-22T04:00:00+03:00,2026-04-22T04:00:00+03:00,10.0
2026-04-22T05:00:00+03:00,2026-04-22T05:00:00+03:00,1.0
2026-04-22T06:00:00+03:00,2026-04-22T06:00:00+03:00,0.0
2026-04-22T07:00:00+03:00,2026-04-22T07:00:00+03:00,50.0
2026-04-22T08:00:00+03:00,2026-04-22T08:00:00+03:00,0.1
2026-04-22T09:00:00+03:00,2026-04-22T09:00:00+03:00,19.0
2026-04-22T10:00:00+03:00,2026-04-22T10:00:00+03:00,0.0
2026-04-22T11:00:00+03:00,2026-04-22T11:00:00+03:00,444.0
2026-04-22T12:00:00+03:00,2026-04-22T12:00:00+03:00,0.0
2026-04-22T13:00:00+03:00,2026-04-22T13:00:00+03:00,0.0
2026-04-22T14:00:00+03:00,2026-04-22T14:00:00+03:00,444.0
2026-04-22T15:00:00+03:00,2026-04-22T15:00:00+03:00,444.0
2026-04-22T16:00:00+03:00,2026-04-22T16:00:00+03:00,1901.74
2026-04-22T17:00:00+03:00,2026-04-22T17:00:00+03:00,2600.0
2026-04-22T18:00:00+03:00,2026-04-22T18:00:00+03:00,2700.03
2026-04-22T19:00:00+03:00,2026-04-22T19:00:00+03:00,2999.01
2026-04-22T20:00:00+03:00,2026-04-22T20:00:00+03:00,4450.0
2026-04-22T21:00:00+03:00,2026-04-22T21:00:00+03:00,2900.01
2026-04-22T22:00:00+03:00,2026-04-22T22:00:00+03:00,19.0
2026-04-22T23:00:00+03:00,2026-04-22T23:00:00+03:00,19.0
2026-04-23T00:00:00+03:00,2026-04-23T00:00:00+03:00,3.0
2026-04-23T01:00:00+03:00,2026-04-23T01:00:00+03:00,999.0
2026-04-23T02:00:00+03:00,2026-04-23T02:00:00+03:00,10.0
2026-04-23T03:00:00+03:00,2026-04-23T03:00:00+03:00,8.0
2026-04-23T04:00:00+03:00,2026-04-23T04:00:00+03:00,75.01
2026-04-23T05:00:00+03:00,2026-04-23T05:00:00+03:00,999.0
2026-04-23T06:00:00+03:00,2026-04-23T06:00:00+03:00,278.0
2026-04-23T07:00:00+03:00,2026-04-23T07:00:00+03:00,0.0
2026-04-23T08:00:00+03:00,2026-04-23T08:00:00+03:00,0.0
2026-04-23T09:00:00+03:00,2026-04-23T09:00:00+03:00,0.0
2026-04-23T10:00:00+03:00,2026-04-23T10:00:00+03:00,0.0
2026-04-23T11:00:00+03:00,2026-04-23T11:00:00+03:00,0.0
2026-04-23T12:00:00+03:00,2026-04-23T12:00:00+03:00,0.0
2026-04-23T13:00:00+03:00,2026-04-23T13:00:00+03:00,0.0
2026-04-23T14:00:00+03:00,2026-04-23T14:00:00+03:00,0.0
2026-04-23T15:00:00+03:00,2026-04-23T15:00:00+03:00,0.0
2026-04-23T16:00:00+03:00,2026-04-23T16:00:00+03:00,0.0
2026-04-23T17:00:00+03:00,2026-04-23T17:00:00+03:00,0.0
2026-04-23T18:00:00+03:00,2026-04-23T18:00:00+03:00,1902.28
2026-04-23T19:00:00+03:00,2026-04-23T19:00:00+03:00,4450.0
2026-04-23T20:00:00+03:00,2026-04-23T20:00:00+03:00,4450.0
2026-04-23T21:00:00+03:00,2026-04-23T21:00:00+03:00,4400.0
2026-04-23T22:00:00+03:00,2026-04-23T22:00:00+03:00,1490.0
2026-04-23T23:00:00+03:00,2026-04-23T23:00:00+03:00,1000.0
2026-04-24T00:00:00+03:00,2026-04-24T00:00:00+03:00,1.0
2026-04-24T01:00:00+03:00,2026-04-24T01:00:00+03:00,50.0
2026-04-24T02:00:00+03:00,2026-04-24T02:00:00+03:00,4.0
2026-04-24T03:00:00+03:00,2026-04-24T03:00:00+03:00,50.0
2026-04-24T04:00:00+03:00,2026-04-24T04:00:00+03:00,10.0
2026-04-24T05:00:00+03:00,2026-04-24T05:00:00+03:00,100.0
2026-04-24T06:00:00+03:00,2026-04-24T06:00:00+03:00,1.0
2026-04-24T07:00:00+03:00,2026-04-24T07:00:00+03:00,0.0
2026-04-24T08:00:00+03:00,2026-04-24T08:00:00+03:00,0.0
2026-04-24T09:00:00+03:00,2026-04-24T09:00:00+03:00,0.0
2026-04-24T10:00:00+03:00,2026-04-24T10:00:00+03:00,0.0
2026-04-24T11:00:00+03:00,2026-04-24T11:00:00+03:00,0.0
2026-04-24T12:00:00+03:00,2026-04-24T12:00:00+03:00,0.0
2026-04-24T13:00:00+03:00,2026-04-24T13:00:00+03:00,0.0
2026-04-24T14:00:00+03:00,2026-04-24T14:00:00+03:00,0.0
2026-04-24T15:00:00+03:00,2026-04-24T15:00:00+03:00,0.0
2026-04-24T16:00:00+03:00,2026-04-24T16:00:00+03:00,0.0
2026-04-24T17:00:00+03:00,2026-04-24T17:00:00+03:00,4.0
2026-04-24T18:00:00+03:00,2026-04-24T18:00:00+03:00,1280.0
2026-04-24T19:00:00+03:00,2026-04-24T19:00:00+03:00,800.0
2026-04-24T20:00:00+03:00,2026-04-24T20:00:00+03:00,4450.0
2026-04-24T21:00:00+03:00,2026-04-24T21:00:00+03:00,4498.92
2026-04-24T22:00:00+03:00,2026-04-24T22:00:00+03:00,4450.0
2026-04-24T23:00:00+03:00,2026-04-24T23:00:00+03:00,2900.01
2026-04-25T00:00:00+03:00,2026-04-25T00:00:00+03:00,3000.0
2026-04-25T01:00:00+03:00,2026-04-25T01:00:00+03:00,3000.0
2026-04-25T02:00:00+03:00,2026-04-25T02:00:00+03:00,1448.0
2026-04-25T03:00:00+03:00,2026-04-25T03:00:00+03:00,350.3
2026-04-25T04:00:00+03:00,2026-04-25T04:00:00+03:00,7.0
2026-04-25T05:00:00+03:00,2026-04-25T05:00:00+03:00,1.0
2026-04-25T06:00:00+03:00,2026-04-25T06:00:00+03:00,0.0
2026-04-25T07:00:00+03:00,2026-04-25T07:00:00+03:00,0.0
2026-04-25T08:00:00+03:00,2026-04-25T08:00:00+03:00,0.0
2026-04-25T09:00:00+03:00,2026-04-25T09:00:00+03:00,0.0
2026-04-25T10:00:00+03:00,2026-04-25T10:00:00+03:00,0.0
2026-04-25T11:00:00+03:00,2026-04-25T11:00:00+03:00,0.0
2026-04-25T12:00:00+03:00,2026-04-25T12:00:00+03:00,0.0
2026-04-25T13:00:00+03:00,2026-04-25T13:00:00+03:00,0.0
2026-04-25T14:00:00+03:00,2026-04-25T14:00:00+03:00,0.0
2026-04-25T15:00:00+03:00,2026-04-25T15:00:00+03:00,0.0
2026-04-25T16:00:00+03:00,2026-04-25T16:00:00+03:00,0.0
2026-04-25T17:00:00+03:00,2026-04-25T17:00:00+03:00,0.0
2026-04-25T18:00:00+03:00,2026-04-25T18:00:00+03:00,5.0
2026-04-25T19:00:00+03:00,2026-04-25T19:00:00+03:00,100.0
2026-04-25T20:00:00+03:00,2026-04-25T20:00:00+03:00,4500.0
2026-04-25T21:00:00+03:00,2026-04-25T21:00:00+03:00,4420.0
2026-04-25T22:00:00+03:00,2026-04-25T22:00:00+03:00,3750.0
2026-04-25T23:00:00+03:00,2026-04-25T23:00:00+03:00,100.0
2026-04-26T00:00:00+03:00,2026-04-26T00:00:00+03:00,9.0
2026-04-26T01:00:00+03:00,2026-04-26T01:00:00+03:00,50.0
2026-04-26T02:00:00+03:00,2026-04-26T02:00:00+03:00,290.0
2026-04-26T03:00:00+03:00,2026-04-26T03:00:00+03:00,500.0
2026-04-26T04:00:00+03:00,2026-04-26T04:00:00+03:00,1200.0
2026-04-26T05:00:00+03:00,2026-04-26T05:00:00+03:00,71.0
2026-04-26T06:00:00+03:00,2026-04-26T06:00:00+03:00,0.0
2026-04-26T07:00:00+03:00,2026-04-26T07:00:00+03:00,0.0
2026-04-26T08:00:00+03:00,2026-04-26T08:00:00+03:00,0.0
2026-04-26T09:00:00+03:00,2026-04-26T09:00:00+03:00,0.0
2026-04-26T10:00:00+03:00,2026-04-26T10:00:00+03:00,0.0
2026-04-26T11:00:00+03:00,2026-04-26T11:00:00+03:00,0.0
2026-04-26T12:00:00+03:00,2026-04-26T12:00:00+03:00,0.0
2026-04-26T13:00:00+03:00,2026-04-26T13:00:00+03:00,0.0
2026-04-26T14:00:00+03:00,2026-04-26T14:00:00+03:00,0.0
2026-04-26T15:00:00+03:00,2026-04-26T15:00:00+03:00,0.0
2026-04-26T16:00:00+03:00,2026-04-26T16:00:00+03:00,0.0
2026-04-26T17:00:00+03:00,2026-04-26T17:00:00+03:00,0.0
2026-04-26T18:00:00+03:00,2026-04-26T18:00:00+03:00,0.0
2026-04-26T19:00:00+03:00,2026-04-26T19:00:00+03:00,800.0
2026-04-26T20:00:00+03:00,2026-04-26T20:00:00+03:00,3800.02
2026-04-26T21:00:00+03:00,2026-04-26T21:00:00+03:00,2800.01
2026-04-26T22:00:00+03:00,2026-04-26T22:00:00+03:00,1390.0
2026-04-26T23:00:00+03:00,2026-04-26T23:00:00+03:00,3.0
2026-04-27T00:00:00+03:00,2026-04-27T00:00:00+03:00,0.1
2026-04-27T01:00:00+03:00,2026-04-27T01:00:00+03:00,7.0
2026-04-27T02:00:00+03:00,2026-04-27T02:00:00+03:00,0.0
2026-04-27T03:00:00+03:00,2026-04-27T03:00:00+03:00,0.0
2026-04-27T04:00:00+03:00,2026-04-27T04:00:00+03:00,0.0
2026-04-27T05:00:00+03:00,2026-04-27T05:00:00+03:00,0.0
2026-04-27T06:00:00+03:00,2026-04-27T06:00:00+03:00,0.0
2026-04-28T00:00:00+03:00,2026-04-28T00:00:00+03:00,2900.0
2026-04-28T01:00:00+03:00,2026-04-28T01:00:00+03:00,2800.0
2026-04-28T02:00:00+03:00,2026-04-28T02:00:00+03:00,2800.01
2026-04-28T03:00:00+03:00,2026-04-28T03:00:00+03:00,2800.0
2026-04-28T04:00:00+03:00,2026-04-28T04:00:00+03:00,977.0
2026-04-28T05:00:00+03:00,2026-04-28T05:00:00+03:00,20.0
2026-04-28T06:00:00+03:00,2026-04-28T06:00:00+03:00,0.0
2026-04-28T07:00:00+03:00,2026-04-28T07:00:00+03:00,0.0
2026-04-28T08:00:00+03:00,2026-04-28T08:00:00+03:00,0.0
2026-04-28T09:00:00+03:00,2026-04-28T09:00:00+03:00,0.0
2026-04-28T10:00:00+03:00,2026-04-28T10:00:00+03:00,0.0
2026-04-28T11:00:00+03:00,2026-04-28T11:00:00+03:00,0.0
2026-04-28T12:00:00+03:00,2026-04-28T12:00:00+03:00,0.0
2026-04-28T13:00:00+03:00,2026-04-28T13:00:00+03:00,0.0
2026-04-28T14:00:00+03:00,2026-04-28T14:00:00+03:00,0.0
2026-04-28T15:00:00+03:00,2026-04-28T15:00:00+03:00,0.0
2026-04-28T16:00:00+03:00,2026-04-28T16:00:00+03:00,1340.0
2026-04-28T17:00:00+03:00,2026-04-28T17:00:00+03:00,1700.0
2026-04-28T18:00:00+03:00,2026-04-28T18:00:00+03:00,2900.01
2026-04-28T19:00:00+03:00,2026-04-28T19:00:00+03:00,4498.7
2026-04-28T20:00:00+03:00,2026-04-28T20:00:00+03:00,4450.0
2026-04-28T21:00:00+03:00,2026-04-28T21:00:00+03:00,4498.9
2026-04-28T22:00:00+03:00,2026-04-28T22:00:00+03:00,4450.0
2026-04-28T23:00:00+03:00,2026-04-28T23:00:00+03:00,1200.0
2026-04-29T00:00:00+03:00,2026-04-29T00:00:00+03:00,300.0
2026-04-29T01:00:00+03:00,2026-04-29T01:00:00+03:00,20.0
2026-04-29T02:00:00+03:00,2026-04-29T02:00:00+03:00,7.0
2026-04-29T03:00:00+03:00,2026-04-29T03:00:00+03:00,7.0
2026-04-29T04:00:00+03:00,2026-04-29T04:00:00+03:00,7.0
2026-04-29T05:00:00+03:00,2026-04-29T05:00:00+03:00,10.0
2026-04-29T06:00:00+03:00,2026-04-29T06:00:00+03:00,0.35
2026-04-29T07:00:00+03:00,2026-04-29T07:00:00+03:00,0.0
2026-04-29T08:00:00+03:00,2026-04-29T08:00:00+03:00,0.0
2026-04-29T09:00:00+03:00,2026-04-29T09:00:00+03:00,0.0
2026-04-29T10:00:00+03:00,2026-04-29T10:00:00+03:00,0.0
2026-04-29T11:00:00+03:00,2026-04-29T11:00:00+03:00,0.0
2026-04-29T12:00:00+03:00,2026-04-29T12:00:00+03:00,0.0
2026-04-29T13:00:00+03:00,2026-04-29T13:00:00+03:00,0.0
2026-04-29T14:00:00+03:00,2026-04-29T14:00:00+03:00,0.0
2026-04-29T15:00:00+03:00,2026-04-29T15:00:00+03:00,0.0
2026-04-29T16:00:00+03:00,2026-04-29T16:00:00+03:00,0.0
2026-04-29T17:00:00+03:00,2026-04-29T17:00:00+03:00,1.0
2026-04-29T18:00:00+03:00,2026-04-29T18:00:00+03:00,799.99
2026-04-29T19:00:00+03:00,2026-04-29T19:00:00+03:00,800.0
2026-04-29T20:00:00+03:00,2026-04-29T20:00:00+03:00,4500.0
2026-04-29T21:00:00+03:00,2026-04-29T21:00:00+03:00,4449.0
2026-04-29T22:00:00+03:00,2026-04-29T22:00:00+03:00,4449.0
2026-04-29T23:00:00+03:00,2026-04-29T23:00:00+03:00,4449.0
2026-04-30T00:00:00+03:00,2026-04-30T00:00:00+03:00,2900.0
2026-04-30T01:00:00+03:00,2026-04-30T01:00:00+03:00,10.0
2026-04-30T02:00:00+03:00,2026-04-30T02:00:00+03:00,7.0
2026-04-30T03:00:00+03:00,2026-04-30T03:00:00+03:00,1.0
2026-04-30T04:00:00+03:00,2026-04-30T04:00:00+03:00,50.0
2026-04-30T05:00:00+03:00,2026-04-30T05:00:00+03:00,100.0
2026-04-30T06:00:00+03:00,2026-04-30T06:00:00+03:00,250.0
2026-04-30T07:00:00+03:00,2026-04-30T07:00:00+03:00,8.0
2026-04-30T08:00:00+03:00,2026-04-30T08:00:00+03:00,0.0
2026-04-30T09:00:00+03:00,2026-04-30T09:00:00+03:00,0.0
2026-04-30T10:00:00+03:00,2026-04-30T10:00:00+03:00,0.0
2026-04-30T11:00:00+03:00,2026-04-30T11:00:00+03:00,0.0
2026-04-30T12:00:00+03:00,2026-04-30T12:00:00+03:00,0.0
2026-04-30T13:00:00+03:00,2026-04-30T13:00:00+03:00,0.0
2026-04-30T14:00:00+03:00,2026-04-30T14:00:00+03:00,0.0
2026-04-30T15:00:00+03:00,2026-04-30T15:00:00+03:00,0.0
2026-04-30T16:00:00+03:00,2026-04-30T16:00:00+03:00,0.0
2026-04-30T17:00:00+03:00,2026-04-30T17:00:00+03:00,151.0
2026-04-30T18:00:00+03:00,2026-04-30T18:00:00+03:00,2900.0
2026-04-30T19:00:00+03:00,2026-04-30T19:00:00+03:00,3750.0
2026-04-30T20:00:00+03:00,2026-04-30T20:00:00+03:00,4450.0
2026-04-30T21:00:00+03:00,2026-04-30T21:00:00+03:00,4450.0
2026-04-30T22:00:00+03:00,2026-04-30T22:00:00+03:00,896.0
2026-04-30T23:00:00+03:00,2026-04-30T23:00:00+03:00,151.0
2026-05-01T00:00:00+03:00,2026-05-01T00:00:00+03:00,1439.0
2026-05-01T01:00:00+03:00,2026-05-01T01:00:00+03:00,2750.0
2026-05-01T02:00:00+03:00,2026-05-01T02:00:00+03:00,2000.0
2026-05-01T03:00:00+03:00,2026-05-01T03:00:00+03:00,1200.0
2026-05-01T04:00:00+03:00,2026-05-01T04:00:00+03:00,278.0
2026-05-01T05:00:00+03:00,2026-05-01T05:00:00+03:00,278.0
2026-05-01T06:00:00+03:00,2026-05-01T06:00:00+03:00,0.0
2026-05-01T07:00:00+03:00,2026-05-01T07:00:00+03:00,0.0
2026-05-01T08:00:00+03:00,2026-05-01T08:00:00+03:00,0.0
2026-05-01T09:00:00+03:00,2026-05-01T09:00:00+03:00,0.0
2026-05-01T10:00:00+03:00,2026-05-01T10:00:00+03:00,0.0
2026-05-01T11:00:00+03:00,2026-05-01T11:00:00+03:00,0.0
2026-05-01T12:00:00+03:00,2026-05-01T12:00:00+03:00,0.0
2026-05-01T13:00:00+03:00,2026-05-01T13:00:00+03:00,0.0
2026-05-01T14:00:00+03:00,2026-05-01T14:00:00+03:00,0.0
2026-05-01T15:00:00+03:00,2026-05-01T15:00:00+03:00,0.0
2026-05-01T16:00:00+03:00,2026-05-01T16:00:00+03:00,444.0
2026-05-01T17:00:00+03:00,2026-05-01T17:00:00+03:00,2900.0
2026-05-01T18:00:00+03:00,2026-05-01T18:00:00+03:00,4440.0
2026-05-01T19:00:00+03:00,2026-05-01T19:00:00+03:00,2000.0
2026-05-01T20:00:00+03:00,2026-05-01T20:00:00+03:00,2000.0
2026-05-01T21:00:00+03:00,2026-05-01T21:00:00+03:00,930.0
2026-05-01T22:00:00+03:00,2026-05-01T22:00:00+03:00,0.0
2026-05-01T23:00:00+03:00,2026-05-01T23:00:00+03:00,0.0
2026-05-02T00:00:00+03:00,2026-05-02T00:00:00+03:00,0.0
2026-05-02T01:00:00+03:00,2026-05-02T01:00:00+03:00,0.0
2026-05-02T02:00:00+03:00,2026-05-02T02:00:00+03:00,0.0
2026-05-02T03:00:00+03:00,2026-05-02T03:00:00+03:00,0.0
2026-05-02T04:00:00+03:00,2026-05-02T04:00:00+03:00,0.0
2026-05-02T05:00:00+03:00,2026-05-02T05:00:00+03:00,0.1
2026-05-02T06:00:00+03:00,2026-05-02T06:00:00+03:00,0.0
2026-05-02T07:00:00+03:00,2026-05-02T07:00:00+03:00,0.01
2026-05-02T08:00:00+03:00,2026-05-02T08:00:00+03:00,0.0
2026-05-02T09:00:00+03:00,2026-05-02T09:00:00+03:00,0.0
2026-05-02T10:00:00+03:00,2026-05-02T10:00:00+03:00,584.0
2026-05-02T11:00:00+03:00,2026-05-02T11:00:00+03:00,931.0
2026-05-02T12:00:00+03:00,2026-05-02T12:00:00+03:00,984.0
2026-05-02T13:00:00+03:00,2026-05-02T13:00:00+03:00,800.0
2026-05-02T14:00:00+03:00,2026-05-02T14:00:00+03:00,931.0
2026-05-02T15:00:00+03:00,2026-05-02T15:00:00+03:00,0.0
2026-05-02T16:00:00+03:00,2026-05-02T16:00:00+03:00,278.0
2026-05-02T17:00:00+03:00,2026-05-02T17:00:00+03:00,1200.0
2026-05-02T18:00:00+03:00,2026-05-02T18:00:00+03:00,1000.0
2026-05-02T19:00:00+03:00,2026-05-02T19:00:00+03:00,10.0
2026-05-02T20:00:00+03:00,2026-05-02T20:00:00+03:00,90.0
2026-05-02T21:00:00+03:00,2026-05-02T21:00:00+03:00,1.0
2026-05-02T22:00:00+03:00,2026-05-02T22:00:00+03:00,0.0
2026-05-02T23:00:00+03:00,2026-05-02T23:00:00+03:00,7.0
2026-05-03T00:00:00+03:00,2026-05-03T00:00:00+03:00,3.0
2026-05-03T01:00:00+03:00,2026-05-03T01:00:00+03:00,3.0
2026-05-03T02:00:00+03:00,2026-05-03T02:00:00+03:00,1.0
2026-05-03T03:00:00+03:00,2026-05-03T03:00:00+03:00,1.0
2026-05-03T04:00:00+03:00,2026-05-03T04:00:00+03:00,0.0
2026-05-03T05:00:00+03:00,2026-05-03T05:00:00+03:00,0.0
2026-05-03T06:00:00+03:00,2026-05-03T06:00:00+03:00,0.0
2026-05-03T07:00:00+03:00,2026-05-03T07:00:00+03:00,0.0
2026-05-03T08:00:00+03:00,2026-05-03T08:00:00+03:00,0.0
2026-05-03T09:00:00+03:00,2026-05-03T09:00:00+03:00,0.0
2026-05-03T10:00:00+03:00,2026-05-03T10:00:00+03:00,0.0
2026-05-03T11:00:00+03:00,2026-05-03T11:00:00+03:00,0.0
2026-05-03T12:00:00+03:00,2026-05-03T12:00:00+03:00,0.0
2026-05-03T13:00:00+03:00,2026-05-03T13:00:00+03:00,278.0
2026-05-03T14:00:00+03:00,2026-05-03T14:00:00+03:00,1439.0
2026-05-03T15:00:00+03:00,2026-05-03T15:00:00+03:00,1200.0
2026-05-03T16:00:00+03:00,2026-05-03T16:00:00+03:00,2900.0
2026-05-03T17:00:00+03:00,2026-05-03T17:00:00+03:00,4440.0
2026-05-03T18:00:00+03:00,2026-05-03T18:00:00+03:00,2000.0
2026-05-03T19:00:00+03:00,2026-05-03T19:00:00+03:00,2900.01
2026-05-03T20:00:00+03:00,2026-05-03T20:00:00+03:00,2900.0
2026-05-03T21:00:00+03:00,2026-05-03T21:00:00+03:00,2800.0
2026-05-03T22:00:00+03:00,2026-05-03T22:00:00+03:00,1439.0
2026-05-03T23:00:00+03:00,2026-05-03T23:00:00+03:00,1700.0
2026-05-04T00:00:00+03:00,2026-05-04T00:00:00+03:00,1190.0
2026-05-04T01:00:00+03:00,2026-05-04T01:00:00+03:00,149.0
2026-05-04T02:00:00+03:00,2026-05-04T02:00:00+03:00,149.0
2026-05-04T03:00:00+03:00,2026-05-04T03:00:00+03:00,171.0
2026-05-04T04:00:00+03:00,2026-05-04T04:00:00+03:00,140.0
2026-05-04T05:00:00+03:00,2026-05-04T05:00:00+03:00,278.0
2026-05-04T06:00:00+03:00,2026-05-04T06:00:00+03:00,3.0
2026-05-04T07:00:00+03:00,2026-05-04T07:00:00+03:00,16.0
2026-05-04T08:00:00+03:00,2026-05-04T08:00:00+03:00,931.0
2026-05-04T09:00:00+03:00,2026-05-04T09:00:00+03:00,1700.0
2026-05-04T10:00:00+03:00,2026-05-04T10:00:00+03:00,16.0
2026-05-04T11:00:00+03:00,2026-05-04T11:00:00+03:00,1440.0
2026-05-04T12:00:00+03:00,2026-05-04T12:00:00+03:00,16.0
2026-05-04T13:00:00+03:00,2026-05-04T13:00:00+03:00,1444.0
2026-05-04T14:00:00+03:00,2026-05-04T14:00:00+03:00,2800.0
2026-05-04T15:00:00+03:00,2026-05-04T15:00:00+03:00,2900.01
2026-05-04T16:00:00+03:00,2026-05-04T16:00:00+03:00,3000.0
2026-05-04T17:00:00+03:00,2026-05-04T17:00:00+03:00,4450.0
2026-05-04T18:00:00+03:00,2026-05-04T18:00:00+03:00,4450.0
2026-05-04T19:00:00+03:00,2026-05-04T19:00:00+03:00,4300.0
2026-05-04T20:00:00+03:00,2026-05-04T20:00:00+03:00,4500.0
2026-05-04T21:00:00+03:00,2026-05-04T21:00:00+03:00,4500.0
2026-05-04T22:00:00+03:00,2026-05-04T22:00:00+03:00,4300.0
2026-05-04T23:00:00+03:00,2026-05-04T23:00:00+03:00,3000.0
2026-05-05T00:00:00+03:00,2026-05-05T00:00:00+03:00,1908.06
2026-05-05T01:00:00+03:00,2026-05-05T01:00:00+03:00,2500.0
2026-05-05T02:00:00+03:00,2026-05-05T02:00:00+03:00,1908.06
2026-05-05T03:00:00+03:00,2026-05-05T03:00:00+03:00,1908.06
2026-05-05T04:00:00+03:00,2026-05-05T04:00:00+03:00,1200.0
2026-05-05T05:00:00+03:00,2026-05-05T05:00:00+03:00,3000.0
2026-05-05T06:00:00+03:00,2026-05-05T06:00:00+03:00,16.0
2026-05-05T07:00:00+03:00,2026-05-05T07:00:00+03:00,6.0
2026-05-05T08:00:00+03:00,2026-05-05T08:00:00+03:00,1908.06
2026-05-05T09:00:00+03:00,2026-05-05T09:00:00+03:00,3100.0
2026-05-05T10:00:00+03:00,2026-05-05T10:00:00+03:00,1700.0
2026-05-05T11:00:00+03:00,2026-05-05T11:00:00+03:00,3.0
2026-05-05T12:00:00+03:00,2026-05-05T12:00:00+03:00,0.0
2026-05-05T13:00:00+03:00,2026-05-05T13:00:00+03:00,0.0
2026-05-05T14:00:00+03:00,2026-05-05T14:00:00+03:00,3.0
2026-05-05T15:00:00+03:00,2026-05-05T15:00:00+03:00,0.0
2026-05-05T16:00:00+03:00,2026-05-05T16:00:00+03:00,8.0
2026-05-05T17:00:00+03:00,2026-05-05T17:00:00+03:00,799.99
2026-05-05T18:00:00+03:00,2026-05-05T18:00:00+03:00,400.0
2026-05-05T19:00:00+03:00,2026-05-05T19:00:00+03:00,800.0
2026-05-05T20:00:00+03:00,2026-05-05T20:00:00+03:00,1985.0
2026-05-05T21:00:00+03:00,2026-05-05T21:00:00+03:00,4450.0
2026-05-05T22:00:00+03:00,2026-05-05T22:00:00+03:00,4450.0
2026-05-05T23:00:00+03:00,2026-05-05T23:00:00+03:00,3000.0
2026-05-06T00:00:00+03:00,2026-05-06T00:00:00+03:00,100.0
2026-05-06T01:00:00+03:00,2026-05-06T01:00:00+03:00,11.0
2026-05-06T02:00:00+03:00,2026-05-06T02:00:00+03:00,16.0
2026-05-06T03:00:00+03:00,2026-05-06T03:00:00+03:00,1.0
2026-05-06T04:00:00+03:00,2026-05-06T04:00:00+03:00,0.1
2026-05-06T05:00:00+03:00,2026-05-06T05:00:00+03:00,4.0
2026-05-06T06:00:00+03:00,2026-05-06T06:00:00+03:00,1200.0
2026-05-06T07:00:00+03:00,2026-05-06T07:00:00+03:00,10.0
2026-05-06T08:00:00+03:00,2026-05-06T08:00:00+03:00,11.0
2026-05-06T09:00:00+03:00,2026-05-06T09:00:00+03:00,10.0
2026-05-06T10:00:00+03:00,2026-05-06T10:00:00+03:00,0.0
2026-05-06T11:00:00+03:00,2026-05-06T11:00:00+03:00,1.0
2026-05-06T12:00:00+03:00,2026-05-06T12:00:00+03:00,0.0
2026-05-06T13:00:00+03:00,2026-05-06T13:00:00+03:00,0.0
2026-05-06T14:00:00+03:00,2026-05-06T14:00:00+03:00,0.0
2026-05-06T15:00:00+03:00,2026-05-06T15:00:00+03:00,0.0
2026-05-06T16:00:00+03:00,2026-05-06T16:00:00+03:00,0.0
2026-05-06T17:00:00+03:00,2026-05-06T17:00:00+03:00,1.0
2026-05-06T18:00:00+03:00,2026-05-06T18:00:00+03:00,100.0
2026-05-06T19:00:00+03:00,2026-05-06T19:00:00+03:00,290.0
2026-05-06T20:00:00+03:00,2026-05-06T20:00:00+03:00,480.0
2026-05-06T21:00:00+03:00,2026-05-06T21:00:00+03:00,480.0
2026-05-06T22:00:00+03:00,2026-05-06T22:00:00+03:00,4397.0
2026-05-06T23:00:00+03:00,2026-05-06T23:00:00+03:00,4200.0
2026-05-07T00:00:00+03:00,2026-05-07T00:00:00+03:00,100.0
2026-05-07T01:00:00+03:00,2026-05-07T01:00:00+03:00,16.0
2026-05-07T02:00:00+03:00,2026-05-07T02:00:00+03:00,1700.0
2026-05-07T03:00:00+03:00,2026-05-07T03:00:00+03:00,1.0
2026-05-07T04:00:00+03:00,2026-05-07T04:00:00+03:00,10.0
2026-05-07T05:00:00+03:00,2026-05-07T05:00:00+03:00,0.0
2026-05-07T06:00:00+03:00,2026-05-07T06:00:00+03:00,0.0
2026-05-07T07:00:00+03:00,2026-05-07T07:00:00+03:00,0.0
2026-05-07T08:00:00+03:00,2026-05-07T08:00:00+03:00,0.0
2026-05-07T09:00:00+03:00,2026-05-07T09:00:00+03:00,0.0
2026-05-07T10:00:00+03:00,2026-05-07T10:00:00+03:00,0.0
2026-05-07T11:00:00+03:00,2026-05-07T11:00:00+03:00,0.0
2026-05-07T12:00:00+03:00,2026-05-07T12:00:00+03:00,0.0
2026-05-07T13:00:00+03:00,2026-05-07T13:00:00+03:00,0.0
2026-05-07T14:00:00+03:00,2026-05-07T14:00:00+03:00,0.0
2026-05-07T15:00:00+03:00,2026-05-07T15:00:00+03:00,0.0
2026-05-07T16:00:00+03:00,2026-05-07T16:00:00+03:00,0.0
2026-05-07T17:00:00+03:00,2026-05-07T17:00:00+03:00,1.0
2026-05-07T18:00:00+03:00,2026-05-07T18:00:00+03:00,100.0
2026-05-07T19:00:00+03:00,2026-05-07T19:00:00+03:00,600.0
2026-05-07T20:00:00+03:00,2026-05-07T20:00:00+03:00,600.0
2026-05-07T21:00:00+03:00,2026-05-07T21:00:00+03:00,600.0
2026-05-07T22:00:00+03:00,2026-05-07T22:00:00+03:00,100.0
2026-05-07T23:00:00+03:00,2026-05-07T23:00:00+03:00,5.0
2026-05-08T00:00:00+03:00,2026-05-08T00:00:00+03:00,0.0
2026-05-08T01:00:00+03:00,2026-05-08T01:00:00+03:00,0.0
2026-05-08T02:00:00+03:00,2026-05-08T02:00:00+03:00,1.0
2026-05-08T03:00:00+03:00,2026-05-08T03:00:00+03:00,0.0
2026-05-08T04:00:00+03:00,2026-05-08T04:00:00+03:00,0.0
2026-05-08T05:00:00+03:00,2026-05-08T05:00:00+03:00,7.0
2026-05-08T06:00:00+03:00,2026-05-08T06:00:00+03:00,0.0
2026-05-08T07:00:00+03:00,2026-05-08T07:00:00+03:00,0.0
2026-05-08T08:00:00+03:00,2026-05-08T08:00:00+03:00,0.0
2026-05-08T09:00:00+03:00,2026-05-08T09:00:00+03:00,0.0
2026-05-08T10:00:00+03:00,2026-05-08T10:00:00+03:00,0.0
2026-05-08T11:00:00+03:00,2026-05-08T11:00:00+03:00,0.0
2026-05-08T12:00:00+03:00,2026-05-08T12:00:00+03:00,0.0
2026-05-08T13:00:00+03:00,2026-05-08T13:00:00+03:00,0.0
2026-05-08T14:00:00+03:00,2026-05-08T14:00:00+03:00,0.0
2026-05-08T15:00:00+03:00,2026-05-08T15:00:00+03:00,0.0
2026-05-08T16:00:00+03:00,2026-05-08T16:00:00+03:00,2105.85
2026-05-08T17:00:00+03:00,2026-05-08T17:00:00+03:00,3600.0
2026-05-08T18:00:00+03:00,2026-05-08T18:00:00+03:00,4367.0
2026-05-08T19:00:00+03:00,2026-05-08T19:00:00+03:00,4440.0
2026-05-08T20:00:00+03:00,2026-05-08T20:00:00+03:00,4367.0
2026-05-08T21:00:00+03:00,2026-05-08T21:00:00+03:00,4367.0
2026-05-08T22:00:00+03:00,2026-05-08T22:00:00+03:00,2105.85
2026-05-08T23:00:00+03:00,2026-05-08T23:00:00+03:00,10.0
2026-05-09T00:00:00+03:00,2026-05-09T00:00:00+03:00,36.0
2026-05-09T01:00:00+03:00,2026-05-09T01:00:00+03:00,0.0
2026-05-09T02:00:00+03:00,2026-05-09T02:00:00+03:00,5.23
2026-05-09T03:00:00+03:00,2026-05-09T03:00:00+03:00,0.0
2026-05-09T04:00:00+03:00,2026-05-09T04:00:00+03:00,0.0
2026-05-09T05:00:00+03:00,2026-05-09T05:00:00+03:00,0.0
2026-05-09T06:00:00+03:00,2026-05-09T06:00:00+03:00,0.0
2026-05-09T07:00:00+03:00,2026-05-09T07:00:00+03:00,1.0
2026-05-09T08:00:00+03:00,2026-05-09T08:00:00+03:00,0.0
2026-05-09T09:00:00+03:00,2026-05-09T09:00:00+03:00,0.0
2026-05-09T10:00:00+03:00,2026-05-09T10:00:00+03:00,0.0
2026-05-09T11:00:00+03:00,2026-05-09T11:00:00+03:00,0.0
2026-05-09T12:00:00+03:00,2026-05-09T12:00:00+03:00,0.0
2026-05-09T13:00:00+03:00,2026-05-09T13:00:00+03:00,0.0
2026-05-09T14:00:00+03:00,2026-05-09T14:00:00+03:00,0.0
2026-05-09T15:00:00+03:00,2026-05-09T15:00:00+03:00,0.0
2026-05-09T16:00:00+03:00,2026-05-09T16:00:00+03:00,248.0
2026-05-09T17:00:00+03:00,2026-05-09T17:00:00+03:00,932.0
2026-05-09T18:00:00+03:00,2026-05-09T18:00:00+03:00,2800.02
2026-05-09T19:00:00+03:00,2026-05-09T19:00:00+03:00,4366.0
2026-05-09T20:00:00+03:00,2026-05-09T20:00:00+03:00,4440.0
2026-05-09T21:00:00+03:00,2026-05-09T21:00:00+03:00,4440.0
2026-05-09T22:00:00+03:00,2026-05-09T22:00:00+03:00,600.0
2026-05-09T23:00:00+03:00,2026-05-09T23:00:00+03:00,2105.85
2026-05-10T00:00:00+03:00,2026-05-10T00:00:00+03:00,2800.0
2026-05-10T01:00:00+03:00,2026-05-10T01:00:00+03:00,3800.0
2026-05-10T02:00:00+03:00,2026-05-10T02:00:00+03:00,1452.0
2026-05-10T03:00:00+03:00,2026-05-10T03:00:00+03:00,36.0
2026-05-10T04:00:00+03:00,2026-05-10T04:00:00+03:00,38.0
2026-05-10T05:00:00+03:00,2026-05-10T05:00:00+03:00,36.0
2026-05-10T06:00:00+03:00,2026-05-10T06:00:00+03:00,0.0
2026-05-10T07:00:00+03:00,2026-05-10T07:00:00+03:00,0.0
2026-05-10T08:00:00+03:00,2026-05-10T08:00:00+03:00,0.0
2026-05-10T09:00:00+03:00,2026-05-10T09:00:00+03:00,0.0
2026-05-10T10:00:00+03:00,2026-05-10T10:00:00+03:00,0.0
2026-05-10T11:00:00+03:00,2026-05-10T11:00:00+03:00,0.0
2026-05-10T12:00:00+03:00,2026-05-10T12:00:00+03:00,0.0
2026-05-10T13:00:00+03:00,2026-05-10T13:00:00+03:00,0.0
2026-05-10T14:00:00+03:00,2026-05-10T14:00:00+03:00,0.0
2026-05-10T15:00:00+03:00,2026-05-10T15:00:00+03:00,0.0
2026-05-10T16:00:00+03:00,2026-05-10T16:00:00+03:00,0.0
2026-05-10T17:00:00+03:00,2026-05-10T17:00:00+03:00,0.0
2026-05-10T18:00:00+03:00,2026-05-10T18:00:00+03:00,0.0
2026-05-10T19:00:00+03:00,2026-05-10T19:00:00+03:00,8.0
2026-05-10T20:00:00+03:00,2026-05-10T20:00:00+03:00,580.0
2026-05-10T21:00:00+03:00,2026-05-10T21:00:00+03:00,4366.0
2026-05-10T22:00:00+03:00,2026-05-10T22:00:00+03:00,2107.7
2026-05-10T23:00:00+03:00,2026-05-10T23:00:00+03:00,340.0
2026-05-11T00:00:00+03:00,2026-05-11T00:00:00+03:00,3800.0
2026-05-11T01:00:00+03:00,2026-05-11T01:00:00+03:00,4000.0
2026-05-11T02:00:00+03:00,2026-05-11T02:00:00+03:00,239.01
2026-05-11T03:00:00+03:00,2026-05-11T03:00:00+03:00,0.1
2026-05-11T04:00:00+03:00,2026-05-11T04:00:00+03:00,0.0
2026-05-11T05:00:00+03:00,2026-05-11T05:00:00+03:00,302.63
2026-05-11T06:00:00+03:00,2026-05-11T06:00:00+03:00,0.0
2026-05-11T07:00:00+03:00,2026-05-11T07:00:00+03:00,3.23
2026-05-11T08:00:00+03:00,2026-05-11T08:00:00+03:00,169.0
2026-05-11T09:00:00+03:00,2026-05-11T09:00:00+03:00,177.0
2026-05-11T10:00:00+03:00,2026-05-11T10:00:00+03:00,0.0
2026-05-11T11:00:00+03:00,2026-05-11T11:00:00+03:00,0.0
2026-05-11T12:00:00+03:00,2026-05-11T12:00:00+03:00,0.0
2026-05-11T13:00:00+03:00,2026-05-11T13:00:00+03:00,0.0
2026-05-11T14:00:00+03:00,2026-05-11T14:00:00+03:00,1298.0
2026-05-11T15:00:00+03:00,2026-05-11T15:00:00+03:00,1298.0
2026-05-11T16:00:00+03:00,2026-05-11T16:00:00+03:00,1298.0
2026-05-11T17:00:00+03:00,2026-05-11T17:00:00+03:00,4000.0
2026-05-11T18:00:00+03:00,2026-05-11T18:00:00+03:00,4000.0
2026-05-11T19:00:00+03:00,2026-05-11T19:00:00+03:00,4000.0
2026-05-11T20:00:00+03:00,2026-05-11T20:00:00+03:00,4301.0
2026-05-11T21:00:00+03:00,2026-05-11T21:00:00+03:00,4366.0
2026-05-11T22:00:00+03:00,2026-05-11T22:00:00+03:00,4000.0
2026-05-11T23:00:00+03:00,2026-05-11T23:00:00+03:00,2800.02
2026-05-12T00:00:00+03:00,2026-05-12T00:00:00+03:00,2.23
2026-05-12T01:00:00+03:00,2026-05-12T01:00:00+03:00,0.0
2026-05-12T02:00:00+03:00,2026-05-12T02:00:00+03:00,0.0
2026-05-12T03:00:00+03:00,2026-05-12T03:00:00+03:00,0.0
2026-05-12T04:00:00+03:00,2026-05-12T04:00:00+03:00,0.0
2026-05-12T05:00:00+03:00,2026-05-12T05:00:00+03:00,0.1
2026-05-12T06:00:00+03:00,2026-05-12T06:00:00+03:00,0.0
2026-05-12T07:00:00+03:00,2026-05-12T07:00:00+03:00,2.23
2026-05-12T08:00:00+03:00,2026-05-12T08:00:00+03:00,967.0
2026-05-12T09:00:00+03:00,2026-05-12T09:00:00+03:00,1200.0
2026-05-12T10:00:00+03:00,2026-05-12T10:00:00+03:00,0.0
2026-05-12T11:00:00+03:00,2026-05-12T11:00:00+03:00,0.0
2026-05-12T12:00:00+03:00,2026-05-12T12:00:00+03:00,0.0
2026-05-12T13:00:00+03:00,2026-05-12T13:00:00+03:00,0.0
2026-05-12T14:00:00+03:00,2026-05-12T14:00:00+03:00,0.0
2026-05-12T15:00:00+03:00,2026-05-12T15:00:00+03:00,0.0
2026-05-12T16:00:00+03:00,2026-05-12T16:00:00+03:00,0.0
2026-05-12T17:00:00+03:00,2026-05-12T17:00:00+03:00,0.0
2026-05-12T18:00:00+03:00,2026-05-12T18:00:00+03:00,103.0
2026-05-12T19:00:00+03:00,2026-05-12T19:00:00+03:00,2000.0
2026-05-12T20:00:00+03:00,2026-05-12T20:00:00+03:00,700.0
2026-05-12T21:00:00+03:00,2026-05-12T21:00:00+03:00,700.0
2026-05-12T22:00:00+03:00,2026-05-12T22:00:00+03:00,600.0
2026-05-12T23:00:00+03:00,2026-05-12T23:00:00+03:00,10.0
2026-05-13T00:00:00+03:00,2026-05-13T00:00:00+03:00,800.0
2026-05-13T01:00:00+03:00,2026-05-13T01:00:00+03:00,2000.0
2026-05-13T02:00:00+03:00,2026-05-13T02:00:00+03:00,2107.7
2026-05-13T03:00:00+03:00,2026-05-13T03:00:00+03:00,1498.0
2026-05-13T04:00:00+03:00,2026-05-13T04:00:00+03:00,50.0
2026-05-13T05:00:00+03:00,2026-05-13T05:00:00+03:00,16.0
2026-05-13T06:00:00+03:00,2026-05-13T06:00:00+03:00,0.0
2026-05-13T07:00:00+03:00,2026-05-13T07:00:00+03:00,2.23
2026-05-13T08:00:00+03:00,2026-05-13T08:00:00+03:00,2.23
2026-05-13T09:00:00+03:00,2026-05-13T09:00:00+03:00,0.0
2026-05-13T10:00:00+03:00,2026-05-13T10:00:00+03:00,0.0
2026-05-13T11:00:00+03:00,2026-05-13T11:00:00+03:00,0.0
2026-05-13T12:00:00+03:00,2026-05-13T12:00:00+03:00,0.0
2026-05-13T13:00:00+03:00,2026-05-13T13:00:00+03:00,0.0
2026-05-13T14:00:00+03:00,2026-05-13T14:00:00+03:00,0.0
2026-05-13T15:00:00+03:00,2026-05-13T15:00:00+03:00,0.0
2026-05-13T16:00:00+03:00,2026-05-13T16:00:00+03:00,0.0
2026-05-13T17:00:00+03:00,2026-05-13T17:00:00+03:00,800.0
2026-05-13T18:00:00+03:00,2026-05-13T18:00:00+03:00,151.0
2026-05-13T19:00:00+03:00,2026-05-13T19:00:00+03:00,150.0
2026-05-13T20:00:00+03:00,2026-05-13T20:00:00+03:00,500.0
2026-05-13T21:00:00+03:00,2026-05-13T21:00:00+03:00,500.0
2026-05-13T22:00:00+03:00,2026-05-13T22:00:00+03:00,100.0
2026-05-13T23:00:00+03:00,2026-05-13T23:00:00+03:00,2.23
2026-05-14T00:00:00+03:00,2026-05-14T00:00:00+03:00,0.0
2026-05-14T01:00:00+03:00,2026-05-14T01:00:00+03:00,0.0
2026-05-14T02:00:00+03:00,2026-05-14T02:00:00+03:00,7.0
2026-05-14T03:00:00+03:00,2026-05-14T03:00:00+03:00,50.0
2026-05-14T04:00:00+03:00,2026-05-14T04:00:00+03:00,1466.0
2026-05-14T05:00:00+03:00,2026-05-14T05:00:00+03:00,1498.0
2026-05-14T06:00:00+03:00,2026-05-14T06:00:00+03:00,0.0
2026-05-14T07:00:00+03:00,2026-05-14T07:00:00+03:00,0.0
2026-05-14T08:00:00+03:00,2026-05-14T08:00:00+03:00,0.0
2026-05-14T09:00:00+03:00,2026-05-14T09:00:00+03:00,6.0
2026-05-14T10:00:00+03:00,2026-05-14T10:00:00+03:00,0.0
2026-05-14T11:00:00+03:00,2026-05-14T11:00:00+03:00,0.0
2026-05-14T12:00:00+03:00,2026-05-14T12:00:00+03:00,0.0
2026-05-14T13:00:00+03:00,2026-05-14T13:00:00+03:00,0.0
2026-05-14T14:00:00+03:00,2026-05-14T14:00:00+03:00,3000.0
2026-05-14T15:00:00+03:00,2026-05-14T15:00:00+03:00,3200.0
2026-05-14T16:00:00+03:00,2026-05-14T16:00:00+03:00,2750.0
2026-05-14T17:00:00+03:00,2026-05-14T17:00:00+03:00,3000.0
2026-05-14T18:00:00+03:00,2026-05-14T18:00:00+03:00,100.0
2026-05-14T19:00:00+03:00,2026-05-14T19:00:00+03:00,99.99
2026-05-14T20:00:00+03:00,2026-05-14T20:00:00+03:00,4300.01
2026-05-14T21:00:00+03:00,2026-05-14T21:00:00+03:00,4301.0
2026-05-14T22:00:00+03:00,2026-05-14T22:00:00+03:00,3700.0
2026-05-14T23:00:00+03:00,2026-05-14T23:00:00+03:00,3200.0
2026-05-15T00:00:00+03:00,2026-05-15T00:00:00+03:00,190.0
2026-05-15T01:00:00+03:00,2026-05-15T01:00:00+03:00,1700.0
2026-05-15T02:00:00+03:00,2026-05-15T02:00:00+03:00,1390.0
2026-05-15T03:00:00+03:00,2026-05-15T03:00:00+03:00,151.0
2026-05-15T04:00:00+03:00,2026-05-15T04:00:00+03:00,1467.0
2026-05-15T05:00:00+03:00,2026-05-15T05:00:00+03:00,1467.0
2026-05-15T06:00:00+03:00,2026-05-15T06:00:00+03:00,10.0
2026-05-15T07:00:00+03:00,2026-05-15T07:00:00+03:00,3000.01
2026-05-15T08:00:00+03:00,2026-05-15T08:00:00+03:00,3000.01
2026-05-15T09:00:00+03:00,2026-05-15T09:00:00+03:00,1498.0
2026-05-15T10:00:00+03:00,2026-05-15T10:00:00+03:00,1200.0
2026-05-15T11:00:00+03:00,2026-05-15T11:00:00+03:00,2107.7
2026-05-15T12:00:00+03:00,2026-05-15T12:00:00+03:00,450.0
2026-05-15T13:00:00+03:00,2026-05-15T13:00:00+03:00,0.0
2026-05-15T14:00:00+03:00,2026-05-15T14:00:00+03:00,2107.7
2026-05-15T15:00:00+03:00,2026-05-15T15:00:00+03:00,1290.0
2026-05-15T16:00:00+03:00,2026-05-15T16:00:00+03:00,1498.0
2026-05-15T17:00:00+03:00,2026-05-15T17:00:00+03:00,3000.02
2026-05-15T18:00:00+03:00,2026-05-15T18:00:00+03:00,4300.0
2026-05-15T19:00:00+03:00,2026-05-15T19:00:00+03:00,4300.0
2026-05-15T20:00:00+03:00,2026-05-15T20:00:00+03:00,1984.0
2026-05-15T21:00:00+03:00,2026-05-15T21:00:00+03:00,4450.0
2026-05-15T22:00:00+03:00,2026-05-15T22:00:00+03:00,4450.0
2026-05-15T23:00:00+03:00,2026-05-15T23:00:00+03:00,4180.0
2026-05-16T00:00:00+03:00,2026-05-16T00:00:00+03:00,4180.0
2026-05-16T01:00:00+03:00,2026-05-16T01:00:00+03:00,400.0
2026-05-16T02:00:00+03:00,2026-05-16T02:00:00+03:00,36.0
2026-05-16T03:00:00+03:00,2026-05-16T03:00:00+03:00,7.0
2026-05-16T04:00:00+03:00,2026-05-16T04:00:00+03:00,6.0
2026-05-16T05:00:00+03:00,2026-05-16T05:00:00+03:00,90.0
2026-05-16T06:00:00+03:00,2026-05-16T06:00:00+03:00,10.0
2026-05-16T07:00:00+03:00,2026-05-16T07:00:00+03:00,1.0
2026-05-16T08:00:00+03:00,2026-05-16T08:00:00+03:00,0.0
2026-05-16T09:00:00+03:00,2026-05-16T09:00:00+03:00,0.0
2026-05-16T10:00:00+03:00,2026-05-16T10:00:00+03:00,0.0
2026-05-16T11:00:00+03:00,2026-05-16T11:00:00+03:00,0.0
2026-05-16T12:00:00+03:00,2026-05-16T12:00:00+03:00,0.0
2026-05-16T13:00:00+03:00,2026-05-16T13:00:00+03:00,0.0
2026-05-16T14:00:00+03:00,2026-05-16T14:00:00+03:00,0.0
2026-05-16T15:00:00+03:00,2026-05-16T15:00:00+03:00,0.0
2026-05-16T16:00:00+03:00,2026-05-16T16:00:00+03:00,0.0
2026-05-16T17:00:00+03:00,2026-05-16T17:00:00+03:00,10.0
2026-05-16T18:00:00+03:00,2026-05-16T18:00:00+03:00,3000.0
2026-05-16T19:00:00+03:00,2026-05-16T19:00:00+03:00,4366.0
2026-05-16T20:00:00+03:00,2026-05-16T20:00:00+03:00,400.0
2026-05-16T21:00:00+03:00,2026-05-16T21:00:00+03:00,4300.0
2026-05-16T22:00:00+03:00,2026-05-16T22:00:00+03:00,1500.0
2026-05-16T23:00:00+03:00,2026-05-16T23:00:00+03:00,0.1
2026-05-17T00:00:00+03:00,2026-05-17T00:00:00+03:00,1.0
2026-05-17T01:00:00+03:00,2026-05-17T01:00:00+03:00,5.0
2026-05-17T02:00:00+03:00,2026-05-17T02:00:00+03:00,1.23
2026-05-17T03:00:00+03:00,2026-05-17T03:00:00+03:00,1466.0
2026-05-17T04:00:00+03:00,2026-05-17T04:00:00+03:00,1466.0
2026-05-17T05:00:00+03:00,2026-05-17T05:00:00+03:00,800.0
2026-05-17T06:00:00+03:00,2026-05-17T06:00:00+03:00,800.0
2026-05-17T07:00:00+03:00,2026-05-17T07:00:00+03:00,0.0
2026-05-17T08:00:00+03:00,2026-05-17T08:00:00+03:00,0.0
2026-05-17T09:00:00+03:00,2026-05-17T09:00:00+03:00,0.0
2026-05-17T10:00:00+03:00,2026-05-17T10:00:00+03:00,0.0
2026-05-17T11:00:00+03:00,2026-05-17T11:00:00+03:00,0.0
2026-05-17T12:00:00+03:00,2026-05-17T12:00:00+03:00,0.0
2026-05-17T13:00:00+03:00,2026-05-17T13:00:00+03:00,0.0
2026-05-17T14:00:00+03:00,2026-05-17T14:00:00+03:00,0.0
2026-05-17T15:00:00+03:00,2026-05-17T15:00:00+03:00,0.0
2026-05-17T16:00:00+03:00,2026-05-17T16:00:00+03:00,0.0
2026-05-17T17:00:00+03:00,2026-05-17T17:00:00+03:00,0.0
2026-05-17T18:00:00+03:00,2026-05-17T18:00:00+03:00,3000.02
2026-05-17T19:00:00+03:00,2026-05-17T19:00:00+03:00,4440.0
2026-05-17T20:00:00+03:00,2026-05-17T20:00:00+03:00,4443.0
2026-05-17T21:00:00+03:00,2026-05-17T21:00:00+03:00,4445.0
2026-05-17T22:00:00+03:00,2026-05-17T22:00:00+03:00,4443.0
2026-05-17T23:00:00+03:00,2026-05-17T23:00:00+03:00,4190.0
2026-05-18T00:00:00+03:00,2026-05-18T00:00:00+03:00,1390.0
2026-05-18T01:00:00+03:00,2026-05-18T01:00:00+03:00,16.0
2026-05-18T02:00:00+03:00,2026-05-18T02:00:00+03:00,800.0
2026-05-18T03:00:00+03:00,2026-05-18T03:00:00+03:00,800.0
2026-05-18T04:00:00+03:00,2026-05-18T04:00:00+03:00,1.0
2026-05-18T05:00:00+03:00,2026-05-18T05:00:00+03:00,6.0
2026-05-18T06:00:00+03:00,2026-05-18T06:00:00+03:00,0.0
2026-05-18T07:00:00+03:00,2026-05-18T07:00:00+03:00,1.0
2026-05-18T08:00:00+03:00,2026-05-18T08:00:00+03:00,0.0
2026-05-18T09:00:00+03:00,2026-05-18T09:00:00+03:00,0.1
2026-05-18T10:00:00+03:00,2026-05-18T10:00:00+03:00,177.0
2026-05-18T11:00:00+03:00,2026-05-18T11:00:00+03:00,510.0
2026-05-18T12:00:00+03:00,2026-05-18T12:00:00+03:00,171.0
2026-05-18T13:00:00+03:00,2026-05-18T13:00:00+03:00,502.0
2026-05-18T14:00:00+03:00,2026-05-18T14:00:00+03:00,1200.0
2026-05-18T15:00:00+03:00,2026-05-18T15:00:00+03:00,800.0
2026-05-18T16:00:00+03:00,2026-05-18T16:00:00+03:00,800.0
2026-05-18T17:00:00+03:00,2026-05-18T17:00:00+03:00,1500.0
2026-05-18T18:00:00+03:00,2026-05-18T18:00:00+03:00,190.0
2026-05-18T19:00:00+03:00,2026-05-18T19:00:00+03:00,4300.0
2026-05-18T20:00:00+03:00,2026-05-18T20:00:00+03:00,4450.0
2026-05-18T21:00:00+03:00,2026-05-18T21:00:00+03:00,4450.0
2026-05-18T22:00:00+03:00,2026-05-18T22:00:00+03:00,4450.0
2026-05-18T23:00:00+03:00,2026-05-18T23:00:00+03:00,4180.0
2026-05-19T00:00:00+03:00,2026-05-19T00:00:00+03:00,1700.0
2026-05-19T01:00:00+03:00,2026-05-19T01:00:00+03:00,3100.0
2026-05-19T02:00:00+03:00,2026-05-19T02:00:00+03:00,1567.0
2026-05-19T03:00:00+03:00,2026-05-19T03:00:00+03:00,1567.0
2026-05-19T04:00:00+03:00,2026-05-19T04:00:00+03:00,2000.0
2026-05-19T05:00:00+03:00,2026-05-19T05:00:00+03:00,2000.0
2026-05-19T06:00:00+03:00,2026-05-19T06:00:00+03:00,1.23
2026-05-19T07:00:00+03:00,2026-05-19T07:00:00+03:00,128.0
2026-05-19T08:00:00+03:00,2026-05-19T08:00:00+03:00,0.0
2026-05-19T09:00:00+03:00,2026-05-19T09:00:00+03:00,0.0
2026-05-19T10:00:00+03:00,2026-05-19T10:00:00+03:00,0.0
2026-05-19T11:00:00+03:00,2026-05-19T11:00:00+03:00,0.0
2026-05-19T12:00:00+03:00,2026-05-19T12:00:00+03:00,0.0
2026-05-19T13:00:00+03:00,2026-05-19T13:00:00+03:00,0.0
2026-05-19T14:00:00+03:00,2026-05-19T14:00:00+03:00,0.0
2026-05-19T15:00:00+03:00,2026-05-19T15:00:00+03:00,0.0
2026-05-19T16:00:00+03:00,2026-05-19T16:00:00+03:00,3000.0
2026-05-19T17:00:00+03:00,2026-05-19T17:00:00+03:00,4450.0
2026-05-19T18:00:00+03:00,2026-05-19T18:00:00+03:00,4459.0
2026-05-19T19:00:00+03:00,2026-05-19T19:00:00+03:00,4459.0
2026-05-19T20:00:00+03:00,2026-05-19T20:00:00+03:00,4459.0
2026-05-19T21:00:00+03:00,2026-05-19T21:00:00+03:00,4498.0
2026-05-19T22:00:00+03:00,2026-05-19T22:00:00+03:00,4459.0
2026-05-19T23:00:00+03:00,2026-05-19T23:00:00+03:00,4180.0
2026-05-20T00:00:00+03:00,2026-05-20T00:00:00+03:00,3750.0
2026-05-20T01:00:00+03:00,2026-05-20T01:00:00+03:00,1500.0
2026-05-20T02:00:00+03:00,2026-05-20T02:00:00+03:00,0.1
2026-05-20T03:00:00+03:00,2026-05-20T03:00:00+03:00,0.0
2026-05-20T04:00:00+03:00,2026-05-20T04:00:00+03:00,0.0
2026-05-20T05:00:00+03:00,2026-05-20T05:00:00+03:00,0.0
2026-05-20T06:00:00+03:00,2026-05-20T06:00:00+03:00,0.0
2026-05-20T07:00:00+03:00,2026-05-20T07:00:00+03:00,1.0
2026-05-20T08:00:00+03:00,2026-05-20T08:00:00+03:00,1767.0
2026-05-20T09:00:00+03:00,2026-05-20T09:00:00+03:00,2075.0
2026-05-20T10:00:00+03:00,2026-05-20T10:00:00+03:00,3750.0
2026-05-20T11:00:00+03:00,2026-05-20T11:00:00+03:00,3750.0
2026-05-20T12:00:00+03:00,2026-05-20T12:00:00+03:00,1298.0
2026-05-20T13:00:00+03:00,2026-05-20T13:00:00+03:00,1767.0
2026-05-20T14:00:00+03:00,2026-05-20T14:00:00+03:00,3950.0
2026-05-20T15:00:00+03:00,2026-05-20T15:00:00+03:00,3950.0
2026-05-20T16:00:00+03:00,2026-05-20T16:00:00+03:00,3100.0
2026-05-20T17:00:00+03:00,2026-05-20T17:00:00+03:00,4437.0
2026-05-20T18:00:00+03:00,2026-05-20T18:00:00+03:00,4437.0
2026-05-20T19:00:00+03:00,2026-05-20T19:00:00+03:00,1999.0
2026-05-20T20:00:00+03:00,2026-05-20T20:00:00+03:00,400.0
2026-05-20T21:00:00+03:00,2026-05-20T21:00:00+03:00,4437.0
2026-05-20T22:00:00+03:00,2026-05-20T22:00:00+03:00,99.99
2026-05-20T23:00:00+03:00,2026-05-20T23:00:00+03:00,0.0
2026-05-21T00:00:00+03:00,2026-05-21T00:00:00+03:00,0.0
2026-05-21T01:00:00+03:00,2026-05-21T01:00:00+03:00,0.0
2026-05-21T02:00:00+03:00,2026-05-21T02:00:00+03:00,0.0
2026-05-21T03:00:00+03:00,2026-05-21T03:00:00+03:00,0.0
2026-05-21T04:00:00+03:00,2026-05-21T04:00:00+03:00,0.0
2026-05-21T05:00:00+03:00,2026-05-21T05:00:00+03:00,0.0
2026-05-21T06:00:00+03:00,2026-05-21T06:00:00+03:00,0.0
2026-05-21T07:00:00+03:00,2026-05-21T07:00:00+03:00,0.0
2026-05-21T08:00:00+03:00,2026-05-21T08:00:00+03:00,1.23
2026-05-21T09:00:00+03:00,2026-05-21T09:00:00+03:00,510.0
2026-05-21T10:00:00+03:00,2026-05-21T10:00:00+03:00,2.0
2026-05-21T11:00:00+03:00,2026-05-21T11:00:00+03:00,0.0
2026-05-21T12:00:00+03:00,2026-05-21T12:00:00+03:00,0.0
2026-05-21T13:00:00+03:00,2026-05-21T13:00:00+03:00,0.0
2026-05-21T14:00:00+03:00,2026-05-21T14:00:00+03:00,0.0
2026-05-21T15:00:00+03:00,2026-05-21T15:00:00+03:00,0.0
2026-05-21T16:00:00+03:00,2026-05-21T16:00:00+03:00,0.0
2026-05-21T17:00:00+03:00,2026-05-21T17:00:00+03:00,60.0
2026-05-21T18:00:00+03:00,2026-05-21T18:00:00+03:00,500.0
2026-05-21T19:00:00+03:00,2026-05-21T19:00:00+03:00,1297.0
2026-05-21T20:00:00+03:00,2026-05-21T20:00:00+03:00,4450.0
2026-05-21T21:00:00+03:00,2026-05-21T21:00:00+03:00,4450.0
2026-05-21T22:00:00+03:00,2026-05-21T22:00:00+03:00,4450.0
2026-05-21T23:00:00+03:00,2026-05-21T23:00:00+03:00,4327.0
2026-05-22T00:00:00+03:00,2026-05-22T00:00:00+03:00,1.0
2026-05-22T01:00:00+03:00,2026-05-22T01:00:00+03:00,16.0
2026-05-22T02:00:00+03:00,2026-05-22T02:00:00+03:00,10.0
2026-05-22T03:00:00+03:00,2026-05-22T03:00:00+03:00,1.23
2026-05-22T04:00:00+03:00,2026-05-22T04:00:00+03:00,1.0
2026-05-22T05:00:00+03:00,2026-05-22T05:00:00+03:00,1.0
2026-05-22T06:00:00+03:00,2026-05-22T06:00:00+03:00,1.0
2026-05-22T07:00:00+03:00,2026-05-22T07:00:00+03:00,0.0
2026-05-23T00:00:00+03:00,2026-05-23T00:00:00+03:00,4080.0
2026-05-23T01:00:00+03:00,2026-05-23T01:00:00+03:00,3300.0
2026-05-23T02:00:00+03:00,2026-05-23T02:00:00+03:00,3750.0
2026-05-23T03:00:00+03:00,2026-05-23T03:00:00+03:00,1547.0
2026-05-23T04:00:00+03:00,2026-05-23T04:00:00+03:00,10.0
2026-05-23T05:00:00+03:00,2026-05-23T05:00:00+03:00,40.0
2026-05-23T06:00:00+03:00,2026-05-23T06:00:00+03:00,1.0
2026-05-23T07:00:00+03:00,2026-05-23T07:00:00+03:00,0.0
2026-05-23T08:00:00+03:00,2026-05-23T08:00:00+03:00,0.0
2026-05-23T09:00:00+03:00,2026-05-23T09:00:00+03:00,500.0
2026-05-23T10:00:00+03:00,2026-05-23T10:00:00+03:00,171.0
2026-05-23T11:00:00+03:00,2026-05-23T11:00:00+03:00,300.0
2026-05-23T12:00:00+03:00,2026-05-23T12:00:00+03:00,0.0
2026-05-23T13:00:00+03:00,2026-05-23T13:00:00+03:00,0.0
2026-05-23T14:00:00+03:00,2026-05-23T14:00:00+03:00,1500.0
2026-05-23T15:00:00+03:00,2026-05-23T15:00:00+03:00,3950.0
2026-05-23T16:00:00+03:00,2026-05-23T16:00:00+03:00,800.0
2026-05-23T17:00:00+03:00,2026-05-23T17:00:00+03:00,800.0
2026-05-23T18:00:00+03:00,2026-05-23T18:00:00+03:00,3950.0
2026-05-23T19:00:00+03:00,2026-05-23T19:00:00+03:00,4397.0
2026-05-23T20:00:00+03:00,2026-05-23T20:00:00+03:00,4127.0
2026-05-23T21:00:00+03:00,2026-05-23T21:00:00+03:00,4397.0
2026-05-23T22:00:00+03:00,2026-05-23T22:00:00+03:00,4200.0
2026-05-23T23:00:00+03:00,2026-05-23T23:00:00+03:00,3500.0
2026-05-24T00:00:00+03:00,2026-05-24T00:00:00+03:00,3.0
2026-05-24T01:00:00+03:00,2026-05-24T01:00:00+03:00,3.0
2026-05-24T02:00:00+03:00,2026-05-24T02:00:00+03:00,0.0
2026-05-24T03:00:00+03:00,2026-05-24T03:00:00+03:00,0.0
2026-05-24T04:00:00+03:00,2026-05-24T04:00:00+03:00,0.0
2026-05-24T05:00:00+03:00,2026-05-24T05:00:00+03:00,0.0
2026-05-24T06:00:00+03:00,2026-05-24T06:00:00+03:00,0.1
2026-05-24T07:00:00+03:00,2026-05-24T07:00:00+03:00,0.0
2026-05-24T08:00:00+03:00,2026-05-24T08:00:00+03:00,0.0
2026-05-24T09:00:00+03:00,2026-05-24T09:00:00+03:00,0.0
2026-05-24T10:00:00+03:00,2026-05-24T10:00:00+03:00,0.0
2026-05-24T11:00:00+03:00,2026-05-24T11:00:00+03:00,0.0
2026-05-24T12:00:00+03:00,2026-05-24T12:00:00+03:00,0.0
2026-05-24T13:00:00+03:00,2026-05-24T13:00:00+03:00,0.0
2026-05-24T14:00:00+03:00,2026-05-24T14:00:00+03:00,0.0
2026-05-24T15:00:00+03:00,2026-05-24T15:00:00+03:00,0.0
2026-05-24T16:00:00+03:00,2026-05-24T16:00:00+03:00,0.0
2026-05-24T17:00:00+03:00,2026-05-24T17:00:00+03:00,0.0
2026-05-24T18:00:00+03:00,2026-05-24T18:00:00+03:00,889.0
2026-05-24T19:00:00+03:00,2026-05-24T19:00:00+03:00,10.0
2026-05-24T20:00:00+03:00,2026-05-24T20:00:00+03:00,0.0
2026-05-24T21:00:00+03:00,2026-05-24T21:00:00+03:00,0.0
2026-05-24T22:00:00+03:00,2026-05-24T22:00:00+03:00,1.0
2026-05-24T23:00:00+03:00,2026-05-24T23:00:00+03:00,4.0
2026-05-25T00:00:00+03:00,2026-05-25T00:00:00+03:00,800.0
2026-05-25T01:00:00+03:00,2026-05-25T01:00:00+03:00,1700.0
2026-05-25T02:00:00+03:00,2026-05-25T02:00:00+03:00,1340.0
2026-05-25T03:00:00+03:00,2026-05-25T03:00:00+03:00,501.0
2026-05-25T04:00:00+03:00,2026-05-25T04:00:00+03:00,1.23
2026-05-25T05:00:00+03:00,2026-05-25T05:00:00+03:00,0.0
2026-05-25T06:00:00+03:00,2026-05-25T06:00:00+03:00,0.0
2026-05-25T07:00:00+03:00,2026-05-25T07:00:00+03:00,0.0
2026-05-25T08:00:00+03:00,2026-05-25T08:00:00+03:00,0.0
2026-05-25T09:00:00+03:00,2026-05-25T09:00:00+03:00,0.0
2026-05-25T10:00:00+03:00,2026-05-25T10:00:00+03:00,0.0
2026-05-25T11:00:00+03:00,2026-05-25T11:00:00+03:00,0.0
2026-05-25T12:00:00+03:00,2026-05-25T12:00:00+03:00,0.0
2026-05-25T13:00:00+03:00,2026-05-25T13:00:00+03:00,0.0
2026-05-25T14:00:00+03:00,2026-05-25T14:00:00+03:00,0.0
2026-05-25T15:00:00+03:00,2026-05-25T15:00:00+03:00,0.0
2026-05-25T16:00:00+03:00,2026-05-25T16:00:00+03:00,0.0
2026-05-25T17:00:00+03:00,2026-05-25T17:00:00+03:00,0.0
2026-05-25T18:00:00+03:00,2026-05-25T18:00:00+03:00,0.0
2026-05-25T19:00:00+03:00,2026-05-25T19:00:00+03:00,0.0
2026-05-25T20:00:00+03:00,2026-05-25T20:00:00+03:00,0.0
2026-05-25T21:00:00+03:00,2026-05-25T21:00:00+03:00,0.0
2026-05-25T22:00:00+03:00,2026-05-25T22:00:00+03:00,1.0
2026-05-25T23:00:00+03:00,2026-05-25T23:00:00+03:00,4.0
2026-05-26T00:00:00+03:00,2026-05-26T00:00:00+03:00,0.0
2026-05-26T01:00:00+03:00,2026-05-26T01:00:00+03:00,0.0
2026-05-26T02:00:00+03:00,2026-05-26T02:00:00+03:00,0.0
2026-05-26T03:00:00+03:00,2026-05-26T03:00:00+03:00,0.0
2026-05-26T04:00:00+03:00,2026-05-26T04:00:00+03:00,0.0
2026-05-26T05:00:00+03:00,2026-05-26T05:00:00+03:00,0.0
2026-05-26T06:00:00+03:00,2026-05-26T06:00:00+03:00,0.0
2026-05-26T07:00:00+03:00,2026-05-26T07:00:00+03:00,0.0
2026-05-26T08:00:00+03:00,2026-05-26T08:00:00+03:00,0.0
2026-05-26T09:00:00+03:00,2026-05-26T09:00:00+03:00,0.0
2026-05-26T10:00:00+03:00,2026-05-26T10:00:00+03:00,0.0
2026-05-26T11:00:00+03:00,2026-05-26T11:00:00+03:00,0.0
2026-05-26T12:00:00+03:00,2026-05-26T12:00:00+03:00,0.0
2026-05-26T13:00:00+03:00,2026-05-26T13:00:00+03:00,0.0
2026-05-26T14:00:00+03:00,2026-05-26T14:00:00+03:00,0.0
2026-05-26T15:00:00+03:00,2026-05-26T15:00:00+03:00,0.0
2026-05-26T16:00:00+03:00,2026-05-26T16:00:00+03:00,0.0
2026-05-26T17:00:00+03:00,2026-05-26T17:00:00+03:00,0.0
2026-05-26T18:00:00+03:00,2026-05-26T18:00:00+03:00,0.0
2026-05-26T19:00:00+03:00,2026-05-26T19:00:00+03:00,1.0
2026-05-26T20:00:00+03:00,2026-05-26T20:00:00+03:00,1.0
2026-05-26T21:00:00+03:00,2026-05-26T21:00:00+03:00,0.0
2026-05-26T22:00:00+03:00,2026-05-26T22:00:00+03:00,1.0
2026-05-26T23:00:00+03:00,2026-05-26T23:00:00+03:00,500.0
2026-05-27T00:00:00+03:00,2026-05-27T00:00:00+03:00,800.0
2026-05-27T01:00:00+03:00,2026-05-27T01:00:00+03:00,171.0
2026-05-27T02:00:00+03:00,2026-05-27T02:00:00+03:00,20.0
2026-05-27T03:00:00+03:00,2026-05-27T03:00:00+03:00,128.0
2026-05-27T04:00:00+03:00,2026-05-27T04:00:00+03:00,20.0
2026-05-27T05:00:00+03:00,2026-05-27T05:00:00+03:00,177.0
2026-05-27T06:00:00+03:00,2026-05-27T06:00:00+03:00,0.0
2026-05-27T07:00:00+03:00,2026-05-27T07:00:00+03:00,0.0
2026-05-27T08:00:00+03:00,2026-05-27T08:00:00+03:00,0.0
2026-05-27T09:00:00+03:00,2026-05-27T09:00:00+03:00,0.0
2026-05-27T10:00:00+03:00,2026-05-27T10:00:00+03:00,0.0
2026-05-27T11:00:00+03:00,2026-05-27T11:00:00+03:00,0.0
2026-05-27T12:00:00+03:00,2026-05-27T12:00:00+03:00,0.0
2026-05-27T13:00:00+03:00,2026-05-27T13:00:00+03:00,0.0
2026-05-27T14:00:00+03:00,2026-05-27T14:00:00+03:00,0.0
2026-05-27T15:00:00+03:00,2026-05-27T15:00:00+03:00,0.0
2026-05-27T16:00:00+03:00,2026-05-27T16:00:00+03:00,0.0
2026-05-27T17:00:00+03:00,2026-05-27T17:00:00+03:00,0.0
2026-05-27T18:00:00+03:00,2026-05-27T18:00:00+03:00,300.0
2026-05-27T19:00:00+03:00,2026-05-27T19:00:00+03:00,195.01
2026-05-27T20:00:00+03:00,2026-05-27T20:00:00+03:00,800.0
2026-05-27T21:00:00+03:00,2026-05-27T21:00:00+03:00,3950.0
2026-05-27T22:00:00+03:00,2026-05-27T22:00:00+03:00,3750.0
2026-05-27T23:00:00+03:00,2026-05-27T23:00:00+03:00,1290.0
2026-05-28T00:00:00+03:00,2026-05-28T00:00:00+03:00,0.0
2026-05-28T01:00:00+03:00,2026-05-28T01:00:00+03:00,1.0
2026-05-28T02:00:00+03:00,2026-05-28T02:00:00+03:00,0.0
2026-05-28T03:00:00+03:00,2026-05-28T03:00:00+03:00,0.0
2026-05-28T04:00:00+03:00,2026-05-28T04:00:00+03:00,0.0
2026-05-28T05:00:00+03:00,2026-05-28T05:00:00+03:00,0.0
2026-05-28T06:00:00+03:00,2026-05-28T06:00:00+03:00,0.0
2026-05-28T07:00:00+03:00,2026-05-28T07:00:00+03:00,0.0
2026-05-28T08:00:00+03:00,2026-05-28T08:00:00+03:00,0.0
2026-05-28T09:00:00+03:00,2026-05-28T09:00:00+03:00,0.0
2026-05-28T10:00:00+03:00,2026-05-28T10:00:00+03:00,0.0
2026-05-28T11:00:00+03:00,2026-05-28T11:00:00+03:00,0.0
2026-05-28T12:00:00+03:00,2026-05-28T12:00:00+03:00,0.0
2026-05-28T13:00:00+03:00,2026-05-28T13:00:00+03:00,0.0
2026-05-28T14:00:00+03:00,2026-05-28T14:00:00+03:00,0.0
2026-05-28T15:00:00+03:00,2026-05-28T15:00:00+03:00,0.0
2026-05-28T16:00:00+03:00,2026-05-28T16:00:00+03:00,0.0
2026-05-28T17:00:00+03:00,2026-05-28T17:00:00+03:00,0.0
2026-05-28T18:00:00+03:00,2026-05-28T18:00:00+03:00,0.0
2026-05-28T19:00:00+03:00,2026-05-28T19:00:00+03:00,0.0
2026-05-28T20:00:00+03:00,2026-05-28T20:00:00+03:00,0.0
2026-05-28T21:00:00+03:00,2026-05-28T21:00:00+03:00,1.23
2026-05-28T22:00:00+03:00,2026-05-28T22:00:00+03:00,1.0
2026-05-28T23:00:00+03:00,2026-05-28T23:00:00+03:00,0.1
2026-05-29T00:00:00+03:00,2026-05-29T00:00:00+03:00,1.0
2026-05-29T01:00:00+03:00,2026-05-29T01:00:00+03:00,0.1
2026-05-29T02:00:00+03:00,2026-05-29T02:00:00+03:00,1.0
2026-05-29T03:00:00+03:00,2026-05-29T03:00:00+03:00,1.0
2026-05-29T04:00:00+03:00,2026-05-29T04:00:00+03:00,0.1
2026-05-29T05:00:00+03:00,2026-05-29T05:00:00+03:00,0.0
2026-05-29T06:00:00+03:00,2026-05-29T06:00:00+03:00,0.0
2026-05-29T07:00:00+03:00,2026-05-29T07:00:00+03:00,0.0
2026-05-29T08:00:00+03:00,2026-05-29T08:00:00+03:00,0.0
2026-05-29T09:00:00+03:00,2026-05-29T09:00:00+03:00,0.0
2026-05-29T10:00:00+03:00,2026-05-29T10:00:00+03:00,0.0
2026-05-29T11:00:00+03:00,2026-05-29T11:00:00+03:00,0.0
2026-05-29T12:00:00+03:00,2026-05-29T12:00:00+03:00,0.0
2026-05-29T13:00:00+03:00,2026-05-29T13:00:00+03:00,0.0
2026-05-29T14:00:00+03:00,2026-05-29T14:00:00+03:00,0.0
2026-05-29T15:00:00+03:00,2026-05-29T15:00:00+03:00,0.0
2026-05-29T16:00:00+03:00,2026-05-29T16:00:00+03:00,0.0
2026-05-29T17:00:00+03:00,2026-05-29T17:00:00+03:00,0.0
2026-05-29T18:00:00+03:00,2026-05-29T18:00:00+03:00,0.0
2026-05-29T19:00:00+03:00,2026-05-29T19:00:00+03:00,333.0
2026-05-29T20:00:00+03:00,2026-05-29T20:00:00+03:00,800.0
2026-05-29T21:00:00+03:00,2026-05-29T21:00:00+03:00,300.0
2026-05-29T22:00:00+03:00,2026-05-29T22:00:00+03:00,1.23
2026-05-29T23:00:00+03:00,2026-05-29T23:00:00+03:00,1.0
2026-05-30T00:00:00+03:00,2026-05-30T00:00:00+03:00,800.0
2026-05-30T01:00:00+03:00,2026-05-30T01:00:00+03:00,750.0
2026-05-30T02:00:00+03:00,2026-05-30T02:00:00+03:00,1.0
2026-05-30T03:00:00+03:00,2026-05-30T03:00:00+03:00,3.0
2026-05-30T04:00:00+03:00,2026-05-30T04:00:00+03:00,3.0
2026-05-30T05:00:00+03:00,2026-05-30T05:00:00+03:00,1.0
2026-05-30T06:00:00+03:00,2026-05-30T06:00:00+03:00,0.0
2026-05-30T07:00:00+03:00,2026-05-30T07:00:00+03:00,0.0
2026-05-30T08:00:00+03:00,2026-05-30T08:00:00+03:00,0.0
2026-05-30T09:00:00+03:00,2026-05-30T09:00:00+03:00,0.0
2026-05-30T10:00:00+03:00,2026-05-30T10:00:00+03:00,0.0
2026-05-30T11:00:00+03:00,2026-05-30T11:00:00+03:00,0.0
2026-05-30T12:00:00+03:00,2026-05-30T12:00:00+03:00,0.0
2026-05-30T13:00:00+03:00,2026-05-30T13:00:00+03:00,0.0
2026-05-30T14:00:00+03:00,2026-05-30T14:00:00+03:00,0.0
2026-05-30T15:00:00+03:00,2026-05-30T15:00:00+03:00,0.0
2026-05-30T16:00:00+03:00,2026-05-30T16:00:00+03:00,0.0
2026-05-30T17:00:00+03:00,2026-05-30T17:00:00+03:00,0.0
2026-05-30T18:00:00+03:00,2026-05-30T18:00:00+03:00,0.0
2026-05-30T19:00:00+03:00,2026-05-30T19:00:00+03:00,800.0
2026-05-30T20:00:00+03:00,2026-05-30T20:00:00+03:00,3950.0
2026-05-30T21:00:00+03:00,2026-05-30T21:00:00+03:00,4200.0
2026-05-30T22:00:00+03:00,2026-05-30T22:00:00+03:00,2600.0
2026-05-30T23:00:00+03:00,2026-05-30T23:00:00+03:00,328.01
2026-05-31T00:00:00+03:00,2026-05-31T00:00:00+03:00,0.0
2026-05-31T01:00:00+03:00,2026-05-31T01:00:00+03:00,0.0
2026-05-31T02:00:00+03:00,2026-05-31T02:00:00+03:00,0.0
2026-05-31T03:00:00+03:00,2026-05-31T03:00:00+03:00,0.0
2026-05-31T04:00:00+03:00,2026-05-31T04:00:00+03:00,0.0
2026-05-31T05:00:00+03:00,2026-05-31T05:00:00+03:00,0.0
2026-05-31T06:00:00+03:00,2026-05-31T06:00:00+03:00,800.0
2026-05-31T07:00:00+03:00,2026-05-31T07:00:00+03:00,0.0
2026-05-31T08:00:00+03:00,2026-05-31T08:00:00+03:00,0.0
2026-05-31T09:00:00+03:00,2026-05-31T09:00:00+03:00,0.0
2026-05-31T10:00:00+03:00,2026-05-31T10:00:00+03:00,0.0
2026-05-31T11:00:00+03:00,2026-05-31T11:00:00+03:00,0.0
2026-05-31T12:00:00+03:00,2026-05-31T12:00:00+03:00,0.0
2026-05-31T13:00:00+03:00,2026-05-31T13:00:00+03:00,0.0
2026-05-31T14:00:00+03:00,2026-05-31T14:00:00+03:00,0.0
2026-05-31T15:00:00+03:00,2026-05-31T15:00:00+03:00,0.0
2026-05-31T16:00:00+03:00,2026-05-31T16:00:00+03:00,0.0
2026-05-31T17:00:00+03:00,2026-05-31T17:00:00+03:00,0.0
2026-05-31T18:00:00+03:00,2026-05-31T18:00:00+03:00,800.0
2026-05-31T19:00:00+03:00,2026-05-31T19:00:00+03:00,4440.0
2026-05-31T20:00:00+03:00,2026-05-31T20:00:00+03:00,4440.0
2026-05-31T21:00:00+03:00,2026-05-31T21:00:00+03:00,4445.0
2026-05-31T22:00:00+03:00,2026-05-31T22:00:00+03:00,4445.0
2026-05-31T23:00:00+03:00,2026-05-31T23:00:00+03:00,3950.0
2026-06-01T00:00:00+03:00,2026-06-01T00:00:00+03:00,2000.0
2026-06-01T01:00:00+03:00,2026-06-01T01:00:00+03:00,5.0
2026-06-01T02:00:00+03:00,2026-06-01T02:00:00+03:00,1.0
2026-06-01T03:00:00+03:00,2026-06-01T03:00:00+03:00,1.0
2026-06-01T04:00:00+03:00,2026-06-01T04:00:00+03:00,0.1
2026-06-01T05:00:00+03:00,2026-06-01T05:00:00+03:00,0.0
2026-06-01T06:00:00+03:00,2026-06-01T06:00:00+03:00,0.0
2026-06-01T07:00:00+03:00,2026-06-01T07:00:00+03:00,1.0
2026-06-01T08:00:00+03:00,2026-06-01T08:00:00+03:00,1.0
2026-06-01T09:00:00+03:00,2026-06-01T09:00:00+03:00,3.0
2026-06-01T10:00:00+03:00,2026-06-01T10:00:00+03:00,0.0
2026-06-01T11:00:00+03:00,2026-06-01T11:00:00+03:00,0.0
2026-06-01T12:00:00+03:00,2026-06-01T12:00:00+03:00,0.0
2026-06-01T13:00:00+03:00,2026-06-01T13:00:00+03:00,0.0
2026-06-01T14:00:00+03:00,2026-06-01T14:00:00+03:00,800.0
2026-06-01T15:00:00+03:00,2026-06-01T15:00:00+03:00,3.0
2026-06-01T16:00:00+03:00,2026-06-01T16:00:00+03:00,3.0
2026-06-01T17:00:00+03:00,2026-06-01T17:00:00+03:00,10.0
2026-06-01T18:00:00+03:00,2026-06-01T18:00:00+03:00,2801.0
2026-06-01T19:00:00+03:00,2026-06-01T19:00:00+03:00,2801.0
2026-06-01T20:00:00+03:00,2026-06-01T20:00:00+03:00,4500.0
2026-06-01T21:00:00+03:00,2026-06-01T21:00:00+03:00,4450.0
2026-06-01T22:00:00+03:00,2026-06-01T22:00:00+03:00,4099.99
2026-06-01T23:00:00+03:00,2026-06-01T23:00:00+03:00,2801.0
2026-06-02T00:00:00+03:00,2026-06-02T00:00:00+03:00,3800.0
2026-06-02T01:00:00+03:00,2026-06-02T01:00:00+03:00,580.0
2026-06-02T02:00:00+03:00,2026-06-02T02:00:00+03:00,3950.0
2026-06-02T03:00:00+03:00,2026-06-02T03:00:00+03:00,580.0
2026-06-02T04:00:00+03:00,2026-06-02T04:00:00+03:00,580.0
2026-06-02T05:00:00+03:00,2026-06-02T05:00:00+03:00,699.99
2026-06-02T06:00:00+03:00,2026-06-02T06:00:00+03:00,151.0
2026-06-02T07:00:00+03:00,2026-06-02T07:00:00+03:00,1.0
2026-06-02T08:00:00+03:00,2026-06-02T08:00:00+03:00,3.0
2026-06-02T09:00:00+03:00,2026-06-02T09:00:00+03:00,1.0
2026-06-02T10:00:00+03:00,2026-06-02T10:00:00+03:00,0.0
2026-06-02T11:00:00+03:00,2026-06-02T11:00:00+03:00,0.0
2026-06-02T12:00:00+03:00,2026-06-02T12:00:00+03:00,0.0
2026-06-02T13:00:00+03:00,2026-06-02T13:00:00+03:00,0.0
2026-06-02T14:00:00+03:00,2026-06-02T14:00:00+03:00,171.0
2026-06-02T15:00:00+03:00,2026-06-02T15:00:00+03:00,305.0
2026-06-02T16:00:00+03:00,2026-06-02T16:00:00+03:00,151.0
2026-06-02T17:00:00+03:00,2026-06-02T17:00:00+03:00,3100.0
2026-06-02T18:00:00+03:00,2026-06-02T18:00:00+03:00,3950.0
2026-06-02T19:00:00+03:00,2026-06-02T19:00:00+03:00,4000.0
2026-06-02T20:00:00+03:00,2026-06-02T20:00:00+03:00,4449.01
2026-06-02T21:00:00+03:00,2026-06-02T21:00:00+03:00,4300.01
2026-06-02T22:00:00+03:00,2026-06-02T22:00:00+03:00,4140.0
2026-06-02T23:00:00+03:00,2026-06-02T23:00:00+03:00,4140.0
2026-06-03T00:00:00+03:00,2026-06-03T00:00:00+03:00,2224.1
2026-06-03T01:00:00+03:00,2026-06-03T01:00:00+03:00,3400.0
2026-06-03T02:00:00+03:00,2026-06-03T02:00:00+03:00,3300.0
2026-06-03T03:00:00+03:00,2026-06-03T03:00:00+03:00,1340.0
2026-06-03T04:00:00+03:00,2026-06-03T04:00:00+03:00,1.0
2026-06-03T05:00:00+03:00,2026-06-03T05:00:00+03:00,3.0
2026-06-03T06:00:00+03:00,2026-06-03T06:00:00+03:00,6.0
2026-06-03T07:00:00+03:00,2026-06-03T07:00:00+03:00,1.23
2026-06-03T08:00:00+03:00,2026-06-03T08:00:00+03:00,550.0
2026-06-04T00:00:00+03:00,2026-06-04T00:00:00+03:00,100.0
2026-06-04T01:00:00+03:00,2026-06-04T01:00:00+03:00,90.0
2026-06-04T02:00:00+03:00,2026-06-04T02:00:00+03:00,1.0
2026-06-04T03:00:00+03:00,2026-06-04T03:00:00+03:00,300.0
2026-06-04T04:00:00+03:00,2026-06-04T04:00:00+03:00,151.0
2026-06-04T05:00:00+03:00,2026-06-04T05:00:00+03:00,200.0
2026-06-04T06:00:00+03:00,2026-06-04T06:00:00+03:00,1.0
2026-06-04T07:00:00+03:00,2026-06-04T07:00:00+03:00,0.0
2026-06-04T08:00:00+03:00,2026-06-04T08:00:00+03:00,6.0
2026-06-04T09:00:00+03:00,2026-06-04T09:00:00+03:00,175.0
2026-06-04T10:00:00+03:00,2026-06-04T10:00:00+03:00,0.0
2026-06-04T11:00:00+03:00,2026-06-04T11:00:00+03:00,6.0
2026-06-04T12:00:00+03:00,2026-06-04T12:00:00+03:00,1.0
2026-06-04T13:00:00+03:00,2026-06-04T13:00:00+03:00,40.0
2026-06-04T14:00:00+03:00,2026-06-04T14:00:00+03:00,550.0
2026-06-04T15:00:00+03:00,2026-06-04T15:00:00+03:00,25.0
2026-06-04T16:00:00+03:00,2026-06-04T16:00:00+03:00,800.0
2026-06-04T17:00:00+03:00,2026-06-04T17:00:00+03:00,3400.0
2026-06-04T18:00:00+03:00,2026-06-04T18:00:00+03:00,3950.0
2026-06-04T19:00:00+03:00,2026-06-04T19:00:00+03:00,4447.0
2026-06-04T20:00:00+03:00,2026-06-04T20:00:00+03:00,4450.0
2026-06-04T21:00:00+03:00,2026-06-04T21:00:00+03:00,4498.0
2026-06-04T22:00:00+03:00,2026-06-04T22:00:00+03:00,4450.0
2026-06-04T23:00:00+03:00,2026-06-04T23:00:00+03:00,4200.0
2026-06-05T00:00:00+03:00,2026-06-05T00:00:00+03:00,4300.0
2026-06-05T01:00:00+03:00,2026-06-05T01:00:00+03:00,4300.0
2026-06-05T02:00:00+03:00,2026-06-05T02:00:00+03:00,4090.0
2026-06-05T03:00:00+03:00,2026-06-05T03:00:00+03:00,3500.0
2026-06-05T04:00:00+03:00,2026-06-05T04:00:00+03:00,3750.0
2026-06-05T05:00:00+03:00,2026-06-05T05:00:00+03:00,3600.0
2026-06-05T06:00:00+03:00,2026-06-05T06:00:00+03:00,899.99
2026-06-05T07:00:00+03:00,2026-06-05T07:00:00+03:00,100.0
2026-06-05T08:00:00+03:00,2026-06-05T08:00:00+03:00,3600.0
2026-06-05T09:00:00+03:00,2026-06-05T09:00:00+03:00,2499.0
2026-06-05T10:00:00+03:00,2026-06-05T10:00:00+03:00,300.01
2026-06-05T11:00:00+03:00,2026-06-05T11:00:00+03:00,151.0
2026-06-05T12:00:00+03:00,2026-06-05T12:00:00+03:00,1.0
2026-06-05T13:00:00+03:00,2026-06-05T13:00:00+03:00,1.0
2026-06-05T14:00:00+03:00,2026-06-05T14:00:00+03:00,3600.0
2026-06-05T15:00:00+03:00,2026-06-05T15:00:00+03:00,3600.0
2026-06-05T16:00:00+03:00,2026-06-05T16:00:00+03:00,4200.0
2026-06-05T17:00:00+03:00,2026-06-05T17:00:00+03:00,4300.0
2026-06-05T18:00:00+03:00,2026-06-05T18:00:00+03:00,4447.0
2026-06-05T19:00:00+03:00,2026-06-05T19:00:00+03:00,4447.0
2026-06-05T20:00:00+03:00,2026-06-05T20:00:00+03:00,1501.0
2026-06-05T21:00:00+03:00,2026-06-05T21:00:00+03:00,1501.0
2026-06-05T22:00:00+03:00,2026-06-05T22:00:00+03:00,1001.0
2026-06-05T23:00:00+03:00,2026-06-05T23:00:00+03:00,3950.0
2026-06-06T00:00:00+03:00,2026-06-06T00:00:00+03:00,699.98
2026-06-06T01:00:00+03:00,2026-06-06T01:00:00+03:00,680.0
2026-06-06T02:00:00+03:00,2026-06-06T02:00:00+03:00,12.0
2026-06-06T03:00:00+03:00,2026-06-06T03:00:00+03:00,12.0
2026-06-06T04:00:00+03:00,2026-06-06T04:00:00+03:00,20.0
2026-06-06T05:00:00+03:00,2026-06-06T05:00:00+03:00,10.0
2026-06-06T06:00:00+03:00,2026-06-06T06:00:00+03:00,1.0
2026-06-06T07:00:00+03:00,2026-06-06T07:00:00+03:00,0.1
2026-06-06T08:00:00+03:00,2026-06-06T08:00:00+03:00,0.0
2026-06-06T09:00:00+03:00,2026-06-06T09:00:00+03:00,1.0
2026-06-06T10:00:00+03:00,2026-06-06T10:00:00+03:00,0.0
2026-06-06T11:00:00+03:00,2026-06-06T11:00:00+03:00,0.0
2026-06-06T12:00:00+03:00,2026-06-06T12:00:00+03:00,0.0
2026-06-06T13:00:00+03:00,2026-06-06T13:00:00+03:00,178.0
2026-06-06T14:00:00+03:00,2026-06-06T14:00:00+03:00,3600.0
2026-06-06T15:00:00+03:00,2026-06-06T15:00:00+03:00,3600.0
2026-06-06T16:00:00+03:00,2026-06-06T16:00:00+03:00,3600.0
2026-06-06T17:00:00+03:00,2026-06-06T17:00:00+03:00,2071.9
2026-06-06T18:00:00+03:00,2026-06-06T18:00:00+03:00,3800.0
2026-06-06T19:00:00+03:00,2026-06-06T19:00:00+03:00,2429.99
2026-06-06T20:00:00+03:00,2026-06-06T20:00:00+03:00,699.99
2026-06-06T21:00:00+03:00,2026-06-06T21:00:00+03:00,3950.0
2026-06-06T22:00:00+03:00,2026-06-06T22:00:00+03:00,4200.0
2026-06-06T23:00:00+03:00,2026-06-06T23:00:00+03:00,3950.0
2026-06-07T00:00:00+03:00,2026-06-07T00:00:00+03:00,3600.0
2026-06-07T01:00:00+03:00,2026-06-07T01:00:00+03:00,800.0
2026-06-07T02:00:00+03:00,2026-06-07T02:00:00+03:00,100.0
2026-06-07T03:00:00+03:00,2026-06-07T03:00:00+03:00,2897.0
2026-06-07T04:00:00+03:00,2026-06-07T04:00:00+03:00,2280.05
2026-06-07T05:00:00+03:00,2026-06-07T05:00:00+03:00,800.0
2026-06-07T06:00:00+03:00,2026-06-07T06:00:00+03:00,1.0
2026-06-07T07:00:00+03:00,2026-06-07T07:00:00+03:00,0.0
2026-06-07T08:00:00+03:00,2026-06-07T08:00:00+03:00,0.0
2026-06-07T09:00:00+03:00,2026-06-07T09:00:00+03:00,0.0
2026-06-07T10:00:00+03:00,2026-06-07T10:00:00+03:00,0.0
2026-06-07T11:00:00+03:00,2026-06-07T11:00:00+03:00,0.0
2026-06-07T12:00:00+03:00,2026-06-07T12:00:00+03:00,0.0
2026-06-07T13:00:00+03:00,2026-06-07T13:00:00+03:00,0.0
2026-06-07T14:00:00+03:00,2026-06-07T14:00:00+03:00,0.0
2026-06-07T15:00:00+03:00,2026-06-07T15:00:00+03:00,0.0
2026-06-07T16:00:00+03:00,2026-06-07T16:00:00+03:00,0.0
2026-06-07T17:00:00+03:00,2026-06-07T17:00:00+03:00,1.23
2026-06-07T18:00:00+03:00,2026-06-07T18:00:00+03:00,1.23
2026-06-07T19:00:00+03:00,2026-06-07T19:00:00+03:00,3800.0
2026-06-07T20:00:00+03:00,2026-06-07T20:00:00+03:00,3800.0
2026-06-07T21:00:00+03:00,2026-06-07T21:00:00+03:00,3800.0
2026-06-07T22:00:00+03:00,2026-06-07T22:00:00+03:00,3600.0
2026-06-07T23:00:00+03:00,2026-06-07T23:00:00+03:00,10.0
2026-06-08T00:00:00+03:00,2026-06-08T00:00:00+03:00,1.0
2026-06-08T01:00:00+03:00,2026-06-08T01:00:00+03:00,1.0
2026-06-08T02:00:00+03:00,2026-06-08T02:00:00+03:00,0.0
2026-06-08T03:00:00+03:00,2026-06-08T03:00:00+03:00,1.0
2026-06-08T04:00:00+03:00,2026-06-08T04:00:00+03:00,1.0
2026-06-08T05:00:00+03:00,2026-06-08T05:00:00+03:00,1.0
2026-06-08T06:00:00+03:00,2026-06-08T06:00:00+03:00,1.0
2026-06-08T07:00:00+03:00,2026-06-08T07:00:00+03:00,1.0
2026-06-08T08:00:00+03:00,2026-06-08T08:00:00+03:00,1800.0
2026-06-08T09:00:00+03:00,2026-06-08T09:00:00+03:00,3498.0
2026-06-08T10:00:00+03:00,2026-06-08T10:00:00+03:00,2280.05
2026-06-08T11:00:00+03:00,2026-06-08T11:00:00+03:00,2900.0
2026-06-08T12:00:00+03:00,2026-06-08T12:00:00+03:00,11.0
2026-06-08T13:00:00+03:00,2026-06-08T13:00:00+03:00,800.0
2026-06-08T14:00:00+03:00,2026-06-08T14:00:00+03:00,3498.0
2026-06-08T15:00:00+03:00,2026-06-08T15:00:00+03:00,3000.0
2026-06-08T16:00:00+03:00,2026-06-08T16:00:00+03:00,3500.0
2026-06-08T17:00:00+03:00,2026-06-08T17:00:00+03:00,3800.0
2026-06-08T18:00:00+03:00,2026-06-08T18:00:00+03:00,4000.0
2026-06-08T19:00:00+03:00,2026-06-08T19:00:00+03:00,4450.0
2026-06-08T20:00:00+03:00,2026-06-08T20:00:00+03:00,4450.0
2026-06-08T21:00:00+03:00,2026-06-08T21:00:00+03:00,4450.0
2026-06-08T22:00:00+03:00,2026-06-08T22:00:00+03:00,4200.0
2026-06-08T23:00:00+03:00,2026-06-08T23:00:00+03:00,4200.0
2026-06-09T00:00:00+03:00,2026-06-09T00:00:00+03:00,3900.0
2026-06-09T01:00:00+03:00,2026-06-09T01:00:00+03:00,3500.0
2026-06-09T02:00:00+03:00,2026-06-09T02:00:00+03:00,2072.77
2026-06-09T03:00:00+03:00,2026-06-09T03:00:00+03:00,100.0
2026-06-09T04:00:00+03:00,2026-06-09T04:00:00+03:00,151.0
2026-06-09T05:00:00+03:00,2026-06-09T05:00:00+03:00,930.0
2026-06-09T06:00:00+03:00,2026-06-09T06:00:00+03:00,3.0
2026-06-09T07:00:00+03:00,2026-06-09T07:00:00+03:00,2.0
2026-06-09T08:00:00+03:00,2026-06-09T08:00:00+03:00,930.0
2026-06-09T09:00:00+03:00,2026-06-09T09:00:00+03:00,90.0
2026-06-09T10:00:00+03:00,2026-06-09T10:00:00+03:00,0.0
2026-06-09T11:00:00+03:00,2026-06-09T11:00:00+03:00,0.0
2026-06-09T12:00:00+03:00,2026-06-09T12:00:00+03:00,0.0
2026-06-09T13:00:00+03:00,2026-06-09T13:00:00+03:00,1.0
2026-06-09T14:00:00+03:00,2026-06-09T14:00:00+03:00,930.0
2026-06-09T15:00:00+03:00,2026-06-09T15:00:00+03:00,2280.05
2026-06-09T16:00:00+03:00,2026-06-09T16:00:00+03:00,3600.0
2026-06-09T17:00:00+03:00,2026-06-09T17:00:00+03:00,4200.0
2026-06-09T18:00:00+03:00,2026-06-09T18:00:00+03:00,4200.0
2026-06-09T19:00:00+03:00,2026-06-09T19:00:00+03:00,3600.0
2026-06-09T20:00:00+03:00,2026-06-09T20:00:00+03:00,1001.0
2026-06-09T21:00:00+03:00,2026-06-09T21:00:00+03:00,4100.01
2026-06-09T22:00:00+03:00,2026-06-09T22:00:00+03:00,3700.0
2026-06-09T23:00:00+03:00,2026-06-09T23:00:00+03:00,3600.0
2026-06-10T00:00:00+03:00,2026-06-10T00:00:00+03:00,4000.0
2026-06-10T01:00:00+03:00,2026-06-10T01:00:00+03:00,3600.0
2026-06-10T02:00:00+03:00,2026-06-10T02:00:00+03:00,951.0
2026-06-10T03:00:00+03:00,2026-06-10T03:00:00+03:00,699.99
2026-06-10T04:00:00+03:00,2026-06-10T04:00:00+03:00,251.0
2026-06-10T05:00:00+03:00,2026-06-10T05:00:00+03:00,980.0
2026-06-10T06:00:00+03:00,2026-06-10T06:00:00+03:00,10.0
2026-06-10T07:00:00+03:00,2026-06-10T07:00:00+03:00,10.0
2026-06-10T08:00:00+03:00,2026-06-10T08:00:00+03:00,2077.16
2026-06-10T09:00:00+03:00,2026-06-10T09:00:00+03:00,951.0
2026-06-10T10:00:00+03:00,2026-06-10T10:00:00+03:00,11.0
2026-06-10T11:00:00+03:00,2026-06-10T11:00:00+03:00,217.09
2026-06-10T12:00:00+03:00,2026-06-10T12:00:00+03:00,0.0
2026-06-10T13:00:00+03:00,2026-06-10T13:00:00+03:00,2.0
2026-06-10T14:00:00+03:00,2026-06-10T14:00:00+03:00,100.0
2026-06-10T15:00:00+03:00,2026-06-10T15:00:00+03:00,200.0
2026-06-10T16:00:00+03:00,2026-06-10T16:00:00+03:00,1277.0
2026-06-10T17:00:00+03:00,2026-06-10T17:00:00+03:00,2890.0
2026-06-10T18:00:00+03:00,2026-06-10T18:00:00+03:00,699.98
2026-06-10T19:00:00+03:00,2026-06-10T19:00:00+03:00,2001.0
2026-06-10T20:00:00+03:00,2026-06-10T20:00:00+03:00,2001.0
2026-06-10T21:00:00+03:00,2026-06-10T21:00:00+03:00,4150.0
2026-06-10T22:00:00+03:00,2026-06-10T22:00:00+03:00,2001.0
2026-06-10T23:00:00+03:00,2026-06-10T23:00:00+03:00,780.0
2026-06-11T00:00:00+03:00,2026-06-11T00:00:00+03:00,780.0
2026-06-11T01:00:00+03:00,2026-06-11T01:00:00+03:00,780.0
2026-06-11T02:00:00+03:00,2026-06-11T02:00:00+03:00,400.0
2026-06-11T03:00:00+03:00,2026-06-11T03:00:00+03:00,190.0
2026-06-11T04:00:00+03:00,2026-06-11T04:00:00+03:00,780.0
2026-06-11T05:00:00+03:00,2026-06-11T05:00:00+03:00,2077.92
2026-06-11T06:00:00+03:00,2026-06-11T06:00:00+03:00,151.0
2026-06-11T07:00:00+03:00,2026-06-11T07:00:00+03:00,10.0
2026-06-11T08:00:00+03:00,2026-06-11T08:00:00+03:00,2077.92
2026-06-11T09:00:00+03:00,2026-06-11T09:00:00+03:00,2285.71
2026-06-11T10:00:00+03:00,2026-06-11T10:00:00+03:00,310.99
2026-06-11T11:00:00+03:00,2026-06-11T11:00:00+03:00,8.0
2026-06-11T12:00:00+03:00,2026-06-11T12:00:00+03:00,0.0
2026-06-11T13:00:00+03:00,2026-06-11T13:00:00+03:00,0.0
2026-06-11T14:00:00+03:00,2026-06-11T14:00:00+03:00,151.0
2026-06-11T15:00:00+03:00,2026-06-11T15:00:00+03:00,580.0
2026-06-11T16:00:00+03:00,2026-06-11T16:00:00+03:00,780.0
2026-06-11T17:00:00+03:00,2026-06-11T17:00:00+03:00,1402.12
2026-06-11T18:00:00+03:00,2026-06-11T18:00:00+03:00,3600.0
2026-06-11T19:00:00+03:00,2026-06-11T19:00:00+03:00,3974.41
2026-06-11T20:00:00+03:00,2026-06-11T20:00:00+03:00,4100.02
2026-06-11T21:00:00+03:00,2026-06-11T21:00:00+03:00,4440.0
2026-06-11T22:00:00+03:00,2026-06-11T22:00:00+03:00,4350.0
2026-06-11T23:00:00+03:00,2026-06-11T23:00:00+03:00,3800.0
2026-06-12T00:00:00+03:00,2026-06-12T00:00:00+03:00,4010.0
2026-06-12T01:00:00+03:00,2026-06-12T01:00:00+03:00,4010.0
2026-06-12T02:00:00+03:00,2026-06-12T02:00:00+03:00,3995.0
2026-06-12T03:00:00+03:00,2026-06-12T03:00:00+03:00,2500.0
2026-06-12T04:00:00+03:00,2026-06-12T04:00:00+03:00,2500.0
2026-06-12T05:00:00+03:00,2026-06-12T05:00:00+03:00,2500.0
2026-06-12T06:00:00+03:00,2026-06-12T06:00:00+03:00,1500.0
2026-06-12T07:00:00+03:00,2026-06-12T07:00:00+03:00,150.0
2026-06-12T08:00:00+03:00,2026-06-12T08:00:00+03:00,2078.6
2026-06-12T09:00:00+03:00,2026-06-12T09:00:00+03:00,3000.0
2026-06-12T10:00:00+03:00,2026-06-12T10:00:00+03:00,2286.46
2026-06-12T11:00:00+03:00,2026-06-12T11:00:00+03:00,2286.46
2026-06-12T12:00:00+03:00,2026-06-12T12:00:00+03:00,1000.0
2026-06-12T13:00:00+03:00,2026-06-12T13:00:00+03:00,2.0
2026-06-12T14:00:00+03:00,2026-06-12T14:00:00+03:00,2078.6
2026-06-12T15:00:00+03:00,2026-06-12T15:00:00+03:00,300.0
2026-06-12T16:00:00+03:00,2026-06-12T16:00:00+03:00,100.0
2026-06-12T17:00:00+03:00,2026-06-12T17:00:00+03:00,780.0
2026-06-12T18:00:00+03:00,2026-06-12T18:00:00+03:00,780.0
2026-06-12T19:00:00+03:00,2026-06-12T19:00:00+03:00,800.0
2026-06-12T20:00:00+03:00,2026-06-12T20:00:00+03:00,699.98
2026-06-12T21:00:00+03:00,2026-06-12T21:00:00+03:00,699.98
2026-06-12T22:00:00+03:00,2026-06-12T22:00:00+03:00,151.0
2026-06-12T23:00:00+03:00,2026-06-12T23:00:00+03:00,90.0
2026-06-13T00:00:00+03:00,2026-06-13T00:00:00+03:00,100.0
2026-06-13T01:00:00+03:00,2026-06-13T01:00:00+03:00,100.0
2026-06-13T02:00:00+03:00,2026-06-13T02:00:00+03:00,71.0
2026-06-13T03:00:00+03:00,2026-06-13T03:00:00+03:00,10.9
2026-06-13T04:00:00+03:00,2026-06-13T04:00:00+03:00,11.0
2026-06-13T05:00:00+03:00,2026-06-13T05:00:00+03:00,300.0
2026-06-13T06:00:00+03:00,2026-06-13T06:00:00+03:00,1.0
2026-06-13T07:00:00+03:00,2026-06-13T07:00:00+03:00,3.0
2026-06-13T08:00:00+03:00,2026-06-13T08:00:00+03:00,0.0
2026-06-13T09:00:00+03:00,2026-06-13T09:00:00+03:00,1.0
2026-06-13T10:00:00+03:00,2026-06-13T10:00:00+03:00,0.0
2026-06-13T11:00:00+03:00,2026-06-13T11:00:00+03:00,0.0
2026-06-13T12:00:00+03:00,2026-06-13T12:00:00+03:00,0.0
2026-06-13T13:00:00+03:00,2026-06-13T13:00:00+03:00,1500.0
2026-06-13T14:00:00+03:00,2026-06-13T14:00:00+03:00,3200.0
2026-06-13T15:00:00+03:00,2026-06-13T15:00:00+03:00,2211.89
2026-06-13T16:00:00+03:00,2026-06-13T16:00:00+03:00,2211.89
2026-06-13T17:00:00+03:00,2026-06-13T17:00:00+03:00,600.0
2026-06-13T18:00:00+03:00,2026-06-13T18:00:00+03:00,50.01
2026-06-13T19:00:00+03:00,2026-06-13T19:00:00+03:00,151.0
2026-06-13T20:00:00+03:00,2026-06-13T20:00:00+03:00,200.0
2026-06-13T21:00:00+03:00,2026-06-13T21:00:00+03:00,3000.0
2026-06-13T22:00:00+03:00,2026-06-13T22:00:00+03:00,2010.81
2026-06-13T23:00:00+03:00,2026-06-13T23:00:00+03:00,11.0
2026-06-14T00:00:00+03:00,2026-06-14T00:00:00+03:00,48.0
2026-06-14T01:00:00+03:00,2026-06-14T01:00:00+03:00,10.9
2026-06-14T02:00:00+03:00,2026-06-14T02:00:00+03:00,10.9
2026-06-14T03:00:00+03:00,2026-06-14T03:00:00+03:00,1.0
2026-06-14T04:00:00+03:00,2026-06-14T04:00:00+03:00,1.0
2026-06-14T05:00:00+03:00,2026-06-14T05:00:00+03:00,0.0
2026-06-14T06:00:00+03:00,2026-06-14T06:00:00+03:00,3.0
2026-06-14T07:00:00+03:00,2026-06-14T07:00:00+03:00,750.0
2026-06-14T08:00:00+03:00,2026-06-14T08:00:00+03:00,0.0
2026-06-14T09:00:00+03:00,2026-06-14T09:00:00+03:00,0.0
2026-06-14T10:00:00+03:00,2026-06-14T10:00:00+03:00,0.0
2026-06-14T11:00:00+03:00,2026-06-14T11:00:00+03:00,0.0
2026-06-14T12:00:00+03:00,2026-06-14T12:00:00+03:00,0.0
2026-06-14T13:00:00+03:00,2026-06-14T13:00:00+03:00,0.0
2026-06-14T14:00:00+03:00,2026-06-14T14:00:00+03:00,0.0
2026-06-14T15:00:00+03:00,2026-06-14T15:00:00+03:00,0.0
2026-06-14T16:00:00+03:00,2026-06-14T16:00:00+03:00,2011.55
2026-06-14T17:00:00+03:00,2026-06-14T17:00:00+03:00,0.0
2026-06-14T18:00:00+03:00,2026-06-14T18:00:00+03:00,11.0
2026-06-14T19:00:00+03:00,2026-06-14T19:00:00+03:00,700.0
2026-06-14T20:00:00+03:00,2026-06-14T20:00:00+03:00,700.0
2026-06-14T21:00:00+03:00,2026-06-14T21:00:00+03:00,700.0
2026-06-14T22:00:00+03:00,2026-06-14T22:00:00+03:00,700.0
2026-06-14T23:00:00+03:00,2026-06-14T23:00:00+03:00,2500.0
2026-06-15T00:00:00+03:00,2026-06-15T00:00:00+03:00,2212.71
2026-06-15T01:00:00+03:00,2026-06-15T01:00:00+03:00,220.0
2026-06-15T02:00:00+03:00,2026-06-15T02:00:00+03:00,42.0
2026-06-15T03:00:00+03:00,2026-06-15T03:00:00+03:00,100.0
2026-06-15T04:00:00+03:00,2026-06-15T04:00:00+03:00,90.0
2026-06-15T05:00:00+03:00,2026-06-15T05:00:00+03:00,11.0
2026-06-15T06:00:00+03:00,2026-06-15T06:00:00+03:00,1.0
2026-06-15T07:00:00+03:00,2026-06-15T07:00:00+03:00,0.0
2026-06-15T08:00:00+03:00,2026-06-15T08:00:00+03:00,930.0
2026-06-15T09:00:00+03:00,2026-06-15T09:00:00+03:00,62.0
2026-06-15T10:00:00+03:00,2026-06-15T10:00:00+03:00,10.9
2026-06-15T11:00:00+03:00,2026-06-15T11:00:00+03:00,100.0
2026-06-15T12:00:00+03:00,2026-06-15T12:00:00+03:00,1.0
2026-06-15T13:00:00+03:00,2026-06-15T13:00:00+03:00,10.8
2026-06-15T14:00:00+03:00,2026-06-15T14:00:00+03:00,100.0
2026-06-15T15:00:00+03:00,2026-06-15T15:00:00+03:00,400.0
2026-06-15T16:00:00+03:00,2026-06-15T16:00:00+03:00,100.0
2026-06-15T17:00:00+03:00,2026-06-15T17:00:00+03:00,780.0
2026-06-15T18:00:00+03:00,2026-06-15T18:00:00+03:00,4100.0
2026-06-15T19:00:00+03:00,2026-06-15T19:00:00+03:00,4425.0
2026-06-15T20:00:00+03:00,2026-06-15T20:00:00+03:00,4439.0
2026-06-15T21:00:00+03:00,2026-06-15T21:00:00+03:00,4450.0
2026-06-15T22:00:00+03:00,2026-06-15T22:00:00+03:00,4439.0
2026-06-15T23:00:00+03:00,2026-06-15T23:00:00+03:00,4198.0
2026-06-16T00:00:00+03:00,2026-06-16T00:00:00+03:00,3950.0
2026-06-16T01:00:00+03:00,2026-06-16T01:00:00+03:00,3950.0
2026-06-16T02:00:00+03:00,2026-06-16T02:00:00+03:00,2212.71
2026-06-16T03:00:00+03:00,2026-06-16T03:00:00+03:00,2011.55
2026-06-16T04:00:00+03:00,2026-06-16T04:00:00+03:00,3800.0
2026-06-16T05:00:00+03:00,2026-06-16T05:00:00+03:00,3900.0
2026-06-16T06:00:00+03:00,2026-06-16T06:00:00+03:00,2011.55
2026-06-16T07:00:00+03:00,2026-06-16T07:00:00+03:00,36.0
2026-06-16T08:00:00+03:00,2026-06-16T08:00:00+03:00,2212.71
2026-06-16T09:00:00+03:00,2026-06-16T09:00:00+03:00,3000.0
2026-06-16T10:00:00+03:00,2026-06-16T10:00:00+03:00,2212.71
2026-06-16T11:00:00+03:00,2026-06-16T11:00:00+03:00,2212.71
2026-06-16T12:00:00+03:00,2026-06-16T12:00:00+03:00,2011.55
2026-06-16T13:00:00+03:00,2026-06-16T13:00:00+03:00,2212.71
2026-06-16T14:00:00+03:00,2026-06-16T14:00:00+03:00,2011.55
2026-06-16T15:00:00+03:00,2026-06-16T15:00:00+03:00,1700.0
2026-06-16T16:00:00+03:00,2026-06-16T16:00:00+03:00,2011.55
2026-06-16T17:00:00+03:00,2026-06-16T17:00:00+03:00,4200.0
2026-06-16T18:00:00+03:00,2026-06-16T18:00:00+03:00,4300.0
2026-06-16T19:00:00+03:00,2026-06-16T19:00:00+03:00,4450.0
2026-06-16T20:00:00+03:00,2026-06-16T20:00:00+03:00,4450.0
2026-06-16T21:00:00+03:00,2026-06-16T21:00:00+03:00,4450.0
2026-06-16T22:00:00+03:00,2026-06-16T22:00:00+03:00,4425.0
2026-06-16T23:00:00+03:00,2026-06-16T23:00:00+03:00,4198.0
2026-06-17T00:00:00+03:00,2026-06-17T00:00:00+03:00,2500.0
2026-06-17T01:00:00+03:00,2026-06-17T01:00:00+03:00,400.0
2026-06-17T02:00:00+03:00,2026-06-17T02:00:00+03:00,400.0
2026-06-17T03:00:00+03:00,2026-06-17T03:00:00+03:00,1996.0
2026-06-17T04:00:00+03:00,2026-06-17T04:00:00+03:00,400.0
2026-06-17T05:00:00+03:00,2026-06-17T05:00:00+03:00,400.0
2026-06-17T06:00:00+03:00,2026-06-17T06:00:00+03:00,100.0
2026-06-17T07:00:00+03:00,2026-06-17T07:00:00+03:00,1290.0
2026-06-17T08:00:00+03:00,2026-06-17T08:00:00+03:00,3400.0
2026-06-18T00:00:00+03:00,2026-06-18T00:00:00+03:00,3700.0
2026-06-18T01:00:00+03:00,2026-06-18T01:00:00+03:00,3600.0
2026-06-18T02:00:00+03:00,2026-06-18T02:00:00+03:00,3500.0
2026-06-18T03:00:00+03:00,2026-06-18T03:00:00+03:00,2218.27
2026-06-18T04:00:00+03:00,2026-06-18T04:00:00+03:00,2016.61
2026-06-18T05:00:00+03:00,2026-06-18T05:00:00+03:00,2000.0
2026-06-18T06:00:00+03:00,2026-06-18T06:00:00+03:00,2000.0
2026-06-18T07:00:00+03:00,2026-06-18T07:00:00+03:00,40.0
2026-06-18T08:00:00+03:00,2026-06-18T08:00:00+03:00,2016.61
2026-06-18T09:00:00+03:00,2026-06-18T09:00:00+03:00,2016.61
2026-06-18T10:00:00+03:00,2026-06-18T10:00:00+03:00,2218.27
2026-06-18T11:00:00+03:00,2026-06-18T11:00:00+03:00,2218.27
2026-06-18T12:00:00+03:00,2026-06-18T12:00:00+03:00,800.0
2026-06-18T13:00:00+03:00,2026-06-18T13:00:00+03:00,2000.0
2026-06-18T14:00:00+03:00,2026-06-18T14:00:00+03:00,2218.27
2026-06-18T15:00:00+03:00,2026-06-18T15:00:00+03:00,2000.0
2026-06-18T16:00:00+03:00,2026-06-18T16:00:00+03:00,2000.0
2026-06-18T17:00:00+03:00,2026-06-18T17:00:00+03:00,3500.0
2026-06-18T18:00:00+03:00,2026-06-18T18:00:00+03:00,2500.0
2026-06-18T19:00:00+03:00,2026-06-18T19:00:00+03:00,3500.0
2026-06-18T20:00:00+03:00,2026-06-18T20:00:00+03:00,699.98
2026-06-18T21:00:00+03:00,2026-06-18T21:00:00+03:00,502.0
2026-06-18T22:00:00+03:00,2026-06-18T22:00:00+03:00,320.0
2026-06-18T23:00:00+03:00,2026-06-18T23:00:00+03:00,8.0
2026-06-19T00:00:00+03:00,2026-06-19T00:00:00+03:00,0.0
2026-06-19T01:00:00+03:00,2026-06-19T01:00:00+03:00,0.0
2026-06-19T02:00:00+03:00,2026-06-19T02:00:00+03:00,0.0
2026-06-19T03:00:00+03:00,2026-06-19T03:00:00+03:00,0.0
2026-06-19T04:00:00+03:00,2026-06-19T04:00:00+03:00,0.0
2026-06-19T05:00:00+03:00,2026-06-19T05:00:00+03:00,0.0
2026-06-19T06:00:00+03:00,2026-06-19T06:00:00+03:00,0.0
2026-06-19T07:00:00+03:00,2026-06-19T07:00:00+03:00,1.0
2026-06-19T08:00:00+03:00,2026-06-19T08:00:00+03:00,2219.07
2026-06-19T09:00:00+03:00,2026-06-19T09:00:00+03:00,3500.0
2026-06-19T10:00:00+03:00,2026-06-19T10:00:00+03:00,3300.0
2026-06-19T11:00:00+03:00,2026-06-19T11:00:00+03:00,3400.0
2026-06-19T12:00:00+03:00,2026-06-19T12:00:00+03:00,3400.0
2026-06-19T13:00:00+03:00,2026-06-19T13:00:00+03:00,1.0
2026-06-19T14:00:00+03:00,2026-06-19T14:00:00+03:00,1390.0
2026-06-19T15:00:00+03:00,2026-06-19T15:00:00+03:00,3.0
2026-06-19T16:00:00+03:00,2026-06-19T16:00:00+03:00,2.0
2026-06-19T17:00:00+03:00,2026-06-19T17:00:00+03:00,1.0
2026-06-19T18:00:00+03:00,2026-06-19T18:00:00+03:00,0.0
2026-06-19T19:00:00+03:00,2026-06-19T19:00:00+03:00,7.0
2026-06-19T20:00:00+03:00,2026-06-19T20:00:00+03:00,699.97
2026-06-19T21:00:00+03:00,2026-06-19T21:00:00+03:00,699.98
2026-06-19T22:00:00+03:00,2026-06-19T22:00:00+03:00,1.0
2026-06-19T23:00:00+03:00,2026-06-19T23:00:00+03:00,7.0
2026-06-20T00:00:00+03:00,2026-06-20T00:00:00+03:00,7.0
2026-06-20T01:00:00+03:00,2026-06-20T01:00:00+03:00,0.1
2026-06-20T02:00:00+03:00,2026-06-20T02:00:00+03:00,0.1
2026-06-20T03:00:00+03:00,2026-06-20T03:00:00+03:00,1.0
2026-06-20T04:00:00+03:00,2026-06-20T04:00:00+03:00,3.0
2026-06-20T05:00:00+03:00,2026-06-20T05:00:00+03:00,1.0
2026-06-20T06:00:00+03:00,2026-06-20T06:00:00+03:00,1.0
2026-06-20T07:00:00+03:00,2026-06-20T07:00:00+03:00,1.0
2026-06-20T08:00:00+03:00,2026-06-20T08:00:00+03:00,0.1
2026-06-20T09:00:00+03:00,2026-06-20T09:00:00+03:00,1.0
2026-06-20T10:00:00+03:00,2026-06-20T10:00:00+03:00,1.0
2026-06-20T11:00:00+03:00,2026-06-20T11:00:00+03:00,1.0
2026-06-20T12:00:00+03:00,2026-06-20T12:00:00+03:00,1.0
2026-06-20T13:00:00+03:00,2026-06-20T13:00:00+03:00,7.0
2026-06-20T14:00:00+03:00,2026-06-20T14:00:00+03:00,1.0
2026-06-20T15:00:00+03:00,2026-06-20T15:00:00+03:00,1.0
2026-06-20T16:00:00+03:00,2026-06-20T16:00:00+03:00,3.0
2026-06-20T17:00:00+03:00,2026-06-20T17:00:00+03:00,1.0
2026-06-20T18:00:00+03:00,2026-06-20T18:00:00+03:00,450.0
2026-06-20T19:00:00+03:00,2026-06-20T19:00:00+03:00,4000.0
2026-06-20T20:00:00+03:00,2026-06-20T20:00:00+03:00,1999.01
2026-06-20T21:00:00+03:00,2026-06-20T21:00:00+03:00,3750.0
2026-06-20T22:00:00+03:00,2026-06-20T22:00:00+03:00,400.0
2026-06-20T23:00:00+03:00,2026-06-20T23:00:00+03:00,320.0
2026-06-21T00:00:00+03:00,2026-06-21T00:00:00+03:00,3000.0
2026-06-21T01:00:00+03:00,2026-06-21T01:00:00+03:00,2419.0
2026-06-21T02:00:00+03:00,2026-06-21T02:00:00+03:00,2419.0
2026-06-21T03:00:00+03:00,2026-06-21T03:00:00+03:00,50.0
2026-06-21T04:00:00+03:00,2026-06-21T04:00:00+03:00,28.0
2026-06-21T05:00:00+03:00,2026-06-21T05:00:00+03:00,11.1
2026-06-21T06:00:00+03:00,2026-06-21T06:00:00+03:00,0.0
2026-06-21T07:00:00+03:00,2026-06-21T07:00:00+03:00,0.0
2026-06-21T08:00:00+03:00,2026-06-21T08:00:00+03:00,0.0
2026-06-21T09:00:00+03:00,2026-06-21T09:00:00+03:00,0.0
2026-06-21T10:00:00+03:00,2026-06-21T10:00:00+03:00,0.0
2026-06-21T11:00:00+03:00,2026-06-21T11:00:00+03:00,0.0
2026-06-21T12:00:00+03:00,2026-06-21T12:00:00+03:00,0.0
2026-06-21T13:00:00+03:00,2026-06-21T13:00:00+03:00,0.0
2026-06-21T14:00:00+03:00,2026-06-21T14:00:00+03:00,0.0
2026-06-21T15:00:00+03:00,2026-06-21T15:00:00+03:00,0.0
2026-06-21T16:00:00+03:00,2026-06-21T16:00:00+03:00,1001.0
2026-06-21T17:00:00+03:00,2026-06-21T17:00:00+03:00,10.9
2026-06-21T18:00:00+03:00,2026-06-21T18:00:00+03:00,2660.9
2026-06-21T19:00:00+03:00,2026-06-21T19:00:00+03:00,4000.0
2026-06-21T20:00:00+03:00,2026-06-21T20:00:00+03:00,3200.0
2026-06-21T21:00:00+03:00,2026-06-21T21:00:00+03:00,3000.0
2026-06-21T22:00:00+03:00,2026-06-21T22:00:00+03:00,2419.0
2026-06-21T23:00:00+03:00,2026-06-21T23:00:00+03:00,2419.0
2026-06-22T00:00:00+03:00,2026-06-22T00:00:00+03:00,2222.0
2026-06-22T01:00:00+03:00,2026-06-22T01:00:00+03:00,28.0
2026-06-22T02:00:00+03:00,2026-06-22T02:00:00+03:00,800.0
2026-06-22T03:00:00+03:00,2026-06-22T03:00:00+03:00,28.0
2026-06-22T04:00:00+03:00,2026-06-22T04:00:00+03:00,10.0
2026-06-22T05:00:00+03:00,2026-06-22T05:00:00+03:00,100.0
2026-06-22T06:00:00+03:00,2026-06-22T06:00:00+03:00,1340.0
2026-06-22T07:00:00+03:00,2026-06-22T07:00:00+03:00,1000.0
2026-06-22T08:00:00+03:00,2026-06-22T08:00:00+03:00,2660.9
2026-06-22T09:00:00+03:00,2026-06-22T09:00:00+03:00,3500.0
2026-06-22T10:00:00+03:00,2026-06-22T10:00:00+03:00,2419.0
2026-06-22T11:00:00+03:00,2026-06-22T11:00:00+03:00,2500.0
2026-06-22T12:00:00+03:00,2026-06-22T12:00:00+03:00,1.0
2026-06-22T13:00:00+03:00,2026-06-22T13:00:00+03:00,1290.0
2026-06-22T14:00:00+03:00,2026-06-22T14:00:00+03:00,3000.0
2026-06-22T15:00:00+03:00,2026-06-22T15:00:00+03:00,2500.0
2026-06-22T16:00:00+03:00,2026-06-22T16:00:00+03:00,3000.0
2026-06-22T17:00:00+03:00,2026-06-22T17:00:00+03:00,4100.0
2026-06-22T18:00:00+03:00,2026-06-22T18:00:00+03:00,4250.0
2026-06-22T19:00:00+03:00,2026-06-22T19:00:00+03:00,4349.0
2026-06-22T20:00:00+03:00,2026-06-22T20:00:00+03:00,4370.0
2026-06-22T21:00:00+03:00,2026-06-22T21:00:00+03:00,4370.0
2026-06-22T22:00:00+03:00,2026-06-22T22:00:00+03:00,4370.0
2026-06-22T23:00:00+03:00,2026-06-22T23:00:00+03:00,4349.0
2026-06-23T00:00:00+03:00,2026-06-23T00:00:00+03:00,3900.0
2026-06-23T01:00:00+03:00,2026-06-23T01:00:00+03:00,3500.0
2026-06-23T02:00:00+03:00,2026-06-23T02:00:00+03:00,3000.0
2026-06-23T03:00:00+03:00,2026-06-23T03:00:00+03:00,3000.0
2026-06-23T04:00:00+03:00,2026-06-23T04:00:00+03:00,3000.0
2026-06-23T05:00:00+03:00,2026-06-23T05:00:00+03:00,2419.0
2026-06-23T06:00:00+03:00,2026-06-23T06:00:00+03:00,798.0
2026-06-23T07:00:00+03:00,2026-06-23T07:00:00+03:00,2660.9
2026-06-23T08:00:00+03:00,2026-06-23T08:00:00+03:00,3000.0
2026-06-23T09:00:00+03:00,2026-06-23T09:00:00+03:00,3800.0
2026-06-23T10:00:00+03:00,2026-06-23T10:00:00+03:00,3500.0
2026-06-23T11:00:00+03:00,2026-06-23T11:00:00+03:00,3500.0
2026-06-23T12:00:00+03:00,2026-06-23T12:00:00+03:00,1.0
2026-06-23T13:00:00+03:00,2026-06-23T13:00:00+03:00,2419.0
2026-06-23T14:00:00+03:00,2026-06-23T14:00:00+03:00,38.0
2026-06-23T15:00:00+03:00,2026-06-23T15:00:00+03:00,10.8
2026-06-23T16:00:00+03:00,2026-06-23T16:00:00+03:00,820.0
2026-06-23T17:00:00+03:00,2026-06-23T17:00:00+03:00,3500.0
2026-06-23T18:00:00+03:00,2026-06-23T18:00:00+03:00,3500.0
2026-06-23T19:00:00+03:00,2026-06-23T19:00:00+03:00,4157.0
2026-06-23T20:00:00+03:00,2026-06-23T20:00:00+03:00,1907.0
2026-06-23T21:00:00+03:00,2026-06-23T21:00:00+03:00,4200.0
2026-06-23T22:00:00+03:00,2026-06-23T22:00:00+03:00,3900.0
2026-06-23T23:00:00+03:00,2026-06-23T23:00:00+03:00,700.0
2026-06-24T00:00:00+03:00,2026-06-24T00:00:00+03:00,699.99
2026-06-24T01:00:00+03:00,2026-06-24T01:00:00+03:00,699.98
2026-06-24T02:00:00+03:00,2026-06-24T02:00:00+03:00,699.99
2026-06-24T03:00:00+03:00,2026-06-24T03:00:00+03:00,699.99
2026-06-24T04:00:00+03:00,2026-06-24T04:00:00+03:00,480.0
2026-06-24T05:00:00+03:00,2026-06-24T05:00:00+03:00,700.0
2026-06-24T06:00:00+03:00,2026-06-24T06:00:00+03:00,1499.97
2026-06-24T07:00:00+03:00,2026-06-24T07:00:00+03:00,10.0
2026-06-24T08:00:00+03:00,2026-06-24T08:00:00+03:00,190.0
2026-06-24T09:00:00+03:00,2026-06-24T09:00:00+03:00,150.0
2026-06-24T10:00:00+03:00,2026-06-24T10:00:00+03:00,1.0
2026-06-24T11:00:00+03:00,2026-06-24T11:00:00+03:00,1.0
2026-06-24T12:00:00+03:00,2026-06-24T12:00:00+03:00,0.1
2026-06-24T13:00:00+03:00,2026-06-24T13:00:00+03:00,1.0
2026-06-24T14:00:00+03:00,2026-06-24T14:00:00+03:00,35.0
2026-06-24T15:00:00+03:00,2026-06-24T15:00:00+03:00,10.0
2026-06-24T16:00:00+03:00,2026-06-24T16:00:00+03:00,151.0
2026-06-24T17:00:00+03:00,2026-06-24T17:00:00+03:00,3950.0
2026-06-24T18:00:00+03:00,2026-06-24T18:00:00+03:00,3826.27
2026-06-24T19:00:00+03:00,2026-06-24T19:00:00+03:00,4050.0
2026-06-24T20:00:00+03:00,2026-06-24T20:00:00+03:00,4296.0
2026-06-24T21:00:00+03:00,2026-06-24T21:00:00+03:00,4285.01
2026-06-24T22:00:00+03:00,2026-06-24T22:00:00+03:00,3950.0
2026-06-24T23:00:00+03:00,2026-06-24T23:00:00+03:00,3800.0
2026-06-25T00:00:00+03:00,2026-06-25T00:00:00+03:00,3700.0
2026-06-25T01:00:00+03:00,2026-06-25T01:00:00+03:00,3700.0
2026-06-25T02:00:00+03:00,2026-06-25T02:00:00+03:00,2423.0
2026-06-25T03:00:00+03:00,2026-06-25T03:00:00+03:00,2423.0
2026-06-25T04:00:00+03:00,2026-06-25T04:00:00+03:00,3500.0
2026-06-25T05:00:00+03:00,2026-06-25T05:00:00+03:00,2900.0
2026-06-25T06:00:00+03:00,2026-06-25T06:00:00+03:00,1440.01
2026-06-25T07:00:00+03:00,2026-06-25T07:00:00+03:00,2423.0
2026-06-25T08:00:00+03:00,2026-06-25T08:00:00+03:00,2500.0
2026-06-25T09:00:00+03:00,2026-06-25T09:00:00+03:00,2750.0
2026-06-25T10:00:00+03:00,2026-06-25T10:00:00+03:00,2750.0
2026-06-25T11:00:00+03:00,2026-06-25T11:00:00+03:00,2750.0
2026-06-25T12:00:00+03:00,2026-06-25T12:00:00+03:00,2665.3
2026-06-25T13:00:00+03:00,2026-06-25T13:00:00+03:00,3200.0
2026-06-25T14:00:00+03:00,2026-06-25T14:00:00+03:00,3500.0
2026-06-25T15:00:00+03:00,2026-06-25T15:00:00+03:00,3500.0
2026-06-25T16:00:00+03:00,2026-06-25T16:00:00+03:00,4000.0
2026-06-25T17:00:00+03:00,2026-06-25T17:00:00+03:00,4300.0
2026-06-25T18:00:00+03:00,2026-06-25T18:00:00+03:00,4300.0
2026-06-25T19:00:00+03:00,2026-06-25T19:00:00+03:00,4350.0
2026-06-25T20:00:00+03:00,2026-06-25T20:00:00+03:00,4450.0
2026-06-25T21:00:00+03:00,2026-06-25T21:00:00+03:00,4450.0
2026-06-25T22:00:00+03:00,2026-06-25T22:00:00+03:00,4350.0
2026-06-25T23:00:00+03:00,2026-06-25T23:00:00+03:00,4300.0
2026-06-26T00:00:00+03:00,2026-06-26T00:00:00+03:00,3999.0
2026-06-26T01:00:00+03:00,2026-06-26T01:00:00+03:00,3900.0
2026-06-26T02:00:00+03:00,2026-06-26T02:00:00+03:00,3500.0
2026-06-26T03:00:00+03:00,2026-06-26T03:00:00+03:00,2988.0
2026-06-26T04:00:00+03:00,2026-06-26T04:00:00+03:00,2988.0
2026-06-26T05:00:00+03:00,2026-06-26T05:00:00+03:00,1499.97
2026-06-26T06:00:00+03:00,2026-06-26T06:00:00+03:00,400.0
2026-06-26T07:00:00+03:00,2026-06-26T07:00:00+03:00,2300.0
2026-06-26T08:00:00+03:00,2026-06-26T08:00:00+03:00,2336.4
2026-06-26T09:00:00+03:00,2026-06-26T09:00:00+03:00,2750.0
2026-06-26T10:00:00+03:00,2026-06-26T10:00:00+03:00,2336.4
2026-06-26T11:00:00+03:00,2026-06-26T11:00:00+03:00,2750.0
2026-06-26T12:00:00+03:00,2026-06-26T12:00:00+03:00,1600.0
2026-06-26T13:00:00+03:00,2026-06-26T13:00:00+03:00,2336.4
2026-06-26T14:00:00+03:00,2026-06-26T14:00:00+03:00,3000.0
2026-06-26T15:00:00+03:00,2026-06-26T15:00:00+03:00,3480.0
2026-06-26T16:00:00+03:00,2026-06-26T16:00:00+03:00,3300.0
2026-06-26T17:00:00+03:00,2026-06-26T17:00:00+03:00,4000.0
2026-06-26T18:00:00+03:00,2026-06-26T18:00:00+03:00,4199.0
2026-06-26T19:00:00+03:00,2026-06-26T19:00:00+03:00,4350.0
2026-06-26T20:00:00+03:00,2026-06-26T20:00:00+03:00,4350.0
2026-06-26T21:00:00+03:00,2026-06-26T21:00:00+03:00,4300.0
2026-06-26T22:00:00+03:00,2026-06-26T22:00:00+03:00,4198.0
2026-06-26T23:00:00+03:00,2026-06-26T23:00:00+03:00,700.0
2026-06-27T00:00:00+03:00,2026-06-27T00:00:00+03:00,3770.0
2026-06-27T01:00:00+03:00,2026-06-27T01:00:00+03:00,3400.0
2026-06-27T02:00:00+03:00,2026-06-27T02:00:00+03:00,3000.0
2026-06-27T03:00:00+03:00,2026-06-27T03:00:00+03:00,2000.0
2026-06-27T04:00:00+03:00,2026-06-27T04:00:00+03:00,1995.0
2026-06-27T05:00:00+03:00,2026-06-27T05:00:00+03:00,1299.0
2026-06-27T06:00:00+03:00,2026-06-27T06:00:00+03:00,2300.0
2026-06-27T07:00:00+03:00,2026-06-27T07:00:00+03:00,10.0
2026-06-27T08:00:00+03:00,2026-06-27T08:00:00+03:00,2125.0
2026-06-27T09:00:00+03:00,2026-06-27T09:00:00+03:00,2500.0
2026-06-27T10:00:00+03:00,2026-06-27T10:00:00+03:00,2500.0
2026-06-27T11:00:00+03:00,2026-06-27T11:00:00+03:00,2500.0
2026-06-27T12:00:00+03:00,2026-06-27T12:00:00+03:00,2500.0
2026-06-27T13:00:00+03:00,2026-06-27T13:00:00+03:00,2337.5
2026-06-27T14:00:00+03:00,2026-06-27T14:00:00+03:00,1.19
2026-06-27T15:00:00+03:00,2026-06-27T15:00:00+03:00,1.19
2026-06-27T16:00:00+03:00,2026-06-27T16:00:00+03:00,0.1
2026-06-27T17:00:00+03:00,2026-06-27T17:00:00+03:00,700.0
2026-06-27T18:00:00+03:00,2026-06-27T18:00:00+03:00,700.0
2026-06-27T19:00:00+03:00,2026-06-27T19:00:00+03:00,4080.0
2026-06-27T20:00:00+03:00,2026-06-27T20:00:00+03:00,4080.0
2026-06-27T21:00:00+03:00,2026-06-27T21:00:00+03:00,4080.0
2026-06-27T22:00:00+03:00,2026-06-27T22:00:00+03:00,1899.0
2026-06-27T23:00:00+03:00,2026-06-27T23:00:00+03:00,2125.0
2026-06-28T00:00:00+03:00,2026-06-28T00:00:00+03:00,1600.0
2026-06-28T01:00:00+03:00,2026-06-28T01:00:00+03:00,2126.02
2026-06-28T02:00:00+03:00,2026-06-28T02:00:00+03:00,2126.02
2026-06-28T03:00:00+03:00,2026-06-28T03:00:00+03:00,930.11
2026-06-28T04:00:00+03:00,2026-06-28T04:00:00+03:00,210.0
2026-06-28T05:00:00+03:00,2026-06-28T05:00:00+03:00,400.0
2026-06-28T06:00:00+03:00,2026-06-28T06:00:00+03:00,252.01
2026-06-28T07:00:00+03:00,2026-06-28T07:00:00+03:00,170.0
2026-06-28T08:00:00+03:00,2026-06-28T08:00:00+03:00,0.0
2026-06-28T09:00:00+03:00,2026-06-28T09:00:00+03:00,0.0
2026-06-28T10:00:00+03:00,2026-06-28T10:00:00+03:00,0.0
2026-06-28T11:00:00+03:00,2026-06-28T11:00:00+03:00,0.0
2026-06-28T12:00:00+03:00,2026-06-28T12:00:00+03:00,0.0
2026-06-28T13:00:00+03:00,2026-06-28T13:00:00+03:00,0.0
2026-06-28T14:00:00+03:00,2026-06-28T14:00:00+03:00,0.0
2026-06-28T15:00:00+03:00,2026-06-28T15:00:00+03:00,0.0
2026-06-28T16:00:00+03:00,2026-06-28T16:00:00+03:00,0.0
2026-06-28T17:00:00+03:00,2026-06-28T17:00:00+03:00,1.19
2026-06-28T18:00:00+03:00,2026-06-28T18:00:00+03:00,50.0
2026-06-28T19:00:00+03:00,2026-06-28T19:00:00+03:00,3000.0
2026-06-28T20:00:00+03:00,2026-06-28T20:00:00+03:00,3000.0
2026-06-28T21:00:00+03:00,2026-06-28T21:00:00+03:00,3780.0
2026-06-28T22:00:00+03:00,2026-06-28T22:00:00+03:00,2897.0
2026-06-28T23:00:00+03:00,2026-06-28T23:00:00+03:00,3100.0
2026-06-29T00:00:00+03:00,2026-06-29T00:00:00+03:00,2200.0
2026-06-29T01:00:00+03:00,2026-06-29T01:00:00+03:00,2000.0
2026-06-29T02:00:00+03:00,2026-06-29T02:00:00+03:00,2126.0
2026-06-29T03:00:00+03:00,2026-06-29T03:00:00+03:00,2000.0
2026-06-29T04:00:00+03:00,2026-06-29T04:00:00+03:00,2250.0
2026-06-29T05:00:00+03:00,2026-06-29T05:00:00+03:00,2250.0
2026-06-29T06:00:00+03:00,2026-06-29T06:00:00+03:00,2126.0
2026-06-29T07:00:00+03:00,2026-06-29T07:00:00+03:00,74.99
2026-06-29T08:00:00+03:00,2026-06-29T08:00:00+03:00,2126.0
2026-06-30T00:00:00+03:00,2026-06-30T00:00:00+03:00,3749.0
2026-06-30T01:00:00+03:00,2026-06-30T01:00:00+03:00,3749.0
2026-06-30T02:00:00+03:00,2026-06-30T02:00:00+03:00,3749.0
2026-06-30T03:00:00+03:00,2026-06-30T03:00:00+03:00,3748.0
2026-06-30T04:00:00+03:00,2026-06-30T04:00:00+03:00,3400.0
2026-06-30T05:00:00+03:00,2026-06-30T05:00:00+03:00,3400.0
2026-06-30T06:00:00+03:00,2026-06-30T06:00:00+03:00,2200.0
2026-06-30T07:00:00+03:00,2026-06-30T07:00:00+03:00,2126.02
2026-06-30T08:00:00+03:00,2026-06-30T08:00:00+03:00,2800.0
2026-06-30T09:00:00+03:00,2026-06-30T09:00:00+03:00,2500.0
2026-06-30T10:00:00+03:00,2026-06-30T10:00:00+03:00,400.0
2026-06-30T11:00:00+03:00,2026-06-30T11:00:00+03:00,2750.0
2026-06-30T12:00:00+03:00,2026-06-30T12:00:00+03:00,2126.02
2026-06-30T13:00:00+03:00,2026-06-30T13:00:00+03:00,2338.62
2026-06-30T14:00:00+03:00,2026-06-30T14:00:00+03:00,3350.0
2026-06-30T15:00:00+03:00,2026-06-30T15:00:00+03:00,2338.62
2026-06-30T16:00:00+03:00,2026-06-30T16:00:00+03:00,3780.0
2026-06-30T17:00:00+03:00,2026-06-30T17:00:00+03:00,4048.0
2026-06-30T18:00:00+03:00,2026-06-30T18:00:00+03:00,4180.0
2026-06-30T19:00:00+03:00,2026-06-30T19:00:00+03:00,4450.0
2026-06-30T20:00:00+03:00,2026-06-30T20:00:00+03:00,4450.0
2026-06-30T21:00:00+03:00,2026-06-30T21:00:00+03:00,4450.0
2026-06-30T22:00:00+03:00,2026-06-30T22:00:00+03:00,4320.0
2026-06-30T23:00:00+03:00,2026-06-30T23:00:00+03:00,4198.0
2026-07-01T00:00:00+03:00,2026-07-01T00:00:00+03:00,4091.0
2026-07-01T01:00:00+03:00,2026-07-01T01:00:00+03:00,4000.0
2026-07-01T02:00:00+03:00,2026-07-01T02:00:00+03:00,3848.0
2026-07-01T03:00:00+03:00,2026-07-01T03:00:00+03:00,3800.0
2026-07-01T04:00:00+03:00,2026-07-01T04:00:00+03:00,3600.0
2026-07-01T05:00:00+03:00,2026-07-01T05:00:00+03:00,3450.0
2026-07-01T06:00:00+03:00,2026-07-01T06:00:00+03:00,1909.99
2026-07-01T07:00:00+03:00,2026-07-01T07:00:00+03:00,370.0
2026-07-01T08:00:00+03:00,2026-07-01T08:00:00+03:00,699.99
2026-07-01T09:00:00+03:00,2026-07-01T09:00:00+03:00,3489.99
2026-07-01T10:00:00+03:00,2026-07-01T10:00:00+03:00,400.0
2026-07-01T11:00:00+03:00,2026-07-01T11:00:00+03:00,500.0
2026-07-01T12:00:00+03:00,2026-07-01T12:00:00+03:00,450.0
2026-07-01T13:00:00+03:00,2026-07-01T13:00:00+03:00,400.0
2026-07-01T14:00:00+03:00,2026-07-01T14:00:00+03:00,1000.0
2026-07-01T15:00:00+03:00,2026-07-01T15:00:00+03:00,500.0
2026-07-01T16:00:00+03:00,2026-07-01T16:00:00+03:00,3995.0
2026-07-01T17:00:00+03:00,2026-07-01T17:00:00+03:00,4400.01
2026-07-01T18:00:00+03:00,2026-07-01T18:00:00+03:00,4200.0
2026-07-01T19:00:00+03:00,2026-07-01T19:00:00+03:00,4320.0
2026-07-01T20:00:00+03:00,2026-07-01T20:00:00+03:00,4400.0
2026-07-01T21:00:00+03:00,2026-07-01T21:00:00+03:00,4450.0
2026-07-01T22:00:00+03:00,2026-07-01T22:00:00+03:00,4198.0
2026-07-01T23:00:00+03:00,2026-07-01T23:00:00+03:00,4180.0
2026-07-02T00:00:00+03:00,2026-07-02T00:00:00+03:00,3800.0
2026-07-02T01:00:00+03:00,2026-07-02T01:00:00+03:00,3450.0
2026-07-02T02:00:00+03:00,2026-07-02T02:00:00+03:00,3500.0
2026-07-02T03:00:00+03:00,2026-07-02T03:00:00+03:00,3450.0
2026-07-02T04:00:00+03:00,2026-07-02T04:00:00+03:00,3999.99
2026-07-02T05:00:00+03:00,2026-07-02T05:00:00+03:00,3999.99
2026-07-02T06:00:00+03:00,2026-07-02T06:00:00+03:00,1834.0
2026-07-02T07:00:00+03:00,2026-07-02T07:00:00+03:00,1000.0
2026-07-02T08:00:00+03:00,2026-07-02T08:00:00+03:00,1001.0
2026-07-02T09:00:00+03:00,2026-07-02T09:00:00+03:00,4048.0
2026-07-02T10:00:00+03:00,2026-07-02T10:00:00+03:00,4090.0
2026-07-02T11:00:00+03:00,2026-07-02T11:00:00+03:00,4048.0
2026-07-02T12:00:00+03:00,2026-07-02T12:00:00+03:00,3550.0
2026-07-02T13:00:00+03:00,2026-07-02T13:00:00+03:00,3500.0
2026-07-02T14:00:00+03:00,2026-07-02T14:00:00+03:00,3500.0
2026-07-02T15:00:00+03:00,2026-07-02T15:00:00+03:00,3450.0
2026-07-02T16:00:00+03:00,2026-07-02T16:00:00+03:00,3600.0
2026-07-02T17:00:00+03:00,2026-07-02T17:00:00+03:00,4180.0
2026-07-02T18:00:00+03:00,2026-07-02T18:00:00+03:00,4180.0
2026-07-02T19:00:00+03:00,2026-07-02T19:00:00+03:00,4320.0
2026-07-02T20:00:00+03:00,2026-07-02T20:00:00+03:00,4500.0
2026-07-02T21:00:00+03:00,2026-07-02T21:00:00+03:00,2555.0
2026-07-02T22:00:00+03:00,2026-07-02T22:00:00+03:00,4048.0
2026-07-02T23:00:00+03:00,2026-07-02T23:00:00+03:00,3499.4
2026-07-03T00:00:00+03:00,2026-07-03T00:00:00+03:00,3600.0
2026-07-03T01:00:00+03:00,2026-07-03T01:00:00+03:00,3101.0
2026-07-03T02:00:00+03:00,2026-07-03T02:00:00+03:00,3800.0
2026-07-03T03:00:00+03:00,2026-07-03T03:00:00+03:00,2222.0
2026-07-03T04:00:00+03:00,2026-07-03T04:00:00+03:00,1500.0
2026-07-03T05:00:00+03:00,2026-07-03T05:00:00+03:00,2001.0
2026-07-03T06:00:00+03:00,2026-07-03T06:00:00+03:00,2302.99
2026-07-03T07:00:00+03:00,2026-07-03T07:00:00+03:00,1000.0
2026-07-04T00:00:00+03:00,2026-07-04T00:00:00+03:00,3699.0
2026-07-04T01:00:00+03:00,2026-07-04T01:00:00+03:00,3699.0
2026-07-04T02:00:00+03:00,2026-07-04T02:00:00+03:00,3699.0
2026-07-04T03:00:00+03:00,2026-07-04T03:00:00+03:00,2723.66
2026-07-04T04:00:00+03:00,2026-07-04T04:00:00+03:00,2241.0
2026-07-04T05:00:00+03:00,2026-07-04T05:00:00+03:00,1389.89
2026-07-04T06:00:00+03:00,2026-07-04T06:00:00+03:00,600.0
2026-07-04T07:00:00+03:00,2026-07-04T07:00:00+03:00,2500.0
2026-07-04T08:00:00+03:00,2026-07-04T08:00:00+03:00,2277.0
2026-07-04T09:00:00+03:00,2026-07-04T09:00:00+03:00,2500.01
2026-07-04T10:00:00+03:00,2026-07-04T10:00:00+03:00,2235.63
2026-07-04T11:00:00+03:00,2026-07-04T11:00:00+03:00,2750.0
2026-07-04T12:00:00+03:00,2026-07-04T12:00:00+03:00,2235.63
2026-07-04T13:00:00+03:00,2026-07-04T13:00:00+03:00,2500.0
2026-07-04T14:00:00+03:00,2026-07-04T14:00:00+03:00,3000.0
2026-07-04T15:00:00+03:00,2026-07-04T15:00:00+03:00,2750.0
2026-07-04T16:00:00+03:00,2026-07-04T16:00:00+03:00,2032.39
2026-07-04T17:00:00+03:00,2026-07-04T17:00:00+03:00,1874.99
2026-07-04T18:00:00+03:00,2026-07-04T18:00:00+03:00,3000.0
2026-07-04T19:00:00+03:00,2026-07-04T19:00:00+03:00,4050.0
2026-07-04T20:00:00+03:00,2026-07-04T20:00:00+03:00,4377.0
2026-07-04T21:00:00+03:00,2026-07-04T21:00:00+03:00,4377.0
2026-07-04T22:00:00+03:00,2026-07-04T22:00:00+03:00,4100.0
2026-07-04T23:00:00+03:00,2026-07-04T23:00:00+03:00,4048.0
2026-07-05T00:00:00+03:00,2026-07-05T00:00:00+03:00,3400.0
2026-07-05T01:00:00+03:00,2026-07-05T01:00:00+03:00,800.0
2026-07-05T02:00:00+03:00,2026-07-05T02:00:00+03:00,600.0
2026-07-05T03:00:00+03:00,2026-07-05T03:00:00+03:00,500.0
2026-07-05T04:00:00+03:00,2026-07-05T04:00:00+03:00,500.0
2026-07-05T05:00:00+03:00,2026-07-05T05:00:00+03:00,499.99
2026-07-05T06:00:00+03:00,2026-07-05T06:00:00+03:00,1400.0
2026-07-05T07:00:00+03:00,2026-07-05T07:00:00+03:00,928.99
2026-07-05T08:00:00+03:00,2026-07-05T08:00:00+03:00,1.0
2026-07-05T09:00:00+03:00,2026-07-05T09:00:00+03:00,0.0
2026-07-05T10:00:00+03:00,2026-07-05T10:00:00+03:00,0.0
2026-07-05T11:00:00+03:00,2026-07-05T11:00:00+03:00,0.0
2026-07-05T12:00:00+03:00,2026-07-05T12:00:00+03:00,10.0
2026-07-05T13:00:00+03:00,2026-07-05T13:00:00+03:00,5.0
2026-07-05T14:00:00+03:00,2026-07-05T14:00:00+03:00,0.0
2026-07-05T15:00:00+03:00,2026-07-05T15:00:00+03:00,0.0
2026-07-05T16:00:00+03:00,2026-07-05T16:00:00+03:00,0.0
2026-07-05T17:00:00+03:00,2026-07-05T17:00:00+03:00,920.0
2026-07-05T18:00:00+03:00,2026-07-05T18:00:00+03:00,600.0
2026-07-05T19:00:00+03:00,2026-07-05T19:00:00+03:00,1899.99
2026-07-05T20:00:00+03:00,2026-07-05T20:00:00+03:00,3500.0
2026-07-05T21:00:00+03:00,2026-07-05T21:00:00+03:00,4049.0
2026-07-05T22:00:00+03:00,2026-07-05T22:00:00+03:00,3644.0
2026-07-05T23:00:00+03:00,2026-07-05T23:00:00+03:00,698.0
2026-07-06T00:00:00+03:00,2026-07-06T00:00:00+03:00,500.0
2026-07-06T01:00:00+03:00,2026-07-06T01:00:00+03:00,500.0
2026-07-06T02:00:00+03:00,2026-07-06T02:00:00+03:00,500.0
2026-07-06T03:00:00+03:00,2026-07-06T03:00:00+03:00,500.0
2026-07-06T04:00:00+03:00,2026-07-06T04:00:00+03:00,500.0
2026-07-06T05:00:00+03:00,2026-07-06T05:00:00+03:00,487.0
2026-07-06T06:00:00+03:00,2026-07-06T06:00:00+03:00,200.0
2026-07-06T07:00:00+03:00,2026-07-06T07:00:00+03:00,200.0
2026-07-06T08:00:00+03:00,2026-07-06T08:00:00+03:00,1499.0
2026-07-06T09:00:00+03:00,2026-07-06T09:00:00+03:00,500.0
2026-07-06T10:00:00+03:00,2026-07-06T10:00:00+03:00,390.0
2026-07-06T11:00:00+03:00,2026-07-06T11:00:00+03:00,400.0
2026-07-06T12:00:00+03:00,2026-07-06T12:00:00+03:00,180.0
2026-07-06T13:00:00+03:00,2026-07-06T13:00:00+03:00,500.0
2026-07-06T14:00:00+03:00,2026-07-06T14:00:00+03:00,500.0
2026-07-06T15:00:00+03:00,2026-07-06T15:00:00+03:00,3600.0
2026-07-06T16:00:00+03:00,2026-07-06T16:00:00+03:00,500.0
2026-07-06T17:00:00+03:00,2026-07-06T17:00:00+03:00,500.0
2026-07-06T18:00:00+03:00,2026-07-06T18:00:00+03:00,3784.0
2026-07-06T19:00:00+03:00,2026-07-06T19:00:00+03:00,4100.0
2026-07-06T20:00:00+03:00,2026-07-06T20:00:00+03:00,4235.0
2026-07-06T21:00:00+03:00,2026-07-06T21:00:00+03:00,4399.9
2026-07-06T22:00:00+03:00,2026-07-06T22:00:00+03:00,2501.0
2026-07-06T23:00:00+03:00,2026-07-06T23:00:00+03:00,500.0
2026-07-07T00:00:00+03:00,2026-07-07T00:00:00+03:00,500.0
2026-07-07T01:00:00+03:00,2026-07-07T01:00:00+03:00,500.0
2026-07-07T02:00:00+03:00,2026-07-07T02:00:00+03:00,1000.0
2026-07-07T03:00:00+03:00,2026-07-07T03:00:00+03:00,1000.0
2026-07-07T04:00:00+03:00,2026-07-07T04:00:00+03:00,1450.0
2026-07-07T05:00:00+03:00,2026-07-07T05:00:00+03:00,500.0
2026-07-07T06:00:00+03:00,2026-07-07T06:00:00+03:00,500.0
2026-07-07T07:00:00+03:00,2026-07-07T07:00:00+03:00,200.0
2026-07-07T08:00:00+03:00,2026-07-07T08:00:00+03:00,490.0
2026-07-07T09:00:00+03:00,2026-07-07T09:00:00+03:00,390.0
2026-07-07T10:00:00+03:00,2026-07-07T10:00:00+03:00,750.0
2026-07-07T11:00:00+03:00,2026-07-07T11:00:00+03:00,900.0
2026-07-07T12:00:00+03:00,2026-07-07T12:00:00+03:00,780.0
2026-07-07T13:00:00+03:00,2026-07-07T13:00:00+03:00,1049.98
2026-07-07T14:00:00+03:00,2026-07-07T14:00:00+03:00,2500.0
2026-07-07T15:00:00+03:00,2026-07-07T15:00:00+03:00,800.0
2026-07-07T16:00:00+03:00,2026-07-07T16:00:00+03:00,3500.0
2026-07-07T17:00:00+03:00,2026-07-07T17:00:00+03:00,4029.0
2026-07-07T18:00:00+03:00,2026-07-07T18:00:00+03:00,4100.0
2026-07-07T19:00:00+03:00,2026-07-07T19:00:00+03:00,4100.0
2026-07-07T20:00:00+03:00,2026-07-07T20:00:00+03:00,4245.0
2026-07-07T21:00:00+03:00,2026-07-07T21:00:00+03:00,4435.01
2026-07-07T22:00:00+03:00,2026-07-07T22:00:00+03:00,4000.0
2026-07-07T23:00:00+03:00,2026-07-07T23:00:00+03:00,3500.0
2026-07-08T00:00:00+03:00,2026-07-08T00:00:00+03:00,3740.0
2026-07-08T01:00:00+03:00,2026-07-08T01:00:00+03:00,3740.0
2026-07-08T02:00:00+03:00,2026-07-08T02:00:00+03:00,3740.0
2026-07-08T03:00:00+03:00,2026-07-08T03:00:00+03:00,3740.0
2026-07-08T04:00:00+03:00,2026-07-08T04:00:00+03:00,3718.0
2026-07-08T05:00:00+03:00,2026-07-08T05:00:00+03:00,3000.01
2026-07-08T06:00:00+03:00,2026-07-08T06:00:00+03:00,3000.0
2026-07-08T07:00:00+03:00,2026-07-08T07:00:00+03:00,1000.0
2026-07-08T08:00:00+03:00,2026-07-08T08:00:00+03:00,4018.0
2026-07-08T09:00:00+03:00,2026-07-08T09:00:00+03:00,3972.58
2026-07-08T10:00:00+03:00,2026-07-08T10:00:00+03:00,2500.0
2026-07-08T11:00:00+03:00,2026-07-08T11:00:00+03:00,2500.0
2026-07-08T12:00:00+03:00,2026-07-08T12:00:00+03:00,773.0
2026-07-08T13:00:00+03:00,2026-07-08T13:00:00+03:00,2500.01
2026-07-08T14:00:00+03:00,2026-07-08T14:00:00+03:00,4000.0
2026-07-08T15:00:00+03:00,2026-07-08T15:00:00+03:00,3500.0
2026-07-08T16:00:00+03:00,2026-07-08T16:00:00+03:00,3750.0
2026-07-08T17:00:00+03:00,2026-07-08T17:00:00+03:00,4457.0
2026-07-08T18:00:00+03:00,2026-07-08T18:00:00+03:00,4457.0
2026-07-08T19:00:00+03:00,2026-07-08T19:00:00+03:00,4497.2
2026-07-08T20:00:00+03:00,2026-07-08T20:00:00+03:00,4499.0
2026-07-08T21:00:00+03:00,2026-07-08T21:00:00+03:00,4500.0
2026-07-08T22:00:00+03:00,2026-07-08T22:00:00+03:00,4497.0
2026-07-08T23:00:00+03:00,2026-07-08T23:00:00+03:00,4457.0
2026-07-09T00:00:00+03:00,2026-07-09T00:00:00+03:00,4097.0
2026-07-09T01:00:00+03:00,2026-07-09T01:00:00+03:00,4000.0
2026-07-09T02:00:00+03:00,2026-07-09T02:00:00+03:00,3719.0
2026-07-09T03:00:00+03:00,2026-07-09T03:00:00+03:00,3500.0
2026-07-09T04:00:00+03:00,2026-07-09T04:00:00+03:00,4000.0
2026-07-09T05:00:00+03:00,2026-07-09T05:00:00+03:00,3613.15
2026-07-09T06:00:00+03:00,2026-07-09T06:00:00+03:00,3497.18
2026-07-09T07:00:00+03:00,2026-07-09T07:00:00+03:00,600.0
2026-07-09T08:00:00+03:00,2026-07-09T08:00:00+03:00,3336.04
2026-07-09T09:00:00+03:00,2026-07-09T09:00:00+03:00,3500.0
2026-07-09T10:00:00+03:00,2026-07-09T10:00:00+03:00,590.0
2026-07-09T11:00:00+03:00,2026-07-09T11:00:00+03:00,590.0
2026-07-09T12:00:00+03:00,2026-07-09T12:00:00+03:00,450.0
2026-07-09T13:00:00+03:00,2026-07-09T13:00:00+03:00,3500.0
2026-07-09T14:00:00+03:00,2026-07-09T14:00:00+03:00,4019.0
2026-07-09T15:00:00+03:00,2026-07-09T15:00:00+03:00,3800.0
2026-07-09T16:00:00+03:00,2026-07-09T16:00:00+03:00,3750.0
2026-07-09T17:00:00+03:00,2026-07-09T17:00:00+03:00,2850.0
2026-07-09T18:00:00+03:00,2026-07-09T18:00:00+03:00,3700.0
2026-07-09T19:00:00+03:00,2026-07-09T19:00:00+03:00,4477.0
2026-07-09T20:00:00+03:00,2026-07-09T20:00:00+03:00,4497.6
2026-07-09T21:00:00+03:00,2026-07-09T21:00:00+03:00,4498.0
2026-07-09T22:00:00+03:00,2026-07-09T22:00:00+03:00,4421.0
2026-07-09T23:00:00+03:00,2026-07-09T23:00:00+03:00,3990.0
2026-07-10T00:00:00+03:00,2026-07-10T00:00:00+03:00,2770.0
2026-07-10T01:00:00+03:00,2026-07-10T01:00:00+03:00,2663.18
2026-07-10T02:00:00+03:00,2026-07-10T02:00:00+03:00,2501.0
2026-07-10T03:00:00+03:00,2026-07-10T03:00:00+03:00,2500.0
2026-07-10T04:00:00+03:00,2026-07-10T04:00:00+03:00,2501.0
2026-07-10T05:00:00+03:00,2026-07-10T05:00:00+03:00,3405.0
2026-07-10T06:00:00+03:00,2026-07-10T06:00:00+03:00,3200.0
2026-07-10T07:00:00+03:00,2026-07-10T07:00:00+03:00,2900.01
2026-07-10T08:00:00+03:00,2026-07-10T08:00:00+03:00,3932.88
2026-07-10T09:00:00+03:00,2026-07-10T09:00:00+03:00,3796.0
2026-07-10T10:00:00+03:00,2026-07-10T10:00:00+03:00,3200.0
2026-07-10T11:00:00+03:00,2026-07-10T11:00:00+03:00,900.0
2026-07-10T12:00:00+03:00,2026-07-10T12:00:00+03:00,200.0
2026-07-10T13:00:00+03:00,2026-07-10T13:00:00+03:00,500.0
2026-07-10T14:00:00+03:00,2026-07-10T14:00:00+03:00,3795.0
2026-07-10T15:00:00+03:00,2026-07-10T15:00:00+03:00,3795.0
2026-07-10T16:00:00+03:00,2026-07-10T16:00:00+03:00,3796.0
2026-07-10T17:00:00+03:00,2026-07-10T17:00:00+03:00,3000.0
2026-07-10T18:00:00+03:00,2026-07-10T18:00:00+03:00,3740.0
2026-07-10T19:00:00+03:00,2026-07-10T19:00:00+03:00,4070.0
2026-07-10T20:00:00+03:00,2026-07-10T20:00:00+03:00,4295.0
2026-07-10T21:00:00+03:00,2026-07-10T21:00:00+03:00,4022.0
2026-07-10T22:00:00+03:00,2026-07-10T22:00:00+03:00,3500.0
2026-07-10T23:00:00+03:00,2026-07-10T23:00:00+03:00,3500.0
2026-07-11T00:00:00+03:00,2026-07-11T00:00:00+03:00,4400.0
2026-07-11T01:00:00+03:00,2026-07-11T01:00:00+03:00,3075.0
2026-07-11T02:00:00+03:00,2026-07-11T02:00:00+03:00,3977.0
2026-07-11T03:00:00+03:00,2026-07-11T03:00:00+03:00,3796.0
2026-07-11T04:00:00+03:00,2026-07-11T04:00:00+03:00,3795.0
2026-07-11T05:00:00+03:00,2026-07-11T05:00:00+03:00,3499.0
2026-07-11T06:00:00+03:00,2026-07-11T06:00:00+03:00,2800.01
2026-07-11T07:00:00+03:00,2026-07-11T07:00:00+03:00,2039.47
2026-07-11T08:00:00+03:00,2026-07-11T08:00:00+03:00,600.0
2026-07-11T09:00:00+03:00,2026-07-11T09:00:00+03:00,2039.47
2026-07-11T10:00:00+03:00,2026-07-11T10:00:00+03:00,500.0
2026-07-11T11:00:00+03:00,2026-07-11T11:00:00+03:00,0.4
2026-07-11T12:00:00+03:00,2026-07-11T12:00:00+03:00,0.0
2026-07-11T13:00:00+03:00,2026-07-11T13:00:00+03:00,1.0
2026-07-11T14:00:00+03:00,2026-07-11T14:00:00+03:00,1.99
2026-07-11T15:00:00+03:00,2026-07-11T15:00:00+03:00,2.0
2026-07-11T16:00:00+03:00,2026-07-11T16:00:00+03:00,600.0
2026-07-11T17:00:00+03:00,2026-07-11T17:00:00+03:00,900.0
2026-07-11T18:00:00+03:00,2026-07-11T18:00:00+03:00,3796.0
2026-07-11T19:00:00+03:00,2026-07-11T19:00:00+03:00,4070.0
2026-07-11T20:00:00+03:00,2026-07-11T20:00:00+03:00,4500.0
2026-07-11T21:00:00+03:00,2026-07-11T21:00:00+03:00,4497.6
2026-07-11T22:00:00+03:00,2026-07-11T22:00:00+03:00,4070.0
2026-07-11T23:00:00+03:00,2026-07-11T23:00:00+03:00,3795.0
2026-07-12T00:00:00+03:00,2026-07-12T00:00:00+03:00,3800.0
2026-07-12T01:00:00+03:00,2026-07-12T01:00:00+03:00,3750.0
2026-07-12T02:00:00+03:00,2026-07-12T02:00:00+03:00,3075.0
2026-07-12T03:00:00+03:00,2026-07-12T03:00:00+03:00,2111.0
2026-07-12T04:00:00+03:00,2026-07-12T04:00:00+03:00,2824.89
2026-07-12T05:00:00+03:00,2026-07-12T05:00:00+03:00,890.0
2026-07-12T06:00:00+03:00,2026-07-12T06:00:00+03:00,900.0
2026-07-12T07:00:00+03:00,2026-07-12T07:00:00+03:00,0.0
2026-07-12T08:00:00+03:00,2026-07-12T08:00:00+03:00,0.0
2026-07-12T09:00:00+03:00,2026-07-12T09:00:00+03:00,0.0
2026-07-12T10:00:00+03:00,2026-07-12T10:00:00+03:00,0.0
2026-07-12T11:00:00+03:00,2026-07-12T11:00:00+03:00,0.0
2026-07-12T12:00:00+03:00,2026-07-12T12:00:00+03:00,0.0
2026-07-12T13:00:00+03:00,2026-07-12T13:00:00+03:00,0.0
2026-07-12T14:00:00+03:00,2026-07-12T14:00:00+03:00,0.0
2026-07-12T15:00:00+03:00,2026-07-12T15:00:00+03:00,0.0
2026-07-12T16:00:00+03:00,2026-07-12T16:00:00+03:00,0.0
2026-07-12T17:00:00+03:00,2026-07-12T17:00:00+03:00,1200.0
2026-07-12T18:00:00+03:00,2026-07-12T18:00:00+03:00,3000.0
2026-07-12T19:00:00+03:00,2026-07-12T19:00:00+03:00,4070.0
2026-07-12T20:00:00+03:00,2026-07-12T20:00:00+03:00,4140.0
2026-07-12T21:00:00+03:00,2026-07-12T21:00:00+03:00,4151.0
2026-07-12T22:00:00+03:00,2026-07-12T22:00:00+03:00,3075.0
2026-07-12T23:00:00+03:00,2026-07-12T23:00:00+03:00,3475.0
2026-07-13T00:00:00+03:00,2026-07-13T00:00:00+03:00,3600.0
2026-07-13T01:00:00+03:00,2026-07-13T01:00:00+03:00,3600.0
2026-07-13T02:00:00+03:00,2026-07-13T02:00:00+03:00,2800.48
2026-07-13T03:00:00+03:00,2026-07-13T03:00:00+03:00,3400.0
2026-07-13T04:00:00+03:00,2026-07-13T04:00:00+03:00,900.0
2026-07-13T05:00:00+03:00,2026-07-13T05:00:00+03:00,500.0
2026-07-13T06:00:00+03:00,2026-07-13T06:00:00+03:00,500.0
2026-07-13T07:00:00+03:00,2026-07-13T07:00:00+03:00,2.0
2026-07-13T08:00:00+03:00,2026-07-13T08:00:00+03:00,2199.01
2026-07-13T09:00:00+03:00,2026-07-13T09:00:00+03:00,2445.0
2026-07-13T10:00:00+03:00,2026-07-13T10:00:00+03:00,1976.0
2026-07-13T11:00:00+03:00,2026-07-13T11:00:00+03:00,2400.0
2026-07-13T12:00:00+03:00,2026-07-13T12:00:00+03:00,2100.0
2026-07-13T13:00:00+03:00,2026-07-13T13:00:00+03:00,2400.01
2026-07-13T14:00:00+03:00,2026-07-13T14:00:00+03:00,3600.0
2026-07-13T15:00:00+03:00,2026-07-13T15:00:00+03:00,3600.0
2026-07-13T16:00:00+03:00,2026-07-13T16:00:00+03:00,3795.0
2026-07-13T17:00:00+03:00,2026-07-13T17:00:00+03:00,3795.0
2026-07-13T18:00:00+03:00,2026-07-13T18:00:00+03:00,3700.0
2026-07-13T19:00:00+03:00,2026-07-13T19:00:00+03:00,4497.2
2026-07-13T20:00:00+03:00,2026-07-13T20:00:00+03:00,4500.0
2026-07-13T21:00:00+03:00,2026-07-13T21:00:00+03:00,4498.44
2026-07-13T22:00:00+03:00,2026-07-13T22:00:00+03:00,4477.0
2026-07-13T23:00:00+03:00,2026-07-13T23:00:00+03:00,3884.0
2026-07-14T00:00:00+03:00,2026-07-14T00:00:00+03:00,4000.0
2026-07-14T01:00:00+03:00,2026-07-14T01:00:00+03:00,3650.0
2026-07-14T02:00:00+03:00,2026-07-14T02:00:00+03:00,2060.75
2026-07-14T03:00:00+03:00,2026-07-14T03:00:00+03:00,2500.0
2026-07-14T04:00:00+03:00,2026-07-14T04:00:00+03:00,1434.0
2026-07-14T05:00:00+03:00,2026-07-14T05:00:00+03:00,900.0
2026-07-14T06:00:00+03:00,2026-07-14T06:00:00+03:00,590.0
2026-07-14T07:00:00+03:00,2026-07-14T07:00:00+03:00,2000.0
2026-07-14T08:00:00+03:00,2026-07-14T08:00:00+03:00,2400.0
2026-07-14T09:00:00+03:00,2026-07-14T09:00:00+03:00,2400.0
2026-07-14T10:00:00+03:00,2026-07-14T10:00:00+03:00,2000.0
2026-07-14T11:00:00+03:00,2026-07-14T11:00:00+03:00,2000.0
2026-07-14T12:00:00+03:00,2026-07-14T12:00:00+03:00,324.99
2026-07-14T13:00:00+03:00,2026-07-14T13:00:00+03:00,1400.0
2026-07-14T14:00:00+03:00,2026-07-14T14:00:00+03:00,2140.39
2026-07-14T15:00:00+03:00,2026-07-14T15:00:00+03:00,1650.0
2026-07-14T16:00:00+03:00,2026-07-14T16:00:00+03:00,2400.0
2026-07-14T17:00:00+03:00,2026-07-14T17:00:00+03:00,3698.0
2026-07-14T18:00:00+03:00,2026-07-14T18:00:00+03:00,3699.0
2026-07-14T19:00:00+03:00,2026-07-14T19:00:00+03:00,3698.0
2026-07-14T20:00:00+03:00,2026-07-14T20:00:00+03:00,4356.0
2026-07-14T21:00:00+03:00,2026-07-14T21:00:00+03:00,4400.0
2026-07-14T22:00:00+03:00,2026-07-14T22:00:00+03:00,3599.99
2026-07-14T23:00:00+03:00,2026-07-14T23:00:00+03:00,2800.0
2026-07-15T00:00:00+03:00,2026-07-15T00:00:00+03:00,3700.0
2026-07-15T01:00:00+03:00,2026-07-15T01:00:00+03:00,3700.0
2026-07-15T02:00:00+03:00,2026-07-15T02:00:00+03:00,3700.0
2026-07-15T03:00:00+03:00,2026-07-15T03:00:00+03:00,3729.0
2026-07-15T04:00:00+03:00,2026-07-15T04:00:00+03:00,3729.0
2026-07-15T05:00:00+03:00,2026-07-15T05:00:00+03:00,3729.0
2026-07-15T06:00:00+03:00,2026-07-15T06:00:00+03:00,3550.0
2026-07-15T07:00:00+03:00,2026-07-15T07:00:00+03:00,2110.0
2026-07-15T08:00:00+03:00,2026-07-15T08:00:00+03:00,900.98
2026-07-15T09:00:00+03:00,2026-07-15T09:00:00+03:00,900.97
2026-07-15T10:00:00+03:00,2026-07-15T10:00:00+03:00,500.0
2026-07-15T11:00:00+03:00,2026-07-15T11:00:00+03:00,2.0
2026-07-15T12:00:00+03:00,2026-07-15T12:00:00+03:00,0.1
2026-07-15T13:00:00+03:00,2026-07-15T13:00:00+03:00,1274.0
2026-07-15T14:00:00+03:00,2026-07-15T14:00:00+03:00,2300.01
2026-07-15T15:00:00+03:00,2026-07-15T15:00:00+03:00,2445.0
2026-07-15T16:00:00+03:00,2026-07-15T16:00:00+03:00,800.0
2026-07-15T17:00:00+03:00,2026-07-15T17:00:00+03:00,2445.0
2026-07-15T18:00:00+03:00,2026-07-15T18:00:00+03:00,3984.0
2026-07-15T19:00:00+03:00,2026-07-15T19:00:00+03:00,3999.0
2026-07-15T20:00:00+03:00,2026-07-15T20:00:00+03:00,4010.0
2026-07-15T21:00:00+03:00,2026-07-15T21:00:00+03:00,4166.0
2026-07-15T22:00:00+03:00,2026-07-15T22:00:00+03:00,3999.0
2026-07-15T23:00:00+03:00,2026-07-15T23:00:00+03:00,3729.0
2026-07-16T00:00:00+03:00,2026-07-16T00:00:00+03:00,3860.01
2026-07-16T01:00:00+03:00,2026-07-16T01:00:00+03:00,2700.0
2026-07-16T02:00:00+03:00,2026-07-16T02:00:00+03:00,2600.0
2026-07-16T03:00:00+03:00,2026-07-16T03:00:00+03:00,2600.0
2026-07-16T04:00:00+03:00,2026-07-16T04:00:00+03:00,2646.23
2026-07-16T05:00:00+03:00,2026-07-16T05:00:00+03:00,2559.4
2026-07-16T06:00:00+03:00,2026-07-16T06:00:00+03:00,1000.0
2026-07-17T00:00:00+03:00,2026-07-17T00:00:00+03:00,4497.0
2026-07-17T01:00:00+03:00,2026-07-17T01:00:00+03:00,4000.0
2026-07-17T02:00:00+03:00,2026-07-17T02:00:00+03:00,3650.0
2026-07-17T03:00:00+03:00,2026-07-17T03:00:00+03:00,3651.0
2026-07-17T04:00:00+03:00,2026-07-17T04:00:00+03:00,900.0
2026-07-17T05:00:00+03:00,2026-07-17T05:00:00+03:00,1402.0
2026-07-17T06:00:00+03:00,2026-07-17T06:00:00+03:00,600.0
2026-07-17T07:00:00+03:00,2026-07-17T07:00:00+03:00,900.0
2026-07-17T08:00:00+03:00,2026-07-17T08:00:00+03:00,2700.0
2026-07-17T09:00:00+03:00,2026-07-17T09:00:00+03:00,2600.0
2026-07-17T10:00:00+03:00,2026-07-17T10:00:00+03:00,600.0
2026-07-17T11:00:00+03:00,2026-07-17T11:00:00+03:00,600.0
2026-07-17T12:00:00+03:00,2026-07-17T12:00:00+03:00,298.0
2026-07-17T13:00:00+03:00,2026-07-17T13:00:00+03:00,298.0
2026-07-17T14:00:00+03:00,2026-07-17T14:00:00+03:00,2731.0
2026-07-17T15:00:00+03:00,2026-07-17T15:00:00+03:00,400.0
2026-07-17T16:00:00+03:00,2026-07-17T16:00:00+03:00,590.0
2026-07-17T17:00:00+03:00,2026-07-17T17:00:00+03:00,3650.0
2026-07-17T18:00:00+03:00,2026-07-17T18:00:00+03:00,1936.0
2026-07-17T19:00:00+03:00,2026-07-17T19:00:00+03:00,4497.0
2026-07-17T20:00:00+03:00,2026-07-17T20:00:00+03:00,4497.2
2026-07-17T21:00:00+03:00,2026-07-17T21:00:00+03:00,4497.0
2026-07-17T22:00:00+03:00,2026-07-17T22:00:00+03:00,4497.0
2026-07-17T23:00:00+03:00,2026-07-17T23:00:00+03:00,4496.0
2026-07-18T00:00:00+03:00,2026-07-18T00:00:00+03:00,4333.0
2026-07-18T01:00:00+03:00,2026-07-18T01:00:00+03:00,3900.0
2026-07-18T02:00:00+03:00,2026-07-18T02:00:00+03:00,3550.0
2026-07-18T03:00:00+03:00,2026-07-18T03:00:00+03:00,3450.0
2026-07-18T04:00:00+03:00,2026-07-18T04:00:00+03:00,3500.0
2026-07-18T05:00:00+03:00,2026-07-18T05:00:00+03:00,3400.0
2026-07-18T06:00:00+03:00,2026-07-18T06:00:00+03:00,3400.0
2026-07-18T07:00:00+03:00,2026-07-18T07:00:00+03:00,400.0
2026-07-18T08:00:00+03:00,2026-07-18T08:00:00+03:00,600.0
2026-07-18T09:00:00+03:00,2026-07-18T09:00:00+03:00,600.0
2026-07-18T10:00:00+03:00,2026-07-18T10:00:00+03:00,400.0
2026-07-18T11:00:00+03:00,2026-07-18T11:00:00+03:00,350.0
2026-07-18T12:00:00+03:00,2026-07-18T12:00:00+03:00,2.0
2026-07-18T13:00:00+03:00,2026-07-18T13:00:00+03:00,2077.0
2026-07-18T14:00:00+03:00,2026-07-18T14:00:00+03:00,2146.71
2026-07-18T15:00:00+03:00,2026-07-18T15:00:00+03:00,2146.71
2026-07-18T16:00:00+03:00,2026-07-18T16:00:00+03:00,700.0
2026-07-18T17:00:00+03:00,2026-07-18T17:00:00+03:00,3400.0
2026-07-18T18:00:00+03:00,2026-07-18T18:00:00+03:00,3750.0
2026-07-18T19:00:00+03:00,2026-07-18T19:00:00+03:00,4498.1
2026-07-18T20:00:00+03:00,2026-07-18T20:00:00+03:00,4498.1
2026-07-18T21:00:00+03:00,2026-07-18T21:00:00+03:00,4497.2
2026-07-18T22:00:00+03:00,2026-07-18T22:00:00+03:00,4333.0
2026-07-18T23:00:00+03:00,2026-07-18T23:00:00+03:00,3497.82
2026-07-19T00:00:00+03:00,2026-07-19T00:00:00+03:00,3600.0
2026-07-19T01:00:00+03:00,2026-07-19T01:00:00+03:00,3600.0
2026-07-19T02:00:00+03:00,2026-07-19T02:00:00+03:00,3023.6
2026-07-19T03:00:00+03:00,2026-07-19T03:00:00+03:00,3650.0
2026-07-19T04:00:00+03:00,2026-07-19T04:00:00+03:00,3600.0
2026-07-19T05:00:00+03:00,2026-07-19T05:00:00+03:00,3500.0
2026-07-19T06:00:00+03:00,2026-07-19T06:00:00+03:00,3250.01
2026-07-19T07:00:00+03:00,2026-07-19T07:00:00+03:00,1243.88
2026-07-19T08:00:00+03:00,2026-07-19T08:00:00+03:00,5.0
2026-07-19T09:00:00+03:00,2026-07-19T09:00:00+03:00,1000.01
2026-07-19T10:00:00+03:00,2026-07-19T10:00:00+03:00,656.01
2026-07-19T11:00:00+03:00,2026-07-19T11:00:00+03:00,500.0
2026-07-19T12:00:00+03:00,2026-07-19T12:00:00+03:00,499.88
2026-07-19T13:00:00+03:00,2026-07-19T13:00:00+03:00,100.0
2026-07-19T14:00:00+03:00,2026-07-19T14:00:00+03:00,2.0
2026-07-19T15:00:00+03:00,2026-07-19T15:00:00+03:00,125.01
2026-07-19T16:00:00+03:00,2026-07-19T16:00:00+03:00,2445.0
2026-07-19T17:00:00+03:00,2026-07-19T17:00:00+03:00,2898.88
2026-07-19T18:00:00+03:00,2026-07-19T18:00:00+03:00,4333.0
2026-07-19T19:00:00+03:00,2026-07-19T19:00:00+03:00,3899.0
2026-07-19T20:00:00+03:00,2026-07-19T20:00:00+03:00,4300.0
2026-07-19T21:00:00+03:00,2026-07-19T21:00:00+03:00,4497.2
2026-07-19T22:00:00+03:00,2026-07-19T22:00:00+03:00,4400.0
2026-07-19T23:00:00+03:00,2026-07-19T23:00:00+03:00,3777.01
2026-07-20T00:00:00+03:00,2026-07-20T00:00:00+03:00,3803.54
2026-07-20T01:00:00+03:00,2026-07-20T01:00:00+03:00,4088.0
2026-07-20T02:00:00+03:00,2026-07-20T02:00:00+03:00,3389.0
2026-07-20T03:00:00+03:00,2026-07-20T03:00:00+03:00,3099.48
2026-07-20T04:00:00+03:00,2026-07-20T04:00:00+03:00,2222.0
2026-07-20T05:00:00+03:00,2026-07-20T05:00:00+03:00,2525.01
2026-07-20T06:00:00+03:00,2026-07-20T06:00:00+03:00,2125.99
2026-07-20T07:00:00+03:00,2026-07-20T07:00:00+03:00,600.0
2026-07-20T08:00:00+03:00,2026-07-20T08:00:00+03:00,3300.0
2026-07-20T09:00:00+03:00,2026-07-20T09:00:00+03:00,3451.0
2026-07-20T10:00:00+03:00,2026-07-20T10:00:00+03:00,3650.0
2026-07-20T11:00:00+03:00,2026-07-20T11:00:00+03:00,3650.0
2026-07-20T12:00:00+03:00,2026-07-20T12:00:00+03:00,2000.0
2026-07-20T13:00:00+03:00,2026-07-20T13:00:00+03:00,3650.0
2026-07-20T14:00:00+03:00,2026-07-20T14:00:00+03:00,4150.0
2026-07-20T15:00:00+03:00,2026-07-20T15:00:00+03:00,4100.0
2026-07-20T16:00:00+03:00,2026-07-20T16:00:00+03:00,4150.0
2026-07-20T17:00:00+03:00,2026-07-20T17:00:00+03:00,4200.0
2026-07-20T18:00:00+03:00,2026-07-20T18:00:00+03:00,4497.2
2026-07-20T19:00:00+03:00,2026-07-20T19:00:00+03:00,4500.0
2026-07-20T20:00:00+03:00,2026-07-20T20:00:00+03:00,4500.0
2026-07-20T21:00:00+03:00,2026-07-20T21:00:00+03:00,4500.0
2026-07-20T22:00:00+03:00,2026-07-20T22:00:00+03:00,4498.11
2026-07-20T23:00:00+03:00,2026-07-20T23:00:00+03:00,3917.0
2026-07-21T00:00:00+03:00,2026-07-21T00:00:00+03:00,3677.33
2026-07-21T01:00:00+03:00,2026-07-21T01:00:00+03:00,3677.34
2026-07-21T02:00:00+03:00,2026-07-21T02:00:00+03:00,2511.0
2026-07-21T03:00:00+03:00,2026-07-21T03:00:00+03:00,2016.0
2026-07-21T04:00:00+03:00,2026-07-21T04:00:00+03:00,2000.0
2026-07-21T05:00:00+03:00,2026-07-21T05:00:00+03:00,2511.0
2026-07-21T06:00:00+03:00,2026-07-21T06:00:00+03:00,2800.0
2026-07-21T07:00:00+03:00,2026-07-21T07:00:00+03:00,2445.0
2026-07-21T08:00:00+03:00,2026-07-21T08:00:00+03:00,3401.0
2026-07-21T09:00:00+03:00,2026-07-21T09:00:00+03:00,3401.0
2026-07-21T10:00:00+03:00,2026-07-21T10:00:00+03:00,3639.0
2026-07-21T11:00:00+03:00,2026-07-21T11:00:00+03:00,3639.0
2026-07-21T12:00:00+03:00,2026-07-21T12:00:00+03:00,3400.0
2026-07-21T13:00:00+03:00,2026-07-21T13:00:00+03:00,3535.0
2026-07-21T14:00:00+03:00,2026-07-21T14:00:00+03:00,3638.0
2026-07-21T15:00:00+03:00,2026-07-21T15:00:00+03:00,3400.0
2026-07-21T16:00:00+03:00,2026-07-21T16:00:00+03:00,3600.0
2026-07-21T17:00:00+03:00,2026-07-21T17:00:00+03:00,3900.0
2026-07-21T18:00:00+03:00,2026-07-21T18:00:00+03:00,4495.0
2026-07-21T19:00:00+03:00,2026-07-21T19:00:00+03:00,4498.53
2026-07-21T20:00:00+03:00,2026-07-21T20:00:00+03:00,4500.0
2026-07-21T21:00:00+03:00,2026-07-21T21:00:00+03:00,4500.0
2026-07-21T22:00:00+03:00,2026-07-21T22:00:00+03:00,4498.1
2026-07-21T23:00:00+03:00,2026-07-21T23:00:00+03:00,3750.0
2026-07-22T00:00:00+03:00,2026-07-22T00:00:00+03:00,3891.45
2026-07-22T01:00:00+03:00,2026-07-22T01:00:00+03:00,3602.0
2026-07-22T02:00:00+03:00,2026-07-22T02:00:00+03:00,3450.0
2026-07-22T03:00:00+03:00,2026-07-22T03:00:00+03:00,3500.0
2026-07-22T04:00:00+03:00,2026-07-22T04:00:00+03:00,3902.0
2026-07-22T05:00:00+03:00,2026-07-22T05:00:00+03:00,3557.0
2026-07-22T06:00:00+03:00,2026-07-22T06:00:00+03:00,3965.0
2026-07-22T07:00:00+03:00,2026-07-22T07:00:00+03:00,2117.71
2026-07-22T08:00:00+03:00,2026-07-22T08:00:00+03:00,3740.0
2026-07-22T09:00:00+03:00,2026-07-22T09:00:00+03:00,3797.0
2026-07-22T10:00:00+03:00,2026-07-22T10:00:00+03:00,3250.0
2026-07-22T11:00:00+03:00,2026-07-22T11:00:00+03:00,3450.0
2026-07-22T12:00:00+03:00,2026-07-22T12:00:00+03:00,1000.0
2026-07-22T13:00:00+03:00,2026-07-22T13:00:00+03:00,2882.0
2026-07-22T14:00:00+03:00,2026-07-22T14:00:00+03:00,3638.0
2026-07-22T15:00:00+03:00,2026-07-22T15:00:00+03:00,3550.0
2026-07-22T16:00:00+03:00,2026-07-22T16:00:00+03:00,4180.0
2026-07-22T17:00:00+03:00,2026-07-22T17:00:00+03:00,4497.6
2026-07-22T18:00:00+03:00,2026-07-22T18:00:00+03:00,3915.27
2026-07-22T19:00:00+03:00,2026-07-22T19:00:00+03:00,4499.78
2026-07-22T20:00:00+03:00,2026-07-22T20:00:00+03:00,4500.0
2026-07-22T21:00:00+03:00,2026-07-22T21:00:00+03:00,4500.0
2026-07-22T22:00:00+03:00,2026-07-22T22:00:00+03:00,3033.0
2026-07-22T23:00:00+03:00,2026-07-22T23:00:00+03:00,3452.0
2026-07-23T00:00:00+03:00,2026-07-23T00:00:00+03:00,4001.0
2026-07-23T01:00:00+03:00,2026-07-23T01:00:00+03:00,3501.0
2026-07-23T02:00:00+03:00,2026-07-23T02:00:00+03:00,3000.01
2026-07-23T03:00:00+03:00,2026-07-23T03:00:00+03:00,3500.0
2026-07-23T04:00:00+03:00,2026-07-23T04:00:00+03:00,3036.0
2026-07-23T05:00:00+03:00,2026-07-23T05:00:00+03:00,3036.0
2026-07-23T06:00:00+03:00,2026-07-23T06:00:00+03:00,3400.0
2026-07-25T00:00:00+03:00,2026-07-25T00:00:00+03:00,890.0
2026-07-25T01:00:00+03:00,2026-07-25T01:00:00+03:00,3249.01
2026-07-25T02:00:00+03:00,2026-07-25T02:00:00+03:00,3483.45
2026-07-25T03:00:00+03:00,2026-07-25T03:00:00+03:00,1869.0
2026-07-25T04:00:00+03:00,2026-07-25T04:00:00+03:00,890.0
2026-07-25T05:00:00+03:00,2026-07-25T05:00:00+03:00,890.0
2026-07-25T06:00:00+03:00,2026-07-25T06:00:00+03:00,700.0
2026-07-25T07:00:00+03:00,2026-07-25T07:00:00+03:00,600.0
2026-07-25T08:00:00+03:00,2026-07-25T08:00:00+03:00,200.0
2026-07-25T09:00:00+03:00,2026-07-25T09:00:00+03:00,1.6
2026-07-25T10:00:00+03:00,2026-07-25T10:00:00+03:00,0.3
2026-07-25T11:00:00+03:00,2026-07-25T11:00:00+03:00,1.4
2026-07-25T12:00:00+03:00,2026-07-25T12:00:00+03:00,1.4
2026-07-25T13:00:00+03:00,2026-07-25T13:00:00+03:00,800.0
2026-07-25T14:00:00+03:00,2026-07-25T14:00:00+03:00,1.0
2026-07-25T15:00:00+03:00,2026-07-25T15:00:00+03:00,0.98
2026-07-25T16:00:00+03:00,2026-07-25T16:00:00+03:00,1.59
2026-07-25T17:00:00+03:00,2026-07-25T17:00:00+03:00,590.0
2026-07-25T18:00:00+03:00,2026-07-25T18:00:00+03:00,700.0
2026-07-25T19:00:00+03:00,2026-07-25T19:00:00+03:00,2200.0
2026-07-25T20:00:00+03:00,2026-07-25T20:00:00+03:00,3990.01
2026-07-25T21:00:00+03:00,2026-07-25T21:00:00+03:00,3298.0
2026-07-25T22:00:00+03:00,2026-07-25T22:00:00+03:00,3036.0
2026-07-25T23:00:00+03:00,2026-07-25T23:00:00+03:00,1231.0
2026-07-26T00:00:00+03:00,2026-07-26T00:00:00+03:00,900.0
2026-07-26T01:00:00+03:00,2026-07-26T01:00:00+03:00,2057.0
2026-07-26T02:00:00+03:00,2026-07-26T02:00:00+03:00,1910.0
2026-07-26T03:00:00+03:00,2026-07-26T03:00:00+03:00,900.0
2026-07-26T04:00:00+03:00,2026-07-26T04:00:00+03:00,1703.17
2026-07-26T05:00:00+03:00,2026-07-26T05:00:00+03:00,1910.0
2026-07-26T06:00:00+03:00,2026-07-26T06:00:00+03:00,1104.26
2026-07-26T07:00:00+03:00,2026-07-26T07:00:00+03:00,700.0
2026-07-26T08:00:00+03:00,2026-07-26T08:00:00+03:00,0.0
2026-07-26T09:00:00+03:00,2026-07-26T09:00:00+03:00,0.0
2026-07-26T10:00:00+03:00,2026-07-26T10:00:00+03:00,0.0
2026-07-26T11:00:00+03:00,2026-07-26T11:00:00+03:00,0.0
2026-07-26T12:00:00+03:00,2026-07-26T12:00:00+03:00,0.0
2026-07-26T13:00:00+03:00,2026-07-26T13:00:00+03:00,0.0
2026-07-26T14:00:00+03:00,2026-07-26T14:00:00+03:00,0.0
2026-07-26T15:00:00+03:00,2026-07-26T15:00:00+03:00,0.0
2026-07-26T16:00:00+03:00,2026-07-26T16:00:00+03:00,0.1
2026-07-26T17:00:00+03:00,2026-07-26T17:00:00+03:00,5.0
2026-07-26T18:00:00+03:00,2026-07-26T18:00:00+03:00,3610.0
2026-07-26T19:00:00+03:00,2026-07-26T19:00:00+03:00,3036.0
2026-07-26T20:00:00+03:00,2026-07-26T20:00:00+03:00,4044.0
2026-07-26T21:00:00+03:00,2026-07-26T21:00:00+03:00,3777.01
2026-07-26T22:00:00+03:00,2026-07-26T22:00:00+03:00,3743.0
2026-07-26T23:00:00+03:00,2026-07-26T23:00:00+03:00,2602.0
2026-07-27T00:00:00+03:00,2026-07-27T00:00:00+03:00,2300.0
2026-07-27T01:00:00+03:00,2026-07-27T01:00:00+03:00,2597.5
2026-07-27T02:00:00+03:00,2026-07-27T02:00:00+03:00,900.0
2026-07-27T03:00:00+03:00,2026-07-27T03:00:00+03:00,890.0
2026-07-27T04:00:00+03:00,2026-07-27T04:00:00+03:00,880.0
2026-07-27T05:00:00+03:00,2026-07-27T05:00:00+03:00,870.0
2026-07-27T06:00:00+03:00,2026-07-27T06:00:00+03:00,870.0
2026-07-27T07:00:00+03:00,2026-07-27T07:00:00+03:00,400.0
2026-07-27T08:00:00+03:00,2026-07-27T08:00:00+03:00,400.0
2026-07-27T09:00:00+03:00,2026-07-27T09:00:00+03:00,500.0
2026-07-27T10:00:00+03:00,2026-07-27T10:00:00+03:00,200.0
2026-07-27T11:00:00+03:00,2026-07-27T11:00:00+03:00,200.0
2026-07-27T12:00:00+03:00,2026-07-27T12:00:00+03:00,1.39
2026-07-27T13:00:00+03:00,2026-07-27T13:00:00+03:00,200.0
2026-07-27T14:00:00+03:00,2026-07-27T14:00:00+03:00,600.0
2026-07-27T15:00:00+03:00,2026-07-27T15:00:00+03:00,500.0
2026-07-27T16:00:00+03:00,2026-07-27T16:00:00+03:00,900.0
2026-07-27T17:00:00+03:00,2026-07-27T17:00:00+03:00,4249.0
2026-07-27T18:00:00+03:00,2026-07-27T18:00:00+03:00,3500.0
2026-07-27T19:00:00+03:00,2026-07-27T19:00:00+03:00,4300.0
2026-07-27T20:00:00+03:00,2026-07-27T20:00:00+03:00,4500.0
2026-07-27T21:00:00+03:00,2026-07-27T21:00:00+03:00,4500.0
2026-07-27T22:00:00+03:00,2026-07-27T22:00:00+03:00,3036.0
2026-07-27T23:00:00+03:00,2026-07-27T23:00:00+03:00,3035.01
2026-07-28T00:00:00+03:00,2026-07-28T00:00:00+03:00,2636.0
2026-07-28T01:00:00+03:00,2026-07-28T01:00:00+03:00,2754.99
2026-07-28T02:00:00+03:00,2026-07-28T02:00:00+03:00,2850.0
2026-07-28T03:00:00+03:00,2026-07-28T03:00:00+03:00,2501.0
2026-07-28T04:00:00+03:00,2026-07-28T04:00:00+03:00,1965.0
2026-07-28T05:00:00+03:00,2026-07-28T05:00:00+03:00,2501.0
2026-07-28T06:00:00+03:00,2026-07-28T06:00:00+03:00,1965.0
2026-07-28T07:00:00+03:00,2026-07-28T07:00:00+03:00,1254.99
2026-07-28T08:00:00+03:00,2026-07-28T08:00:00+03:00,2005.0
2026-07-28T09:00:00+03:00,2026-07-28T09:00:00+03:00,2275.0
2026-07-28T10:00:00+03:00,2026-07-28T10:00:00+03:00,1400.0
2026-07-28T11:00:00+03:00,2026-07-28T11:00:00+03:00,2300.0
2026-07-28T12:00:00+03:00,2026-07-28T12:00:00+03:00,2300.0
2026-07-28T13:00:00+03:00,2026-07-28T13:00:00+03:00,2500.0
2026-07-28T14:00:00+03:00,2026-07-28T14:00:00+03:00,2600.0
2026-07-28T15:00:00+03:00,2026-07-28T15:00:00+03:00,2600.0
2026-07-28T16:00:00+03:00,2026-07-28T16:00:00+03:00,2600.0
2026-07-28T17:00:00+03:00,2026-07-28T17:00:00+03:00,3700.0
2026-07-28T18:00:00+03:00,2026-07-28T18:00:00+03:00,3750.0
2026-07-28T19:00:00+03:00,2026-07-28T19:00:00+03:00,4476.0
2026-07-28T20:00:00+03:00,2026-07-28T20:00:00+03:00,4476.0
2026-07-28T21:00:00+03:00,2026-07-28T21:00:00+03:00,4250.0
2026-07-28T22:00:00+03:00,2026-07-28T22:00:00+03:00,3398.01
2026-07-28T23:00:00+03:00,2026-07-28T23:00:00+03:00,3620.0
2026-07-29T00:00:00+03:00,2026-07-29T00:00:00+03:00,3001.0
2026-07-29T01:00:00+03:00,2026-07-29T01:00:00+03:00,3000.0
2026-07-29T02:00:00+03:00,2026-07-29T02:00:00+03:00,3495.0
2026-07-29T03:00:00+03:00,2026-07-29T03:00:00+03:00,2200.0
2026-07-29T04:00:00+03:00,2026-07-29T04:00:00+03:00,2158.72
2026-07-29T05:00:00+03:00,2026-07-29T05:00:00+03:00,2158.72
2026-07-29T06:00:00+03:00,2026-07-29T06:00:00+03:00,2158.72
2026-07-29T07:00:00+03:00,2026-07-29T07:00:00+03:00,2200.0
2026-07-29T08:00:00+03:00,2026-07-29T08:00:00+03:00,2300.0
2026-07-29T09:00:00+03:00,2026-07-29T09:00:00+03:00,2158.72
2026-07-29T10:00:00+03:00,2026-07-29T10:00:00+03:00,1.6
2026-07-29T11:00:00+03:00,2026-07-29T11:00:00+03:00,1.4
2026-07-29T12:00:00+03:00,2026-07-29T12:00:00+03:00,0.0
2026-07-29T13:00:00+03:00,2026-07-29T13:00:00+03:00,0.2
2026-07-29T14:00:00+03:00,2026-07-29T14:00:00+03:00,600.0
2026-07-29T15:00:00+03:00,2026-07-29T15:00:00+03:00,1.6
2026-07-29T16:00:00+03:00,2026-07-29T16:00:00+03:00,590.0
2026-07-29T17:00:00+03:00,2026-07-29T17:00:00+03:00,2888.11
2026-07-29T18:00:00+03:00,2026-07-29T18:00:00+03:00,600.0
2026-07-29T19:00:00+03:00,2026-07-29T19:00:00+03:00,4198.0
2026-07-29T20:00:00+03:00,2026-07-29T20:00:00+03:00,4198.0
2026-07-29T21:00:00+03:00,2026-07-29T21:00:00+03:00,3050.0
2026-07-29T22:00:00+03:00,2026-07-29T22:00:00+03:00,3610.0
2026-07-29T23:00:00+03:00,2026-07-29T23:00:00+03:00,3000.0
2026-07-30T00:00:00+03:00,2026-07-30T00:00:00+03:00,3610.0
2026-07-30T01:00:00+03:00,2026-07-30T01:00:00+03:00,3000.0
2026-07-30T02:00:00+03:00,2026-07-30T02:00:00+03:00,600.0
2026-07-30T03:00:00+03:00,2026-07-30T03:00:00+03:00,600.0
2026-07-30T04:00:00+03:00,2026-07-30T04:00:00+03:00,600.0
2026-07-30T05:00:00+03:00,2026-07-30T05:00:00+03:00,600.0
2026-07-30T06:00:00+03:00,2026-07-30T06:00:00+03:00,1997.99
2026-07-30T07:00:00+03:00,2026-07-30T07:00:00+03:00,600.0
2026-07-30T08:00:00+03:00,2026-07-30T08:00:00+03:00,2200.0
2026-07-30T09:00:00+03:00,2026-07-30T09:00:00+03:00,2300.0
2026-07-30T10:00:00+03:00,2026-07-30T10:00:00+03:00,600.0
2026-07-30T11:00:00+03:00,2026-07-30T11:00:00+03:00,1.4
2026-07-30T12:00:00+03:00,2026-07-30T12:00:00+03:00,0.0
2026-07-30T13:00:00+03:00,2026-07-30T13:00:00+03:00,0.19
2026-07-30T14:00:00+03:00,2026-07-30T14:00:00+03:00,100.0
2026-07-30T15:00:00+03:00,2026-07-30T15:00:00+03:00,811.0
2026-07-30T16:00:00+03:00,2026-07-30T16:00:00+03:00,659.44
2026-07-30T17:00:00+03:00,2026-07-30T17:00:00+03:00,590.0
2026-07-30T18:00:00+03:00,2026-07-30T18:00:00+03:00,2451.0
2026-07-30T19:00:00+03:00,2026-07-30T19:00:00+03:00,4000.0
2026-07-30T20:00:00+03:00,2026-07-30T20:00:00+03:00,4199.47
2026-07-30T21:00:00+03:00,2026-07-30T21:00:00+03:00,4099.99
2026-07-30T22:00:00+03:00,2026-07-30T22:00:00+03:00,2401.55
2026-07-30T23:00:00+03:00,2026-07-30T23:00:00+03:00,900.0
2026-07-31T00:00:00+03:00,2026-07-31T00:00:00+03:00,600.0
2026-07-31T01:00:00+03:00,2026-07-31T01:00:00+03:00,600.0
2026-07-31T02:00:00+03:00,2026-07-31T02:00:00+03:00,1671.99
2026-07-31T03:00:00+03:00,2026-07-31T03:00:00+03:00,1800.01
2026-07-31T04:00:00+03:00,2026-07-31T04:00:00+03:00,1750.0
2026-07-31T05:00:00+03:00,2026-07-31T05:00:00+03:00,1350.0
2026-07-31T06:00:00+03:00,2026-07-31T06:00:00+03:00,2100.0
2026-07-31T07:00:00+03:00,2026-07-31T07:00:00+03:00,1042.0
2026-07-31T08:00:00+03:00,2026-07-31T08:00:00+03:00,2305.0
2026-07-31T09:00:00+03:00,2026-07-31T09:00:00+03:00,1999.98
2026-07-31T10:00:00+03:00,2026-07-31T10:00:00+03:00,600.0
2026-07-31T11:00:00+03:00,2026-07-31T11:00:00+03:00,2300.0
2026-07-31T12:00:00+03:00,2026-07-31T12:00:00+03:00,455.99
2026-07-31T13:00:00+03:00,2026-07-31T13:00:00+03:00,0.2
2026-07-31T14:00:00+03:00,2026-07-31T14:00:00+03:00,2400.0
2026-07-31T15:00:00+03:00,2026-07-31T15:00:00+03:00,2374.97
2026-07-31T16:00:00+03:00,2026-07-31T16:00:00+03:00,2300.0
2026-07-31T17:00:00+03:00,2026-07-31T17:00:00+03:00,2445.0
2026-07-31T18:00:00+03:00,2026-07-31T18:00:00+03:00,3000.0
2026-07-31T19:00:00+03:00,2026-07-31T19:00:00+03:00,4099.99
2026-07-31T20:00:00+03:00,2026-07-31T20:00:00+03:00,4200.01
2026-07-31T21:00:00+03:00,2026-07-31T21:00:00+03:00,3895.0
2026-07-31T22:00:00+03:00,2026-07-31T22:00:00+03:00,3500.0
2026-07-31T23:00:00+03:00,2026-07-31T23:00:00+03:00,3300.0
2026-08-01T00:00:00+03:00,2026-08-01T00:00:00+03:00,2023.6
2026-08-01T01:00:00+03:00,2026-08-01T01:00:00+03:00,900.0
2026-08-01T02:00:00+03:00,2026-08-01T02:00:00+03:00,900.0
2026-08-01T03:00:00+03:00,2026-08-01T03:00:00+03:00,900.0
2026-08-01T04:00:00+03:00,2026-08-01T04:00:00+03:00,900.0
2026-08-01T05:00:00+03:00,2026-08-01T05:00:00+03:00,600.0
2026-08-01T06:00:00+03:00,2026-08-01T06:00:00+03:00,900.0
2026-08-01T07:00:00+03:00,2026-08-01T07:00:00+03:00,600.0
2026-08-01T08:00:00+03:00,2026-08-01T08:00:00+03:00,600.0
2026-08-01T09:00:00+03:00,2026-08-01T09:00:00+03:00,2.0
2026-08-01T10:00:00+03:00,2026-08-01T10:00:00+03:00,1.4
2026-08-01T11:00:00+03:00,2026-08-01T11:00:00+03:00,0.2
2026-08-01T12:00:00+03:00,2026-08-01T12:00:00+03:00,0.0
2026-08-01T13:00:00+03:00,2026-08-01T13:00:00+03:00,0.2
2026-08-01T14:00:00+03:00,2026-08-01T14:00:00+03:00,500.0
2026-08-01T15:00:00+03:00,2026-08-01T15:00:00+03:00,200.0
2026-08-01T16:00:00+03:00,2026-08-01T16:00:00+03:00,200.0
2026-08-01T17:00:00+03:00,2026-08-01T17:00:00+03:00,600.0
2026-08-01T18:00:00+03:00,2026-08-01T18:00:00+03:00,4250.0
2026-08-01T19:00:00+03:00,2026-08-01T19:00:00+03:00,4497.2
2026-08-01T20:00:00+03:00,2026-08-01T20:00:00+03:00,4497.2
2026-08-01T21:00:00+03:00,2026-08-01T21:00:00+03:00,4477.0
2026-08-01T22:00:00+03:00,2026-08-01T22:00:00+03:00,4000.0
2026-08-01T23:00:00+03:00,2026-08-01T23:00:00+03:00,4000.0
2026-08-02T00:00:00+03:00,2026-08-02T00:00:00+03:00,4261.0
2026-08-02T01:00:00+03:00,2026-08-02T01:00:00+03:00,4198.0
2026-08-02T02:00:00+03:00,2026-08-02T02:00:00+03:00,3610.0
2026-08-02T03:00:00+03:00,2026-08-02T03:00:00+03:00,3495.0
2026-08-02T04:00:00+03:00,2026-08-02T04:00:00+03:00,3456.0
2026-08-02T05:00:00+03:00,2026-08-02T05:00:00+03:00,3610.0
2026-08-02T06:00:00+03:00,2026-08-02T06:00:00+03:00,2600.0
2026-08-02T07:00:00+03:00,2026-08-02T07:00:00+03:00,2445.0
2026-08-02T08:00:00+03:00,2026-08-02T08:00:00+03:00,590.0
2026-08-02T09:00:00+03:00,2026-08-02T09:00:00+03:00,0.0
2026-08-02T10:00:00+03:00,2026-08-02T10:00:00+03:00,0.0
2026-08-02T11:00:00+03:00,2026-08-02T11:00:00+03:00,0.0
2026-08-02T12:00:00+03:00,2026-08-02T12:00:00+03:00,0.0
2026-08-02T13:00:00+03:00,2026-08-02T13:00:00+03:00,0.0
2026-08-02T14:00:00+03:00,2026-08-02T14:00:00+03:00,0.0
2026-08-02T15:00:00+03:00,2026-08-02T15:00:00+03:00,100.0
2026-08-02T16:00:00+03:00,2026-08-02T16:00:00+03:00,500.0
2026-08-02T17:00:00+03:00,2026-08-02T17:00:00+03:00,600.0
2026-08-02T18:00:00+03:00,2026-08-02T18:00:00+03:00,4497.2
2026-08-02T19:00:00+03:00,2026-08-02T19:00:00+03:00,4497.2
2026-08-02T20:00:00+03:00,2026-08-02T20:00:00+03:00,4250.0
2026-08-02T21:00:00+03:00,2026-08-02T21:00:00+03:00,4200.0
2026-08-02T22:00:00+03:00,2026-08-02T22:00:00+03:00,3500.0
2026-08-02T23:00:00+03:00,2026-08-02T23:00:00+03:00,3397.18
2026-08-03T00:00:00+03:00,2026-08-03T00:00:00+03:00,4000.0
2026-08-03T01:00:00+03:00,2026-08-03T01:00:00+03:00,3827.0
2026-08-03T02:00:00+03:00,2026-08-03T02:00:00+03:00,3827.0
2026-08-03T03:00:00+03:00,2026-08-03T03:00:00+03:00,2801.99
2026-08-03T04:00:00+03:00,2026-08-03T04:00:00+03:00,3437.0
2026-08-03T05:00:00+03:00,2026-08-03T05:00:00+03:00,2750.0
2026-08-03T06:00:00+03:00,2026-08-03T06:00:00+03:00,2687.0
2026-08-03T07:00:00+03:00,2026-08-03T07:00:00+03:00,3400.0
2026-08-03T08:00:00+03:00,2026-08-03T08:00:00+03:00,3502.29
2026-08-03T09:00:00+03:00,2026-08-03T09:00:00+03:00,3827.0
2026-08-03T10:00:00+03:00,2026-08-03T10:00:00+03:00,2500.0
2026-08-03T11:00:00+03:00,2026-08-03T11:00:00+03:00,3788.0
2026-08-03T12:00:00+03:00,2026-08-03T12:00:00+03:00,2230.0
2026-08-03T13:00:00+03:00,2026-08-03T13:00:00+03:00,3500.0
2026-08-03T14:00:00+03:00,2026-08-03T14:00:00+03:00,3500.0
2026-08-03T15:00:00+03:00,2026-08-03T15:00:00+03:00,3623.49
2026-08-03T16:00:00+03:00,2026-08-03T16:00:00+03:00,4000.0
2026-08-03T17:00:00+03:00,2026-08-03T17:00:00+03:00,4300.0
2026-08-03T18:00:00+03:00,2026-08-03T18:00:00+03:00,4497.0
2026-08-03T19:00:00+03:00,2026-08-03T19:00:00+03:00,4500.0
2026-08-03T20:00:00+03:00,2026-08-03T20:00:00+03:00,4500.0
2026-08-03T21:00:00+03:00,2026-08-03T21:00:00+03:00,4497.2
2026-08-03T22:00:00+03:00,2026-08-03T22:00:00+03:00,3500.0
2026-08-03T23:00:00+03:00,2026-08-03T23:00:00+03:00,3036.0
2026-08-04T00:00:00+03:00,2026-08-04T00:00:00+03:00,2615.0
2026-08-04T01:00:00+03:00,2026-08-04T01:00:00+03:00,2615.0
2026-08-04T02:00:00+03:00,2026-08-04T02:00:00+03:00,3370.01
2026-08-04T03:00:00+03:00,2026-08-04T03:00:00+03:00,2501.0
2026-08-04T04:00:00+03:00,2026-08-04T04:00:00+03:00,3300.0
2026-08-04T05:00:00+03:00,2026-08-04T05:00:00+03:00,3300.0
2026-08-04T06:00:00+03:00,2026-08-04T06:00:00+03:00,3599.99
2026-08-04T07:00:00+03:00,2026-08-04T07:00:00+03:00,3610.0
2026-08-04T08:00:00+03:00,2026-08-04T08:00:00+03:00,3887.0
2026-08-04T09:00:00+03:00,2026-08-04T09:00:00+03:00,3899.99
2026-08-04T10:00:00+03:00,2026-08-04T10:00:00+03:00,3014.01
2026-08-04T11:00:00+03:00,2026-08-04T11:00:00+03:00,3333.0
2026-08-04T12:00:00+03:00,2026-08-04T12:00:00+03:00,2370.4
2026-08-04T13:00:00+03:00,2026-08-04T13:00:00+03:00,3099.99
2026-08-04T14:00:00+03:00,2026-08-04T14:00:00+03:00,3610.0
2026-08-04T15:00:00+03:00,2026-08-04T15:00:00+03:00,3573.86
2026-08-04T16:00:00+03:00,2026-08-04T16:00:00+03:00,3743.0
2026-08-04T17:00:00+03:00,2026-08-04T17:00:00+03:00,4250.0
2026-08-04T18:00:00+03:00,2026-08-04T18:00:00+03:00,4324.01
2026-08-04T19:00:00+03:00,2026-08-04T19:00:00+03:00,4394.94
2026-08-04T20:00:00+03:00,2026-08-04T20:00:00+03:00,4404.99
2026-08-04T21:00:00+03:00,2026-08-04T21:00:00+03:00,4399.0
2026-08-04T22:00:00+03:00,2026-08-04T22:00:00+03:00,3742.99
2026-08-04T23:00:00+03:00,2026-08-04T23:00:00+03:00,2615.0
2026-08-05T00:00:00+03:00,2026-08-05T00:00:00+03:00,3600.0
2026-08-05T01:00:00+03:00,2026-08-05T01:00:00+03:00,3250.01
2026-08-05T02:00:00+03:00,2026-08-05T02:00:00+03:00,3483.43
2026-08-05T03:00:00+03:00,2026-08-05T03:00:00+03:00,2650.0
2026-08-05T04:00:00+03:00,2026-08-05T04:00:00+03:00,3463.99
2026-08-05T05:00:00+03:00,2026-08-05T05:00:00+03:00,2650.0
2026-08-05T06:00:00+03:00,2026-08-05T06:00:00+03:00,2962.49
2026-08-05T07:00:00+03:00,2026-08-05T07:00:00+03:00,2600.0
2026-08-05T08:00:00+03:00,2026-08-05T08:00:00+03:00,3677.0
2026-08-05T09:00:00+03:00,2026-08-05T09:00:00+03:00,3677.0
2026-08-05T10:00:00+03:00,2026-08-05T10:00:00+03:00,2836.0
2026-08-05T11:00:00+03:00,2026-08-05T11:00:00+03:00,3000.0
2026-08-05T12:00:00+03:00,2026-08-05T12:00:00+03:00,900.0
2026-08-05T13:00:00+03:00,2026-08-05T13:00:00+03:00,3500.0
2026-08-05T14:00:00+03:00,2026-08-05T14:00:00+03:00,3610.0
2026-08-05T15:00:00+03:00,2026-08-05T15:00:00+03:00,3610.0
2026-08-05T16:00:00+03:00,2026-08-05T16:00:00+03:00,3550.0
2026-08-05T17:00:00+03:00,2026-08-05T17:00:00+03:00,4074.0
2026-08-05T18:00:00+03:00,2026-08-05T18:00:00+03:00,4100.0
2026-08-05T19:00:00+03:00,2026-08-05T19:00:00+03:00,4150.0
2026-08-05T20:00:00+03:00,2026-08-05T20:00:00+03:00,4300.01
2026-08-05T21:00:00+03:00,2026-08-05T21:00:00+03:00,4184.68
2026-08-05T22:00:00+03:00,2026-08-05T22:00:00+03:00,4100.0
2026-08-05T23:00:00+03:00,2026-08-05T23:00:00+03:00,3599.0
2026-08-06T00:00:00+03:00,2026-08-06T00:00:00+03:00,2600.0
2026-08-06T01:00:00+03:00,2026-08-06T01:00:00+03:00,2501.0
2026-08-06T02:00:00+03:00,2026-08-06T02:00:00+03:00,2501.0
2026-08-06T03:00:00+03:00,2026-08-06T03:00:00+03:00,2501.0
2026-08-06T04:00:00+03:00,2026-08-06T04:00:00+03:00,2529.99
2026-08-06T05:00:00+03:00,2026-08-06T05:00:00+03:00,3490.0
2026-08-06T06:00:00+03:00,2026-08-06T06:00:00+03:00,2599.01
2026-08-06T07:00:00+03:00,2026-08-06T07:00:00+03:00,600.0
2026-08-06T08:00:00+03:00,2026-08-06T08:00:00+03:00,3850.0
2026-08-06T09:00:00+03:00,2026-08-06T09:00:00+03:00,3800.0
2026-08-06T10:00:00+03:00,2026-08-06T10:00:00+03:00,2320.0
2026-08-06T11:00:00+03:00,2026-08-06T11:00:00+03:00,3150.0
2026-08-06T12:00:00+03:00,2026-08-06T12:00:00+03:00,600.0
2026-08-06T13:00:00+03:00,2026-08-06T13:00:00+03:00,2310.69
2026-08-06T14:00:00+03:00,2026-08-06T14:00:00+03:00,2600.0
2026-08-06T15:00:00+03:00,2026-08-06T15:00:00+03:00,1792.0
2026-08-06T16:00:00+03:00,2026-08-06T16:00:00+03:00,3036.0
2026-08-06T17:00:00+03:00,2026-08-06T17:00:00+03:00,4000.0
2026-08-06T18:00:00+03:00,2026-08-06T18:00:00+03:00,3710.0
2026-08-06T19:00:00+03:00,2026-08-06T19:00:00+03:00,4498.1
2026-08-06T20:00:00+03:00,2026-08-06T20:00:00+03:00,4498.91
2026-08-06T21:00:00+03:00,2026-08-06T21:00:00+03:00,4498.4
2026-08-06T22:00:00+03:00,2026-08-06T22:00:00+03:00,4444.0
2026-08-06T23:00:00+03:00,2026-08-06T23:00:00+03:00,4100.0
2026-08-07T00:00:00+03:00,2026-08-07T00:00:00+03:00,3650.0
2026-08-07T01:00:00+03:00,2026-08-07T01:00:00+03:00,3600.0
2026-08-07T02:00:00+03:00,2026-08-07T02:00:00+03:00,2888.0
2026-08-07T03:00:00+03:00,2026-08-07T03:00:00+03:00,3023.61
2026-08-07T04:00:00+03:00,2026-08-07T04:00:00+03:00,3467.0
2026-08-07T05:00:00+03:00,2026-08-07T05:00:00+03:00,3500.0
2026-08-08T00:00:00+03:00,2026-08-08T00:00:00+03:00,4333.0
2026-08-08T01:00:00+03:00,2026-08-08T01:00:00+03:00,4100.0
2026-08-08T02:00:00+03:00,2026-08-08T02:00:00+03:00,4000.0
2026-08-08T03:00:00+03:00,2026-08-08T03:00:00+03:00,3823.61
2026-08-08T04:00:00+03:00,2026-08-08T04:00:00+03:00,3750.0
2026-08-08T05:00:00+03:00,2026-08-08T05:00:00+03:00,3750.0
2026-08-08T06:00:00+03:00,2026-08-08T06:00:00+03:00,3610.0
2026-08-08T07:00:00+03:00,2026-08-08T07:00:00+03:00,3610.0
2026-08-08T08:00:00+03:00,2026-08-08T08:00:00+03:00,3800.0
2026-08-08T09:00:00+03:00,2026-08-08T09:00:00+03:00,3000.0
2026-08-08T10:00:00+03:00,2026-08-08T10:00:00+03:00,2356.0
2026-08-08T11:00:00+03:00,2026-08-08T11:00:00+03:00,2799.99
2026-08-08T12:00:00+03:00,2026-08-08T12:00:00+03:00,1725.01
2026-08-08T13:00:00+03:00,2026-08-08T13:00:00+03:00,2300.0
2026-08-08T14:00:00+03:00,2026-08-08T14:00:00+03:00,2400.0
2026-08-08T15:00:00+03:00,2026-08-08T15:00:00+03:00,2950.0
2026-08-08T16:00:00+03:00,2026-08-08T16:00:00+03:00,3330.0
2026-08-08T17:00:00+03:00,2026-08-08T17:00:00+03:00,4018.0
2026-08-08T18:00:00+03:00,2026-08-08T18:00:00+03:00,4233.0
2026-08-08T19:00:00+03:00,2026-08-08T19:00:00+03:00,4498.5
2026-08-08T20:00:00+03:00,2026-08-08T20:00:00+03:00,4498.5
2026-08-08T21:00:00+03:00,2026-08-08T21:00:00+03:00,4100.0
2026-08-08T22:00:00+03:00,2026-08-08T22:00:00+03:00,4100.0
2026-08-08T23:00:00+03:00,2026-08-08T23:00:00+03:00,2666.0
2026-08-09T00:00:00+03:00,2026-08-09T00:00:00+03:00,1947.0
2026-08-09T01:00:00+03:00,2026-08-09T01:00:00+03:00,2699.99
2026-08-09T02:00:00+03:00,2026-08-09T02:00:00+03:00,3349.99
2026-08-09T03:00:00+03:00,2026-08-09T03:00:00+03:00,2700.0
2026-08-09T04:00:00+03:00,2026-08-09T04:00:00+03:00,890.0
2026-08-09T05:00:00+03:00,2026-08-09T05:00:00+03:00,900.0
2026-08-09T06:00:00+03:00,2026-08-09T06:00:00+03:00,2874.99
2026-08-09T07:00:00+03:00,2026-08-09T07:00:00+03:00,2300.0
2026-08-09T08:00:00+03:00,2026-08-09T08:00:00+03:00,1.4
2026-08-09T09:00:00+03:00,2026-08-09T09:00:00+03:00,1.0
2026-08-09T10:00:00+03:00,2026-08-09T10:00:00+03:00,0.0
2026-08-09T11:00:00+03:00,2026-08-09T11:00:00+03:00,0.0
2026-08-09T12:00:00+03:00,2026-08-09T12:00:00+03:00,0.0
2026-08-09T13:00:00+03:00,2026-08-09T13:00:00+03:00,0.5
2026-08-09T14:00:00+03:00,2026-08-09T14:00:00+03:00,1.39
2026-08-09T15:00:00+03:00,2026-08-09T15:00:00+03:00,15.0
2026-08-09T16:00:00+03:00,2026-08-09T16:00:00+03:00,2335.83
2026-08-09T17:00:00+03:00,2026-08-09T17:00:00+03:00,2400.0
2026-08-09T18:00:00+03:00,2026-08-09T18:00:00+03:00,4000.0
2026-08-09T19:00:00+03:00,2026-08-09T19:00:00+03:00,4100.0
2026-08-09T20:00:00+03:00,2026-08-09T20:00:00+03:00,4100.0
2026-08-09T21:00:00+03:00,2026-08-09T21:00:00+03:00,4096.0
2026-08-09T22:00:00+03:00,2026-08-09T22:00:00+03:00,3500.0
2026-08-09T23:00:00+03:00,2026-08-09T23:00:00+03:00,4096.0
2026-08-10T00:00:00+03:00,2026-08-10T00:00:00+03:00,3800.0
2026-08-10T01:00:00+03:00,2026-08-10T01:00:00+03:00,3439.99
2026-08-10T02:00:00+03:00,2026-08-10T02:00:00+03:00,1325.0
2026-08-10T03:00:00+03:00,2026-08-10T03:00:00+03:00,1000.0
2026-08-10T04:00:00+03:00,2026-08-10T04:00:00+03:00,2200.0
2026-08-10T05:00:00+03:00,2026-08-10T05:00:00+03:00,2250.0
2026-08-10T06:00:00+03:00,2026-08-10T06:00:00+03:00,2800.01
2026-08-10T07:00:00+03:00,2026-08-10T07:00:00+03:00,2200.0
2026-08-10T08:00:00+03:00,2026-08-10T08:00:00+03:00,2445.0
2026-08-10T09:00:00+03:00,2026-08-10T09:00:00+03:00,3000.0
2026-08-10T10:00:00+03:00,2026-08-10T10:00:00+03:00,2445.0
2026-08-10T11:00:00+03:00,2026-08-10T11:00:00+03:00,2800.0
2026-08-10T12:00:00+03:00,2026-08-10T12:00:00+03:00,2335.83
2026-08-10T13:00:00+03:00,2026-08-10T13:00:00+03:00,3500.0
2026-08-10T14:00:00+03:00,2026-08-10T14:00:00+03:00,4320.0
2026-08-10T15:00:00+03:00,2026-08-10T15:00:00+03:00,3800.0
2026-08-10T16:00:00+03:00,2026-08-10T16:00:00+03:00,3999.0
2026-08-10T17:00:00+03:00,2026-08-10T17:00:00+03:00,3985.0
2026-08-10T18:00:00+03:00,2026-08-10T18:00:00+03:00,4100.0
2026-08-10T19:00:00+03:00,2026-08-10T19:00:00+03:00,4100.0
2026-08-10T20:00:00+03:00,2026-08-10T20:00:00+03:00,4497.2
2026-08-10T21:00:00+03:00,2026-08-10T21:00:00+03:00,4100.0
2026-08-10T22:00:00+03:00,2026-08-10T22:00:00+03:00,3600.02
2026-08-10T23:00:00+03:00,2026-08-10T23:00:00+03:00,3483.43
2026-08-11T00:00:00+03:00,2026-08-11T00:00:00+03:00,3562.72
2026-08-11T01:00:00+03:00,2026-08-11T01:00:00+03:00,3500.0
2026-08-11T02:00:00+03:00,2026-08-11T02:00:00+03:00,3226.0
2026-08-11T03:00:00+03:00,2026-08-11T03:00:00+03:00,3469.0
2026-08-11T04:00:00+03:00,2026-08-11T04:00:00+03:00,3500.0
2026-08-11T05:00:00+03:00,2026-08-11T05:00:00+03:00,3469.0
2026-08-11T06:00:00+03:00,2026-08-11T06:00:00+03:00,2100.0
2026-08-11T07:00:00+03:00,2026-08-11T07:00:00+03:00,1000.0
2026-08-11T08:00:00+03:00,2026-08-11T08:00:00+03:00,3612.0
2026-08-11T09:00:00+03:00,2026-08-11T09:00:00+03:00,3802.0
2026-08-11T10:00:00+03:00,2026-08-11T10:00:00+03:00,2807.0
2026-08-11T11:00:00+03:00,2026-08-11T11:00:00+03:00,2100.0
2026-08-11T12:00:00+03:00,2026-08-11T12:00:00+03:00,2335.83
2026-08-11T13:00:00+03:00,2026-08-11T13:00:00+03:00,3790.0
2026-08-11T14:00:00+03:00,2026-08-11T14:00:00+03:00,4000.0
2026-08-11T15:00:00+03:00,2026-08-11T15:00:00+03:00,3819.0
2026-08-11T16:00:00+03:00,2026-08-11T16:00:00+03:00,3900.0
2026-08-11T17:00:00+03:00,2026-08-11T17:00:00+03:00,3651.0
2026-08-11T18:00:00+03:00,2026-08-11T18:00:00+03:00,3580.0
2026-08-11T19:00:00+03:00,2026-08-11T19:00:00+03:00,4100.0
2026-08-11T20:00:00+03:00,2026-08-11T20:00:00+03:00,4299.02
2026-08-11T21:00:00+03:00,2026-08-11T21:00:00+03:00,4082.19
2026-08-11T22:00:00+03:00,2026-08-11T22:00:00+03:00,3000.0
2026-08-11T23:00:00+03:00,2026-08-11T23:00:00+03:00,3457.18
2026-08-12T00:00:00+03:00,2026-08-12T00:00:00+03:00,4100.0
2026-08-12T01:00:00+03:00,2026-08-12T01:00:00+03:00,3599.0
2026-08-12T02:00:00+03:00,2026-08-12T02:00:00+03:00,3800.0
2026-08-12T03:00:00+03:00,2026-08-12T03:00:00+03:00,3267.18
2026-08-12T04:00:00+03:00,2026-08-12T04:00:00+03:00,3550.0
2026-08-12T05:00:00+03:00,2026-08-12T05:00:00+03:00,3550.0
2026-08-12T06:00:00+03:00,2026-08-12T06:00:00+03:00,3550.0
2026-08-12T07:00:00+03:00,2026-08-12T07:00:00+03:00,2295.0
2026-08-12T08:00:00+03:00,2026-08-12T08:00:00+03:00,3610.0
2026-08-12T09:00:00+03:00,2026-08-12T09:00:00+03:00,3610.0
2026-08-12T10:00:00+03:00,2026-08-12T10:00:00+03:00,1000.0
2026-08-12T11:00:00+03:00,2026-08-12T11:00:00+03:00,2330.0
2026-08-12T12:00:00+03:00,2026-08-12T12:00:00+03:00,600.0
2026-08-12T13:00:00+03:00,2026-08-12T13:00:00+03:00,2800.0
2026-08-12T14:00:00+03:00,2026-08-12T14:00:00+03:00,3000.0
2026-08-12T15:00:00+03:00,2026-08-12T15:00:00+03:00,2340.48
2026-08-12T16:00:00+03:00,2026-08-12T16:00:00+03:00,3550.0
2026-08-12T17:00:00+03:00,2026-08-12T17:00:00+03:00,4300.0
2026-08-12T18:00:00+03:00,2026-08-12T18:00:00+03:00,4100.0
2026-08-12T19:00:00+03:00,2026-08-12T19:00:00+03:00,4100.0
2026-08-12T20:00:00+03:00,2026-08-12T20:00:00+03:00,4475.0
2026-08-12T21:00:00+03:00,2026-08-12T21:00:00+03:00,3722.07
2026-08-12T22:00:00+03:00,2026-08-12T22:00:00+03:00,3534.01
2026-08-12T23:00:00+03:00,2026-08-12T23:00:00+03:00,3550.0
2026-08-13T00:00:00+03:00,2026-08-13T00:00:00+03:00,3496.13
2026-08-13T01:00:00+03:00,2026-08-13T01:00:00+03:00,3621.0
2026-08-13T02:00:00+03:00,2026-08-13T02:00:00+03:00,1500.0
2026-08-13T03:00:00+03:00,2026-08-13T03:00:00+03:00,1500.0
2026-08-13T04:00:00+03:00,2026-08-13T04:00:00+03:00,2900.0
2026-08-13T05:00:00+03:00,2026-08-13T05:00:00+03:00,2800.0
2026-08-13T06:00:00+03:00,2026-08-13T06:00:00+03:00,1500.0
2026-08-13T07:00:00+03:00,2026-08-13T07:00:00+03:00,1974.98
2026-08-13T08:00:00+03:00,2026-08-13T08:00:00+03:00,3000.0
2026-08-13T09:00:00+03:00,2026-08-13T09:00:00+03:00,3418.0
2026-08-13T10:00:00+03:00,2026-08-13T10:00:00+03:00,2498.0
2026-08-13T11:00:00+03:00,2026-08-13T11:00:00+03:00,2800.01
2026-08-13T12:00:00+03:00,2026-08-13T12:00:00+03:00,2800.0
2026-08-13T13:00:00+03:00,2026-08-13T13:00:00+03:00,3500.0
2026-08-13T14:00:00+03:00,2026-08-13T14:00:00+03:00,3600.0
2026-08-13T15:00:00+03:00,2026-08-13T15:00:00+03:00,3550.0
2026-08-13T16:00:00+03:00,2026-08-13T16:00:00+03:00,3500.0
2026-08-13T17:00:00+03:00,2026-08-13T17:00:00+03:00,3850.0
2026-08-13T18:00:00+03:00,2026-08-13T18:00:00+03:00,4100.0
2026-08-13T19:00:00+03:00,2026-08-13T19:00:00+03:00,4300.0
2026-08-13T20:00:00+03:00,2026-08-13T20:00:00+03:00,4300.0
2026-08-13T21:00:00+03:00,2026-08-13T21:00:00+03:00,4100.0
2026-08-13T22:00:00+03:00,2026-08-13T22:00:00+03:00,2987.18
2026-08-13T23:00:00+03:00,2026-08-13T23:00:00+03:00,2990.0
2026-08-14T00:00:00+03:00,2026-08-14T00:00:00+03:00,3479.51
2026-08-14T01:00:00+03:00,2026-08-14T01:00:00+03:00,3333.0
2026-08-14T02:00:00+03:00,2026-08-14T02:00:00+03:00,2284.5
2026-08-14T03:00:00+03:00,2026-08-14T03:00:00+03:00,2200.0
2026-08-14T04:00:00+03:00,2026-08-14T04:00:00+03:00,1802.0
2026-08-14T05:00:00+03:00,2026-08-14T05:00:00+03:00,2200.0
2026-08-14T06:00:00+03:00,2026-08-14T06:00:00+03:00,2200.0
2026-08-14T07:00:00+03:00,2026-08-14T07:00:00+03:00,2200.0
2026-08-14T08:00:00+03:00,2026-08-14T08:00:00+03:00,2800.01
2026-08-14T09:00:00+03:00,2026-08-14T09:00:00+03:00,2800.0
2026-08-14T10:00:00+03:00,2026-08-14T10:00:00+03:00,590.0
2026-08-14T11:00:00+03:00,2026-08-14T11:00:00+03:00,600.0
2026-08-14T12:00:00+03:00,2026-08-14T12:00:00+03:00,1000.0
2026-08-14T13:00:00+03:00,2026-08-14T13:00:00+03:00,500.0
2026-08-14T14:00:00+03:00,2026-08-14T14:00:00+03:00,1800.0
2026-08-14T15:00:00+03:00,2026-08-14T15:00:00+03:00,900.0
2026-08-14T16:00:00+03:00,2026-08-14T16:00:00+03:00,2999.99
2026-08-14T17:00:00+03:00,2026-08-14T17:00:00+03:00,3000.0
2026-08-14T18:00:00+03:00,2026-08-14T18:00:00+03:00,2450.0
2026-08-14T19:00:00+03:00,2026-08-14T19:00:00+03:00,3100.0
2026-08-14T20:00:00+03:00,2026-08-14T20:00:00+03:00,3100.0
2026-08-14T21:00:00+03:00,2026-08-14T21:00:00+03:00,1933.0
2026-08-14T22:00:00+03:00,2026-08-14T22:00:00+03:00,880.0
2026-08-14T23:00:00+03:00,2026-08-14T23:00:00+03:00,880.0
2026-08-15T00:00:00+03:00,2026-08-15T00:00:00+03:00,2100.0
2026-08-15T01:00:00+03:00,2026-08-15T01:00:00+03:00,900.0
2026-08-15T02:00:00+03:00,2026-08-15T02:00:00+03:00,900.0
2026-08-15T03:00:00+03:00,2026-08-15T03:00:00+03:00,590.0
2026-08-15T04:00:00+03:00,2026-08-15T04:00:00+03:00,580.0
2026-08-15T05:00:00+03:00,2026-08-15T05:00:00+03:00,580.0
2026-08-15T06:00:00+03:00,2026-08-15T06:00:00+03:00,890.0
2026-08-15T07:00:00+03:00,2026-08-15T07:00:00+03:00,1.6
2026-08-15T08:00:00+03:00,2026-08-15T08:00:00+03:00,1587.0
2026-08-15T09:00:00+03:00,2026-08-15T09:00:00+03:00,1.4
2026-08-15T10:00:00+03:00,2026-08-15T10:00:00+03:00,1.4
2026-08-15T11:00:00+03:00,2026-08-15T11:00:00+03:00,1.2
2026-08-15T12:00:00+03:00,2026-08-15T12:00:00+03:00,1.4
2026-08-15T13:00:00+03:00,2026-08-15T13:00:00+03:00,1.39
2026-08-15T14:00:00+03:00,2026-08-15T14:00:00+03:00,1.58
2026-08-15T15:00:00+03:00,2026-08-15T15:00:00+03:00,1.6
2026-08-15T16:00:00+03:00,2026-08-15T16:00:00+03:00,199.99
2026-08-15T17:00:00+03:00,2026-08-15T17:00:00+03:00,890.0
2026-08-15T18:00:00+03:00,2026-08-15T18:00:00+03:00,3464.99
2026-08-15T19:00:00+03:00,2026-08-15T19:00:00+03:00,2100.0
2026-08-15T20:00:00+03:00,2026-08-15T20:00:00+03:00,2100.0
2026-08-15T21:00:00+03:00,2026-08-15T21:00:00+03:00,3344.47
2026-08-15T22:00:00+03:00,2026-08-15T22:00:00+03:00,3250.01
2026-08-15T23:00:00+03:00,2026-08-15T23:00:00+03:00,2621.99
2026-08-16T00:00:00+03:00,2026-08-16T00:00:00+03:00,3184.0
2026-08-16T01:00:00+03:00,2026-08-16T01:00:00+03:00,3610.0
2026-08-16T02:00:00+03:00,2026-08-16T02:00:00+03:00,3610.0
2026-08-16T03:00:00+03:00,2026-08-16T03:00:00+03:00,3610.0
2026-08-16T04:00:00+03:00,2026-08-16T04:00:00+03:00,3610.0
2026-08-16T05:00:00+03:00,2026-08-16T05:00:00+03:00,3610.0
2026-08-16T06:00:00+03:00,2026-08-16T06:00:00+03:00,3766.93
2026-08-16T07:00:00+03:00,2026-08-16T07:00:00+03:00,2498.03
2026-08-16T08:00:00+03:00,2026-08-16T08:00:00+03:00,5.0
2026-08-16T09:00:00+03:00,2026-08-16T09:00:00+03:00,0.0
2026-08-16T10:00:00+03:00,2026-08-16T10:00:00+03:00,0.0
2026-08-16T11:00:00+03:00,2026-08-16T11:00:00+03:00,0.0
2026-08-16T12:00:00+03:00,2026-08-16T12:00:00+03:00,0.0
2026-08-16T13:00:00+03:00,2026-08-16T13:00:00+03:00,100.0
2026-08-16T14:00:00+03:00,2026-08-16T14:00:00+03:00,2.0
2026-08-16T15:00:00+03:00,2026-08-16T15:00:00+03:00,1.4
2026-08-16T16:00:00+03:00,2026-08-16T16:00:00+03:00,199.99
2026-08-16T17:00:00+03:00,2026-08-16T17:00:00+03:00,2393.0
2026-08-16T18:00:00+03:00,2026-08-16T18:00:00+03:00,4000.0
2026-08-16T19:00:00+03:00,2026-08-16T19:00:00+03:00,4200.0
2026-08-16T20:00:00+03:00,2026-08-16T20:00:00+03:00,4200.0
2026-08-16T21:00:00+03:00,2026-08-16T21:00:00+03:00,3500.0
2026-08-16T22:00:00+03:00,2026-08-16T22:00:00+03:00,2590.0
2026-08-16T23:00:00+03:00,2026-08-16T23:00:00+03:00,2600.0
2026-08-17T00:00:00+03:00,2026-08-17T00:00:00+03:00,3584.0
2026-08-17T01:00:00+03:00,2026-08-17T01:00:00+03:00,3200.0
2026-08-17T02:00:00+03:00,2026-08-17T02:00:00+03:00,3200.0
2026-08-17T03:00:00+03:00,2026-08-17T03:00:00+03:00,3484.0
2026-08-17T04:00:00+03:00,2026-08-17T04:00:00+03:00,2399.18
2026-08-17T05:00:00+03:00,2026-08-17T05:00:00+03:00,2100.0
2026-08-17T06:00:00+03:00,2026-08-17T06:00:00+03:00,3075.0
2026-08-17T07:00:00+03:00,2026-08-17T07:00:00+03:00,2846.0
2026-08-17T08:00:00+03:00,2026-08-17T08:00:00+03:00,4100.0
2026-08-17T09:00:00+03:00,2026-08-17T09:00:00+03:00,3828.0
2026-08-17T10:00:00+03:00,2026-08-17T10:00:00+03:00,500.0
2026-08-17T11:00:00+03:00,2026-08-17T11:00:00+03:00,2932.0
2026-08-17T12:00:00+03:00,2026-08-17T12:00:00+03:00,2100.0
2026-08-17T13:00:00+03:00,2026-08-17T13:00:00+03:00,3500.0
2026-08-17T14:00:00+03:00,2026-08-17T14:00:00+03:00,3777.0
2026-08-17T15:00:00+03:00,2026-08-17T15:00:00+03:00,2100.0
2026-08-17T16:00:00+03:00,2026-08-17T16:00:00+03:00,3550.0
2026-08-17T17:00:00+03:00,2026-08-17T17:00:00+03:00,4100.0
2026-08-17T18:00:00+03:00,2026-08-17T18:00:00+03:00,3733.53
2026-08-17T19:00:00+03:00,2026-08-17T19:00:00+03:00,4300.0
2026-08-17T20:00:00+03:00,2026-08-17T20:00:00+03:00,4500.0
2026-08-17T21:00:00+03:00,2026-08-17T21:00:00+03:00,2675.0
2026-08-17T22:00:00+03:00,2026-08-17T22:00:00+03:00,2601.0
2026-08-17T23:00:00+03:00,2026-08-17T23:00:00+03:00,2675.0
2026-08-18T00:00:00+03:00,2026-08-18T00:00:00+03:00,3599.99
2026-08-18T01:00:00+03:00,2026-08-18T01:00:00+03:00,3536.0
2026-08-18T02:00:00+03:00,2026-08-18T02:00:00+03:00,3365.08
2026-08-18T03:00:00+03:00,2026-08-18T03:00:00+03:00,3400.01
2026-08-18T04:00:00+03:00,2026-08-18T04:00:00+03:00,2675.0
2026-08-18T05:00:00+03:00,2026-08-18T05:00:00+03:00,2675.0
2026-08-18T06:00:00+03:00,2026-08-18T06:00:00+03:00,3096.93
2026-08-18T07:00:00+03:00,2026-08-18T07:00:00+03:00,2450.0
2026-08-18T08:00:00+03:00,2026-08-18T08:00:00+03:00,1903.0
2026-08-18T09:00:00+03:00,2026-08-18T09:00:00+03:00,1825.0
2026-08-18T10:00:00+03:00,2026-08-18T10:00:00+03:00,2282.0
2026-08-18T11:00:00+03:00,2026-08-18T11:00:00+03:00,2000.0
2026-08-18T12:00:00+03:00,2026-08-18T12:00:00+03:00,1451.97
2026-08-18T13:00:00+03:00,2026-08-18T13:00:00+03:00,3530.01
2026-08-18T14:00:00+03:00,2026-08-18T14:00:00+03:00,3536.0
2026-08-18T15:00:00+03:00,2026-08-18T15:00:00+03:00,3500.0
2026-08-18T16:00:00+03:00,2026-08-18T16:00:00+03:00,3741.01
2026-08-18T17:00:00+03:00,2026-08-18T17:00:00+03:00,3990.01
2026-08-18T18:00:00+03:00,2026-08-18T18:00:00+03:00,4250.0
2026-08-18T19:00:00+03:00,2026-08-18T19:00:00+03:00,4500.0
2026-08-18T20:00:00+03:00,2026-08-18T20:00:00+03:00,4500.0
2026-08-18T21:00:00+03:00,2026-08-18T21:00:00+03:00,4500.0
2026-08-18T22:00:00+03:00,2026-08-18T22:00:00+03:00,3494.47
2026-08-18T23:00:00+03:00,2026-08-18T23:00:00+03:00,3594.01
2026-08-19T00:00:00+03:00,2026-08-19T00:00:00+03:00,3584.01
2026-08-19T01:00:00+03:00,2026-08-19T01:00:00+03:00,3999.0
2026-08-19T02:00:00+03:00,2026-08-19T02:00:00+03:00,3600.0
2026-08-19T03:00:00+03:00,2026-08-19T03:00:00+03:00,3650.0
2026-08-19T04:00:00+03:00,2026-08-19T04:00:00+03:00,3650.0
2026-08-19T05:00:00+03:00,2026-08-19T05:00:00+03:00,3512.0
2026-08-19T06:00:00+03:00,2026-08-19T06:00:00+03:00,3550.0
2026-08-19T07:00:00+03:00,2026-08-19T07:00:00+03:00,3512.0
2026-08-19T08:00:00+03:00,2026-08-19T08:00:00+03:00,2400.0
2026-08-19T09:00:00+03:00,2026-08-19T09:00:00+03:00,2000.0
2026-08-19T10:00:00+03:00,2026-08-19T10:00:00+03:00,2300.0
2026-08-19T11:00:00+03:00,2026-08-19T11:00:00+03:00,3000.0
2026-08-19T12:00:00+03:00,2026-08-19T12:00:00+03:00,2167.7
2026-08-19T13:00:00+03:00,2026-08-19T13:00:00+03:00,3521.0
2026-08-19T14:00:00+03:00,2026-08-19T14:00:00+03:00,3650.0
2026-08-19T15:00:00+03:00,2026-08-19T15:00:00+03:00,3600.0
2026-08-19T16:00:00+03:00,2026-08-19T16:00:00+03:00,3600.0
2026-08-19T17:00:00+03:00,2026-08-19T17:00:00+03:00,4100.0
2026-08-19T18:00:00+03:00,2026-08-19T18:00:00+03:00,4000.0
2026-08-19T19:00:00+03:00,2026-08-19T19:00:00+03:00,4497.2
2026-08-19T20:00:00+03:00,2026-08-19T20:00:00+03:00,4498.5
2026-08-19T21:00:00+03:00,2026-08-19T21:00:00+03:00,4497.0
2026-08-19T22:00:00+03:00,2026-08-19T22:00:00+03:00,3376.96
2026-08-19T23:00:00+03:00,2026-08-19T23:00:00+03:00,3521.0
2026-08-20T00:00:00+03:00,2026-08-20T00:00:00+03:00,3290.0
2026-08-20T01:00:00+03:00,2026-08-20T01:00:00+03:00,3492.0
2026-08-20T02:00:00+03:00,2026-08-20T02:00:00+03:00,3323.7
2026-08-20T03:00:00+03:00,2026-08-20T03:00:00+03:00,3000.0
2026-08-20T04:00:00+03:00,2026-08-20T04:00:00+03:00,2899.0
2026-08-20T05:00:00+03:00,2026-08-20T05:00:00+03:00,2852.0
2026-08-20T06:00:00+03:00,2026-08-20T06:00:00+03:00,2974.79
2026-08-20T07:00:00+03:00,2026-08-20T07:00:00+03:00,2470.0
2026-08-20T08:00:00+03:00,2026-08-20T08:00:00+03:00,2699.99
2026-08-20T09:00:00+03:00,2026-08-20T09:00:00+03:00,3500.0
2026-08-20T10:00:00+03:00,2026-08-20T10:00:00+03:00,3199.0
2026-08-20T11:00:00+03:00,2026-08-20T11:00:00+03:00,2800.01
2026-08-20T12:00:00+03:00,2026-08-20T12:00:00+03:00,2474.98
2026-08-20T13:00:00+03:00,2026-08-20T13:00:00+03:00,1524.99
2026-08-20T14:00:00+03:00,2026-08-20T14:00:00+03:00,2550.0
2026-08-20T15:00:00+03:00,2026-08-20T15:00:00+03:00,3500.0
2026-08-20T16:00:00+03:00,2026-08-20T16:00:00+03:00,3536.0
2026-08-20T17:00:00+03:00,2026-08-20T17:00:00+03:00,4169.51
2026-08-20T18:00:00+03:00,2026-08-20T18:00:00+03:00,4200.0
2026-08-20T19:00:00+03:00,2026-08-20T19:00:00+03:00,4497.0
2026-08-20T20:00:00+03:00,2026-08-20T20:00:00+03:00,4497.2
2026-08-20T21:00:00+03:00,2026-08-20T21:00:00+03:00,3975.0
2026-08-20T22:00:00+03:00,2026-08-20T22:00:00+03:00,3500.0
2026-08-20T23:00:00+03:00,2026-08-20T23:00:00+03:00,3300.0
2026-08-21T00:00:00+03:00,2026-08-21T00:00:00+03:00,3600.0
2026-08-21T01:00:00+03:00,2026-08-21T01:00:00+03:00,3699.0
2026-08-21T02:00:00+03:00,2026-08-21T02:00:00+03:00,3577.0
2026-08-21T03:00:00+03:00,2026-08-21T03:00:00+03:00,3493.0
2026-08-21T04:00:00+03:00,2026-08-21T04:00:00+03:00,3493.0
2026-08-21T05:00:00+03:00,2026-08-21T05:00:00+03:00,3625.0
2026-08-21T06:00:00+03:00,2026-08-21T06:00:00+03:00,3625.0
2026-08-21T07:00:00+03:00,2026-08-21T07:00:00+03:00,3577.0
2026-08-21T08:00:00+03:00,2026-08-21T08:00:00+03:00,3527.25
2026-08-21T09:00:00+03:00,2026-08-21T09:00:00+03:00,3000.0
2026-08-21T10:00:00+03:00,2026-08-21T10:00:00+03:00,1453.55
2026-08-21T11:00:00+03:00,2026-08-21T11:00:00+03:00,1610.1
2026-08-21T12:00:00+03:00,2026-08-21T12:00:00+03:00,1499.0
2026-08-21T13:00:00+03:00,2026-08-21T13:00:00+03:00,2300.0
2026-08-21T14:00:00+03:00,2026-08-21T14:00:00+03:00,3625.0
2026-08-21T15:00:00+03:00,2026-08-21T15:00:00+03:00,3677.0
2026-08-21T16:00:00+03:00,2026-08-21T16:00:00+03:00,3884.0
2026-08-21T17:00:00+03:00,2026-08-21T17:00:00+03:00,4227.25
2026-08-21T18:00:00+03:00,2026-08-21T18:00:00+03:00,4300.0
2026-08-21T19:00:00+03:00,2026-08-21T19:00:00+03:00,4498.1
2026-08-21T20:00:00+03:00,2026-08-21T20:00:00+03:00,4499.0
2026-08-21T21:00:00+03:00,2026-08-21T21:00:00+03:00,4497.2
2026-08-21T22:00:00+03:00,2026-08-21T22:00:00+03:00,4250.0
2026-08-21T23:00:00+03:00,2026-08-21T23:00:00+03:00,4187.0
2026-08-22T00:00:00+03:00,2026-08-22T00:00:00+03:00,3649.0
2026-08-22T01:00:00+03:00,2026-08-22T01:00:00+03:00,3649.0
2026-08-22T02:00:00+03:00,2026-08-22T02:00:00+03:00,3649.0
2026-08-22T03:00:00+03:00,2026-08-22T03:00:00+03:00,3443.47
2026-08-22T04:00:00+03:00,2026-08-22T04:00:00+03:00,3500.0
2026-08-22T05:00:00+03:00,2026-08-22T05:00:00+03:00,3649.0
2026-08-22T06:00:00+03:00,2026-08-22T06:00:00+03:00,3699.0
2026-08-22T07:00:00+03:00,2026-08-22T07:00:00+03:00,2444.0
2026-08-22T08:00:00+03:00,2026-08-22T08:00:00+03:00,2444.0
2026-08-22T09:00:00+03:00,2026-08-22T09:00:00+03:00,2925.0
2026-08-22T10:00:00+03:00,2026-08-22T10:00:00+03:00,2300.0
2026-08-22T11:00:00+03:00,2026-08-22T11:00:00+03:00,3600.0
2026-08-22T12:00:00+03:00,2026-08-22T12:00:00+03:00,3099.99
2026-08-22T13:00:00+03:00,2026-08-22T13:00:00+03:00,3550.0
2026-08-22T14:00:00+03:00,2026-08-22T14:00:00+03:00,3625.0
2026-08-22T15:00:00+03:00,2026-08-22T15:00:00+03:00,3625.0
2026-08-22T16:00:00+03:00,2026-08-22T16:00:00+03:00,3777.0
2026-08-22T17:00:00+03:00,2026-08-22T17:00:00+03:00,3777.0
2026-08-22T18:00:00+03:00,2026-08-22T18:00:00+03:00,4498.5
2026-08-22T19:00:00+03:00,2026-08-22T19:00:00+03:00,4500.0
2026-08-22T20:00:00+03:00,2026-08-22T20:00:00+03:00,4500.0
2026-08-22T21:00:00+03:00,2026-08-22T21:00:00+03:00,4427.18
2026-08-22T22:00:00+03:00,2026-08-22T22:00:00+03:00,3788.78
2026-08-22T23:00:00+03:00,2026-08-22T23:00:00+03:00,3777.0
2026-08-23T00:00:00+03:00,2026-08-23T00:00:00+03:00,3999.0
2026-08-23T01:00:00+03:00,2026-08-23T01:00:00+03:00,3799.0
2026-08-23T02:00:00+03:00,2026-08-23T02:00:00+03:00,3550.0
2026-08-23T03:00:00+03:00,2026-08-23T03:00:00+03:00,3020.0
2026-08-23T04:00:00+03:00,2026-08-23T04:00:00+03:00,3000.0
2026-08-23T05:00:00+03:00,2026-08-23T05:00:00+03:00,3000.0
2026-08-23T06:00:00+03:00,2026-08-23T06:00:00+03:00,4100.01
2026-08-23T07:00:00+03:00,2026-08-23T07:00:00+03:00,3000.01
2026-08-23T08:00:00+03:00,2026-08-23T08:00:00+03:00,600.0
2026-08-23T09:00:00+03:00,2026-08-23T09:00:00+03:00,1.6
2026-08-23T10:00:00+03:00,2026-08-23T10:00:00+03:00,2.0
2026-08-23T11:00:00+03:00,2026-08-23T11:00:00+03:00,0.0
2026-08-23T12:00:00+03:00,2026-08-23T12:00:00+03:00,0.0
2026-08-23T13:00:00+03:00,2026-08-23T13:00:00+03:00,2.0
2026-08-23T14:00:00+03:00,2026-08-23T14:00:00+03:00,400.0
2026-08-23T15:00:00+03:00,2026-08-23T15:00:00+03:00,1230.99
2026-08-23T16:00:00+03:00,2026-08-23T16:00:00+03:00,200.0
2026-08-23T17:00:00+03:00,2026-08-23T17:00:00+03:00,2603.64
2026-08-23T18:00:00+03:00,2026-08-23T18:00:00+03:00,4000.0
2026-08-23T19:00:00+03:00,2026-08-23T19:00:00+03:00,4300.0
2026-08-23T20:00:00+03:00,2026-08-23T20:00:00+03:00,4200.0
2026-08-23T21:00:00+03:00,2026-08-23T21:00:00+03:00,3000.0
2026-08-23T22:00:00+03:00,2026-08-23T22:00:00+03:00,2489.06
2026-08-23T23:00:00+03:00,2026-08-23T23:00:00+03:00,900.0
2026-08-24T00:00:00+03:00,2026-08-24T00:00:00+03:00,3192.59
2026-08-24T01:00:00+03:00,2026-08-24T01:00:00+03:00,1739.31
2026-08-24T02:00:00+03:00,2026-08-24T02:00:00+03:00,590.0
2026-08-24T03:00:00+03:00,2026-08-24T03:00:00+03:00,580.0
2026-08-24T04:00:00+03:00,2026-08-24T04:00:00+03:00,580.0
2026-08-24T05:00:00+03:00,2026-08-24T05:00:00+03:00,580.0
2026-08-24T06:00:00+03:00,2026-08-24T06:00:00+03:00,580.0
2026-08-24T07:00:00+03:00,2026-08-24T07:00:00+03:00,500.0
2026-08-24T08:00:00+03:00,2026-08-24T08:00:00+03:00,3000.0
2026-08-24T09:00:00+03:00,2026-08-24T09:00:00+03:00,3000.0
2026-08-24T10:00:00+03:00,2026-08-24T10:00:00+03:00,3000.0
2026-08-24T11:00:00+03:00,2026-08-24T11:00:00+03:00,2000.0
2026-08-24T12:00:00+03:00,2026-08-24T12:00:00+03:00,2265.0
2026-08-24T13:00:00+03:00,2026-08-24T13:00:00+03:00,3500.0
2026-08-24T14:00:00+03:00,2026-08-24T14:00:00+03:00,3600.0
2026-08-24T15:00:00+03:00,2026-08-24T15:00:00+03:00,3625.0
2026-08-24T16:00:00+03:00,2026-08-24T16:00:00+03:00,4049.0
2026-08-24T17:00:00+03:00,2026-08-24T17:00:00+03:00,3817.0
2026-08-24T18:00:00+03:00,2026-08-24T18:00:00+03:00,3891.0
2026-08-24T19:00:00+03:00,2026-08-24T19:00:00+03:00,4300.0
2026-08-24T20:00:00+03:00,2026-08-24T20:00:00+03:00,4300.0
2026-08-24T21:00:00+03:00,2026-08-24T21:00:00+03:00,4257.0
2026-08-24T22:00:00+03:00,2026-08-24T22:00:00+03:00,3999.0
2026-08-24T23:00:00+03:00,2026-08-24T23:00:00+03:00,3950.0
2026-08-25T00:00:00+03:00,2026-08-25T00:00:00+03:00,3950.0
2026-08-25T01:00:00+03:00,2026-08-25T01:00:00+03:00,3927.0
2026-08-25T02:00:00+03:00,2026-08-25T02:00:00+03:00,3824.0
2026-08-25T03:00:00+03:00,2026-08-25T03:00:00+03:00,3750.0
2026-08-25T04:00:00+03:00,2026-08-25T04:00:00+03:00,3700.0
2026-08-25T05:00:00+03:00,2026-08-25T05:00:00+03:00,3700.0
2026-08-25T06:00:00+03:00,2026-08-25T06:00:00+03:00,3777.0
2026-08-25T07:00:00+03:00,2026-08-25T07:00:00+03:00,3700.0
2026-08-25T08:00:00+03:00,2026-08-25T08:00:00+03:00,3777.0
2026-08-25T09:00:00+03:00,2026-08-25T09:00:00+03:00,3830.0
2026-08-25T10:00:00+03:00,2026-08-25T10:00:00+03:00,3777.0
2026-08-25T11:00:00+03:00,2026-08-25T11:00:00+03:00,3927.0
2026-08-25T12:00:00+03:00,2026-08-25T12:00:00+03:00,3950.0
2026-08-25T13:00:00+03:00,2026-08-25T13:00:00+03:00,4100.0
2026-08-25T14:00:00+03:00,2026-08-25T14:00:00+03:00,3927.0
2026-08-25T15:00:00+03:00,2026-08-25T15:00:00+03:00,3824.0
2026-08-25T16:00:00+03:00,2026-08-25T16:00:00+03:00,3950.0
2026-08-25T17:00:00+03:00,2026-08-25T17:00:00+03:00,4498.0
2026-08-25T18:00:00+03:00,2026-08-25T18:00:00+03:00,4498.5
2026-08-25T19:00:00+03:00,2026-08-25T19:00:00+03:00,4498.5
2026-08-25T20:00:00+03:00,2026-08-25T20:00:00+03:00,4498.5
2026-08-25T21:00:00+03:00,2026-08-25T21:00:00+03:00,4497.2
2026-08-25T22:00:00+03:00,2026-08-25T22:00:00+03:00,3950.0
2026-08-25T23:00:00+03:00,2026-08-25T23:00:00+03:00,3750.0
2026-08-26T00:00:00+03:00,2026-08-26T00:00:00+03:00,3800.0
2026-08-26T01:00:00+03:00,2026-08-26T01:00:00+03:00,3366.58
2026-08-26T02:00:00+03:00,2026-08-26T02:00:00+03:00,3109.0
2026-08-26T03:00:00+03:00,2026-08-26T03:00:00+03:00,2801.0
2026-08-26T04:00:00+03:00,2026-08-26T04:00:00+03:00,2801.0
2026-08-26T05:00:00+03:00,2026-08-26T05:00:00+03:00,2801.0
2026-08-26T06:00:00+03:00,2026-08-26T06:00:00+03:00,3442.33
2026-08-26T07:00:00+03:00,2026-08-26T07:00:00+03:00,3250.0
2026-08-26T08:00:00+03:00,2026-08-26T08:00:00+03:00,3977.0
2026-08-26T09:00:00+03:00,2026-08-26T09:00:00+03:00,4100.0
2026-08-26T10:00:00+03:00,2026-08-26T10:00:00+03:00,3850.0
2026-08-26T11:00:00+03:00,2026-08-26T11:00:00+03:00,3839.0
2026-08-26T12:00:00+03:00,2026-08-26T12:00:00+03:00,3200.0
2026-08-26T13:00:00+03:00,2026-08-26T13:00:00+03:00,4000.0
2026-08-26T14:00:00+03:00,2026-08-26T14:00:00+03:00,3650.0
2026-08-26T15:00:00+03:00,2026-08-26T15:00:00+03:00,2801.0
2026-08-26T16:00:00+03:00,2026-08-26T16:00:00+03:00,2600.0
2026-08-26T17:00:00+03:00,2026-08-26T17:00:00+03:00,3000.0
2026-08-26T18:00:00+03:00,2026-08-26T18:00:00+03:00,3000.0
2026-08-26T19:00:00+03:00,2026-08-26T19:00:00+03:00,4500.0
2026-08-26T20:00:00+03:00,2026-08-26T20:00:00+03:00,4152.0
2026-08-26T21:00:00+03:00,2026-08-26T21:00:00+03:00,3000.0
2026-08-26T22:00:00+03:00,2026-08-26T22:00:00+03:00,3749.69
2026-08-26T23:00:00+03:00,2026-08-26T23:00:00+03:00,3689.01
2026-08-27T00:00:00+03:00,2026-08-27T00:00:00+03:00,3580.0
2026-08-27T01:00:00+03:00,2026-08-27T01:00:00+03:00,3505.0
2026-08-27T02:00:00+03:00,2026-08-27T02:00:00+03:00,2000.0
2026-08-27T03:00:00+03:00,2026-08-27T03:00:00+03:00,2400.0
2026-08-27T04:00:00+03:00,2026-08-27T04:00:00+03:00,1946.0
2026-08-27T05:00:00+03:00,2026-08-27T05:00:00+03:00,3431.57
2026-08-27T06:00:00+03:00,2026-08-27T06:00:00+03:00,2477.0
2026-08-27T07:00:00+03:00,2026-08-27T07:00:00+03:00,2000.0
2026-08-27T08:00:00+03:00,2026-08-27T08:00:00+03:00,3594.47
2026-08-27T09:00:00+03:00,2026-08-27T09:00:00+03:00,3594.47
2026-08-27T10:00:00+03:00,2026-08-27T10:00:00+03:00,3500.0
2026-08-27T11:00:00+03:00,2026-08-27T11:00:00+03:00,3647.0
2026-08-27T12:00:00+03:00,2026-08-27T12:00:00+03:00,2925.99
2026-08-27T13:00:00+03:00,2026-08-27T13:00:00+03:00,3594.48
2026-08-27T14:00:00+03:00,2026-08-27T14:00:00+03:00,3500.0
2026-08-27T15:00:00+03:00,2026-08-27T15:00:00+03:00,3841.0
