date,hour,upRegulationZeroCoded,upRegulationOneCoded,upRegulationTwoCoded,upRegulationDelivered,net
2026-03-14T00:00:00+03:00,00:00,1058.37,0.0,0,1018.8,985.8
2026-03-14T01:00:00+03:00,01:00,767.7,0.0,0,754.7,731.25
2026-03-14T02:00:00+03:00,02:00,389.97,0.0,0,388.97,359.57
2026-03-14T03:00:00+03:00,03:00,312.0,0.0,0,309.67,309.67
2026-03-14T04:00:00+03:00,04:00,468.5,0.0,0,466.29,427.79
2026-03-14T05:00:00+03:00,05:00,306.58,0.0,0,306.58,306.58
2026-03-14T06:00:00+03:00,06:00,0.0,0.0,0,0.0,-497.78
2026-03-14T07:00:00+03:00,07:00,0.0,350.0,0,350.0,-886.83
2026-03-14T08:00:00+03:00,08:00,393.73,350.0,0,702.8,491.17
2026-03-14T09:00:00+03:00,09:00,1333.58,104.0,0,1403.19,1403.19
2026-03-14T10:00:00+03:00,10:00,2033.0,0.0,0,2030.59,2030.59
2026-03-14T11:00:00+03:00,11:00,2656.0,0.0,0,2651.31,2651.31
2026-03-14T12:00:00+03:00,12:00,2523.0,0.0,0,2501.66,2501.66
2026-03-14T13:00:00+03:00,13:00,2365.5,0.0,0,2356.68,2356.68
2026-03-14T14:00:00+03:00,14:00,2708.25,0.0,0,2697.2,2697.2
2026-03-14T15:00:00+03:00,15:00,2199.75,0.0,0,2163.25,2163.25
2026-03-14T16:00:00+03:00,16:00,1624.7,0.0,0,1618.38,1577.97
2026-03-14T17:00:00+03:00,17:00,1688.92,200.0,0,1774.8,1586.66
2026-03-14T18:00:00+03:00,18:00,992.95,360.0,0,1284.48,1055.31
2026-03-14T19:00:00+03:00,19:00,65.83,360.0,0,422.44,-197.6
2026-03-14T20:00:00+03:00,20:00,247.5,360.0,0,604.43,291.19
2026-03-14T21:00:00+03:00,21:00,82.73,226.0,0,301.22,-149.28
2026-03-14T22:00:00+03:00,22:00,0.0,0.0,0,0.0,-290.78
2026-03-14T23:00:00+03:00,23:00,19.47,0.0,0,19.47,-474.99
2026-03-15T00:00:00+03:00,00:00,444.7,0.0,0,444.7,393.02
2026-03-15T01:00:00+03:00,01:00,483.07,0.0,0,472.5,429.08
2026-03-15T02:00:00+03:00,02:00,19.7,0.0,0,18.88,18.88
2026-03-15T03:00:00+03:00,03:00,413.95,0.0,0,364.99,364.99
2026-03-15T04:00:00+03:00,04:00,147.0,0.0,0,130.3,130.3
2026-03-15T05:00:00+03:00,05:00,172.0,0.0,0,161.54,-98.16
2026-03-15T06:00:00+03:00,06:00,7.8,0.0,0,7.8,-680.79
2026-03-15T07:00:00+03:00,07:00,258.08,0.0,0,246.99,-758.56
2026-03-15T08:00:00+03:00,08:00,0.0,0.0,0,0.0,-1331.73
2026-03-15T09:00:00+03:00,09:00,217.25,0.0,0,216.64,-990.32
2026-03-15T10:00:00+03:00,10:00,7.5,0.0,0,7.5,-662.5
2026-03-15T11:00:00+03:00,11:00,28.8,0.0,0,28.3,-573.19
2026-03-15T12:00:00+03:00,12:00,0.0,0.0,0,0.0,-416.11
2026-03-15T13:00:00+03:00,13:00,568.77,0.0,0,351.96,351.96
2026-03-15T14:00:00+03:00,14:00,1432.18,0.0,0,1047.03,1047.03
2026-03-15T15:00:00+03:00,15:00,543.75,0.0,0,542.82,278.67
2026-03-15T16:00:00+03:00,16:00,842.07,0.0,0,807.0,556.08
2026-03-15T17:00:00+03:00,17:00,250.42,0.0,0,250.42,-28.74
2026-03-15T18:00:00+03:00,18:00,57.33,0.0,0,57.33,-288.47
2026-03-15T19:00:00+03:00,19:00,0.0,0.0,0,0.0,-409.47
2026-03-15T20:00:00+03:00,20:00,0.0,0.0,0,0.0,-695.08
2026-03-15T21:00:00+03:00,21:00,0.0,0.0,0,0.0,-1262.65
2026-03-15T22:00:00+03:00,22:00,0.0,0.0,0,0.0,-1440.58
2026-03-15T23:00:00+03:00,23:00,18.0,0.0,0,18.0,-374.46
2026-03-16T00:00:00+03:00,00:00,844.73,0.0,0,527.57,344.38
2026-03-16T01:00:00+03:00,01:00,300.6,0.0,0,293.23,79.23
2026-03-16T02:00:00+03:00,02:00,81.9,0.0,0,81.88,73.13
2026-03-16T03:00:00+03:00,03:00,0.0,0.0,0,0.0,0.0
2026-03-16T04:00:00+03:00,04:00,0.0,0.0,0,0.0,0.0
2026-03-16T05:00:00+03:00,05:00,0.0,0.0,0,0.0,0.0
2026-03-16T06:00:00+03:00,06:00,0.0,0.0,0,0.0,-40.97
2026-03-16T07:00:00+03:00,07:00,45.0,0.0,0,45.0,-957.55
2026-03-16T08:00:00+03:00,08:00,0.0,1850.0,0,1572.89,1100.84
2026-03-16T09:00:00+03:00,09:00,93.83,1973.0,0,2066.51,1534.97
2026-03-16T10:00:00+03:00,10:00,0.0,1700.0,0,1700.0,814.47
2026-03-16T11:00:00+03:00,11:00,246.95,1700.0,0,1945.45,551.83
2026-03-16T12:00:00+03:00,12:00,0.0,1800.0,0,1800.0,-488.51
2026-03-16T13:00:00+03:00,13:00,32.5,2085.0,0,2111.09,-898.46
2026-03-16T14:00:00+03:00,14:00,0.0,1985.0,0,1976.74,-1404.64
2026-03-16T15:00:00+03:00,15:00,17.5,2337.0,0,2344.65,-1630.64
2026-03-16T16:00:00+03:00,16:00,216.0,1621.0,0,1819.58,-2209.52
2026-03-16T17:00:00+03:00,17:00,245.03,1391.0,0,1609.65,-2176.44
2026-03-16T18:00:00+03:00,18:00,0.0,933.0,0,924.58,-360.07
2026-03-16T19:00:00+03:00,19:00,0.0,392.6,0,392.6,-121.48
2026-03-16T20:00:00+03:00,20:00,0.0,0.0,0,0.0,-327.86
2026-03-16T21:00:00+03:00,21:00,12.83,0.0,0,12.83,-324.72
2026-03-16T22:00:00+03:00,22:00,0.0,0.0,0,0.0,0.0
2026-03-16T23:00:00+03:00,23:00,0.0,0.0,0,0.0,0.0
2026-03-17T00:00:00+03:00,00:00,79.22,0.0,0,79.05,79.05
2026-03-17T01:00:00+03:00,01:00,112.5,0.0,0,112.5,67.0
2026-03-17T02:00:00+03:00,02:00,0.0,0.0,0,0.0,-22.0
2026-03-17T03:00:00+03:00,03:00,18.33,0.0,0,18.33,18.33
2026-03-17T04:00:00+03:00,04:00,0.0,0.0,0,0.0,0.0
2026-03-17T05:00:00+03:00,05:00,0.0,0.0,0,0.0,-287.94
2026-03-17T06:00:00+03:00,06:00,48.67,0.0,0,48.67,-211.6
2026-03-17T07:00:00+03:00,07:00,27.0,0.0,0,27.0,-1729.92
2026-03-17T08:00:00+03:00,08:00,0.0,1000.0,0,851.42,-1139.48
2026-03-17T09:00:00+03:00,09:00,0.0,1138.83,0,1135.08,-1085.98
2026-03-17T10:00:00+03:00,10:00,0.0,1793.37,0,1793.37,-1230.77
2026-03-17T11:00:00+03:00,11:00,23.33,2117.0,0,2127.95,-1105.2
2026-03-17T12:00:00+03:00,12:00,0.0,2113.0,0,2095.58,-1437.9
2026-03-17T13:00:00+03:00,13:00,0.0,2104.0,0,2087.68,-1089.73
2026-03-17T14:00:00+03:00,14:00,0.0,1901.0,0,1885.33,-1294.9
2026-03-17T15:00:00+03:00,15:00,70.5,1239.0,0,1303.76,-186.38
2026-03-17T16:00:00+03:00,16:00,77.5,1244.0,0,1304.31,-528.36
2026-03-17T17:00:00+03:00,17:00,534.27,373.72,0,905.58,-625.12
2026-03-17T18:00:00+03:00,18:00,484.33,0.0,0,403.41,347.13
2026-03-17T19:00:00+03:00,19:00,410.08,0.0,0,350.54,329.54
2026-03-17T20:00:00+03:00,20:00,83.0,0.0,0,66.69,66.69
2026-03-17T21:00:00+03:00,21:00,390.0,0.0,0,356.98,356.98
2026-03-17T22:00:00+03:00,22:00,0.0,0.0,0,0.0,0.0
2026-03-17T23:00:00+03:00,23:00,27.5,0.0,0,27.5,-77.9
2026-03-18T00:00:00+03:00,00:00,94.48,0.0,0,94.48,20.32
2026-03-18T01:00:00+03:00,01:00,0.0,0.0,0,0.0,-361.15
2026-03-18T02:00:00+03:00,02:00,0.0,0.0,0,0.0,-447.0
2026-03-18T03:00:00+03:00,03:00,172.72,0.0,0,98.49,-24.22
2026-03-18T04:00:00+03:00,04:00,31.0,0.0,0,31.0,31.0
2026-03-18T05:00:00+03:00,05:00,0.0,0.0,0,0.0,0.0
2026-03-18T06:00:00+03:00,06:00,0.0,0.0,0,0.0,-359.38
2026-03-18T07:00:00+03:00,07:00,0.0,0.0,0,0.0,-805.66
2026-03-18T08:00:00+03:00,08:00,0.0,600.0,0,600.0,-1585.51
2026-03-18T09:00:00+03:00,09:00,144.67,600.0,0,744.67,-1110.15
2026-03-18T10:00:00+03:00,10:00,0.0,600.0,0,600.0,-1013.9
2026-03-18T11:00:00+03:00,11:00,30.0,600.0,0,630.0,-1022.94
2026-03-18T12:00:00+03:00,12:00,31.5,767.63,0,799.13,-660.81
2026-03-18T13:00:00+03:00,13:00,71.25,934.8,0,943.89,12.19
2026-03-18T14:00:00+03:00,14:00,30.0,1388.5,0,1360.5,388.97
2026-03-18T15:00:00+03:00,15:00,140.0,1204.0,0,1344.0,223.76
2026-03-18T16:00:00+03:00,16:00,261.92,814.0,0,1075.92,-407.03
2026-03-18T17:00:00+03:00,17:00,796.63,0.0,0,574.27,574.27
2026-03-18T18:00:00+03:00,18:00,1001.0,0.0,0,964.72,955.97
2026-03-18T19:00:00+03:00,19:00,512.4,0.0,0,512.39,392.31
2026-03-18T20:00:00+03:00,20:00,0.0,0.0,0,0.0,-108.02
2026-03-18T21:00:00+03:00,21:00,0.0,0.0,0,0.0,-346.99
2026-03-18T22:00:00+03:00,22:00,0.0,0.0,0,0.0,-589.81
2026-03-18T23:00:00+03:00,23:00,0.0,0.0,0,0.0,-345.69
2026-03-19T00:00:00+03:00,00:00,680.48,0.0,0,670.5,606.33
2026-03-19T01:00:00+03:00,01:00,714.0,0.0,0,714.0,667.33
2026-03-19T02:00:00+03:00,02:00,559.5,0.0,0,559.5,559.5
2026-03-19T03:00:00+03:00,03:00,516.0,0.0,0,515.98,515.98
2026-03-19T04:00:00+03:00,04:00,349.67,0.0,0,349.27,349.27
2026-03-19T05:00:00+03:00,05:00,0.0,0.0,0,0.0,-175.5
2026-03-19T06:00:00+03:00,06:00,131.33,0.0,0,131.33,-234.53
2026-03-19T07:00:00+03:00,07:00,0.0,0.0,0,0.0,-1110.53
2026-03-19T08:00:00+03:00,08:00,0.0,0.0,0,0.0,-1392.94
2026-03-19T09:00:00+03:00,09:00,0.0,0.0,0,0.0,-938.17
2026-03-19T10:00:00+03:00,10:00,0.0,0.0,0,0.0,-927.33
2026-03-19T11:00:00+03:00,11:00,0.0,0.0,0,0.0,-730.13
2026-03-19T12:00:00+03:00,12:00,0.0,0.0,0,0.0,-369.99
2026-03-19T13:00:00+03:00,13:00,0.0,0.0,0,0.0,-612.31
2026-03-19T14:00:00+03:00,14:00,131.42,0.0,0,131.25,-733.59
2026-03-19T15:00:00+03:00,15:00,144.97,0.0,0,143.0,2.68
2026-03-19T16:00:00+03:00,16:00,538.0,0.0,0,537.01,537.01
2026-03-19T17:00:00+03:00,17:00,682.5,0.0,0,681.01,606.34
2026-03-19T18:00:00+03:00,18:00,831.43,0.0,0,797.67,714.06
2026-03-19T19:00:00+03:00,19:00,0.0,0.0,0,0.0,-107.48
2026-03-19T20:00:00+03:00,20:00,341.18,0.0,0,226.33,-44.27
2026-03-19T21:00:00+03:00,21:00,612.45,0.0,0,596.65,577.37
2026-03-19T22:00:00+03:00,22:00,690.22,212.35,0,882.16,735.65
2026-03-19T23:00:00+03:00,23:00,856.75,0.0,0,855.25,855.25
2026-03-20T00:00:00+03:00,00:00,1213.1,0.0,0,1153.57,1153.57
2026-03-20T01:00:00+03:00,01:00,1836.52,0.0,0,1799.02,1497.45
2026-03-20T02:00:00+03:00,02:00,1189.0,0.0,0,1175.51,1072.32
2026-03-20T03:00:00+03:00,03:00,1113.37,0.0,0,1065.94,968.11
2026-03-20T04:00:00+03:00,04:00,584.08,0.0,0,575.23,575.23
2026-03-20T05:00:00+03:00,05:00,341.7,0.0,0,337.16,337.16
2026-03-20T06:00:00+03:00,06:00,1052.48,0.0,0,1003.7,1003.7
2026-03-20T07:00:00+03:00,07:00,1325.93,0.0,0,1266.37,1266.37
2026-03-20T08:00:00+03:00,08:00,795.53,0.0,0,776.84,731.84
2026-03-20T09:00:00+03:00,09:00,421.32,0.0,0,416.74,341.49
2026-03-20T10:00:00+03:00,10:00,0.0,0.0,0,0.0,-214.03
2026-03-20T11:00:00+03:00,11:00,0.0,0.0,0,0.0,-311.92
2026-03-20T12:00:00+03:00,12:00,0.0,0.0,0,0.0,-877.97
2026-03-20T13:00:00+03:00,13:00,0.0,0.0,0,0.0,-771.99
2026-03-20T14:00:00+03:00,14:00,28.0,0.0,0,25.2,-1084.92
2026-03-20T15:00:00+03:00,15:00,29.77,0.0,0,21.74,-1592.43
2026-03-20T16:00:00+03:00,16:00,28.0,0.0,0,28.0,-951.25
2026-03-20T17:00:00+03:00,17:00,171.03,0.0,0,169.94,-382.02
2026-03-20T18:00:00+03:00,18:00,283.67,0.0,0,283.55,104.92
2026-03-20T19:00:00+03:00,19:00,829.0,0.0,0,797.09,797.09
2026-03-20T20:00:00+03:00,20:00,945.03,0.0,0,905.54,775.34
2026-03-20T21:00:00+03:00,21:00,907.25,0.0,0,842.18,840.23
2026-03-20T22:00:00+03:00,22:00,757.57,0.0,0,695.1,551.4
2026-03-20T23:00:00+03:00,23:00,646.5,0.0,0,597.55,400.96
2026-03-21T00:00:00+03:00,00:00,392.35,0.0,0,391.19,-172.48
2026-03-21T01:00:00+03:00,01:00,0.0,0.0,0,0.0,-380.54
2026-03-21T02:00:00+03:00,02:00,232.1,0.0,0,232.1,177.33
2026-03-21T03:00:00+03:00,03:00,364.45,0.0,0,363.48,363.48
2026-03-21T04:00:00+03:00,04:00,342.07,0.0,0,339.59,339.59
2026-03-21T05:00:00+03:00,05:00,384.02,0.0,0,378.53,378.53
2026-03-21T06:00:00+03:00,06:00,1172.9,0.0,0,1092.86,926.61
2026-03-21T07:00:00+03:00,07:00,178.19,0.0,0,165.29,-197.36
2026-03-21T08:00:00+03:00,08:00,0.0,0.0,0,0.0,-1329.05
2026-03-21T09:00:00+03:00,09:00,0.0,0.0,0,0.0,-2012.42
2026-03-21T10:00:00+03:00,10:00,0.0,0.0,0,0.0,-1668.75
2026-03-21T11:00:00+03:00,11:00,0.0,0.0,0,0.0,-879.79
2026-03-21T12:00:00+03:00,12:00,0.0,0.0,0,0.0,-586.56
2026-03-21T13:00:00+03:00,13:00,0.0,0.0,0,0.0,-769.75
2026-03-21T14:00:00+03:00,14:00,0.0,0.0,0,0.0,-1411.34
2026-03-21T15:00:00+03:00,15:00,0.0,0.0,0,0.0,-1729.64
2026-03-21T16:00:00+03:00,16:00,0.0,0.0,0,0.0,-1705.56
2026-03-21T17:00:00+03:00,17:00,81.5,0.0,0,81.5,-715.78
2026-03-21T18:00:00+03:00,18:00,0.0,0.0,0,0.0,-530.75
2026-03-21T19:00:00+03:00,19:00,138.45,0.0,0,137.98,-106.78
2026-03-21T20:00:00+03:00,20:00,102.35,0.0,0,102.14,-69.86
2026-03-21T21:00:00+03:00,21:00,126.0,0.0,0,126.0,74.25
2026-03-21T22:00:00+03:00,22:00,0.0,0.0,0,0.0,-149.22
2026-03-21T23:00:00+03:00,23:00,0.0,0.0,0,0.0,-121.33
2026-03-22T00:00:00+03:00,00:00,176.5,0.0,0,176.5,109.74
2026-03-22T01:00:00+03:00,01:00,21.0,0.0,0,21.0,-101.07
2026-03-22T02:00:00+03:00,02:00,0.0,0.0,0,0.0,-725.53
2026-03-22T03:00:00+03:00,03:00,0.0,0.0,0,0.0,-934.56
2026-03-22T04:00:00+03:00,04:00,0.0,0.0,0,0.0,-1142.69
2026-03-22T05:00:00+03:00,05:00,0.0,0.0,0,0.0,-1286.04
2026-03-22T06:00:00+03:00,06:00,0.0,0.0,0,0.0,-993.54
2026-03-22T07:00:00+03:00,07:00,0.0,0.0,0,0.0,-1447.59
2026-03-22T08:00:00+03:00,08:00,0.0,0.0,0,0.0,-1851.98
2026-03-22T09:00:00+03:00,09:00,0.0,0.0,0,0.0,-1527.16
2026-03-22T10:00:00+03:00,10:00,0.0,0.0,0,0.0,-612.16
2026-03-22T11:00:00+03:00,11:00,467.27,0.0,0,367.78,319.94
2026-03-22T12:00:00+03:00,12:00,1784.07,0.0,0,1379.48,1379.48
2026-03-22T13:00:00+03:00,13:00,1273.0,0.0,0,1163.68,1163.68
2026-03-22T14:00:00+03:00,14:00,495.47,0.0,0,477.56,477.56
2026-03-22T15:00:00+03:00,15:00,46.25,0.0,0,46.21,-939.31
2026-03-22T16:00:00+03:00,16:00,0.0,0.0,0,0.0,-1276.02
2026-03-22T17:00:00+03:00,17:00,273.03,0.0,0,272.03,-1476.2
2026-03-22T18:00:00+03:00,18:00,247.92,0.0,0,235.83,-200.8
2026-03-22T19:00:00+03:00,19:00,584.95,0.0,0,470.48,365.67
2026-03-22T20:00:00+03:00,20:00,741.94,0.0,0,719.37,669.87
2026-03-22T21:00:00+03:00,21:00,763.42,0.0,0,664.54,637.21
2026-03-22T22:00:00+03:00,22:00,647.2,0.0,0,526.47,419.85
2026-03-22T23:00:00+03:00,23:00,402.55,0.0,0,396.49,371.44
2026-03-23T00:00:00+03:00,00:00,0.0,0.0,0,0.0,-383.38
2026-03-23T01:00:00+03:00,01:00,67.5,0.0,0,67.5,-475.68
2026-03-23T02:00:00+03:00,02:00,0.0,0.0,0,0.0,-259.88
2026-03-23T03:00:00+03:00,03:00,0.0,0.0,0,0.0,-236.92
2026-03-23T04:00:00+03:00,04:00,0.0,0.0,0,0.0,-240.54
2026-03-23T05:00:00+03:00,05:00,27.5,0.0,0,27.5,-169.2
2026-03-23T06:00:00+03:00,06:00,115.95,0.0,0,103.89,84.27
2026-03-23T07:00:00+03:00,07:00,69.72,600.0,0,667.99,404.07
2026-03-23T08:00:00+03:00,08:00,1767.58,1842.05,0,2628.47,2267.14
2026-03-23T09:00:00+03:00,09:00,1039.75,2215.0,0,2912.65,2676.9
2026-03-23T10:00:00+03:00,10:00,214.0,2212.0,0,2262.25,2051.85
2026-03-23T11:00:00+03:00,11:00,27.2,2208.0,0,2221.28,1641.13
2026-03-23T12:00:00+03:00,12:00,0.0,2060.6,0,2060.6,937.58
2026-03-23T13:00:00+03:00,13:00,0.0,2194.0,0,2185.22,764.89
2026-03-23T14:00:00+03:00,14:00,49.0,2190.0,0,2233.18,1056.59
2026-03-23T15:00:00+03:00,15:00,0.0,2290.0,0,2283.77,-94.54
2026-03-23T16:00:00+03:00,16:00,208.0,2294.0,0,2498.01,1186.57
2026-03-23T17:00:00+03:00,17:00,439.22,1528.75,0,1956.97,1657.41
2026-03-23T18:00:00+03:00,18:00,165.75,728.33,0,887.59,529.08
2026-03-23T19:00:00+03:00,19:00,1360.13,0.0,0,1289.22,1289.22
2026-03-23T20:00:00+03:00,20:00,1048.92,0.0,0,1016.03,1016.03
2026-03-23T21:00:00+03:00,21:00,1670.62,0.0,0,1622.96,1584.46
2026-03-23T22:00:00+03:00,22:00,1948.92,0.0,0,1895.16,1833.12
2026-03-23T23:00:00+03:00,23:00,1671.17,0.0,0,1648.37,1425.96
2026-03-24T00:00:00+03:00,00:00,1464.7,0.0,0,1453.29,1095.46
2026-03-24T01:00:00+03:00,01:00,1443.77,0.0,0,1405.79,1118.08
2026-03-24T02:00:00+03:00,02:00,904.25,0.0,0,894.49,894.49
2026-03-24T03:00:00+03:00,03:00,128.8,0.0,0,104.66,-145.95
2026-03-24T04:00:00+03:00,04:00,720.83,0.0,0,652.93,652.93
2026-03-24T05:00:00+03:00,05:00,130.72,0.0,0,130.72,85.63
2026-03-24T06:00:00+03:00,06:00,305.23,0.0,0,272.56,62.54
2026-03-24T07:00:00+03:00,07:00,39.78,527.0,0,524.69,-365.32
2026-03-24T08:00:00+03:00,08:00,0.0,2229.0,0,2212.21,1528.96
2026-03-24T09:00:00+03:00,09:00,0.0,2913.73,0,2811.68,1931.15
2026-03-24T10:00:00+03:00,10:00,0.0,3328.33,0,3284.79,1334.61
2026-03-24T11:00:00+03:00,11:00,0.0,3385.0,0,3353.63,1190.86
2026-03-24T12:00:00+03:00,12:00,0.0,2899.0,0,2880.52,821.64
2026-03-24T13:00:00+03:00,13:00,178.33,2877.0,0,3040.66,129.74
2026-03-24T14:00:00+03:00,14:00,0.0,3090.33,0,3076.24,-356.61
2026-03-24T15:00:00+03:00,15:00,0.0,3080.0,0,3053.48,49.17
2026-03-24T16:00:00+03:00,16:00,0.0,3080.0,0,3061.05,226.81
2026-03-24T17:00:00+03:00,17:00,28.75,2700.67,0,2707.77,227.56
2026-03-24T18:00:00+03:00,18:00,0.0,1766.0,0,1748.32,-169.57
2026-03-24T19:00:00+03:00,19:00,51.67,1262.0,0,1295.61,1295.61
2026-03-24T20:00:00+03:00,20:00,16.5,1172.0,0,1170.38,915.52
2026-03-24T21:00:00+03:00,21:00,10.5,882.0,0,875.14,312.23
2026-03-24T22:00:00+03:00,22:00,69.67,399.73,0,469.4,208.71
2026-03-24T23:00:00+03:00,23:00,148.13,80.0,0,225.32,-101.84
2026-03-25T00:00:00+03:00,00:00,69.5,0.0,0,69.5,-816.26
2026-03-25T01:00:00+03:00,01:00,31.5,0.0,0,31.5,-1058.58
2026-03-25T02:00:00+03:00,02:00,0.0,0.0,0,0.0,-841.2
2026-03-25T03:00:00+03:00,03:00,0.0,0.0,0,0.0,-595.92
2026-03-25T04:00:00+03:00,04:00,0.0,0.0,0,0.0,-504.38
2026-03-25T05:00:00+03:00,05:00,0.0,0.0,0,0.0,-642.05
2026-03-25T06:00:00+03:00,06:00,131.28,0.0,0,125.45,-404.21
2026-03-25T07:00:00+03:00,07:00,0.0,820.0,0,693.86,-679.04
2026-03-25T08:00:00+03:00,08:00,0.0,1300.0,0,1300.0,-1266.97
2026-03-25T09:00:00+03:00,09:00,0.0,1300.0,0,1300.0,-1439.94
2026-03-25T10:00:00+03:00,10:00,0.0,1300.0,0,1300.0,-2476.43
2026-03-25T11:00:00+03:00,11:00,0.0,1300.0,0,1188.0,-1527.12
2026-03-25T12:00:00+03:00,12:00,0.0,900.0,0,900.0,-1418.55
2026-03-25T13:00:00+03:00,13:00,0.0,900.0,0,900.0,-1169.67
2026-03-25T14:00:00+03:00,14:00,0.0,900.0,0,900.0,-1858.07
2026-03-25T15:00:00+03:00,15:00,0.0,900.0,0,618.18,-2551.23
2026-03-25T16:00:00+03:00,16:00,56.35,600.0,0,645.43,-2326.62
2026-03-25T17:00:00+03:00,17:00,182.42,600.0,0,782.42,-1138.63
2026-03-25T18:00:00+03:00,18:00,125.42,500.0,0,574.35,-112.88
2026-03-25T19:00:00+03:00,19:00,1011.0,0.0,0,1011.0,1011.0
2026-03-25T20:00:00+03:00,20:00,620.17,0.0,0,620.17,591.75
2026-03-25T21:00:00+03:00,21:00,366.83,0.0,0,366.83,352.51
2026-03-25T22:00:00+03:00,22:00,230.73,0.0,0,230.38,187.37
2026-03-25T23:00:00+03:00,23:00,0.0,0.0,0,0.0,-109.7
2026-03-26T00:00:00+03:00,00:00,22.75,0.0,0,22.75,-184.62
2026-03-26T01:00:00+03:00,01:00,60.1,0.0,0,59.77,-90.99
2026-03-26T02:00:00+03:00,02:00,0.0,0.0,0,0.0,-54.0
2026-03-26T03:00:00+03:00,03:00,22.5,0.0,0,22.5,22.5
2026-03-26T04:00:00+03:00,04:00,0.0,0.0,0,0.0,0.0
2026-03-26T05:00:00+03:00,05:00,0.0,0.0,0,0.0,0.0
2026-03-26T06:00:00+03:00,06:00,98.0,0.0,0,98.0,64.41
2026-03-26T07:00:00+03:00,07:00,184.5,590.0,0,600.5,-195.04
2026-03-26T08:00:00+03:00,08:00,262.83,2252.0,0,2234.52,1051.99
2026-03-26T09:00:00+03:00,09:00,713.22,2897.15,0,3090.29,1998.06
2026-03-26T10:00:00+03:00,10:00,0.0,3167.92,0,2607.41,1021.17
2026-03-26T11:00:00+03:00,11:00,95.33,3272.0,0,3215.83,1161.35
2026-03-26T12:00:00+03:00,12:00,0.0,2458.37,0,2427.58,235.83
2026-03-26T13:00:00+03:00,13:00,90.72,1950.0,0,2015.91,-197.62
2026-03-26T14:00:00+03:00,14:00,111.67,1950.0,0,2041.67,-378.79
2026-03-26T15:00:00+03:00,15:00,0.0,1701.67,0,1686.67,-1084.76
2026-03-26T16:00:00+03:00,16:00,12.13,1445.0,0,1457.13,-1157.54
2026-03-26T17:00:00+03:00,17:00,57.25,1775.67,0,1832.92,-368.7
2026-03-26T18:00:00+03:00,18:00,122.33,1085.0,0,1207.33,101.47
2026-03-26T19:00:00+03:00,19:00,243.75,885.0,0,1124.14,842.38
2026-03-26T20:00:00+03:00,20:00,1865.0,0.0,0,1506.07,1093.64
2026-03-26T21:00:00+03:00,21:00,1434.92,0.0,0,1327.72,1048.62
2026-03-26T22:00:00+03:00,22:00,0.0,915.0,0,901.57,602.07
2026-03-26T23:00:00+03:00,23:00,784.0,402.08,0,1147.92,702.72
2026-03-27T00:00:00+03:00,00:00,0.0,500.0,0,500.0,-51.48
2026-03-27T01:00:00+03:00,01:00,0.0,408.33,0,406.29,171.22
2026-03-27T02:00:00+03:00,02:00,714.0,0.0,0,711.39,711.39
2026-03-27T03:00:00+03:00,03:00,747.17,0.0,0,746.21,746.21
2026-03-27T04:00:00+03:00,04:00,481.47,0.0,0,481.47,481.47
2026-03-27T05:00:00+03:00,05:00,500.65,0.0,0,488.95,488.95
2026-03-27T06:00:00+03:00,06:00,390.35,350.0,0,736.86,707.52
2026-03-27T07:00:00+03:00,07:00,0.0,1050.0,0,1050.0,596.75
2026-03-27T08:00:00+03:00,08:00,0.0,1750.0,0,1747.79,350.39
2026-03-27T09:00:00+03:00,09:00,0.0,2758.22,0,2324.39,278.57
2026-03-27T10:00:00+03:00,10:00,0.0,2974.17,0,2926.83,-463.55
2026-03-27T11:00:00+03:00,11:00,0.0,2030.2,0,1993.92,-1397.95
2026-03-27T12:00:00+03:00,12:00,0.0,1649.0,0,1609.68,-1789.34
2026-03-27T13:00:00+03:00,13:00,0.0,1593.33,0,1593.33,-3134.45
2026-03-27T14:00:00+03:00,14:00,21.0,1278.52,0,1209.12,-1888.29
2026-03-27T15:00:00+03:00,15:00,0.0,2064.0,0,1978.8,-1479.5
2026-03-27T16:00:00+03:00,16:00,56.93,1395.53,0,1449.6,-1379.56
2026-03-27T17:00:00+03:00,17:00,212.42,980.0,0,1192.42,-819.84
2026-03-27T18:00:00+03:00,18:00,26.25,980.0,0,1006.25,-713.58
2026-03-27T19:00:00+03:00,19:00,449.65,555.0,0,1004.65,847.21
2026-03-27T20:00:00+03:00,20:00,194.6,701.0,0,895.6,402.78
2026-03-27T21:00:00+03:00,21:00,0.0,425.0,0,423.18,-943.51
2026-03-27T22:00:00+03:00,22:00,0.0,0.0,0,0.0,-1181.02
2026-03-27T23:00:00+03:00,23:00,0.0,0.0,0,0.0,-1245.7
2026-03-28T00:00:00+03:00,00:00,128.4,0.0,0,127.64,-1079.63
2026-03-28T01:00:00+03:00,01:00,0.0,0.0,0,0.0,-895.22
2026-03-28T02:00:00+03:00,02:00,0.0,0.0,0,0.0,-418.97
2026-03-28T03:00:00+03:00,03:00,0.0,0.0,0,0.0,-370.74
2026-03-28T04:00:00+03:00,04:00,0.0,0.0,0,0.0,-403.61
2026-03-28T05:00:00+03:00,05:00,0.0,0.0,0,0.0,-370.04
2026-03-28T06:00:00+03:00,06:00,116.5,0.0,0,116.5,-640.73
2026-03-28T07:00:00+03:00,07:00,199.52,500.0,0,685.63,-194.79
2026-03-28T08:00:00+03:00,08:00,0.0,1000.0,0,1000.0,-344.94
2026-03-28T09:00:00+03:00,09:00,0.0,2524.39,0,1702.16,661.81
2026-03-28T10:00:00+03:00,10:00,0.0,4137.13,0,3118.58,1481.91
2026-03-28T11:00:00+03:00,11:00,0.0,4265.13,0,3790.63,1912.58
2026-03-28T12:00:00+03:00,12:00,0.0,4188.0,0,4147.44,1579.09
2026-03-28T13:00:00+03:00,13:00,39.05,4185.0,0,4195.22,950.97
2026-03-28T14:00:00+03:00,14:00,73.5,4193.0,0,4234.37,323.91
2026-03-28T15:00:00+03:00,15:00,18.67,3551.0,0,3564.07,-1604.98
2026-03-28T16:00:00+03:00,16:00,0.0,3491.0,0,3485.04,-1359.98
2026-03-28T17:00:00+03:00,17:00,0.0,3144.25,0,3138.07,-1051.98
2026-03-28T18:00:00+03:00,18:00,13.42,2074.0,0,2057.58,-690.76
2026-03-28T19:00:00+03:00,19:00,0.0,2051.0,0,2029.46,834.79
2026-03-28T20:00:00+03:00,20:00,0.0,2046.0,0,1903.31,736.35
2026-03-28T21:00:00+03:00,21:00,0.0,1929.0,0,1905.89,208.56
2026-03-28T22:00:00+03:00,22:00,14.6,1929.0,0,1911.04,488.27
2026-03-28T23:00:00+03:00,23:00,0.0,1833.0,0,1812.03,544.02
2026-03-29T00:00:00+03:00,00:00,0.0,895.58,0,895.58,307.46
2026-03-29T01:00:00+03:00,01:00,0.0,3097.0,0,1823.21,153.59
2026-03-29T02:00:00+03:00,02:00,0.0,2801.18,0,2352.18,397.05
2026-03-29T03:00:00+03:00,03:00,0.0,1505.0,0,1491.56,399.56
2026-03-29T04:00:00+03:00,04:00,0.0,1505.0,0,1492.73,316.83
2026-03-29T05:00:00+03:00,05:00,0.0,1505.0,0,1493.63,329.44
2026-03-29T06:00:00+03:00,06:00,49.0,1505.0,0,1539.95,230.83
2026-03-29T07:00:00+03:00,07:00,0.0,1443.37,0,1428.81,-341.01
2026-03-29T08:00:00+03:00,08:00,0.0,1239.87,0,1226.21,-841.33
2026-03-29T09:00:00+03:00,09:00,0.0,1003.0,0,984.28,-733.83
2026-03-29T10:00:00+03:00,10:00,0.0,942.5,0,924.03,-525.36
2026-03-29T11:00:00+03:00,11:00,0.0,1103.23,0,1006.96,504.35
2026-03-29T12:00:00+03:00,12:00,0.0,1424.0,0,1390.34,1052.3
2026-03-29T13:00:00+03:00,13:00,0.0,1738.0,0,1430.11,1331.15
2026-03-29T14:00:00+03:00,14:00,0.0,2575.0,0,1753.64,1389.91
2026-03-29T15:00:00+03:00,15:00,92.42,2284.33,0,2332.13,1158.14
2026-03-29T16:00:00+03:00,16:00,0.0,1753.05,0,1731.81,165.95
2026-03-29T17:00:00+03:00,17:00,87.67,1602.0,0,1671.01,-693.65
2026-03-29T18:00:00+03:00,18:00,81.08,1242.0,0,1303.89,-960.19
2026-03-29T19:00:00+03:00,19:00,439.47,233.33,0,672.8,348.84
2026-03-29T20:00:00+03:00,20:00,641.0,0.0,0,640.8,609.13
2026-03-29T21:00:00+03:00,21:00,119.72,408.33,0,528.05,-228.43
2026-03-29T22:00:00+03:00,22:00,0.0,175.0,0,156.68,-829.37
2026-03-29T23:00:00+03:00,23:00,34.92,0.0,0,34.92,-523.87
2026-03-30T00:00:00+03:00,00:00,28.42,0.0,0,27.6,-60.15
2026-03-30T01:00:00+03:00,01:00,234.57,0.0,0,227.18,195.51
2026-03-30T02:00:00+03:00,02:00,245.0,0.0,0,241.2,241.2
2026-03-30T03:00:00+03:00,03:00,75.25,0.0,0,75.25,75.25
2026-03-30T04:00:00+03:00,04:00,0.0,0.0,0,0.0,-237.83
2026-03-30T05:00:00+03:00,05:00,5.17,0.0,0,1.75,-301.85
2026-03-30T06:00:00+03:00,06:00,31.0,0.0,0,26.67,-487.43
2026-03-30T07:00:00+03:00,07:00,20.67,775.0,0,739.52,-639.64
2026-03-30T08:00:00+03:00,08:00,16.67,3242.07,0,2656.57,-175.53
2026-03-30T09:00:00+03:00,09:00,0.0,5236.78,0,4230.8,680.27
2026-03-30T10:00:00+03:00,10:00,0.0,5339.0,0,5090.67,1119.64
2026-03-30T11:00:00+03:00,11:00,0.0,5335.0,0,5298.97,901.24
2026-03-30T12:00:00+03:00,12:00,0.0,5106.4,0,5074.32,1134.44
2026-03-30T13:00:00+03:00,13:00,0.0,5046.0,0,5006.7,642.03
2026-03-30T14:00:00+03:00,14:00,28.0,5298.17,0,5267.05,786.95
2026-03-30T15:00:00+03:00,15:00,0.0,4062.0,0,4010.93,909.96
2026-03-30T16:00:00+03:00,16:00,55.1,3786.0,0,3754.69,1298.57
2026-03-30T17:00:00+03:00,17:00,1478.0,2239.0,0,3676.03,1839.14
2026-03-30T18:00:00+03:00,18:00,657.83,2071.0,0,2703.77,939.24
2026-03-30T19:00:00+03:00,19:00,16.5,2252.0,0,2260.45,541.4
2026-03-30T20:00:00+03:00,20:00,2406.33,0.0,0,2361.57,981.78
2026-03-30T21:00:00+03:00,21:00,1015.7,1690.82,0,2675.14,1226.68
2026-03-30T22:00:00+03:00,22:00,0.0,2500.33,0,2468.58,945.7
2026-03-30T23:00:00+03:00,23:00,0.0,2082.0,0,2059.26,812.86
2026-03-31T00:00:00+03:00,00:00,36.4,1834.0,0,1870.33,25.05
2026-03-31T01:00:00+03:00,01:00,16.0,2198.0,0,2203.66,615.14
2026-03-31T02:00:00+03:00,02:00,0.0,1508.63,0,1466.63,322.61
2026-03-31T03:00:00+03:00,03:00,57.33,0.0,0,57.33,-81.24
2026-03-31T04:00:00+03:00,04:00,220.9,0.0,0,217.73,217.73
2026-03-31T05:00:00+03:00,05:00,668.87,0.0,0,493.46,493.46
2026-03-31T06:00:00+03:00,06:00,951.03,0.0,0,797.95,497.59
2026-03-31T07:00:00+03:00,07:00,0.0,1145.0,0,889.0,-490.29
2026-03-31T08:00:00+03:00,08:00,311.27,2958.33,0,3255.81,684.88
2026-03-31T09:00:00+03:00,09:00,0.0,3737.97,0,3734.58,-233.44
2026-03-31T10:00:00+03:00,10:00,120.15,3198.6,0,3283.36,-1201.51
2026-03-31T11:00:00+03:00,11:00,0.0,4090.0,0,4065.74,-279.89
2026-03-31T12:00:00+03:00,12:00,0.0,4080.52,0,4016.02,-1155.35
2026-03-31T13:00:00+03:00,13:00,0.0,3868.0,0,3868.0,-912.2
2026-03-31T14:00:00+03:00,14:00,0.0,3324.77,0,3301.37,-342.72
2026-03-31T15:00:00+03:00,15:00,0.0,3279.0,0,3265.14,-549.32
2026-03-31T16:00:00+03:00,16:00,0.0,3488.97,0,3476.89,390.35
2026-03-31T17:00:00+03:00,17:00,0.0,3916.0,0,3864.03,559.32
2026-03-31T18:00:00+03:00,18:00,0.0,3482.83,0,3441.82,-217.18
2026-03-31T19:00:00+03:00,19:00,0.0,1635.0,0,1635.0,-327.65
2026-03-31T20:00:00+03:00,20:00,0.0,1635.0,0,1635.0,345.28
2026-03-31T21:00:00+03:00,21:00,0.0,2116.67,0,2116.67,16.56
2026-03-31T22:00:00+03:00,22:00,0.0,1795.0,0,1795.0,-160.69
2026-03-31T23:00:00+03:00,23:00,0.0,1608.08,0,1591.58,321.42
2026-04-01T00:00:00+03:00,00:00,0.0,1266.33,0,1266.33,-765.42
2026-04-01T01:00:00+03:00,01:00,0.0,1133.0,0,1133.0,-281.83
2026-04-01T02:00:00+03:00,02:00,0.0,0.0,0,0.0,-1093.49
2026-04-01T03:00:00+03:00,03:00,92.0,0.0,0,92.0,-601.66
2026-04-01T04:00:00+03:00,04:00,0.0,0.0,0,0.0,-708.5
2026-04-01T05:00:00+03:00,05:00,0.0,609.0,0,423.0,-408.08
2026-04-01T06:00:00+03:00,06:00,78.75,949.6,0,873.25,-165.33
2026-04-01T07:00:00+03:00,07:00,0.0,2023.55,0,1971.81,71.51
2026-04-01T08:00:00+03:00,08:00,0.0,3722.5,0,3304.99,-618.1
2026-04-01T09:00:00+03:00,09:00,0.0,3911.17,0,3877.76,-2488.39
2026-04-01T10:00:00+03:00,10:00,0.0,3328.07,0,3310.59,-2800.27
2026-04-01T11:00:00+03:00,11:00,52.5,3952.0,0,3938.17,-2204.08
2026-04-01T12:00:00+03:00,12:00,0.0,4022.6,0,3840.89,-922.17
2026-04-01T13:00:00+03:00,13:00,0.0,3570.27,0,3546.68,85.67
2026-04-01T14:00:00+03:00,14:00,135.67,3331.0,0,3437.33,907.94
2026-04-01T15:00:00+03:00,15:00,58.0,3232.0,0,3268.44,894.87
2026-04-01T16:00:00+03:00,16:00,27.08,2959.0,0,2973.23,1133.22
2026-04-01T17:00:00+03:00,17:00,0.0,2567.7,0,2547.16,371.53
2026-04-01T18:00:00+03:00,18:00,0.0,1039.52,0,1039.52,-1192.61
2026-04-01T19:00:00+03:00,19:00,0.0,0.0,0,0.0,-568.24
2026-04-01T20:00:00+03:00,20:00,0.0,0.0,0,0.0,-390.0
2026-04-01T21:00:00+03:00,21:00,0.0,0.0,0,0.0,-937.8
2026-04-01T22:00:00+03:00,22:00,0.0,0.0,0,0.0,-607.96
2026-04-01T23:00:00+03:00,23:00,0.0,0.0,0,0.0,-350.98
2026-04-02T00:00:00+03:00,00:00,38.5,0.0,0,38.5,-233.05
2026-04-02T01:00:00+03:00,01:00,28.17,0.0,0,28.17,-117.63
2026-04-02T02:00:00+03:00,02:00,0.0,0.0,0,0.0,-315.5
2026-04-02T03:00:00+03:00,03:00,0.0,0.0,0,0.0,-673.64
2026-04-02T04:00:00+03:00,04:00,0.0,0.0,0,0.0,-1282.81
2026-04-02T05:00:00+03:00,05:00,0.0,0.0,0,0.0,-1237.73
2026-04-02T06:00:00+03:00,06:00,114.92,0.0,0,114.92,-1162.85
2026-04-02T07:00:00+03:00,07:00,0.0,0.0,0,0.0,-1518.95
2026-04-02T08:00:00+03:00,08:00,0.0,1512.0,0,1512.0,-1209.62
2026-04-02T09:00:00+03:00,09:00,0.0,1704.0,0,1698.0,-311.81
2026-04-02T10:00:00+03:00,10:00,0.0,1703.0,0,1699.0,-447.57
2026-04-02T11:00:00+03:00,11:00,0.0,1853.0,0,1847.0,541.54
2026-04-02T12:00:00+03:00,12:00,0.0,1702.0,0,1697.0,481.29
2026-04-02T13:00:00+03:00,13:00,0.0,1918.0,0,1918.0,-409.14
2026-04-02T14:00:00+03:00,14:00,0.0,2181.0,0,2178.0,-894.26
2026-04-02T15:00:00+03:00,15:00,0.0,1758.0,0,1758.0,-1845.98
2026-04-02T16:00:00+03:00,16:00,0.0,1512.0,0,1512.0,-1792.15
2026-04-02T17:00:00+03:00,17:00,90.07,1513.0,0,1603.07,-1517.93
2026-04-02T18:00:00+03:00,18:00,0.0,1195.0,0,1193.0,-594.68
2026-04-02T19:00:00+03:00,19:00,44.35,1266.0,0,1305.19,269.34
2026-04-02T20:00:00+03:00,20:00,582.23,933.73,0,1377.77,555.88
2026-04-02T21:00:00+03:00,21:00,0.0,1127.0,0,1124.0,398.46
2026-04-02T22:00:00+03:00,22:00,0.0,1171.0,0,1169.0,348.61
2026-04-02T23:00:00+03:00,23:00,0.0,1090.5,0,1090.5,410.3
2026-04-03T00:00:00+03:00,00:00,590.58,322.85,0,858.24,431.58
2026-04-03T01:00:00+03:00,01:00,697.35,0.0,0,675.35,454.18
2026-04-03T02:00:00+03:00,02:00,3.95,0.0,0,3.95,-418.68
2026-04-03T03:00:00+03:00,03:00,0.0,0.0,0,0.0,-729.13
2026-04-03T04:00:00+03:00,04:00,0.0,0.0,0,0.0,-627.0
2026-04-03T05:00:00+03:00,05:00,38.33,0.0,0,38.33,-267.67
2026-04-03T06:00:00+03:00,06:00,407.88,0.0,0,406.06,297.53
2026-04-03T07:00:00+03:00,07:00,427.47,0.0,0,357.95,274.34
2026-04-03T08:00:00+03:00,08:00,2161.98,502.63,0,1850.5,1833.8
2026-04-03T09:00:00+03:00,09:00,1150.62,1253.5,0,2325.52,1825.15
2026-04-03T10:00:00+03:00,10:00,0.0,2088.0,0,2088.0,791.48
2026-04-03T11:00:00+03:00,11:00,0.0,2171.33,0,2153.33,884.33
2026-04-03T12:00:00+03:00,12:00,0.0,2064.67,0,2062.67,1162.41
2026-04-03T13:00:00+03:00,13:00,41.73,1633.0,0,1670.73,-369.79
2026-04-03T14:00:00+03:00,14:00,0.0,1869.67,0,1843.67,551.48
2026-04-03T15:00:00+03:00,15:00,0.0,2003.0,0,1998.0,317.25
2026-04-03T16:00:00+03:00,16:00,0.0,2556.33,0,2357.75,525.29
2026-04-03T17:00:00+03:00,17:00,0.0,1922.73,0,1922.73,-224.82
2026-04-03T18:00:00+03:00,18:00,0.0,1481.0,0,1481.0,306.87
2026-04-03T19:00:00+03:00,19:00,37.33,958.0,0,995.33,527.68
2026-04-03T20:00:00+03:00,20:00,775.0,225.0,0,964.13,494.98
2026-04-03T21:00:00+03:00,21:00,555.68,342.5,0,898.18,378.31
2026-04-03T22:00:00+03:00,22:00,206.37,500.0,0,706.37,-43.17
2026-04-03T23:00:00+03:00,23:00,0.0,500.0,0,500.0,28.74
2026-04-04T00:00:00+03:00,00:00,103.33,91.67,0,189.89,-108.34
2026-04-04T01:00:00+03:00,01:00,74.75,0.0,0,74.75,-205.0
2026-04-04T02:00:00+03:00,02:00,97.03,0.0,0,97.03,-54.97
2026-04-04T03:00:00+03:00,03:00,22.0,0.0,0,22.0,-113.91
2026-04-04T04:00:00+03:00,04:00,216.95,0.0,0,151.67,133.41
2026-04-04T05:00:00+03:00,05:00,475.98,0.0,0,451.04,451.04
2026-04-04T06:00:00+03:00,06:00,473.93,0.0,0,469.18,190.61
2026-04-04T07:00:00+03:00,07:00,57.75,800.0,0,836.74,-713.59
2026-04-04T08:00:00+03:00,08:00,16.5,1393.0,0,1409.0,-640.81
2026-04-04T09:00:00+03:00,09:00,0.0,2206.4,0,2138.11,-197.32
2026-04-04T10:00:00+03:00,10:00,0.0,2683.37,0,2653.3,-600.97
2026-04-04T11:00:00+03:00,11:00,0.0,3650.0,0,3601.01,-124.43
2026-04-04T12:00:00+03:00,12:00,0.0,3034.2,0,2998.61,-1001.0
2026-04-04T13:00:00+03:00,13:00,0.0,2427.0,0,2390.28,-1408.27
2026-04-04T14:00:00+03:00,14:00,27.5,2427.0,0,2398.47,-1418.68
2026-04-04T15:00:00+03:00,15:00,20.0,2427.0,0,2408.24,-1676.04
2026-04-04T16:00:00+03:00,16:00,15.75,2427.0,0,2398.75,-2169.86
2026-04-04T17:00:00+03:00,17:00,0.0,2377.0,0,2334.88,-2686.1
2026-04-04T18:00:00+03:00,18:00,51.67,2474.0,0,2468.56,-204.92
2026-04-04T19:00:00+03:00,19:00,0.0,1747.35,0,1689.45,336.59
2026-04-04T20:00:00+03:00,20:00,5.17,2080.4,0,2041.46,1518.78
2026-04-04T21:00:00+03:00,21:00,0.0,1476.0,0,1433.69,789.32
2026-04-04T22:00:00+03:00,22:00,0.0,1120.0,0,1080.35,247.12
2026-04-04T23:00:00+03:00,23:00,690.55,234.58,0,847.09,64.71
2026-04-05T00:00:00+03:00,00:00,248.93,0.0,0,125.82,-366.64
2026-04-05T01:00:00+03:00,01:00,1140.82,0.0,0,1000.47,681.22
2026-04-05T02:00:00+03:00,02:00,375.65,0.0,0,374.4,330.25
2026-04-05T03:00:00+03:00,03:00,244.42,0.0,0,243.62,243.62
2026-04-05T04:00:00+03:00,04:00,125.94,0.0,0,124.94,124.94
2026-04-05T05:00:00+03:00,05:00,0.0,0.0,0,0.0,-2.13
2026-04-05T06:00:00+03:00,06:00,362.63,0.0,0,329.44,-52.89
2026-04-05T07:00:00+03:00,07:00,0.0,0.0,0,0.0,-813.68
2026-04-05T08:00:00+03:00,08:00,0.0,0.0,0,0.0,-2227.65
2026-04-05T09:00:00+03:00,09:00,0.0,0.0,0,0.0,-3512.9
2026-04-05T10:00:00+03:00,10:00,0.0,0.0,0,0.0,-4250.22
2026-04-05T11:00:00+03:00,11:00,0.0,0.0,0,0.0,-4667.33
2026-04-05T12:00:00+03:00,12:00,0.0,0.0,0,0.0,-4914.26
2026-04-05T13:00:00+03:00,13:00,0.0,0.0,0,0.0,-4635.86
2026-04-05T14:00:00+03:00,14:00,0.0,0.0,0,0.0,-4942.14
2026-04-05T15:00:00+03:00,15:00,0.0,0.0,0,0.0,-4212.97
2026-04-05T16:00:00+03:00,16:00,0.0,0.0,0,0.0,-4253.19
2026-04-05T17:00:00+03:00,17:00,11.42,0.0,0,11.42,-1896.28
2026-04-05T18:00:00+03:00,18:00,17.77,0.0,0,16.45,-1176.65
2026-04-05T19:00:00+03:00,19:00,652.08,0.0,0,280.03,-168.82
2026-04-05T20:00:00+03:00,20:00,904.8,0.0,0,747.22,414.79
2026-04-05T21:00:00+03:00,21:00,0.0,0.0,0,0.0,-936.32
2026-04-05T22:00:00+03:00,22:00,49.08,0.0,0,49.08,-197.39
2026-04-05T23:00:00+03:00,23:00,0.0,0.0,0,0.0,-105.07
2026-04-06T00:00:00+03:00,00:00,185.37,0.0,0,184.07,-125.57
2026-04-06T01:00:00+03:00,01:00,114.6,0.0,0,114.6,-206.35
2026-04-06T02:00:00+03:00,02:00,0.0,0.0,0,0.0,-532.22
2026-04-06T03:00:00+03:00,03:00,0.0,0.0,0,0.0,-497.94
2026-04-06T04:00:00+03:00,04:00,0.0,0.0,0,0.0,-591.21
2026-04-06T05:00:00+03:00,05:00,0.0,0.0,0,0.0,-330.17
2026-04-06T06:00:00+03:00,06:00,0.0,0.0,0,0.0,-283.67
2026-04-06T07:00:00+03:00,07:00,0.0,1185.0,0,757.62,-307.59
2026-04-06T08:00:00+03:00,08:00,0.0,3330.0,0,3022.19,-483.94
2026-04-06T09:00:00+03:00,09:00,0.0,3112.08,0,3109.08,-1497.84
2026-04-06T10:00:00+03:00,10:00,0.0,2490.0,0,2490.0,-2755.61
2026-04-06T11:00:00+03:00,11:00,0.0,2490.0,0,2490.0,-2240.43
2026-04-06T12:00:00+03:00,12:00,0.0,2490.0,0,2490.0,-2196.26
2026-04-06T13:00:00+03:00,13:00,0.0,2550.0,0,2550.0,-1603.06
2026-04-06T14:00:00+03:00,14:00,0.0,2721.0,0,2721.0,-881.23
2026-04-06T15:00:00+03:00,15:00,0.0,2550.0,0,2550.0,-1076.94
2026-04-06T16:00:00+03:00,16:00,0.0,2570.0,0,2570.0,-1538.34
2026-04-06T17:00:00+03:00,17:00,0.0,2590.0,0,2590.0,-1731.6
2026-04-06T18:00:00+03:00,18:00,0.0,2350.0,0,2350.0,-1071.46
2026-04-06T19:00:00+03:00,19:00,38.75,1745.33,0,1780.75,-542.86
2026-04-06T20:00:00+03:00,20:00,0.0,1780.0,0,1774.7,562.13
2026-04-06T21:00:00+03:00,21:00,0.0,2060.67,0,2060.67,564.83
2026-04-06T22:00:00+03:00,22:00,0.0,1650.17,0,1650.17,-42.7
2026-04-06T23:00:00+03:00,23:00,0.0,1160.17,0,1160.17,-488.19
2026-04-07T00:00:00+03:00,00:00,0.0,0.0,0,0.0,-1311.89
2026-04-07T01:00:00+03:00,01:00,601.67,0.0,0,372.58,10.44
2026-04-07T02:00:00+03:00,02:00,425.37,0.0,0,412.94,302.69
2026-04-07T03:00:00+03:00,03:00,0.0,0.0,0,0.0,0.0
2026-04-07T04:00:00+03:00,04:00,219.03,0.0,0,216.99,216.99
2026-04-07T05:00:00+03:00,05:00,204.0,0.0,0,202.48,202.48
2026-04-07T06:00:00+03:00,06:00,171.3,0.0,0,171.08,49.41
2026-04-07T07:00:00+03:00,07:00,0.0,580.0,0,577.22,-143.61
2026-04-07T08:00:00+03:00,08:00,0.0,2550.87,0,2474.45,-16.18
2026-04-07T09:00:00+03:00,09:00,0.0,4022.73,0,3771.1,94.19
2026-04-07T10:00:00+03:00,10:00,0.0,3269.35,0,3269.35,-741.42
2026-04-07T11:00:00+03:00,11:00,87.5,3057.0,0,3111.0,-630.84
2026-04-07T12:00:00+03:00,12:00,0.0,2902.0,0,2876.5,-652.57
2026-04-07T13:00:00+03:00,13:00,0.0,2468.0,0,2468.0,-590.77
2026-04-07T14:00:00+03:00,14:00,121.92,2542.0,0,2663.92,-65.01
2026-04-07T15:00:00+03:00,15:00,0.0,2704.0,0,2704.0,-964.84
2026-04-07T16:00:00+03:00,16:00,0.0,2702.0,0,2702.0,-1878.01
2026-04-07T17:00:00+03:00,17:00,0.0,2575.0,0,2575.0,-1757.05
2026-04-07T18:00:00+03:00,18:00,7.0,2610.52,0,2617.52,-724.76
2026-04-07T19:00:00+03:00,19:00,38.75,2149.0,0,2160.46,-51.55
2026-04-07T20:00:00+03:00,20:00,0.0,2207.0,0,2190.37,385.54
2026-04-07T21:00:00+03:00,21:00,0.0,2058.0,0,2057.62,65.52
2026-04-07T22:00:00+03:00,22:00,0.0,1898.5,0,1894.67,2.75
2026-04-07T23:00:00+03:00,23:00,0.0,819.13,0,818.54,-339.26
2026-04-08T00:00:00+03:00,00:00,0.0,0.0,0,0.0,-1176.54
2026-04-08T01:00:00+03:00,01:00,0.0,0.0,0,0.0,-687.55
2026-04-08T02:00:00+03:00,02:00,0.0,0.0,0,0.0,-94.67
2026-04-08T03:00:00+03:00,03:00,0.0,0.0,0,0.0,-251.0
2026-04-08T04:00:00+03:00,04:00,0.0,0.0,0,0.0,-414.64
2026-04-08T05:00:00+03:00,05:00,0.0,0.0,0,0.0,-441.76
2026-04-08T06:00:00+03:00,06:00,0.0,0.0,0,0.0,-269.06
2026-04-08T07:00:00+03:00,07:00,21.75,350.0,0,365.5,-398.82
2026-04-08T08:00:00+03:00,08:00,0.0,2058.02,0,1808.86,665.36
2026-04-08T09:00:00+03:00,09:00,0.0,3624.0,0,3212.03,1482.72
2026-04-08T10:00:00+03:00,10:00,0.0,3645.0,0,3581.7,1490.89
2026-04-08T11:00:00+03:00,11:00,0.0,2994.22,0,2991.16,902.53
2026-04-08T12:00:00+03:00,12:00,0.0,2038.0,0,2038.0,176.16
2026-04-08T13:00:00+03:00,13:00,0.0,2040.0,0,2040.0,144.11
2026-04-08T14:00:00+03:00,14:00,106.5,2130.0,0,2236.5,1307.4
2026-04-08T15:00:00+03:00,15:00,6.0,2131.0,0,2137.0,932.99
2026-04-08T16:00:00+03:00,16:00,149.35,2234.75,0,2317.6,762.1
2026-04-08T17:00:00+03:00,17:00,0.0,2782.0,0,2718.46,-39.74
2026-04-08T18:00:00+03:00,18:00,0.0,1963.0,0,1959.35,-624.52
2026-04-08T19:00:00+03:00,19:00,12.92,1291.33,0,1304.25,-912.25
2026-04-08T20:00:00+03:00,20:00,0.0,947.0,0,947.0,-960.73
2026-04-08T21:00:00+03:00,21:00,15.5,903.0,0,918.5,-1102.65
2026-04-08T22:00:00+03:00,22:00,0.0,1106.08,0,1049.29,-812.8
2026-04-08T23:00:00+03:00,23:00,0.0,860.72,0,860.72,-268.95
2026-04-09T00:00:00+03:00,00:00,5.1,480.0,0,485.1,-917.26
2026-04-09T01:00:00+03:00,01:00,78.43,368.0,0,445.55,-155.53
2026-04-09T02:00:00+03:00,02:00,153.6,0.0,0,152.68,-430.32
2026-04-09T03:00:00+03:00,03:00,19.5,0.0,0,19.5,-377.5
2026-04-09T04:00:00+03:00,04:00,83.57,0.0,0,73.79,-137.64
2026-04-09T05:00:00+03:00,05:00,1171.59,0.0,0,644.94,268.0
2026-04-09T06:00:00+03:00,06:00,1132.55,0.0,0,1109.04,348.54
2026-04-09T07:00:00+03:00,07:00,483.98,810.58,0,1281.28,260.17
2026-04-09T08:00:00+03:00,08:00,447.17,4336.63,0,3907.6,1712.2
2026-04-09T09:00:00+03:00,09:00,0.0,4097.0,0,4085.63,1270.28
2026-04-09T10:00:00+03:00,10:00,0.0,4227.75,0,4115.9,414.5
2026-04-09T11:00:00+03:00,11:00,0.0,4986.22,0,4866.57,543.29
2026-04-09T12:00:00+03:00,12:00,0.0,4174.0,0,4151.88,-554.36
2026-04-09T13:00:00+03:00,13:00,10.25,4172.0,0,4147.03,528.7
2026-04-09T14:00:00+03:00,14:00,64.75,5109.0,0,4839.16,1888.59
2026-04-09T15:00:00+03:00,15:00,51.0,4318.83,0,4369.83,879.0
2026-04-09T16:00:00+03:00,16:00,252.88,4296.0,0,4504.34,1320.39
2026-04-09T17:00:00+03:00,17:00,0.0,3159.0,0,3129.8,860.09
2026-04-09T18:00:00+03:00,18:00,0.0,2931.0,0,2903.51,1772.62
2026-04-09T19:00:00+03:00,19:00,0.0,1136.0,0,1136.0,678.0
2026-04-09T20:00:00+03:00,20:00,1267.0,0.0,0,1155.82,725.26
2026-04-09T21:00:00+03:00,21:00,442.23,1269.75,0,1656.98,558.54
2026-04-09T22:00:00+03:00,22:00,0.0,3070.5,0,3009.46,1069.62
2026-04-09T23:00:00+03:00,23:00,0.0,3254.0,0,3190.68,685.48
2026-04-10T00:00:00+03:00,00:00,24.5,2234.75,0,2237.25,-256.4
2026-04-10T01:00:00+03:00,01:00,151.43,727.0,0,876.51,-759.87
2026-04-10T02:00:00+03:00,02:00,101.67,93.33,0,195.0,-143.59
2026-04-10T03:00:00+03:00,03:00,0.0,0.0,0,0.0,0.0
2026-04-10T04:00:00+03:00,04:00,73.97,0.0,0,43.07,43.07
2026-04-10T05:00:00+03:00,05:00,0.0,350.0,0,350.0,301.92
2026-04-10T06:00:00+03:00,06:00,45.5,350.0,0,391.5,211.02
2026-04-10T07:00:00+03:00,07:00,0.0,1430.0,0,1189.0,633.0
2026-04-10T08:00:00+03:00,08:00,0.0,3056.8,0,3027.4,918.85
2026-04-10T09:00:00+03:00,09:00,0.0,3869.0,0,3864.47,743.22
2026-04-10T10:00:00+03:00,10:00,0.0,3483.67,0,3483.67,474.38
2026-04-10T11:00:00+03:00,11:00,42.0,3466.65,0,3508.65,659.2
2026-04-10T12:00:00+03:00,12:00,0.0,3344.0,0,3323.0,-102.33
2026-04-10T13:00:00+03:00,13:00,0.0,3094.0,0,3094.0,-327.58
2026-04-10T14:00:00+03:00,14:00,55.93,4327.97,0,4274.01,435.52
2026-04-10T15:00:00+03:00,15:00,0.0,4617.0,0,4542.55,206.36
2026-04-10T16:00:00+03:00,16:00,57.2,4755.33,0,4788.17,104.79
2026-04-10T17:00:00+03:00,17:00,85.5,4236.0,0,4319.21,380.28
2026-04-10T18:00:00+03:00,18:00,0.0,3178.0,0,3176.4,150.45
2026-04-10T19:00:00+03:00,19:00,0.0,1973.0,0,1926.69,833.59
2026-04-10T20:00:00+03:00,20:00,0.0,1792.0,0,1749.67,-121.88
2026-04-10T21:00:00+03:00,21:00,0.0,2828.0,0,2785.44,121.81
2026-04-10T22:00:00+03:00,22:00,0.0,2618.0,0,2575.34,361.18
2026-04-10T23:00:00+03:00,23:00,0.0,2468.0,0,2425.01,465.75
2026-04-11T00:00:00+03:00,00:00,0.0,2880.0,0,2815.37,936.65
2026-04-11T01:00:00+03:00,01:00,0.0,2761.0,0,2757.84,854.88
2026-04-11T02:00:00+03:00,02:00,0.0,2567.67,0,2565.73,1158.73
2026-04-11T03:00:00+03:00,03:00,0.0,1932.0,0,1932.0,553.18
2026-04-11T04:00:00+03:00,04:00,0.0,2332.0,0,2320.96,919.66
2026-04-11T05:00:00+03:00,05:00,0.0,2154.0,0,2151.33,553.94
2026-04-11T06:00:00+03:00,06:00,0.0,1961.0,0,1957.37,247.34
2026-04-11T07:00:00+03:00,07:00,0.0,2064.0,0,2064.0,75.68
2026-04-11T08:00:00+03:00,08:00,0.0,3224.83,0,2842.0,1582.14
2026-04-11T09:00:00+03:00,09:00,0.0,3316.67,0,3316.67,1274.2
2026-04-11T10:00:00+03:00,10:00,0.0,2994.0,0,2991.36,235.27
2026-04-11T11:00:00+03:00,11:00,0.0,2832.9,0,2829.9,77.64
2026-04-11T12:00:00+03:00,12:00,0.0,2654.0,0,2654.0,-970.07
2026-04-11T13:00:00+03:00,13:00,0.0,2362.07,0,2362.07,-1425.88
2026-04-11T14:00:00+03:00,14:00,0.0,2050.0,0,2050.0,-800.99
2026-04-11T15:00:00+03:00,15:00,0.0,2050.0,0,2050.0,-595.33
2026-04-11T16:00:00+03:00,16:00,0.0,2050.0,0,2050.0,-1272.49
2026-04-11T17:00:00+03:00,17:00,101.5,2263.43,0,2332.7,-199.94
2026-04-11T18:00:00+03:00,18:00,19.25,2567.8,0,2524.14,484.35
2026-04-11T19:00:00+03:00,19:00,438.42,949.92,0,1340.34,944.67
2026-04-11T20:00:00+03:00,20:00,1099.5,281.0,0,1335.74,1055.52
2026-04-11T21:00:00+03:00,21:00,96.12,1909.0,0,1958.05,1676.63
2026-04-11T22:00:00+03:00,22:00,0.0,2615.0,0,2566.9,1393.1
2026-04-11T23:00:00+03:00,23:00,0.0,2815.0,0,2766.65,902.15
2026-04-12T00:00:00+03:00,00:00,0.0,2812.0,0,2763.2,581.88
2026-04-12T01:00:00+03:00,01:00,0.0,2758.0,0,2755.32,610.33
2026-04-12T02:00:00+03:00,02:00,0.0,2645.08,0,2641.79,488.59
2026-04-12T03:00:00+03:00,03:00,0.0,1953.83,0,1950.52,-143.28
2026-04-12T04:00:00+03:00,04:00,0.0,1597.25,0,1597.25,-124.09
2026-04-12T05:00:00+03:00,05:00,116.83,1773.0,0,1872.74,167.83
2026-04-12T06:00:00+03:00,06:00,31.5,1773.0,0,1802.39,579.15
2026-04-12T07:00:00+03:00,07:00,0.0,1629.67,0,1629.67,870.28
2026-04-12T08:00:00+03:00,08:00,31.5,1103.0,0,1134.5,-484.41
2026-04-12T09:00:00+03:00,09:00,0.0,742.0,0,742.0,-1505.68
2026-04-12T10:00:00+03:00,10:00,0.0,621.0,0,621.0,-2990.81
2026-04-12T11:00:00+03:00,11:00,0.0,620.0,0,620.0,-2507.86
2026-04-12T12:00:00+03:00,12:00,0.0,296.3,0,296.3,-2812.52
2026-04-12T13:00:00+03:00,13:00,0.0,0.0,0,0.0,-2472.76
2026-04-12T14:00:00+03:00,14:00,0.0,0.0,0,0.0,-2216.41
2026-04-12T15:00:00+03:00,15:00,0.0,600.0,0,600.0,-2557.2
2026-04-12T16:00:00+03:00,16:00,0.0,1550.0,0,1550.0,-2539.63
2026-04-12T17:00:00+03:00,17:00,79.25,1550.0,0,1629.25,-1287.33
2026-04-12T18:00:00+03:00,18:00,0.0,1550.0,0,1550.0,-919.44
2026-04-12T19:00:00+03:00,19:00,51.67,2086.33,0,2039.23,600.33
2026-04-12T20:00:00+03:00,20:00,0.0,2355.0,0,2350.02,1368.89
2026-04-12T21:00:00+03:00,21:00,0.0,2456.25,0,2454.38,763.57
2026-04-12T22:00:00+03:00,22:00,0.0,2568.0,0,2565.05,849.73
2026-04-12T23:00:00+03:00,23:00,0.0,2229.92,0,2228.55,935.94
2026-04-13T00:00:00+03:00,00:00,0.0,1608.83,0,1608.83,486.68
2026-04-13T01:00:00+03:00,01:00,0.0,1310.0,0,1310.0,492.15
2026-04-13T02:00:00+03:00,02:00,0.0,686.0,0,683.54,247.62
2026-04-13T03:00:00+03:00,03:00,35.43,210.0,0,245.15,34.15
2026-04-13T04:00:00+03:00,04:00,0.0,0.0,0,0.0,0.0
2026-04-13T05:00:00+03:00,05:00,0.0,0.0,0,0.0,0.0
2026-04-13T06:00:00+03:00,06:00,181.2,350.0,0,527.41,200.23
2026-04-13T07:00:00+03:00,07:00,0.0,1660.0,0,1423.0,-372.81
2026-04-13T08:00:00+03:00,08:00,0.0,3340.0,0,3275.41,-953.48
2026-04-13T09:00:00+03:00,09:00,0.0,4061.75,0,4036.71,-593.5
2026-04-13T10:00:00+03:00,10:00,0.0,3721.0,0,3714.62,-1047.44
2026-04-13T11:00:00+03:00,11:00,0.0,3335.0,0,3329.42,-582.8
2026-04-13T12:00:00+03:00,12:00,0.0,3193.0,0,3193.0,-570.44
2026-04-13T13:00:00+03:00,13:00,0.0,3192.0,0,3192.0,-905.27
2026-04-13T14:00:00+03:00,14:00,0.0,3192.0,0,3192.0,-853.29
2026-04-13T15:00:00+03:00,15:00,0.0,3271.0,0,3271.0,-2060.31
2026-04-13T16:00:00+03:00,16:00,0.0,3079.0,0,3076.73,-1380.67
2026-04-13T17:00:00+03:00,17:00,26.25,3815.0,0,3579.2,-310.23
2026-04-13T18:00:00+03:00,18:00,60.67,3131.0,0,3115.07,-176.92
2026-04-13T19:00:00+03:00,19:00,57.5,2120.67,0,2167.54,880.82
2026-04-13T20:00:00+03:00,20:00,0.0,2066.67,0,2060.9,1335.9
2026-04-13T21:00:00+03:00,21:00,0.0,2231.0,0,2227.12,1376.24
2026-04-13T22:00:00+03:00,22:00,0.0,2700.5,0,2698.16,1189.82
2026-04-13T23:00:00+03:00,23:00,0.0,2423.25,0,2423.25,980.07
2026-04-14T00:00:00+03:00,00:00,0.0,2103.17,0,2082.52,272.63
2026-04-14T01:00:00+03:00,01:00,0.0,1705.4,0,1705.4,256.57
2026-04-14T02:00:00+03:00,02:00,98.78,1050.0,0,1113.69,558.51
2026-04-14T03:00:00+03:00,03:00,678.82,0.0,0,677.87,103.62
2026-04-14T04:00:00+03:00,04:00,0.0,934.0,0,906.0,390.56
2026-04-14T05:00:00+03:00,05:00,549.53,60.13,0,537.37,279.52
2026-04-14T06:00:00+03:00,06:00,580.7,390.0,0,920.9,391.27
2026-04-14T07:00:00+03:00,07:00,0.0,982.0,0,918.11,-69.0
2026-04-14T08:00:00+03:00,08:00,0.0,4037.82,0,3615.77,394.72
2026-04-14T09:00:00+03:00,09:00,0.0,4933.9,0,4923.62,-13.98
2026-04-14T10:00:00+03:00,10:00,0.0,3866.0,0,3864.0,-511.57
2026-04-14T11:00:00+03:00,11:00,0.0,4066.0,0,4065.0,-156.62
2026-04-14T12:00:00+03:00,12:00,0.0,3447.67,0,3447.67,-1105.92
2026-04-14T13:00:00+03:00,13:00,31.0,2923.0,0,2953.86,-1456.54
2026-04-14T14:00:00+03:00,14:00,34.43,4393.65,0,4218.95,-125.51
2026-04-14T15:00:00+03:00,15:00,0.0,4375.0,0,4336.96,-796.83
2026-04-14T16:00:00+03:00,16:00,29.33,4423.43,0,4408.48,260.45
2026-04-14T17:00:00+03:00,17:00,803.4,3195.2,0,3948.0,1361.97
2026-04-14T18:00:00+03:00,18:00,1630.72,1010.83,0,2627.22,1314.71
2026-04-14T19:00:00+03:00,19:00,357.62,1021.12,0,1336.65,425.31
2026-04-14T20:00:00+03:00,20:00,0.0,1994.93,0,1982.03,857.51
2026-04-14T21:00:00+03:00,21:00,0.0,2299.9,0,2292.45,848.67
2026-04-14T22:00:00+03:00,22:00,0.0,2929.08,0,2901.15,775.85
2026-04-14T23:00:00+03:00,23:00,0.0,2668.58,0,2652.02,1251.71
2026-04-15T00:00:00+03:00,00:00,0.0,2771.0,0,2741.72,1182.54
2026-04-15T01:00:00+03:00,01:00,0.0,2465.0,0,2451.0,1060.07
2026-04-15T02:00:00+03:00,02:00,63.0,2041.0,0,2091.59,744.72
2026-04-15T03:00:00+03:00,03:00,36.0,1216.0,0,1243.0,404.02
2026-04-15T04:00:00+03:00,04:00,0.0,602.55,0,602.55,-221.25
2026-04-15T05:00:00+03:00,05:00,0.0,500.0,0,500.0,-13.78
2026-04-15T06:00:00+03:00,06:00,246.32,489.75,0,603.4,43.72
2026-04-15T07:00:00+03:00,07:00,0.0,1005.0,0,1004.83,-468.74
2026-04-15T08:00:00+03:00,08:00,0.0,3959.9,0,3624.92,-83.66
2026-04-15T09:00:00+03:00,09:00,0.0,4600.85,0,4551.85,-69.87
2026-04-15T10:00:00+03:00,10:00,0.0,4490.63,0,4446.83,309.55
2026-04-15T11:00:00+03:00,11:00,0.0,4780.0,0,4687.64,401.3
2026-04-15T12:00:00+03:00,12:00,0.0,3543.0,0,3536.0,-1078.51
2026-04-15T13:00:00+03:00,13:00,40.73,3665.73,0,3694.9,-185.01
2026-04-15T14:00:00+03:00,14:00,26.17,4067.0,0,4047.81,287.16
2026-04-15T15:00:00+03:00,15:00,25.67,4313.62,0,4287.57,-210.6
2026-04-15T16:00:00+03:00,16:00,0.0,4881.0,0,4817.54,411.1
2026-04-15T17:00:00+03:00,17:00,0.0,4631.0,0,4556.04,350.13
2026-04-15T18:00:00+03:00,18:00,34.5,2867.05,0,2849.17,-190.03
2026-04-15T19:00:00+03:00,19:00,0.0,1663.65,0,1663.65,-485.53
2026-04-15T20:00:00+03:00,20:00,0.0,1500.0,0,1500.0,14.5
2026-04-15T21:00:00+03:00,21:00,0.0,1928.3,0,1913.27,308.42
2026-04-15T22:00:00+03:00,22:00,70.4,1979.98,0,2049.22,-202.39
2026-04-15T23:00:00+03:00,23:00,0.0,1810.0,0,1809.76,-585.56
2026-04-16T00:00:00+03:00,00:00,0.0,808.0,0,808.0,-1431.55
2026-04-16T01:00:00+03:00,01:00,0.0,216.0,0,216.0,-813.56
2026-04-16T02:00:00+03:00,02:00,67.5,0.0,0,67.5,-481.6
2026-04-16T03:00:00+03:00,03:00,0.0,0.0,0,0.0,-22.75
2026-04-16T04:00:00+03:00,04:00,0.0,0.0,0,0.0,-445.32
2026-04-16T05:00:00+03:00,05:00,0.0,0.0,0,0.0,-515.5
2026-04-16T06:00:00+03:00,06:00,0.0,0.0,0,0.0,-883.04
2026-04-16T07:00:00+03:00,07:00,0.0,873.0,0,873.0,-1682.25
2026-04-16T08:00:00+03:00,08:00,0.0,2550.0,0,2534.18,-577.28
2026-04-16T09:00:00+03:00,09:00,0.0,2550.0,0,2540.18,-540.1
2026-04-16T10:00:00+03:00,10:00,0.0,2394.0,0,2394.0,-661.65
2026-04-16T11:00:00+03:00,11:00,0.0,2310.0,0,2310.0,-171.73
2026-04-16T12:00:00+03:00,12:00,0.0,2310.0,0,2310.0,3.44
2026-04-16T13:00:00+03:00,13:00,0.0,2310.0,0,2310.0,233.36
2026-04-16T14:00:00+03:00,14:00,33.0,2430.0,0,2463.0,783.04
2026-04-16T15:00:00+03:00,15:00,0.0,2700.83,0,2697.33,-182.1
2026-04-16T16:00:00+03:00,16:00,26.67,2262.67,0,2268.83,-393.33
2026-04-16T17:00:00+03:00,17:00,112.0,2199.0,0,2287.82,172.35
2026-04-16T18:00:00+03:00,18:00,0.0,2214.0,0,2183.32,-454.03
2026-04-16T19:00:00+03:00,19:00,38.75,1837.9,0,1876.4,-136.22
2026-04-16T20:00:00+03:00,20:00,0.0,1730.0,0,1730.0,324.54
2026-04-16T21:00:00+03:00,21:00,0.0,1418.0,0,1418.0,-8.18
2026-04-16T22:00:00+03:00,22:00,0.0,657.5,0,657.5,-174.5
2026-04-16T23:00:00+03:00,23:00,27.0,500.0,0,522.3,-233.55
2026-04-17T00:00:00+03:00,00:00,0.0,0.0,0,0.0,-1044.56
2026-04-17T01:00:00+03:00,01:00,72.0,0.0,0,72.0,-725.15
2026-04-17T02:00:00+03:00,02:00,0.0,0.0,0,0.0,-532.0
2026-04-17T03:00:00+03:00,03:00,0.0,0.0,0,0.0,-412.8
2026-04-17T04:00:00+03:00,04:00,0.0,0.0,0,0.0,-419.9
2026-04-17T05:00:00+03:00,05:00,0.0,0.0,0,0.0,-433.5
2026-04-17T06:00:00+03:00,06:00,0.0,0.0,0,0.0,0.0
2026-04-17T07:00:00+03:00,07:00,0.0,0.0,0,0.0,0.0
2026-04-17T08:00:00+03:00,08:00,0.0,0.0,0,0.0,0.0
2026-04-17T09:00:00+03:00,09:00,0.0,0.0,0,0.0,0.0
2026-04-17T10:00:00+03:00,10:00,0.0,0.0,0,0.0,0.0
2026-04-17T11:00:00+03:00,11:00,0.0,0.0,0,0.0,0.0
2026-04-17T12:00:00+03:00,12:00,0.0,0.0,0,0.0,0.0
2026-04-17T13:00:00+03:00,13:00,0.0,0.0,0,0.0,0.0
2026-04-17T14:00:00+03:00,14:00,0.0,0.0,0,0.0,0.0
2026-04-17T15:00:00+03:00,15:00,0.0,0.0,0,0.0,0.0
2026-04-17T16:00:00+03:00,16:00,0.0,0.0,0,0.0,0.0
2026-04-17T17:00:00+03:00,17:00,0.0,0.0,0,0.0,0.0
2026-04-17T18:00:00+03:00,18:00,0.0,0.0,0,0.0,0.0
2026-04-17T19:00:00+03:00,19:00,0.0,0.0,0,0.0,0.0
2026-04-17T20:00:00+03:00,20:00,0.0,0.0,0,0.0,0.0
2026-04-17T21:00:00+03:00,21:00,0.0,0.0,0,0.0,0.0
2026-04-17T22:00:00+03:00,22:00,0.0,0.0,0,0.0,0.0
2026-04-17T23:00:00+03:00,23:00,0.0,0.0,0,0.0,0.0
2026-04-19T00:00:00+03:00,00:00,0.0,720.02,0,720.02,-385.48
2026-04-19T01:00:00+03:00,01:00,0.0,500.0,0,500.0,-274.16
2026-04-19T02:00:00+03:00,02:00,0.0,441.67,0,431.48,-202.52
2026-04-19T03:00:00+03:00,03:00,21.33,0.0,0,21.33,-305.67
2026-04-19T04:00:00+03:00,04:00,0.0,0.0,0,0.0,-337.0
2026-04-19T05:00:00+03:00,05:00,119.5,0.0,0,114.5,-103.05
2026-04-19T06:00:00+03:00,06:00,200.37,0.0,0,189.3,68.3
2026-04-19T07:00:00+03:00,07:00,0.0,0.0,0,0.0,-22.17
2026-04-19T08:00:00+03:00,08:00,607.02,0.0,0,546.3,546.3
2026-04-19T09:00:00+03:00,09:00,269.0,0.0,0,240.82,240.82
2026-04-19T10:00:00+03:00,10:00,291.5,0.0,0,288.06,288.06
2026-04-19T11:00:00+03:00,11:00,288.0,0.0,0,282.95,282.95
2026-04-19T12:00:00+03:00,12:00,303.0,0.0,0,297.61,297.61
2026-04-19T13:00:00+03:00,13:00,668.07,0.0,0,666.54,666.54
2026-04-19T14:00:00+03:00,14:00,471.08,0.0,0,463.7,463.7
2026-04-19T15:00:00+03:00,15:00,266.6,0.0,0,265.62,-234.13
2026-04-19T16:00:00+03:00,16:00,10.08,500.0,0,509.04,-97.81
2026-04-19T17:00:00+03:00,17:00,221.17,950.0,0,1009.61,-63.39
2026-04-19T18:00:00+03:00,18:00,74.78,1127.3,0,1198.62,-153.79
2026-04-19T19:00:00+03:00,19:00,90.42,1920.0,0,1745.41,-105.79
2026-04-19T20:00:00+03:00,20:00,0.0,1804.0,0,1786.06,128.55
2026-04-19T21:00:00+03:00,21:00,41.33,1910.58,0,1947.65,187.23
2026-04-19T22:00:00+03:00,22:00,0.0,1928.0,0,1926.0,528.12
2026-04-19T23:00:00+03:00,23:00,0.0,1847.0,0,1846.22,74.39
2026-04-20T00:00:00+03:00,00:00,0.0,1742.73,0,1740.49,389.79
2026-04-20T01:00:00+03:00,01:00,81.15,1601.0,0,1681.15,278.78
2026-04-20T02:00:00+03:00,02:00,0.0,1194.32,0,1194.32,26.32
2026-04-20T03:00:00+03:00,03:00,0.0,868.33,0,868.33,-53.67
2026-04-20T04:00:00+03:00,04:00,0.0,800.0,0,800.0,-49.23
2026-04-20T05:00:00+03:00,05:00,0.0,800.0,0,800.0,65.0
2026-04-20T06:00:00+03:00,06:00,42.15,800.0,0,841.95,149.95
2026-04-20T07:00:00+03:00,07:00,0.0,1005.33,0,1005.33,-249.48
2026-04-20T08:00:00+03:00,08:00,0.0,3734.25,0,3480.2,-117.13
2026-04-20T09:00:00+03:00,09:00,0.0,3882.13,0,3754.3,-307.48
2026-04-20T10:00:00+03:00,10:00,0.0,3247.0,0,3188.0,-1842.34
2026-04-20T11:00:00+03:00,11:00,0.0,3219.5,0,3190.5,-1289.19
2026-04-20T12:00:00+03:00,12:00,0.0,2880.0,0,2878.6,-989.84
2026-04-20T13:00:00+03:00,13:00,0.0,2712.0,0,2712.0,-804.52
2026-04-20T14:00:00+03:00,14:00,0.0,2670.0,0,2670.0,12.07
2026-04-20T15:00:00+03:00,15:00,0.0,2702.0,0,2702.0,-466.17
2026-04-20T16:00:00+03:00,16:00,0.0,2928.45,0,2898.88,-474.17
2026-04-20T17:00:00+03:00,17:00,0.0,2739.25,0,2720.03,-1106.54
2026-04-20T18:00:00+03:00,18:00,0.0,2696.0,0,2657.04,-1225.61
2026-04-20T19:00:00+03:00,19:00,55.0,2453.0,0,2446.1,-495.06
2026-04-20T20:00:00+03:00,20:00,0.0,2530.93,0,2497.47,298.94
2026-04-20T21:00:00+03:00,21:00,0.0,2638.93,0,2618.96,264.57
2026-04-20T22:00:00+03:00,22:00,0.0,3264.0,0,3211.39,267.94
2026-04-20T23:00:00+03:00,23:00,0.0,3483.05,0,3466.85,534.49
2026-04-21T00:00:00+03:00,00:00,0.0,3035.33,0,3029.81,355.07
2026-04-21T01:00:00+03:00,01:00,0.0,3075.17,0,2953.34,407.09
2026-04-21T02:00:00+03:00,02:00,0.0,2529.17,0,2035.17,215.13
2026-04-21T03:00:00+03:00,03:00,0.0,2248.0,0,1878.0,35.96
2026-04-21T04:00:00+03:00,04:00,0.0,2248.0,0,1937.0,110.96
2026-04-21T05:00:00+03:00,05:00,0.0,2380.0,0,2088.37,417.19
2026-04-21T06:00:00+03:00,06:00,0.0,2387.67,0,2181.67,-182.47
2026-04-21T07:00:00+03:00,07:00,0.0,2562.13,0,2407.18,-690.75
2026-04-21T08:00:00+03:00,08:00,0.0,4118.32,0,3826.32,-1055.61
2026-04-21T09:00:00+03:00,09:00,0.0,4395.8,0,4329.8,-1461.74
2026-04-21T10:00:00+03:00,10:00,0.0,3456.0,0,3454.0,-1693.8
2026-04-21T11:00:00+03:00,11:00,0.0,3584.57,0,3560.57,-1184.43
2026-04-21T12:00:00+03:00,12:00,0.0,3032.8,0,3032.8,-2814.91
2026-04-21T13:00:00+03:00,13:00,0.0,2976.0,0,2976.0,-2624.58
2026-04-21T14:00:00+03:00,14:00,0.0,3174.78,0,3123.28,-1183.0
2026-04-21T15:00:00+03:00,15:00,0.0,3618.0,0,3562.0,-1774.3
2026-04-21T16:00:00+03:00,16:00,0.0,3391.53,0,3381.53,-2426.97
2026-04-21T17:00:00+03:00,17:00,0.0,3116.35,0,3104.97,-2373.89
2026-04-21T18:00:00+03:00,18:00,0.0,2538.07,0,2537.0,-1110.44
2026-04-21T19:00:00+03:00,19:00,25.83,2876.47,0,2897.67,-13.83
2026-04-21T20:00:00+03:00,20:00,0.0,3140.0,0,3128.67,451.68
2026-04-21T21:00:00+03:00,21:00,0.0,3438.07,0,3430.79,570.85
2026-04-21T22:00:00+03:00,22:00,0.0,3227.0,0,3223.98,461.79
2026-04-21T23:00:00+03:00,23:00,0.0,3122.33,0,3120.56,452.68
2026-04-22T00:00:00+03:00,00:00,0.0,2598.25,0,2593.03,700.85
2026-04-22T01:00:00+03:00,01:00,33.97,2204.0,0,2233.11,648.56
2026-04-22T02:00:00+03:00,02:00,0.0,1848.07,0,1843.01,606.02
2026-04-22T03:00:00+03:00,03:00,0.0,1360.12,0,1360.12,242.12
2026-04-22T04:00:00+03:00,04:00,0.0,957.5,0,957.5,-300.32
2026-04-22T05:00:00+03:00,05:00,0.0,924.0,0,907.99,-483.71
2026-04-22T06:00:00+03:00,06:00,0.0,1060.0,0,1054.46,-493.14
2026-04-22T07:00:00+03:00,07:00,19.08,2045.0,0,2051.34,-87.06
2026-04-22T08:00:00+03:00,08:00,0.0,2967.43,0,2811.2,-467.49
2026-04-22T09:00:00+03:00,09:00,0.0,4825.85,0,4314.94,-172.59
2026-04-22T10:00:00+03:00,10:00,0.0,4852.43,0,4846.89,-282.28
2026-04-22T11:00:00+03:00,11:00,0.0,5130.0,0,5116.97,298.92
2026-04-22T12:00:00+03:00,12:00,0.0,4813.68,0,4807.86,-386.86
2026-04-22T13:00:00+03:00,13:00,0.0,4567.25,0,4567.01,-288.87
2026-04-22T14:00:00+03:00,14:00,84.0,4811.0,0,4890.26,293.17
2026-04-22T15:00:00+03:00,15:00,0.0,5005.83,0,4924.11,281.02
2026-04-22T16:00:00+03:00,16:00,0.0,5222.0,0,5210.07,751.13
2026-04-22T17:00:00+03:00,17:00,72.82,5163.0,0,5220.14,888.41
2026-04-22T18:00:00+03:00,18:00,0.0,4916.75,0,4894.36,721.35
2026-04-22T19:00:00+03:00,19:00,0.0,4208.0,0,4192.8,96.48
2026-04-22T20:00:00+03:00,20:00,0.0,3972.67,0,3961.19,904.58
2026-04-22T21:00:00+03:00,21:00,0.0,4237.0,0,4044.47,38.08
2026-04-22T22:00:00+03:00,22:00,0.0,3519.17,0,3519.17,-1092.58
2026-04-22T23:00:00+03:00,23:00,0.0,2951.25,0,2951.25,-633.55
2026-04-23T00:00:00+03:00,00:00,0.0,2520.0,0,2430.0,-351.62
2026-04-23T01:00:00+03:00,01:00,0.0,1946.33,0,1946.33,219.33
2026-04-23T02:00:00+03:00,02:00,0.0,1076.0,0,1076.0,-183.58
2026-04-23T03:00:00+03:00,03:00,113.75,554.17,0,667.92,-229.42
2026-04-23T04:00:00+03:00,04:00,0.0,585.0,0,585.0,-68.42
2026-04-23T05:00:00+03:00,05:00,52.5,585.0,0,637.5,378.33
2026-04-23T06:00:00+03:00,06:00,39.48,788.3,0,701.66,2.58
2026-04-23T07:00:00+03:00,07:00,0.0,1450.0,0,1450.0,-369.86
2026-04-23T08:00:00+03:00,08:00,0.0,1980.0,0,1980.0,-1099.57
2026-04-23T09:00:00+03:00,09:00,0.0,2585.0,0,2566.43,-451.0
2026-04-23T10:00:00+03:00,10:00,0.0,3544.57,0,3238.43,-857.96
2026-04-23T11:00:00+03:00,11:00,0.0,3677.93,0,3591.74,-432.28
2026-04-23T12:00:00+03:00,12:00,0.0,3988.83,0,3830.38,-354.75
2026-04-23T13:00:00+03:00,13:00,0.0,4098.48,0,4067.25,-600.21
2026-04-23T14:00:00+03:00,14:00,0.0,4024.0,0,3981.99,-701.82
2026-04-23T15:00:00+03:00,15:00,0.0,3901.5,0,3840.08,-978.13
2026-04-23T16:00:00+03:00,16:00,0.0,4019.0,0,3976.01,-718.06
2026-04-23T17:00:00+03:00,17:00,105.0,4075.0,0,4132.94,-479.94
2026-04-23T18:00:00+03:00,18:00,0.0,3356.4,0,3319.61,101.46
2026-04-23T19:00:00+03:00,19:00,30.0,3513.13,0,3498.8,1056.59
2026-04-23T20:00:00+03:00,20:00,0.0,3945.0,0,3883.85,1358.06
2026-04-23T21:00:00+03:00,21:00,0.0,4475.0,0,4309.69,655.78
2026-04-23T22:00:00+03:00,22:00,0.0,4476.48,0,4435.36,86.63
2026-04-23T23:00:00+03:00,23:00,14.0,3834.42,0,3840.72,8.22
2026-04-24T00:00:00+03:00,00:00,0.0,2641.83,0,2641.83,-476.11
2026-04-24T01:00:00+03:00,01:00,0.0,2350.0,0,2244.0,-56.04
2026-04-24T02:00:00+03:00,02:00,0.0,1692.0,0,1692.0,-298.65
2026-04-24T03:00:00+03:00,03:00,0.0,1380.0,0,1380.0,-94.75
2026-04-24T04:00:00+03:00,04:00,0.0,1174.0,0,1174.0,-181.0
2026-04-24T05:00:00+03:00,05:00,75.25,1359.0,0,1430.19,-55.56
2026-04-24T06:00:00+03:00,06:00,0.0,1294.17,0,1294.17,-536.17
2026-04-24T07:00:00+03:00,07:00,29.33,2621.32,0,2641.23,-695.31
2026-04-24T08:00:00+03:00,08:00,0.0,4690.07,0,3922.17,-1156.6
2026-04-24T09:00:00+03:00,09:00,0.0,4356.42,0,4355.98,-1616.81
2026-04-24T10:00:00+03:00,10:00,0.0,3157.32,0,3148.52,-2472.31
2026-04-24T11:00:00+03:00,11:00,0.0,3255.67,0,3247.15,-1848.36
2026-04-24T12:00:00+03:00,12:00,0.0,2850.0,0,2850.0,-2004.61
2026-04-24T13:00:00+03:00,13:00,41.28,2850.0,0,2877.28,-2162.56
2026-04-24T14:00:00+03:00,14:00,47.0,2873.0,0,2917.79,-1494.9
2026-04-24T15:00:00+03:00,15:00,0.0,2882.0,0,2882.0,-1766.34
2026-04-24T16:00:00+03:00,16:00,54.17,3104.2,0,3132.05,-1668.01
2026-04-24T17:00:00+03:00,17:00,113.83,4009.03,0,4078.68,-607.62
2026-04-24T18:00:00+03:00,18:00,29.75,4520.12,0,4470.4,-198.56
2026-04-24T19:00:00+03:00,19:00,0.0,3542.2,0,3492.95,-158.87
2026-04-24T20:00:00+03:00,20:00,0.0,3459.0,0,3397.22,228.84
2026-04-24T21:00:00+03:00,21:00,0.0,4576.25,0,4536.23,1343.02
2026-04-24T22:00:00+03:00,22:00,0.0,3850.03,0,3838.2,704.42
2026-04-24T23:00:00+03:00,23:00,0.0,3579.0,0,3569.86,620.99
2026-04-25T00:00:00+03:00,00:00,7.0,4148.58,0,4150.03,1032.76
2026-04-25T01:00:00+03:00,01:00,0.0,3861.08,0,3858.07,985.54
2026-04-25T02:00:00+03:00,02:00,0.0,2978.53,0,2971.68,376.42
2026-04-25T03:00:00+03:00,03:00,0.0,2628.33,0,2605.24,-7.7
2026-04-25T04:00:00+03:00,04:00,0.0,1854.0,0,1852.57,-239.43
2026-04-25T05:00:00+03:00,05:00,0.0,1662.0,0,1658.21,-358.69
2026-04-25T06:00:00+03:00,06:00,0.0,1559.0,0,1559.0,-516.59
2026-04-25T07:00:00+03:00,07:00,0.0,1865.5,0,1865.5,-687.02
2026-04-25T08:00:00+03:00,08:00,0.0,1972.17,0,1969.44,-1665.15
2026-04-25T09:00:00+03:00,09:00,0.0,2121.33,0,2121.33,-2670.66
2026-04-25T10:00:00+03:00,10:00,0.0,1425.0,0,1425.0,-4563.45
2026-04-25T11:00:00+03:00,11:00,0.0,1250.0,0,1250.0,-4808.89
2026-04-25T12:00:00+03:00,12:00,0.0,1250.0,0,1250.0,-5934.75
2026-04-25T13:00:00+03:00,13:00,0.0,1363.0,0,1363.0,-5563.57
2026-04-25T14:00:00+03:00,14:00,26.0,1250.0,0,1273.35,-4430.02
2026-04-25T15:00:00+03:00,15:00,6.25,1250.0,0,1256.25,-3643.82
2026-04-25T16:00:00+03:00,16:00,70.23,1667.23,0,1719.7,-1853.18
2026-04-25T17:00:00+03:00,17:00,94.83,2629.0,0,2462.45,-797.51
2026-04-25T18:00:00+03:00,18:00,66.0,2735.0,0,2684.85,-881.51
2026-04-25T19:00:00+03:00,19:00,0.0,1931.0,0,1879.56,-1055.85
2026-04-25T20:00:00+03:00,20:00,0.0,2122.68,0,1999.36,437.46
2026-04-25T21:00:00+03:00,21:00,258.85,2560.98,0,2765.79,373.28
2026-04-25T22:00:00+03:00,22:00,0.0,3474.92,0,3447.96,109.42
2026-04-25T23:00:00+03:00,23:00,108.33,3551.27,0,3648.91,-259.44
2026-04-26T00:00:00+03:00,00:00,0.0,3591.65,0,3584.09,-564.72
2026-04-26T01:00:00+03:00,01:00,0.0,2831.58,0,2814.03,-404.17
2026-04-26T02:00:00+03:00,02:00,0.0,2603.33,0,2582.95,-152.28
2026-04-26T03:00:00+03:00,03:00,47.25,2300.0,0,2328.26,-52.79
2026-04-26T04:00:00+03:00,04:00,0.0,2210.0,0,2192.84,24.86
2026-04-26T05:00:00+03:00,05:00,0.0,2210.0,0,2193.64,-158.55
2026-04-26T06:00:00+03:00,06:00,0.0,1964.33,0,1962.01,-511.68
2026-04-26T07:00:00+03:00,07:00,0.0,1444.0,0,1439.97,-810.17
2026-04-26T08:00:00+03:00,08:00,0.0,372.0,0,372.0,-4126.1
2026-04-26T09:00:00+03:00,09:00,0.0,0.0,0,0.0,-6592.8
2026-04-26T10:00:00+03:00,10:00,0.0,0.0,0,0.0,-8744.83
2026-04-26T11:00:00+03:00,11:00,0.0,0.0,0,0.0,-10833.53
2026-04-26T12:00:00+03:00,12:00,0.0,0.0,0,0.0,-10569.34
2026-04-26T13:00:00+03:00,13:00,0.0,0.0,0,0.0,-8832.44
2026-04-26T14:00:00+03:00,14:00,0.0,0.0,0,0.0,-6795.81
2026-04-26T15:00:00+03:00,15:00,0.0,240.0,0,240.0,-6237.97
2026-04-26T16:00:00+03:00,16:00,0.0,1130.0,0,1011.63,-4298.37
2026-04-26T17:00:00+03:00,17:00,192.77,1850.0,0,2035.87,-1441.53
2026-04-26T18:00:00+03:00,18:00,20.67,2490.75,0,2458.61,-488.59
2026-04-26T19:00:00+03:00,19:00,0.0,3041.0,0,2947.59,-32.53
2026-04-26T20:00:00+03:00,20:00,0.0,3438.0,0,3224.92,533.39
2026-04-26T21:00:00+03:00,21:00,0.0,3458.0,0,3312.3,190.39
2026-04-26T22:00:00+03:00,22:00,0.0,3658.83,0,3605.8,77.72
2026-04-26T23:00:00+03:00,23:00,0.0,3435.0,0,3418.55,-307.12
2026-04-27T00:00:00+03:00,00:00,0.0,2907.33,0,2893.78,-435.85
2026-04-27T01:00:00+03:00,01:00,0.0,2132.32,0,2132.32,-292.76
2026-04-27T02:00:00+03:00,02:00,0.0,1078.0,0,1073.14,-615.53
2026-04-27T03:00:00+03:00,03:00,0.0,480.0,0,480.0,-949.24
2026-04-27T04:00:00+03:00,04:00,0.0,168.0,0,168.0,-990.92
2026-04-27T05:00:00+03:00,05:00,0.0,0.0,0,0.0,-1018.85
2026-04-27T06:00:00+03:00,06:00,0.0,0.0,0,0.0,-1184.62
2026-04-27T07:00:00+03:00,07:00,0.0,0.0,0,0.0,0.0
2026-04-27T08:00:00+03:00,08:00,0.0,0.0,0,0.0,0.0
2026-04-27T09:00:00+03:00,09:00,0.0,0.0,0,0.0,0.0
2026-04-27T10:00:00+03:00,10:00,0.0,0.0,0,0.0,0.0
2026-04-27T11:00:00+03:00,11:00,0.0,0.0,0,0.0,0.0
2026-04-27T12:00:00+03:00,12:00,0.0,0.0,0,0.0,0.0
2026-04-27T13:00:00+03:00,13:00,0.0,0.0,0,0.0,0.0
2026-04-27T14:00:00+03:00,14:00,0.0,0.0,0,0.0,0.0
2026-04-27T15:00:00+03:00,15:00,0.0,0.0,0,0.0,0.0
2026-04-27T16:00:00+03:00,16:00,0.0,0.0,0,0.0,0.0
2026-04-27T17:00:00+03:00,17:00,0.0,0.0,0,0.0,0.0
2026-04-27T18:00:00+03:00,18:00,0.0,0.0,0,0.0,0.0
2026-04-27T19:00:00+03:00,19:00,0.0,0.0,0,0.0,0.0
2026-04-27T20:00:00+03:00,20:00,0.0,0.0,0,0.0,0.0
2026-04-27T21:00:00+03:00,21:00,0.0,0.0,0,0.0,0.0
2026-04-27T22:00:00+03:00,22:00,0.0,0.0,0,0.0,0.0
2026-04-27T23:00:00+03:00,23:00,0.0,0.0,0,0.0,0.0
2026-04-28T00:00:00+03:00,00:00,0.0,2504.8,0,2504.8,661.86
2026-04-28T01:00:00+03:00,01:00,0.0,1765.0,0,1765.0,520.0
2026-04-28T02:00:00+03:00,02:00,0.0,1765.0,0,1765.0,724.56
2026-04-28T03:00:00+03:00,03:00,0.0,1695.0,0,1695.0,748.0
2026-04-28T04:00:00+03:00,04:00,0.0,1465.0,0,1465.0,73.7
2026-04-28T05:00:00+03:00,05:00,0.0,1360.0,0,1360.0,-117.41
2026-04-28T06:00:00+03:00,06:00,0.0,400.0,0,400.0,-916.7
2026-04-28T07:00:00+03:00,07:00,0.0,877.5,0,877.5,-576.43
2026-04-28T08:00:00+03:00,08:00,0.0,3851.35,0,2944.51,-397.57
2026-04-28T09:00:00+03:00,09:00,0.0,3712.43,0,3679.05,-239.51
2026-04-28T10:00:00+03:00,10:00,0.0,2734.8,0,2730.16,-2161.31
2026-04-28T11:00:00+03:00,11:00,0.0,2949.02,0,2949.02,-2464.09
2026-04-28T12:00:00+03:00,12:00,0.0,1961.33,0,1961.33,-3928.52
2026-04-28T13:00:00+03:00,13:00,0.0,2092.67,0,2092.67,-3479.64
2026-04-28T14:00:00+03:00,14:00,28.5,2612.33,0,2617.31,-2024.71
2026-04-28T15:00:00+03:00,15:00,0.0,2441.0,0,2411.56,-1872.12
2026-04-28T16:00:00+03:00,16:00,163.37,2983.9,0,2982.43,462.43
2026-04-28T17:00:00+03:00,17:00,63.0,4214.0,0,4076.88,282.21
2026-04-28T18:00:00+03:00,18:00,23.25,4199.0,0,4177.61,660.19
2026-04-28T19:00:00+03:00,19:00,48.67,3599.0,0,3609.88,1246.69
2026-04-28T20:00:00+03:00,20:00,0.0,3303.0,0,3286.68,807.31
2026-04-28T21:00:00+03:00,21:00,0.0,4262.8,0,4243.44,1487.75
2026-04-28T22:00:00+03:00,22:00,0.0,4019.13,0,4019.13,1414.88
2026-04-28T23:00:00+03:00,23:00,0.0,2698.33,0,2698.06,69.24
2026-04-29T00:00:00+03:00,00:00,28.77,1989.17,0,2014.93,-16.15
2026-04-29T01:00:00+03:00,01:00,59.5,1080.0,0,1135.5,-83.46
2026-04-29T02:00:00+03:00,02:00,21.0,573.33,0,589.34,-257.47
2026-04-29T03:00:00+03:00,03:00,0.0,400.0,0,400.0,-251.75
2026-04-29T04:00:00+03:00,04:00,0.0,400.0,0,400.0,-285.73
2026-04-29T05:00:00+03:00,05:00,0.0,400.0,0,400.0,-184.57
2026-04-29T06:00:00+03:00,06:00,38.13,445.0,0,483.13,-430.8
2026-04-29T07:00:00+03:00,07:00,28.0,1130.0,0,1141.87,-649.91
2026-04-29T08:00:00+03:00,08:00,0.0,3405.37,0,3247.54,-734.45
2026-04-29T09:00:00+03:00,09:00,0.0,3734.0,0,3730.98,-79.24
2026-04-29T10:00:00+03:00,10:00,0.0,2503.77,0,2503.04,-1999.95
2026-04-29T11:00:00+03:00,11:00,0.0,2614.83,0,2607.37,-2068.03
2026-04-29T12:00:00+03:00,12:00,0.0,1716.0,0,1716.0,-4510.72
2026-04-29T13:00:00+03:00,13:00,0.0,1700.0,0,1700.0,-3861.74
2026-04-29T14:00:00+03:00,14:00,0.0,2125.08,0,2125.08,-2518.0
2026-04-29T15:00:00+03:00,15:00,0.0,2181.83,0,2181.83,-2016.37
2026-04-29T16:00:00+03:00,16:00,111.87,2962.5,0,3010.15,-1111.13
2026-04-29T17:00:00+03:00,17:00,234.28,4498.83,0,4220.47,-743.29
2026-04-29T18:00:00+03:00,18:00,0.0,3928.43,0,3922.07,-288.16
2026-04-29T19:00:00+03:00,19:00,109.75,2745.0,0,2843.55,-170.96
2026-04-29T20:00:00+03:00,20:00,0.0,2495.65,0,2488.55,64.37
2026-04-29T21:00:00+03:00,21:00,15.5,2975.0,0,2969.67,506.11
2026-04-29T22:00:00+03:00,22:00,0.0,3306.67,0,3305.51,704.31
2026-04-29T23:00:00+03:00,23:00,0.0,3474.0,0,3469.0,943.03
2026-04-30T00:00:00+03:00,00:00,0.0,3715.0,0,3708.34,573.12
2026-04-30T01:00:00+03:00,01:00,0.0,2565.57,0,2552.61,-221.12
2026-04-30T02:00:00+03:00,02:00,142.5,1807.33,0,1949.83,-412.24
2026-04-30T03:00:00+03:00,03:00,0.0,1335.42,0,1334.73,-492.47
2026-04-30T04:00:00+03:00,04:00,0.0,1413.0,0,1410.45,-132.61
2026-04-30T05:00:00+03:00,05:00,33.33,1453.25,0,1484.14,-340.91
2026-04-30T06:00:00+03:00,06:00,0.0,1720.5,0,1627.5,-38.57
2026-04-30T07:00:00+03:00,07:00,94.5,2065.17,0,2153.93,-208.34
2026-04-30T08:00:00+03:00,08:00,0.0,3235.47,0,3233.97,-751.62
2026-04-30T09:00:00+03:00,09:00,0.0,3952.58,0,3693.14,-742.7
2026-04-30T10:00:00+03:00,10:00,0.0,3000.48,0,2987.55,-1814.04
2026-04-30T11:00:00+03:00,11:00,56.78,2996.45,0,3047.23,-1877.51
2026-04-30T12:00:00+03:00,12:00,0.0,1906.15,0,1906.15,-4031.68
2026-04-30T13:00:00+03:00,13:00,0.0,2082.1,0,2067.75,-3307.27
2026-04-30T14:00:00+03:00,14:00,35.52,3152.0,0,2985.07,-1846.55
2026-04-30T15:00:00+03:00,15:00,0.0,3149.73,0,3117.31,-1697.97
2026-04-30T16:00:00+03:00,16:00,0.0,3200.0,0,3171.52,-908.01
2026-04-30T17:00:00+03:00,17:00,49.0,3503.0,0,3483.89,-264.16
2026-04-30T18:00:00+03:00,18:00,0.0,3610.95,0,3542.23,557.44
2026-04-30T19:00:00+03:00,19:00,23.25,3184.75,0,3199.78,238.88
2026-04-30T20:00:00+03:00,20:00,0.0,3357.17,0,3337.81,422.94
2026-04-30T21:00:00+03:00,21:00,0.0,3299.67,0,3299.67,290.47
2026-04-30T22:00:00+03:00,22:00,0.0,2655.0,0,2655.0,37.27
2026-04-30T23:00:00+03:00,23:00,0.0,2217.23,0,2215.47,-224.5
2026-05-01T00:00:00+03:00,00:00,22.75,2910.92,0,2922.0,471.76
2026-05-01T01:00:00+03:00,01:00,0.0,2886.67,0,2885.79,1046.73
2026-05-01T02:00:00+03:00,02:00,0.0,2210.0,0,2210.0,718.23
2026-05-01T03:00:00+03:00,03:00,0.0,1813.33,0,1813.33,371.33
2026-05-01T04:00:00+03:00,04:00,0.0,854.67,0,854.67,20.42
2026-05-01T05:00:00+03:00,05:00,30.08,104.0,0,133.18,85.26
2026-05-01T06:00:00+03:00,06:00,210.1,0.0,0,209.56,-50.67
2026-05-01T07:00:00+03:00,07:00,37.17,240.0,0,277.17,-2501.4
2026-05-01T08:00:00+03:00,08:00,0.0,740.0,0,740.0,-4388.59
2026-05-01T09:00:00+03:00,09:00,0.0,740.0,0,740.0,-5198.78
2026-05-01T10:00:00+03:00,10:00,0.0,740.0,0,740.0,-5345.48
2026-05-01T11:00:00+03:00,11:00,0.0,740.0,0,740.0,-4430.59
2026-05-01T12:00:00+03:00,12:00,0.0,740.0,0,740.0,-3735.71
2026-05-01T13:00:00+03:00,13:00,0.0,740.0,0,740.0,-3667.23
2026-05-01T14:00:00+03:00,14:00,0.0,740.0,0,740.0,-2296.59
2026-05-01T15:00:00+03:00,15:00,0.0,1080.0,0,1058.26,-1986.61
2026-05-01T16:00:00+03:00,16:00,0.0,1220.65,0,1219.52,312.97
2026-05-01T17:00:00+03:00,17:00,92.97,2106.0,0,2198.97,1365.4
2026-05-01T18:00:00+03:00,18:00,0.0,2601.43,0,2489.03,1129.87
2026-05-01T19:00:00+03:00,19:00,0.0,2104.0,0,2104.0,364.03
2026-05-01T20:00:00+03:00,20:00,0.0,1991.97,0,1991.97,365.04
2026-05-01T21:00:00+03:00,21:00,0.0,1700.0,0,1700.0,61.2
2026-05-01T22:00:00+03:00,22:00,0.0,1300.0,0,1300.0,-520.42
2026-05-01T23:00:00+03:00,23:00,0.0,740.0,0,740.0,-506.26
2026-05-02T00:00:00+03:00,00:00,38.5,740.0,0,764.5,-692.36
2026-05-02T01:00:00+03:00,01:00,0.0,235.67,0,235.67,-706.38
2026-05-02T02:00:00+03:00,02:00,61.75,0.0,0,61.75,-580.2
2026-05-02T03:00:00+03:00,03:00,0.0,0.0,0,0.0,-694.55
2026-05-02T04:00:00+03:00,04:00,0.0,0.0,0,0.0,-973.04
2026-05-02T05:00:00+03:00,05:00,0.0,0.0,0,0.0,-424.5
2026-05-02T06:00:00+03:00,06:00,12.25,0.0,0,12.25,-633.29
2026-05-02T07:00:00+03:00,07:00,40.25,240.0,0,280.25,-683.59
2026-05-02T08:00:00+03:00,08:00,0.0,310.0,0,310.0,-982.41
2026-05-02T09:00:00+03:00,09:00,0.0,869.95,0,621.57,-432.47
2026-05-02T10:00:00+03:00,10:00,0.0,1346.0,0,1316.48,362.42
2026-05-02T11:00:00+03:00,11:00,0.0,1346.0,0,1336.5,435.71
2026-05-02T12:00:00+03:00,12:00,0.0,1274.58,0,1272.46,601.79
2026-05-02T13:00:00+03:00,13:00,0.0,1181.0,0,1174.6,334.75
2026-05-02T14:00:00+03:00,14:00,0.0,1341.0,0,1334.98,448.73
2026-05-02T15:00:00+03:00,15:00,7.17,1425.6,0,1409.41,-236.07
2026-05-02T16:00:00+03:00,16:00,16.27,1695.0,0,1688.84,176.34
2026-05-02T17:00:00+03:00,17:00,137.08,2537.88,0,2668.61,335.95
2026-05-02T18:00:00+03:00,18:00,0.0,2409.25,0,2409.25,174.24
2026-05-02T19:00:00+03:00,19:00,0.0,1897.02,0,1897.02,-176.73
2026-05-02T20:00:00+03:00,20:00,0.0,1700.0,0,1700.0,-245.27
2026-05-02T21:00:00+03:00,21:00,0.0,1640.0,0,1640.0,-425.66
2026-05-02T22:00:00+03:00,22:00,0.0,1487.92,0,1487.92,-794.11
2026-05-02T23:00:00+03:00,23:00,0.0,1565.0,0,1565.0,-214.5
2026-05-03T00:00:00+03:00,00:00,90.48,1148.0,0,1233.62,-297.11
2026-05-03T01:00:00+03:00,01:00,136.25,820.0,0,955.25,-256.37
2026-05-03T02:00:00+03:00,02:00,56.0,565.67,0,609.26,-305.88
2026-05-03T03:00:00+03:00,03:00,86.38,0.0,0,84.02,-423.98
2026-05-03T04:00:00+03:00,04:00,0.0,0.0,0,0.0,-728.25
2026-05-03T05:00:00+03:00,05:00,86.65,0.0,0,86.65,-670.33
2026-05-03T06:00:00+03:00,06:00,0.0,0.0,0,0.0,-1093.1
2026-05-03T07:00:00+03:00,07:00,0.0,350.0,0,350.0,-1439.05
2026-05-03T08:00:00+03:00,08:00,11.67,350.0,0,361.67,-2140.33
2026-05-03T09:00:00+03:00,09:00,0.0,350.0,0,350.0,-1436.23
2026-05-03T10:00:00+03:00,10:00,0.0,350.0,0,350.0,-897.08
2026-05-03T11:00:00+03:00,11:00,0.0,350.0,0,350.0,-735.0
2026-05-03T12:00:00+03:00,12:00,0.0,350.0,0,350.0,-459.0
2026-05-03T13:00:00+03:00,13:00,190.57,426.67,0,614.18,173.22
2026-05-03T14:00:00+03:00,14:00,770.05,580.0,0,1339.35,1339.35
2026-05-03T15:00:00+03:00,15:00,639.0,580.0,0,1195.46,1195.46
2026-05-03T16:00:00+03:00,16:00,771.0,1080.0,0,1842.59,1842.59
2026-05-03T17:00:00+03:00,17:00,155.58,1680.0,0,1825.64,1420.36
2026-05-03T18:00:00+03:00,18:00,634.83,1916.92,0,2427.23,793.73
2026-05-03T19:00:00+03:00,19:00,2447.88,1248.13,0,3436.72,1046.18
2026-05-03T20:00:00+03:00,20:00,2446.5,866.67,0,3253.94,891.17
2026-05-03T21:00:00+03:00,21:00,2391.6,880.0,0,3240.14,825.69
2026-05-03T22:00:00+03:00,22:00,2199.0,880.0,0,3067.23,507.4
2026-05-03T23:00:00+03:00,23:00,2554.55,708.33,0,3240.62,726.02
2026-05-04T00:00:00+03:00,00:00,2842.5,168.0,0,2977.85,511.88
2026-05-04T01:00:00+03:00,01:00,2102.9,0.0,0,2066.3,-155.45
2026-05-04T02:00:00+03:00,02:00,1820.3,0.0,0,1763.63,-156.36
2026-05-04T03:00:00+03:00,03:00,1917.33,0.0,0,1891.65,31.7
2026-05-04T04:00:00+03:00,04:00,1553.67,36.67,0,1583.53,-159.75
2026-05-04T05:00:00+03:00,05:00,66.03,275.0,0,341.03,189.32
2026-05-04T06:00:00+03:00,06:00,0.0,200.0,0,200.0,-103.73
2026-05-04T07:00:00+03:00,07:00,0.0,1640.0,0,1640.0,-17.84
2026-05-04T08:00:00+03:00,08:00,0.0,3196.42,0,3146.28,372.66
2026-05-04T09:00:00+03:00,09:00,0.0,4262.33,0,4112.76,1148.36
2026-05-04T10:00:00+03:00,10:00,0.0,4106.08,0,4054.05,-98.16
2026-05-04T11:00:00+03:00,11:00,0.0,4483.0,0,4431.42,669.29
2026-05-04T12:00:00+03:00,12:00,0.0,3584.49,0,3565.98,-50.1
2026-05-04T13:00:00+03:00,13:00,43.42,4274.73,0,4217.92,864.1
2026-05-04T14:00:00+03:00,14:00,78.68,4834.0,0,4632.18,1114.54
2026-05-04T15:00:00+03:00,15:00,33.33,6035.08,0,5159.9,1044.05
2026-05-04T16:00:00+03:00,16:00,22.75,6433.0,0,6161.17,1345.77
2026-05-04T17:00:00+03:00,17:00,0.0,6500.53,0,6343.52,2191.11
2026-05-04T18:00:00+03:00,18:00,51.75,5307.23,0,5332.65,1995.14
2026-05-04T19:00:00+03:00,19:00,0.0,4031.38,0,4025.75,1078.74
2026-05-04T20:00:00+03:00,20:00,0.0,4116.95,0,4006.84,1254.96
2026-05-04T21:00:00+03:00,21:00,0.0,4503.98,0,4491.6,1365.86
2026-05-04T22:00:00+03:00,22:00,0.0,4010.42,0,3993.9,581.43
2026-05-04T23:00:00+03:00,23:00,0.0,4428.53,0,4385.42,822.47
2026-05-05T00:00:00+03:00,00:00,0.0,3893.17,0,3880.55,292.36
2026-05-05T01:00:00+03:00,01:00,61.32,3408.45,0,3467.76,873.65
2026-05-05T02:00:00+03:00,02:00,0.0,2462.92,0,2462.92,369.12
2026-05-05T03:00:00+03:00,03:00,10.5,2057.53,0,2060.11,489.62
2026-05-05T04:00:00+03:00,04:00,0.0,1497.53,0,1496.55,61.21
2026-05-05T05:00:00+03:00,05:00,28.0,2334.0,0,2168.0,991.89
2026-05-05T06:00:00+03:00,06:00,0.0,1797.3,0,1797.3,-73.08
2026-05-05T07:00:00+03:00,07:00,18.33,3554.7,0,3252.81,-318.78
2026-05-05T08:00:00+03:00,08:00,0.0,4570.6,0,4515.72,220.99
2026-05-05T09:00:00+03:00,09:00,0.0,5198.67,0,5161.8,737.06
2026-05-05T10:00:00+03:00,10:00,0.0,5438.0,0,5295.94,109.75
2026-05-05T11:00:00+03:00,11:00,0.0,4937.53,0,4922.1,-375.88
2026-05-05T12:00:00+03:00,12:00,0.0,4596.0,0,4323.44,-1355.24
2026-05-05T13:00:00+03:00,13:00,0.0,4587.0,0,4373.49,-1129.34
2026-05-05T14:00:00+03:00,14:00,32.2,4585.0,0,4615.84,-551.37
2026-05-05T15:00:00+03:00,15:00,0.0,4582.0,0,4581.0,-1093.68
2026-05-05T16:00:00+03:00,16:00,0.0,4825.92,0,4784.87,-784.08
2026-05-05T17:00:00+03:00,17:00,24.5,5246.87,0,5244.78,-245.34
2026-05-05T18:00:00+03:00,18:00,46.67,4097.63,0,4126.1,-693.49
2026-05-05T19:00:00+03:00,19:00,0.0,4364.17,0,4333.24,-394.29
2026-05-05T20:00:00+03:00,20:00,0.0,3413.73,0,3359.82,-75.28
2026-05-05T21:00:00+03:00,21:00,0.0,3943.37,0,3920.31,603.23
2026-05-05T22:00:00+03:00,22:00,0.0,4961.67,0,4924.65,767.26
2026-05-05T23:00:00+03:00,23:00,0.0,5275.5,0,5229.04,283.49
2026-05-06T00:00:00+03:00,00:00,0.0,4512.2,0,4498.95,-269.46
2026-05-06T01:00:00+03:00,01:00,0.0,4028.02,0,4026.78,-239.87
2026-05-06T02:00:00+03:00,02:00,0.0,3300.88,0,3268.88,-149.47
2026-05-06T03:00:00+03:00,03:00,0.0,2756.67,0,2756.55,-477.97
2026-05-06T04:00:00+03:00,04:00,0.0,2440.0,0,2440.0,-762.48
2026-05-06T05:00:00+03:00,05:00,0.0,2745.15,0,2708.97,-367.61
2026-05-06T06:00:00+03:00,06:00,0.0,2552.02,0,2552.02,92.64
2026-05-06T07:00:00+03:00,07:00,0.0,3421.33,0,3421.33,-206.74
2026-05-06T08:00:00+03:00,08:00,0.0,4906.75,0,4826.98,-160.3
2026-05-06T09:00:00+03:00,09:00,0.0,5279.33,0,5240.73,-285.92
2026-05-06T10:00:00+03:00,10:00,0.0,4868.85,0,4783.75,-1361.99
2026-05-06T11:00:00+03:00,11:00,0.0,4843.5,0,4778.35,-347.45
2026-05-06T12:00:00+03:00,12:00,0.0,4548.55,0,4535.59,-82.68
2026-05-06T13:00:00+03:00,13:00,0.0,3947.6,0,3930.19,-699.62
2026-05-06T14:00:00+03:00,14:00,47.33,3948.79,0,3979.72,-875.61
2026-05-06T15:00:00+03:00,15:00,0.0,5161.84,0,5003.19,-1113.24
2026-05-06T16:00:00+03:00,16:00,0.0,5132.5,0,5114.93,-1194.36
2026-05-06T17:00:00+03:00,17:00,0.0,5273.4,0,5250.83,-1257.81
2026-05-06T18:00:00+03:00,18:00,18.67,5241.5,0,5149.03,-911.97
2026-05-06T19:00:00+03:00,19:00,0.0,4337.0,0,4311.44,-1092.13
2026-05-06T20:00:00+03:00,20:00,0.0,3355.67,0,3320.97,-693.21
2026-05-06T21:00:00+03:00,21:00,0.0,3678.0,0,2860.26,-516.49
2026-05-06T22:00:00+03:00,22:00,0.0,5017.0,0,4617.69,475.53
2026-05-06T23:00:00+03:00,23:00,0.0,5573.0,0,5173.24,314.14
2026-05-07T00:00:00+03:00,00:00,0.0,4497.13,0,4408.19,-272.24
2026-05-07T01:00:00+03:00,01:00,0.0,3745.13,0,3739.39,-112.08
2026-05-07T02:00:00+03:00,02:00,0.0,3090.78,0,3090.78,268.4
2026-05-07T03:00:00+03:00,03:00,0.0,2025.5,0,2025.5,-643.97
2026-05-07T04:00:00+03:00,04:00,0.0,2979.4,0,2979.4,-235.3
2026-05-07T05:00:00+03:00,05:00,0.0,2310.8,0,2310.8,-714.9
2026-05-07T06:00:00+03:00,06:00,0.0,2260.0,0,2260.0,-889.5
2026-05-07T07:00:00+03:00,07:00,31.5,3400.0,0,3431.5,-1049.97
2026-05-07T08:00:00+03:00,08:00,0.0,3552.47,0,3552.47,-1977.32
2026-05-07T09:00:00+03:00,09:00,0.0,3897.0,0,3890.78,-1542.17
2026-05-07T10:00:00+03:00,10:00,0.0,3376.03,0,3376.03,-2771.38
2026-05-07T11:00:00+03:00,11:00,0.0,3592.37,0,3591.99,-2804.26
2026-05-07T12:00:00+03:00,12:00,0.0,3120.0,0,3120.0,-4315.37
2026-05-07T13:00:00+03:00,13:00,0.0,3120.0,0,3120.0,-4108.7
2026-05-07T14:00:00+03:00,14:00,63.12,3120.0,0,3177.17,-3430.25
2026-05-07T15:00:00+03:00,15:00,0.0,3445.83,0,3444.14,-2608.04
2026-05-07T16:00:00+03:00,16:00,0.0,3983.0,0,3937.5,-2258.21
2026-05-07T17:00:00+03:00,17:00,94.5,5269.63,0,5294.63,-722.79
2026-05-07T18:00:00+03:00,18:00,0.0,5617.0,0,5534.96,-519.36
2026-05-07T19:00:00+03:00,19:00,0.0,5874.5,0,5815.73,-157.07
2026-05-07T20:00:00+03:00,20:00,0.0,5046.0,0,4991.71,-158.93
2026-05-07T21:00:00+03:00,21:00,0.0,5597.6,0,5543.1,-93.19
2026-05-07T22:00:00+03:00,22:00,0.0,5074.0,0,5035.72,-739.33
2026-05-07T23:00:00+03:00,23:00,0.0,4099.3,0,4087.99,-1156.9
2026-05-08T00:00:00+03:00,00:00,0.0,4187.0,0,4160.49,-1405.61
2026-05-08T01:00:00+03:00,01:00,0.0,2670.0,0,2657.22,-1150.66
2026-05-08T02:00:00+03:00,02:00,0.0,2391.33,0,2379.51,-506.76
2026-05-08T03:00:00+03:00,03:00,0.0,1484.78,0,1484.78,-879.93
2026-05-08T04:00:00+03:00,04:00,0.0,1411.92,0,1409.89,-673.26
2026-05-08T05:00:00+03:00,05:00,0.0,1849.0,0,1845.55,-300.22
2026-05-08T06:00:00+03:00,06:00,0.0,1483.97,0,1483.97,-833.97
2026-05-08T07:00:00+03:00,07:00,112.0,2750.0,0,2823.07,-1074.48
2026-05-08T08:00:00+03:00,08:00,0.0,3133.33,0,3126.52,-1187.11
2026-05-08T09:00:00+03:00,09:00,0.0,3999.67,0,3999.55,-1086.37
2026-05-08T10:00:00+03:00,10:00,0.0,3930.0,0,3929.57,-2435.35
2026-05-08T11:00:00+03:00,11:00,0.0,3930.0,0,3930.0,-2332.16
2026-05-08T12:00:00+03:00,12:00,0.0,3930.0,0,3930.0,-4646.03
2026-05-08T13:00:00+03:00,13:00,0.0,3708.33,0,3707.57,-5002.73
2026-05-08T14:00:00+03:00,14:00,15.75,3850.73,0,3842.38,-2241.49
2026-05-08T15:00:00+03:00,15:00,0.0,4526.13,0,4428.96,-923.17
2026-05-08T16:00:00+03:00,16:00,0.0,5715.08,0,5521.27,1057.64
2026-05-08T17:00:00+03:00,17:00,59.5,6917.95,0,6831.9,1328.93
2026-05-08T18:00:00+03:00,18:00,53.67,6459.1,0,6219.05,1447.85
2026-05-08T19:00:00+03:00,19:00,15.5,6239.2,0,5929.23,1175.58
2026-05-08T20:00:00+03:00,20:00,0.0,5260.75,0,5175.5,716.77
2026-05-08T21:00:00+03:00,21:00,0.0,4970.33,0,4934.21,188.28
2026-05-08T22:00:00+03:00,22:00,0.0,4339.22,0,4329.81,322.37
2026-05-08T23:00:00+03:00,23:00,0.0,3373.67,0,3325.1,-365.49
2026-05-09T00:00:00+03:00,00:00,0.0,3129.5,0,3127.5,-418.67
2026-05-09T01:00:00+03:00,01:00,0.0,2051.58,0,2051.58,-822.0
2026-05-09T02:00:00+03:00,02:00,0.0,1479.75,0,1479.75,-358.38
2026-05-09T03:00:00+03:00,03:00,0.0,1093.33,0,1093.33,-679.97
2026-05-09T04:00:00+03:00,04:00,0.0,1000.0,0,1000.0,-1220.69
2026-05-09T05:00:00+03:00,05:00,0.0,1000.0,0,1000.0,-1232.53
2026-05-09T06:00:00+03:00,06:00,0.0,1000.0,0,1000.0,-1339.68
2026-05-09T07:00:00+03:00,07:00,130.65,1925.0,0,2055.65,-238.69
2026-05-09T08:00:00+03:00,08:00,0.0,2606.17,0,2598.73,-278.61
2026-05-09T09:00:00+03:00,09:00,0.0,2878.5,0,2878.0,-442.8
2026-05-09T10:00:00+03:00,10:00,7.83,3019.8,0,3011.63,-1362.25
2026-05-09T11:00:00+03:00,11:00,0.0,2666.6,0,2666.6,-2061.62
2026-05-09T12:00:00+03:00,12:00,0.0,2410.0,0,2410.0,-3647.74
2026-05-09T13:00:00+03:00,13:00,0.0,3052.78,0,3041.24,-1917.26
2026-05-09T14:00:00+03:00,14:00,0.0,3259.33,0,3252.99,-990.21
2026-05-09T15:00:00+03:00,15:00,0.0,3536.87,0,3485.69,-215.48
2026-05-09T16:00:00+03:00,16:00,41.33,3846.0,0,3847.7,446.59
2026-05-09T17:00:00+03:00,17:00,87.83,4325.0,0,4369.81,301.26
2026-05-09T18:00:00+03:00,18:00,0.0,5483.0,0,5445.42,768.71
2026-05-09T19:00:00+03:00,19:00,87.75,5416.92,0,5460.73,820.2
2026-05-09T20:00:00+03:00,20:00,0.0,5028.0,0,4960.74,1175.41
2026-05-09T21:00:00+03:00,21:00,0.0,5112.13,0,5103.64,739.38
2026-05-09T22:00:00+03:00,22:00,0.0,4953.67,0,4929.86,-30.86
2026-05-09T23:00:00+03:00,23:00,0.0,4576.67,0,4563.3,411.11
2026-05-10T00:00:00+03:00,00:00,0.0,4236.0,0,4229.49,485.02
2026-05-10T01:00:00+03:00,01:00,0.0,3516.72,0,3514.21,950.99
2026-05-10T02:00:00+03:00,02:00,40.5,2587.5,0,2627.13,296.43
2026-05-10T03:00:00+03:00,03:00,52.0,1778.58,0,1815.15,-281.93
2026-05-10T04:00:00+03:00,04:00,5.87,1905.0,0,1910.56,-132.35
2026-05-10T05:00:00+03:00,05:00,18.0,1862.25,0,1880.25,-204.72
2026-05-10T06:00:00+03:00,06:00,117.0,1307.67,0,1424.67,-717.36
2026-05-10T07:00:00+03:00,07:00,0.0,1301.27,0,1286.2,-1674.22
2026-05-10T08:00:00+03:00,08:00,56.0,730.0,0,786.0,-5852.98
2026-05-10T09:00:00+03:00,09:00,0.0,819.67,0,819.67,-8652.01
2026-05-10T10:00:00+03:00,10:00,0.0,504.0,0,504.0,-10013.31
2026-05-10T11:00:00+03:00,11:00,0.0,480.0,0,480.0,-9747.99
2026-05-10T12:00:00+03:00,12:00,0.0,480.0,0,480.0,-10106.45
2026-05-10T13:00:00+03:00,13:00,0.0,480.0,0,480.0,-9717.32
2026-05-10T14:00:00+03:00,14:00,0.0,480.0,0,480.0,-9494.82
2026-05-10T15:00:00+03:00,15:00,0.0,480.0,0,480.0,-8391.91
2026-05-10T16:00:00+03:00,16:00,0.0,1210.0,0,1210.0,-4687.18
2026-05-10T17:00:00+03:00,17:00,333.8,2560.0,0,2703.75,-815.58
2026-05-10T18:00:00+03:00,18:00,0.0,3204.58,0,3180.97,-866.08
2026-05-10T19:00:00+03:00,19:00,0.0,3957.78,0,3908.94,-979.95
2026-05-10T20:00:00+03:00,20:00,0.0,5253.0,0,5177.46,-118.48
2026-05-10T21:00:00+03:00,21:00,0.0,5287.0,0,5238.58,161.2
2026-05-10T22:00:00+03:00,22:00,0.0,5310.0,0,5269.64,149.73
2026-05-10T23:00:00+03:00,23:00,0.0,4764.6,0,4742.59,-140.68
2026-05-11T00:00:00+03:00,00:00,28.0,4214.65,0,4234.14,945.96
2026-05-11T01:00:00+03:00,01:00,0.0,3721.25,0,3720.01,1399.07
2026-05-11T02:00:00+03:00,02:00,67.5,3096.83,0,3164.33,-68.17
2026-05-11T03:00:00+03:00,03:00,0.0,2024.0,0,2024.0,-550.08
2026-05-11T04:00:00+03:00,04:00,0.0,1422.67,0,1412.56,-706.82
2026-05-11T05:00:00+03:00,05:00,103.5,1789.17,0,1892.67,-50.1
2026-05-11T06:00:00+03:00,06:00,111.75,1910.0,0,2021.75,-588.57
2026-05-11T07:00:00+03:00,07:00,85.75,2615.25,0,2683.5,-325.16
2026-05-11T08:00:00+03:00,08:00,0.0,4605.08,0,4487.31,-32.13
2026-05-11T09:00:00+03:00,09:00,0.0,5214.33,0,5163.42,145.01
2026-05-11T10:00:00+03:00,10:00,0.0,4652.8,0,4626.18,-876.44
2026-05-11T11:00:00+03:00,11:00,0.0,5057.63,0,5004.33,-457.77
2026-05-11T12:00:00+03:00,12:00,0.0,4129.43,0,4110.49,-1720.64
2026-05-11T13:00:00+03:00,13:00,0.0,4257.62,0,4224.63,-1021.0
2026-05-11T14:00:00+03:00,14:00,0.0,5113.17,0,4948.39,847.06
2026-05-11T15:00:00+03:00,15:00,0.0,5647.0,0,5146.83,1178.54
2026-05-11T16:00:00+03:00,16:00,0.0,5416.13,0,5044.3,510.99
2026-05-11T17:00:00+03:00,17:00,68.25,5750.0,0,5574.7,1326.07
2026-05-11T18:00:00+03:00,18:00,0.0,5458.0,0,5346.25,692.65
2026-05-11T19:00:00+03:00,19:00,33.58,4741.0,0,4663.99,784.47
2026-05-11T20:00:00+03:00,20:00,0.0,3568.03,0,3391.49,596.62
2026-05-11T21:00:00+03:00,21:00,0.0,4442.37,0,4367.69,1025.83
2026-05-11T22:00:00+03:00,22:00,0.0,5431.57,0,5404.82,548.41
2026-05-11T23:00:00+03:00,23:00,0.0,5058.87,0,5053.8,285.3
2026-05-12T00:00:00+03:00,00:00,0.0,4257.67,0,4255.67,-662.66
2026-05-12T01:00:00+03:00,01:00,0.0,3139.23,0,3138.88,-1372.16
2026-05-12T02:00:00+03:00,02:00,0.0,2190.0,0,2190.0,-960.77
2026-05-12T03:00:00+03:00,03:00,0.0,1702.0,0,1702.0,-1278.21
2026-05-12T04:00:00+03:00,04:00,81.0,1330.0,0,1411.0,-1010.03
2026-05-12T05:00:00+03:00,05:00,58.5,1452.67,0,1511.17,-582.31
2026-05-12T06:00:00+03:00,06:00,0.0,1330.0,0,1330.0,-1189.18
2026-05-12T07:00:00+03:00,07:00,92.6,2410.0,0,2502.6,-340.25
2026-05-12T08:00:00+03:00,08:00,0.0,3749.22,0,3745.28,471.54
2026-05-12T09:00:00+03:00,09:00,0.0,4226.5,0,4220.84,882.89
2026-05-12T10:00:00+03:00,10:00,0.0,3778.0,0,3768.59,-986.58
2026-05-12T11:00:00+03:00,11:00,0.0,3416.0,0,3403.41,-1754.4
2026-05-12T12:00:00+03:00,12:00,0.0,3047.0,0,3046.52,-4033.11
2026-05-12T13:00:00+03:00,13:00,0.0,2858.0,0,2857.51,-4100.54
2026-05-12T14:00:00+03:00,14:00,0.0,3432.52,0,3396.7,-1591.23
2026-05-12T15:00:00+03:00,15:00,0.0,3646.0,0,3588.4,-1004.8
2026-05-12T16:00:00+03:00,16:00,0.0,3825.17,0,3747.62,-860.38
2026-05-12T17:00:00+03:00,17:00,70.0,4154.0,0,4133.74,-693.51
2026-05-12T18:00:00+03:00,18:00,0.0,4559.07,0,4448.72,-69.99
2026-05-12T19:00:00+03:00,19:00,0.0,4801.0,0,4711.23,107.98
2026-05-12T20:00:00+03:00,20:00,0.0,4860.0,0,4793.12,-40.68
2026-05-12T21:00:00+03:00,21:00,0.0,4734.65,0,4649.6,-164.45
2026-05-12T22:00:00+03:00,22:00,0.0,4256.33,0,4192.8,-59.63
2026-05-12T23:00:00+03:00,23:00,0.0,3863.67,0,3828.41,-379.66
2026-05-13T00:00:00+03:00,00:00,112.0,3252.0,0,3364.0,160.14
2026-05-13T01:00:00+03:00,01:00,68.25,2905.2,0,2973.45,766.33
2026-05-13T02:00:00+03:00,02:00,0.0,2424.0,0,2424.0,914.39
2026-05-13T03:00:00+03:00,03:00,0.0,2160.0,0,2068.1,583.19
2026-05-13T04:00:00+03:00,04:00,0.0,1553.33,0,1553.33,-112.55
2026-05-13T05:00:00+03:00,05:00,0.0,1460.0,0,1460.0,-136.0
2026-05-13T06:00:00+03:00,06:00,0.0,1460.0,0,1460.0,-705.03
2026-05-13T07:00:00+03:00,07:00,0.0,2780.0,0,2780.0,-157.68
2026-05-13T08:00:00+03:00,08:00,0.0,3609.3,0,3603.4,-115.01
2026-05-13T09:00:00+03:00,09:00,0.0,4030.17,0,4009.13,-201.1
2026-05-13T10:00:00+03:00,10:00,0.0,3307.03,0,3292.0,-1961.55
2026-05-13T11:00:00+03:00,11:00,0.0,4067.25,0,4055.22,-1407.88
2026-05-13T12:00:00+03:00,12:00,0.0,2884.75,0,2884.75,-3393.09
2026-05-13T13:00:00+03:00,13:00,0.0,3050.0,0,3050.0,-3396.92
2026-05-13T14:00:00+03:00,14:00,0.0,3750.0,0,3742.83,-2446.67
2026-05-13T15:00:00+03:00,15:00,0.0,4000.0,0,3985.8,-1540.77
2026-05-13T16:00:00+03:00,16:00,0.0,4018.3,0,4009.84,-989.03
2026-05-13T17:00:00+03:00,17:00,84.0,4280.0,0,4361.83,58.82
2026-05-13T18:00:00+03:00,18:00,0.0,4602.18,0,4598.74,-231.78
2026-05-13T19:00:00+03:00,19:00,38.75,4700.0,0,4722.01,-394.63
2026-05-13T20:00:00+03:00,20:00,0.0,4136.0,0,4118.4,-132.19
2026-05-13T21:00:00+03:00,21:00,0.0,4357.0,0,4338.81,-19.25
2026-05-13T22:00:00+03:00,22:00,0.0,4152.67,0,4152.67,-604.13
2026-05-13T23:00:00+03:00,23:00,0.0,3797.67,0,3797.67,-714.68
2026-05-14T00:00:00+03:00,00:00,91.0,2624.67,0,2715.67,-1454.67
2026-05-14T01:00:00+03:00,01:00,40.5,2320.0,0,2360.5,-603.39
2026-05-14T02:00:00+03:00,02:00,117.0,2000.0,0,2117.0,-292.99
2026-05-14T03:00:00+03:00,03:00,118.67,1608.0,0,1726.67,-85.21
2026-05-14T04:00:00+03:00,04:00,0.0,2046.0,0,2044.66,551.36
2026-05-14T05:00:00+03:00,05:00,102.67,2467.0,0,2569.62,551.07
2026-05-14T06:00:00+03:00,06:00,0.0,2074.0,0,2058.05,-495.38
2026-05-14T07:00:00+03:00,07:00,0.0,2963.83,0,2653.83,-633.58
2026-05-14T08:00:00+03:00,08:00,0.0,3740.9,0,3705.42,-986.35
2026-05-14T09:00:00+03:00,09:00,0.0,4599.67,0,4527.72,-95.16
2026-05-14T10:00:00+03:00,10:00,0.0,4376.15,0,4321.41,-1091.47
2026-05-14T11:00:00+03:00,11:00,0.0,4778.75,0,4716.23,-1035.68
2026-05-14T12:00:00+03:00,12:00,0.0,3743.35,0,3719.17,-2206.33
2026-05-14T13:00:00+03:00,13:00,0.0,4497.39,0,4464.32,-476.28
2026-05-14T14:00:00+03:00,14:00,101.5,5249.85,0,5315.76,1966.08
2026-05-14T15:00:00+03:00,15:00,52.25,5508.0,0,5523.33,1805.59
2026-05-14T16:00:00+03:00,16:00,18.63,5570.0,0,5555.22,1015.9
2026-05-14T17:00:00+03:00,17:00,96.13,5615.0,0,5622.58,545.74
2026-05-14T18:00:00+03:00,18:00,0.0,5838.0,0,5802.98,-537.58
2026-05-14T19:00:00+03:00,19:00,0.0,5291.0,0,5264.17,-675.76
2026-05-14T20:00:00+03:00,20:00,0.0,5391.0,0,5338.18,39.53
2026-05-14T21:00:00+03:00,21:00,0.0,5627.67,0,5594.0,534.55
2026-05-14T22:00:00+03:00,22:00,0.0,6004.98,0,5996.13,717.74
2026-05-14T23:00:00+03:00,23:00,0.0,5327.88,0,5327.88,275.26
2026-05-15T00:00:00+03:00,00:00,0.0,4589.0,0,4576.32,-162.55
2026-05-15T01:00:00+03:00,01:00,0.0,4157.93,0,4157.64,316.97
2026-05-15T02:00:00+03:00,02:00,0.0,3300.5,0,3300.5,115.32
2026-05-15T03:00:00+03:00,03:00,0.0,2662.0,0,2662.0,-126.09
2026-05-15T04:00:00+03:00,04:00,0.0,2563.0,0,2557.11,231.08
2026-05-15T05:00:00+03:00,05:00,0.0,2898.0,0,2892.75,375.12
2026-05-15T06:00:00+03:00,06:00,0.0,2911.0,0,2911.0,-245.2
2026-05-15T07:00:00+03:00,07:00,36.75,3961.25,0,3812.0,574.0
2026-05-15T08:00:00+03:00,08:00,0.0,4804.42,0,4771.52,1011.32
2026-05-15T09:00:00+03:00,09:00,0.0,5388.63,0,5340.89,787.96
2026-05-15T10:00:00+03:00,10:00,0.0,5377.1,0,5347.64,337.44
2026-05-15T11:00:00+03:00,11:00,0.0,5231.0,0,5197.38,947.65
2026-05-15T12:00:00+03:00,12:00,0.0,4157.25,0,4132.48,273.83
2026-05-15T13:00:00+03:00,13:00,81.95,3412.5,0,3457.16,-142.43
2026-05-15T14:00:00+03:00,14:00,0.0,4352.42,0,4308.57,1162.19
2026-05-15T15:00:00+03:00,15:00,24.5,4475.77,0,4461.04,395.79
2026-05-15T16:00:00+03:00,16:00,26.92,4537.53,0,4515.83,398.56
2026-05-15T17:00:00+03:00,17:00,71.9,5837.0,0,5775.46,418.8
2026-05-15T18:00:00+03:00,18:00,35.5,5790.82,0,5766.15,899.56
2026-05-15T19:00:00+03:00,19:00,0.0,5821.0,0,5759.82,640.82
2026-05-15T20:00:00+03:00,20:00,0.0,4161.0,0,4127.11,-172.41
2026-05-15T21:00:00+03:00,21:00,0.0,4726.0,0,4698.39,733.99
2026-05-15T22:00:00+03:00,22:00,0.0,5568.65,0,5558.86,784.76
2026-05-15T23:00:00+03:00,23:00,0.0,5196.75,0,5196.28,386.02
2026-05-16T00:00:00+03:00,00:00,0.0,5045.27,0,5044.51,452.83
2026-05-16T01:00:00+03:00,01:00,0.0,4148.48,0,4148.48,-39.7
2026-05-16T02:00:00+03:00,02:00,0.0,3090.97,0,3079.07,-197.77
2026-05-16T03:00:00+03:00,03:00,0.0,2786.17,0,2786.17,-383.62
2026-05-16T04:00:00+03:00,04:00,0.0,2302.67,0,2286.51,-466.82
2026-05-16T05:00:00+03:00,05:00,0.0,2553.33,0,2553.33,-106.91
2026-05-16T06:00:00+03:00,06:00,0.0,2521.33,0,2519.03,-208.33
2026-05-16T07:00:00+03:00,07:00,95.18,2372.0,0,2459.5,-281.5
2026-05-16T08:00:00+03:00,08:00,0.0,2782.0,0,2782.0,-674.29
2026-05-16T09:00:00+03:00,09:00,0.0,3050.87,0,3050.76,-2299.71
2026-05-16T10:00:00+03:00,10:00,0.0,2810.0,0,2809.49,-2879.27
2026-05-16T11:00:00+03:00,11:00,0.0,2733.92,0,2732.77,-3408.23
2026-05-16T12:00:00+03:00,12:00,0.0,2220.5,0,2220.5,-5275.83
2026-05-16T13:00:00+03:00,13:00,0.0,2190.0,0,2189.97,-5365.38
2026-05-16T14:00:00+03:00,14:00,0.0,2190.0,0,2190.0,-4454.51
2026-05-16T15:00:00+03:00,15:00,0.0,2190.0,0,2190.0,-3767.98
2026-05-16T16:00:00+03:00,16:00,33.0,2770.0,0,2769.11,-1619.44
2026-05-16T17:00:00+03:00,17:00,189.32,3396.8,0,3563.89,-118.31
2026-05-16T18:00:00+03:00,18:00,31.0,3812.67,0,3816.99,297.17
2026-05-16T19:00:00+03:00,19:00,0.0,4150.0,0,4053.47,288.97
2026-05-16T20:00:00+03:00,20:00,0.0,3170.0,0,3159.67,-310.26
2026-05-16T21:00:00+03:00,21:00,0.0,3769.0,0,3703.02,128.91
2026-05-16T22:00:00+03:00,22:00,0.0,3783.0,0,3739.33,202.36
2026-05-16T23:00:00+03:00,23:00,0.0,2933.52,0,2918.66,-644.89
2026-05-17T00:00:00+03:00,00:00,63.2,2199.17,0,2261.86,-535.17
2026-05-17T01:00:00+03:00,01:00,0.0,709.67,0,709.67,-386.26
2026-05-17T02:00:00+03:00,02:00,42.75,480.0,0,522.75,-417.92
2026-05-17T03:00:00+03:00,03:00,952.31,256.0,0,1058.11,414.36
2026-05-17T04:00:00+03:00,04:00,1385.5,0.0,0,1335.65,485.65
2026-05-17T05:00:00+03:00,05:00,1463.8,0.0,0,1449.68,50.0
2026-05-17T06:00:00+03:00,06:00,1878.67,0.0,0,1857.12,535.12
2026-05-17T07:00:00+03:00,07:00,1492.28,0.0,0,1465.44,-176.9
2026-05-17T08:00:00+03:00,08:00,0.0,0.0,0,0.0,-3130.95
2026-05-17T09:00:00+03:00,09:00,0.0,0.0,0,0.0,-5019.56
2026-05-17T10:00:00+03:00,10:00,0.0,85.0,0,2.0,-6991.36
2026-05-17T11:00:00+03:00,11:00,0.0,555.72,0,452.0,-7204.14
2026-05-17T12:00:00+03:00,12:00,0.0,483.52,0,483.52,-8552.64
2026-05-17T13:00:00+03:00,13:00,0.0,540.0,0,540.0,-8390.02
2026-05-17T14:00:00+03:00,14:00,83.28,780.0,0,860.46,-7323.69
2026-05-17T15:00:00+03:00,15:00,0.0,780.0,0,780.0,-6304.43
2026-05-17T16:00:00+03:00,16:00,0.0,1205.0,0,1185.14,-4002.0
2026-05-17T17:00:00+03:00,17:00,233.98,2738.0,0,2946.17,-476.51
2026-05-17T18:00:00+03:00,18:00,0.0,3450.22,0,3440.65,574.9
2026-05-17T19:00:00+03:00,19:00,0.0,4565.0,0,4527.76,1100.69
2026-05-17T20:00:00+03:00,20:00,0.0,4734.48,0,4695.61,1215.67
2026-05-17T21:00:00+03:00,21:00,0.0,4840.0,0,4820.5,1512.11
2026-05-17T22:00:00+03:00,22:00,0.0,4885.0,0,4862.01,1381.42
2026-05-17T23:00:00+03:00,23:00,0.0,4864.07,0,4848.35,1235.75
2026-05-18T00:00:00+03:00,00:00,0.0,4212.42,0,4207.59,249.76
2026-05-18T01:00:00+03:00,01:00,0.0,2855.72,0,2855.72,-189.15
2026-05-18T02:00:00+03:00,02:00,0.0,2320.0,0,2320.0,124.09
2026-05-18T03:00:00+03:00,03:00,0.0,2184.0,0,2175.47,145.19
2026-05-18T04:00:00+03:00,04:00,0.0,1360.0,0,1359.99,-531.99
2026-05-18T05:00:00+03:00,05:00,0.0,1360.0,0,1325.37,-182.31
2026-05-18T06:00:00+03:00,06:00,0.0,980.0,0,980.0,-817.72
2026-05-18T07:00:00+03:00,07:00,0.0,2530.0,0,2527.74,-441.76
2026-05-18T08:00:00+03:00,08:00,0.0,3491.22,0,3468.84,-857.22
2026-05-18T09:00:00+03:00,09:00,0.0,4018.25,0,3998.79,-498.02
2026-05-18T10:00:00+03:00,10:00,0.0,4594.25,0,4371.25,112.04
2026-05-18T11:00:00+03:00,11:00,0.0,4910.0,0,4890.51,387.5
2026-05-18T12:00:00+03:00,12:00,0.0,4273.45,0,4273.45,96.37
2026-05-18T13:00:00+03:00,13:00,137.63,4509.25,0,4631.26,283.22
2026-05-18T14:00:00+03:00,14:00,105.33,5201.65,0,5146.31,700.27
2026-05-18T15:00:00+03:00,15:00,38.83,5330.5,0,5332.5,262.82
2026-05-18T16:00:00+03:00,16:00,0.0,5457.77,0,5425.71,312.04
2026-05-18T17:00:00+03:00,17:00,102.35,5923.0,0,5941.48,197.86
2026-05-18T18:00:00+03:00,18:00,0.0,5962.42,0,5934.43,-285.38
2026-05-18T19:00:00+03:00,19:00,36.17,5050.13,0,5065.36,9.55
2026-05-18T20:00:00+03:00,20:00,0.0,3953.93,0,3939.18,636.21
2026-05-18T21:00:00+03:00,21:00,0.0,4306.0,0,4294.6,802.93
2026-05-18T22:00:00+03:00,22:00,0.0,4493.32,0,4472.78,555.03
2026-05-18T23:00:00+03:00,23:00,5.33,4288.33,0,4290.82,439.82
2026-05-19T00:00:00+03:00,00:00,142.8,3427.7,0,3538.75,388.6
2026-05-19T01:00:00+03:00,01:00,0.0,3143.45,0,3143.45,683.4
2026-05-19T02:00:00+03:00,02:00,0.0,2339.83,0,2339.83,357.05
2026-05-19T03:00:00+03:00,03:00,115.92,1876.37,0,1934.39,248.51
2026-05-19T04:00:00+03:00,04:00,0.0,1916.0,0,1916.0,607.9
2026-05-19T05:00:00+03:00,05:00,0.0,2209.8,0,2209.8,554.32
2026-05-19T06:00:00+03:00,06:00,0.0,1493.2,0,1493.2,-151.37
2026-05-19T07:00:00+03:00,07:00,164.58,2480.0,0,2438.6,17.95
2026-05-19T08:00:00+03:00,08:00,0.0,3350.0,0,3339.68,-948.01
2026-05-19T09:00:00+03:00,09:00,0.0,3202.5,0,3202.5,-2393.13
2026-05-19T10:00:00+03:00,10:00,0.0,2942.0,0,2942.0,-3330.25
2026-05-19T11:00:00+03:00,11:00,0.0,2680.0,0,2680.0,-3351.51
2026-05-19T12:00:00+03:00,12:00,0.0,2680.0,0,2679.96,-3400.21
2026-05-19T13:00:00+03:00,13:00,0.0,2780.0,0,2780.0,-2413.5
2026-05-19T14:00:00+03:00,14:00,39.0,3696.33,0,3732.08,-878.2
2026-05-19T15:00:00+03:00,15:00,0.0,3872.67,0,3872.67,-89.02
2026-05-19T16:00:00+03:00,16:00,27.8,4251.19,0,4246.56,1541.97
2026-05-19T17:00:00+03:00,17:00,51.4,5115.42,0,5091.64,1716.06
2026-05-19T18:00:00+03:00,18:00,22.0,4819.33,0,4793.67,1627.71
2026-05-19T19:00:00+03:00,19:00,31.0,4713.86,0,4701.75,1312.56
2026-05-19T20:00:00+03:00,20:00,0.0,3632.62,0,3616.76,1211.85
2026-05-19T21:00:00+03:00,21:00,20.67,3916.57,0,3933.09,1832.78
2026-05-19T22:00:00+03:00,22:00,0.0,3652.53,0,3647.93,1691.54
2026-05-19T23:00:00+03:00,23:00,35.0,3078.0,0,3113.0,1136.41
2026-05-20T00:00:00+03:00,00:00,0.0,2842.75,0,2842.75,586.84
2026-05-20T01:00:00+03:00,01:00,0.0,1604.0,0,1604.0,206.0
2026-05-20T02:00:00+03:00,02:00,49.13,966.67,0,1015.8,-613.4
2026-05-20T03:00:00+03:00,03:00,0.0,380.0,0,380.0,-1220.37
2026-05-20T04:00:00+03:00,04:00,73.52,400.0,0,473.52,-1164.12
2026-05-20T05:00:00+03:00,05:00,0.0,638.9,0,638.9,-1072.5
2026-05-20T06:00:00+03:00,06:00,0.0,472.5,0,472.5,-1494.53
2026-05-20T07:00:00+03:00,07:00,47.7,2570.0,0,2440.2,-562.49
2026-05-20T08:00:00+03:00,08:00,0.0,4150.57,0,3970.51,736.38
2026-05-20T09:00:00+03:00,09:00,0.0,4783.4,0,4744.56,1100.21
2026-05-20T10:00:00+03:00,10:00,0.0,4923.0,0,4893.35,1807.79
2026-05-20T11:00:00+03:00,11:00,0.0,4945.0,0,4896.05,1666.4
2026-05-20T12:00:00+03:00,12:00,0.0,4889.55,0,4768.64,743.78
2026-05-20T13:00:00+03:00,13:00,0.0,4723.6,0,4713.06,916.93
2026-05-20T14:00:00+03:00,14:00,63.0,5275.0,0,5318.47,1735.28
2026-05-20T15:00:00+03:00,15:00,0.0,5147.8,0,5125.02,1737.43
2026-05-20T16:00:00+03:00,16:00,0.0,5035.17,0,5022.53,829.22
2026-05-20T17:00:00+03:00,17:00,0.0,5110.33,0,4981.82,1245.4
2026-05-20T18:00:00+03:00,18:00,0.0,4635.67,0,4625.0,725.31
2026-05-20T19:00:00+03:00,19:00,0.0,4394.0,0,4374.42,-50.74
2026-05-20T20:00:00+03:00,20:00,0.0,3814.0,0,3787.28,-480.93
2026-05-20T21:00:00+03:00,21:00,0.0,4156.9,0,4151.78,10.55
2026-05-20T22:00:00+03:00,22:00,0.0,3848.0,0,3840.22,-343.03
2026-05-20T23:00:00+03:00,23:00,0.0,3298.33,0,3298.33,-1075.77
2026-05-21T00:00:00+03:00,00:00,0.0,2677.0,0,2677.0,-2153.46
2026-05-21T01:00:00+03:00,01:00,0.0,1928.0,0,1927.21,-2189.53
2026-05-21T02:00:00+03:00,02:00,0.0,1391.67,0,1385.65,-2121.23
2026-05-21T03:00:00+03:00,03:00,0.0,1300.0,0,1300.0,-1964.91
2026-05-21T04:00:00+03:00,04:00,0.0,1300.0,0,1300.0,-1570.96
2026-05-21T05:00:00+03:00,05:00,0.0,1300.0,0,1300.0,-1700.49
2026-05-21T06:00:00+03:00,06:00,0.0,1300.0,0,1300.0,-2097.02
2026-05-21T07:00:00+03:00,07:00,0.0,2730.0,0,2730.0,-1230.3
2026-05-21T08:00:00+03:00,08:00,0.0,4262.15,0,3928.43,-604.38
2026-05-21T09:00:00+03:00,09:00,0.0,5383.0,0,5291.15,19.28
2026-05-21T10:00:00+03:00,10:00,0.0,5063.83,0,5038.95,-505.86
2026-05-21T11:00:00+03:00,11:00,0.0,4769.75,0,4767.75,-886.38
2026-05-21T12:00:00+03:00,12:00,0.0,4250.75,0,4250.49,-1882.0
2026-05-21T13:00:00+03:00,13:00,0.0,4380.08,0,4365.19,-1141.36
2026-05-21T14:00:00+03:00,14:00,0.0,4746.38,0,4718.07,-949.66
2026-05-21T15:00:00+03:00,15:00,0.0,5492.0,0,5439.29,-1004.73
2026-05-21T16:00:00+03:00,16:00,0.0,4978.53,0,4931.96,-1053.2
2026-05-21T17:00:00+03:00,17:00,0.0,4751.47,0,4665.74,-423.38
2026-05-21T18:00:00+03:00,18:00,0.0,4960.0,0,4812.56,-233.4
2026-05-21T19:00:00+03:00,19:00,25.83,4153.73,0,4179.57,-348.19
2026-05-21T20:00:00+03:00,20:00,0.0,4234.47,0,4212.17,462.69
2026-05-21T21:00:00+03:00,21:00,0.0,4794.0,0,4782.48,662.9
2026-05-21T22:00:00+03:00,22:00,0.0,5113.0,0,5096.81,244.88
2026-05-21T23:00:00+03:00,23:00,0.0,4894.83,0,4873.13,157.13
2026-05-22T00:00:00+03:00,00:00,0.0,4230.0,0,4218.77,-690.14
2026-05-22T01:00:00+03:00,01:00,0.0,4176.33,0,4167.26,-103.8
2026-05-22T02:00:00+03:00,02:00,0.0,3618.68,0,3618.68,-244.64
2026-05-22T03:00:00+03:00,03:00,0.0,3001.0,0,3001.0,-417.33
2026-05-22T04:00:00+03:00,04:00,0.0,2500.0,0,2500.0,-633.62
2026-05-22T05:00:00+03:00,05:00,0.0,2426.67,0,2425.93,-569.39
2026-05-22T06:00:00+03:00,06:00,0.0,2280.0,0,2280.0,-630.82
2026-05-22T07:00:00+03:00,07:00,10.5,2760.0,0,2770.5,-782.62
2026-05-22T08:00:00+03:00,08:00,0.0,0.0,0,0.0,0.0
2026-05-22T09:00:00+03:00,09:00,0.0,0.0,0,0.0,0.0
2026-05-22T10:00:00+03:00,10:00,0.0,0.0,0,0.0,0.0
2026-05-22T11:00:00+03:00,11:00,0.0,0.0,0,0.0,0.0
2026-05-22T12:00:00+03:00,12:00,0.0,0.0,0,0.0,0.0
2026-05-22T13:00:00+03:00,13:00,0.0,0.0,0,0.0,0.0
2026-05-22T14:00:00+03:00,14:00,0.0,0.0,0,0.0,0.0
2026-05-22T15:00:00+03:00,15:00,0.0,0.0,0,0.0,0.0
2026-05-22T16:00:00+03:00,16:00,0.0,0.0,0,0.0,0.0
2026-05-22T17:00:00+03:00,17:00,0.0,0.0,0,0.0,0.0
2026-05-22T18:00:00+03:00,18:00,0.0,0.0,0,0.0,0.0
2026-05-22T19:00:00+03:00,19:00,0.0,0.0,0,0.0,0.0
2026-05-22T20:00:00+03:00,20:00,0.0,0.0,0,0.0,0.0
2026-05-22T21:00:00+03:00,21:00,0.0,0.0,0,0.0,0.0
2026-05-22T22:00:00+03:00,22:00,0.0,0.0,0,0.0,0.0
2026-05-22T23:00:00+03:00,23:00,0.0,0.0,0,0.0,0.0
2026-05-23T00:00:00+03:00,00:00,0.0,4369.33,0,4360.21,778.75
2026-05-23T01:00:00+03:00,01:00,0.0,3781.5,0,3771.62,497.37
2026-05-23T02:00:00+03:00,02:00,0.0,2934.08,0,2933.14,587.09
2026-05-23T03:00:00+03:00,03:00,66.5,2455.0,0,2521.5,251.18
2026-05-23T04:00:00+03:00,04:00,0.0,1973.8,0,1973.8,-69.62
2026-05-23T05:00:00+03:00,05:00,0.0,1940.0,0,1940.0,-53.21
2026-05-23T06:00:00+03:00,06:00,0.0,1940.0,0,1940.0,-436.39
2026-05-23T07:00:00+03:00,07:00,32.17,2620.0,0,2449.82,-950.05
2026-05-23T08:00:00+03:00,08:00,0.0,2694.17,0,2660.8,-967.02
2026-05-23T09:00:00+03:00,09:00,0.0,4094.0,0,3990.86,326.05
2026-05-23T10:00:00+03:00,10:00,0.0,4768.57,0,4703.81,57.15
2026-05-23T11:00:00+03:00,11:00,0.0,5011.85,0,4994.85,195.91
2026-05-23T12:00:00+03:00,12:00,0.0,4348.75,0,4338.58,-466.73
2026-05-23T13:00:00+03:00,13:00,0.0,4664.0,0,4643.31,-320.01
2026-05-23T14:00:00+03:00,14:00,42.58,5107.42,0,5123.27,1098.18
2026-05-23T15:00:00+03:00,15:00,0.0,5213.0,0,5184.05,1729.08
2026-05-23T16:00:00+03:00,16:00,0.0,4775.0,0,4772.95,293.11
2026-05-23T17:00:00+03:00,17:00,110.52,4426.25,0,4534.42,99.43
2026-05-23T18:00:00+03:00,18:00,0.0,4552.9,0,4499.77,833.43
2026-05-23T19:00:00+03:00,19:00,33.0,4779.3,0,4739.97,1043.44
2026-05-23T20:00:00+03:00,20:00,0.0,4155.0,0,4149.32,250.36
2026-05-23T21:00:00+03:00,21:00,0.0,4924.0,0,4904.9,833.63
2026-05-23T22:00:00+03:00,22:00,38.5,5003.0,0,5028.99,1007.63
2026-05-23T23:00:00+03:00,23:00,0.0,4662.07,0,4656.36,574.51
2026-05-24T00:00:00+03:00,00:00,72.55,3269.0,0,3334.05,-511.32
2026-05-24T01:00:00+03:00,01:00,0.0,2566.25,0,2565.58,-514.2
2026-05-24T02:00:00+03:00,02:00,0.0,1538.0,0,1533.4,-1384.79
2026-05-24T03:00:00+03:00,03:00,0.0,918.33,0,918.33,-1372.44
2026-05-24T04:00:00+03:00,04:00,0.0,358.3,0,358.3,-1124.36
2026-05-24T05:00:00+03:00,05:00,8.0,240.0,0,248.0,-852.98
2026-05-24T06:00:00+03:00,06:00,0.0,418.75,0,418.75,-492.21
2026-05-24T07:00:00+03:00,07:00,107.07,342.92,0,439.74,-1219.35
2026-05-24T08:00:00+03:00,08:00,0.0,240.0,0,240.0,-3308.08
2026-05-24T09:00:00+03:00,09:00,0.0,240.0,0,236.57,-5938.92
2026-05-24T10:00:00+03:00,10:00,0.0,0.0,0,0.0,-7227.67
2026-05-24T11:00:00+03:00,11:00,0.0,0.0,0,0.0,-6487.49
2026-05-24T12:00:00+03:00,12:00,0.0,0.0,0,0.0,-6236.75
2026-05-24T13:00:00+03:00,13:00,0.0,0.0,0,0.0,-6345.55
2026-05-24T14:00:00+03:00,14:00,169.8,0.0,0,166.74,-5993.74
2026-05-24T15:00:00+03:00,15:00,0.0,0.0,0,0.0,-5862.87
2026-05-24T16:00:00+03:00,16:00,64.17,0.0,0,64.17,-4123.91
2026-05-24T17:00:00+03:00,17:00,302.72,387.33,0,607.97,-304.21
2026-05-24T18:00:00+03:00,18:00,295.97,1205.33,0,1192.1,81.62
2026-05-24T19:00:00+03:00,19:00,21.88,1066.0,0,1087.88,-81.79
2026-05-24T20:00:00+03:00,20:00,0.0,1324.0,0,1308.82,-1023.88
2026-05-24T21:00:00+03:00,21:00,0.0,1644.62,0,1624.61,-873.6
2026-05-24T22:00:00+03:00,22:00,0.0,1380.0,0,1374.43,-566.93
2026-05-24T23:00:00+03:00,23:00,0.0,1185.0,0,1184.25,-157.16
2026-05-25T00:00:00+03:00,00:00,84.13,1185.0,0,1269.13,354.44
2026-05-25T01:00:00+03:00,01:00,82.83,835.58,0,918.42,736.29
2026-05-25T02:00:00+03:00,02:00,18.0,523.0,0,539.6,498.75
2026-05-25T03:00:00+03:00,03:00,0.0,326.67,0,322.42,234.21
2026-05-25T04:00:00+03:00,04:00,0.0,64.0,0,64.0,-339.93
2026-05-25T05:00:00+03:00,05:00,97.08,0.0,0,96.42,-730.94
2026-05-25T06:00:00+03:00,06:00,0.0,0.0,0,0.0,-1283.38
2026-05-25T07:00:00+03:00,07:00,122.33,1218.0,0,1321.91,-1752.91
2026-05-25T08:00:00+03:00,08:00,0.0,1524.0,0,1524.0,-4220.3
2026-05-25T09:00:00+03:00,09:00,0.0,1458.0,0,1406.83,-5421.23
2026-05-25T10:00:00+03:00,10:00,0.0,688.0,0,688.0,-6028.5
2026-05-25T11:00:00+03:00,11:00,0.0,311.87,0,311.87,-6008.0
2026-05-25T12:00:00+03:00,12:00,0.0,338.0,0,338.0,-5473.9
2026-05-25T13:00:00+03:00,13:00,0.0,338.0,0,338.0,-5288.45
2026-05-25T14:00:00+03:00,14:00,86.0,338.0,0,416.63,-4414.77
2026-05-25T15:00:00+03:00,15:00,51.33,338.0,0,389.33,-4472.59
2026-05-25T16:00:00+03:00,16:00,62.75,560.6,0,560.29,-2339.91
2026-05-25T17:00:00+03:00,17:00,125.6,1526.14,0,1643.8,-2348.82
2026-05-25T18:00:00+03:00,18:00,121.67,1391.0,0,1490.05,-2184.87
2026-05-25T19:00:00+03:00,19:00,0.0,2136.97,0,1992.65,-1329.92
2026-05-25T20:00:00+03:00,20:00,0.0,2510.32,0,2496.47,-1204.59
2026-05-25T21:00:00+03:00,21:00,0.0,2560.1,0,2559.34,-975.71
2026-05-25T22:00:00+03:00,22:00,0.0,2325.5,0,2324.76,-504.08
2026-05-25T23:00:00+03:00,23:00,0.0,2190.22,0,2190.22,-168.48
2026-05-26T00:00:00+03:00,00:00,0.0,1256.33,0,1256.33,-600.31
2026-05-26T01:00:00+03:00,01:00,0.0,826.0,0,826.0,-930.21
2026-05-26T02:00:00+03:00,02:00,0.0,338.63,0,338.63,-796.36
2026-05-26T03:00:00+03:00,03:00,26.47,0.0,0,26.06,-1099.64
2026-05-26T04:00:00+03:00,04:00,0.0,0.0,0,0.0,-928.07
2026-05-26T05:00:00+03:00,05:00,14.0,0.0,0,14.0,-1205.13
2026-05-26T06:00:00+03:00,06:00,0.0,0.0,0,0.0,-1502.69
2026-05-26T07:00:00+03:00,07:00,15.18,0.0,0,14.6,-5096.41
2026-05-26T08:00:00+03:00,08:00,0.0,0.0,0,0.0,-10207.04
2026-05-26T09:00:00+03:00,09:00,0.0,0.0,0,0.0,-12480.96
2026-05-26T10:00:00+03:00,10:00,0.0,0.0,0,0.0,-13013.3
2026-05-26T11:00:00+03:00,11:00,0.0,0.0,0,0.0,-11728.19
2026-05-26T12:00:00+03:00,12:00,0.0,0.0,0,0.0,-11788.24
2026-05-26T13:00:00+03:00,13:00,0.0,0.0,0,0.0,-12063.65
2026-05-26T14:00:00+03:00,14:00,9.63,0.0,0,7.87,-11776.57
2026-05-26T15:00:00+03:00,15:00,0.0,0.0,0,0.0,-10569.41
2026-05-26T16:00:00+03:00,16:00,0.0,0.0,0,0.0,-8254.16
2026-05-26T17:00:00+03:00,17:00,157.05,240.0,0,396.47,-4035.57
2026-05-26T18:00:00+03:00,18:00,43.92,1311.92,0,1236.63,-1621.28
2026-05-26T19:00:00+03:00,19:00,0.0,1997.0,0,1973.14,-903.92
2026-05-26T20:00:00+03:00,20:00,0.0,1798.73,0,1798.45,-1220.98
2026-05-26T21:00:00+03:00,21:00,0.0,1605.0,0,1605.0,-1289.93
2026-05-26T22:00:00+03:00,22:00,0.0,1610.0,0,1610.0,-1021.19
2026-05-26T23:00:00+03:00,23:00,0.0,1615.0,0,1615.0,60.33
2026-05-27T00:00:00+03:00,00:00,120.98,1615.0,0,1735.55,388.84
2026-05-27T01:00:00+03:00,01:00,53.17,1168.0,0,1217.17,53.38
2026-05-27T02:00:00+03:00,02:00,0.0,690.0,0,661.91,-148.69
2026-05-27T03:00:00+03:00,03:00,36.75,240.0,0,276.75,-224.09
2026-05-27T04:00:00+03:00,04:00,0.0,240.0,0,240.0,-243.33
2026-05-27T05:00:00+03:00,05:00,0.0,240.0,0,240.0,142.48
2026-05-27T06:00:00+03:00,06:00,0.0,240.0,0,240.0,-673.73
2026-05-27T07:00:00+03:00,07:00,0.0,240.0,0,240.0,-5609.51
2026-05-27T08:00:00+03:00,08:00,0.0,124.0,0,124.0,-12277.29
2026-05-27T09:00:00+03:00,09:00,0.0,0.0,0,0.0,-15750.08
2026-05-27T10:00:00+03:00,10:00,0.0,0.0,0,0.0,-18080.72
2026-05-27T11:00:00+03:00,11:00,0.0,0.0,0,0.0,-18260.31
2026-05-27T12:00:00+03:00,12:00,0.0,0.0,0,0.0,-17865.18
2026-05-27T13:00:00+03:00,13:00,0.0,0.0,0,0.0,-16502.23
2026-05-27T14:00:00+03:00,14:00,44.45,0.0,0,43.36,-15470.84
2026-05-27T15:00:00+03:00,15:00,0.0,0.0,0,0.0,-13539.31
2026-05-27T16:00:00+03:00,16:00,0.0,0.0,0,0.0,-10204.17
2026-05-27T17:00:00+03:00,17:00,154.3,350.0,0,494.15,-4409.77
2026-05-27T18:00:00+03:00,18:00,0.0,2319.9,0,1985.15,241.32
2026-05-27T19:00:00+03:00,19:00,0.0,3059.85,0,3034.03,-356.96
2026-05-27T20:00:00+03:00,20:00,0.0,2685.83,0,2653.86,26.98
2026-05-27T21:00:00+03:00,21:00,0.0,2909.0,0,2908.68,640.43
2026-05-27T22:00:00+03:00,22:00,0.0,2936.0,0,2932.99,448.84
2026-05-27T23:00:00+03:00,23:00,0.0,2840.0,0,2834.13,133.03
2026-05-28T00:00:00+03:00,00:00,0.0,2051.9,0,2045.25,-1035.93
2026-05-28T01:00:00+03:00,01:00,0.0,1716.67,0,1716.67,-740.85
2026-05-28T02:00:00+03:00,02:00,0.0,1004.0,0,1002.44,-1364.56
2026-05-28T03:00:00+03:00,03:00,0.0,720.0,0,720.0,-1173.06
2026-05-28T04:00:00+03:00,04:00,0.0,720.0,0,720.0,-1122.17
2026-05-28T05:00:00+03:00,05:00,0.0,328.0,0,327.07,-1655.88
2026-05-28T06:00:00+03:00,06:00,0.0,240.0,0,240.0,-1052.31
2026-05-28T07:00:00+03:00,07:00,0.0,240.0,0,240.0,-2349.05
2026-05-28T08:00:00+03:00,08:00,0.0,136.0,0,134.94,-6948.54
2026-05-28T09:00:00+03:00,09:00,0.0,0.0,0,0.0,-8508.65
2026-05-28T10:00:00+03:00,10:00,0.0,0.0,0,0.0,-9331.64
2026-05-28T11:00:00+03:00,11:00,0.0,0.0,0,0.0,-9536.38
2026-05-28T12:00:00+03:00,12:00,0.0,300.0,0,241.0,-7945.94
2026-05-28T13:00:00+03:00,13:00,0.0,300.0,0,300.0,-6809.84
2026-05-28T14:00:00+03:00,14:00,0.0,300.0,0,300.0,-6383.42
2026-05-28T15:00:00+03:00,15:00,0.0,540.0,0,540.0,-6923.27
2026-05-28T16:00:00+03:00,16:00,0.0,2232.5,0,2111.04,-4220.47
2026-05-28T17:00:00+03:00,17:00,100.45,2050.0,0,2143.79,-1036.78
2026-05-28T18:00:00+03:00,18:00,0.0,2050.0,0,2050.0,-868.45
2026-05-28T19:00:00+03:00,19:00,0.0,2050.0,0,2050.0,-1803.56
2026-05-28T20:00:00+03:00,20:00,0.0,2068.67,0,2068.67,-1514.46
2026-05-28T21:00:00+03:00,21:00,0.0,2161.67,0,2161.67,-679.86
2026-05-28T22:00:00+03:00,22:00,0.0,1821.33,0,1821.33,-868.15
2026-05-28T23:00:00+03:00,23:00,57.67,1349.0,0,1405.11,-846.16
2026-05-29T00:00:00+03:00,00:00,48.4,1385.0,0,1432.75,-467.57
2026-05-29T01:00:00+03:00,01:00,0.0,578.67,0,577.06,-654.2
2026-05-29T02:00:00+03:00,02:00,114.3,124.0,0,238.3,-467.88
2026-05-29T03:00:00+03:00,03:00,70.0,0.0,0,69.75,-413.02
2026-05-29T04:00:00+03:00,04:00,0.0,0.0,0,0.0,-561.45
2026-05-29T05:00:00+03:00,05:00,47.17,0.0,0,46.73,-1170.23
2026-05-29T06:00:00+03:00,06:00,0.0,0.0,0,0.0,-2245.51
2026-05-29T07:00:00+03:00,07:00,89.32,0.0,0,89.32,-5079.44
2026-05-29T08:00:00+03:00,08:00,0.0,0.0,0,0.0,-8357.67
2026-05-29T09:00:00+03:00,09:00,0.0,0.0,0,0.0,-10635.79
2026-05-29T10:00:00+03:00,10:00,0.0,0.0,0,0.0,-10577.01
2026-05-29T11:00:00+03:00,11:00,0.0,0.0,0,0.0,-10647.98
2026-05-29T12:00:00+03:00,12:00,0.0,0.0,0,0.0,-10621.49
2026-05-29T13:00:00+03:00,13:00,0.0,0.0,0,0.0,-10223.17
2026-05-29T14:00:00+03:00,14:00,78.37,0.0,0,73.94,-10051.85
2026-05-29T15:00:00+03:00,15:00,0.0,0.0,0,0.0,-9153.5
2026-05-29T16:00:00+03:00,16:00,0.0,0.0,0,0.0,-6375.5
2026-05-29T17:00:00+03:00,17:00,94.75,740.0,0,829.2,-3217.63
2026-05-29T18:00:00+03:00,18:00,0.0,1570.0,0,1570.0,-993.7
2026-05-29T19:00:00+03:00,19:00,40.58,1667.0,0,1707.58,182.71
2026-05-29T20:00:00+03:00,20:00,0.0,1872.0,0,1872.0,392.59
2026-05-29T21:00:00+03:00,21:00,0.0,1662.5,0,1662.5,81.95
2026-05-29T22:00:00+03:00,22:00,0.0,1183.33,0,1183.33,-307.59
2026-05-29T23:00:00+03:00,23:00,41.33,740.0,0,781.33,-592.05
2026-05-30T00:00:00+03:00,00:00,169.68,1100.97,0,1270.1,246.58
2026-05-30T01:00:00+03:00,01:00,129.02,852.5,0,980.02,164.02
2026-05-30T02:00:00+03:00,02:00,96.22,283.33,0,378.44,-210.06
2026-05-30T03:00:00+03:00,03:00,151.0,0.0,0,150.34,-66.18
2026-05-30T04:00:00+03:00,04:00,82.2,0.0,0,82.2,-142.51
2026-05-30T05:00:00+03:00,05:00,146.75,0.0,0,146.66,-212.7
2026-05-30T06:00:00+03:00,06:00,0.0,0.0,0,0.0,-1015.81
2026-05-30T07:00:00+03:00,07:00,55.67,0.0,0,52.56,-4728.84
2026-05-30T08:00:00+03:00,08:00,0.0,0.0,0,0.0,-10624.09
2026-05-30T09:00:00+03:00,09:00,0.0,0.0,0,0.0,-13501.72
2026-05-30T10:00:00+03:00,10:00,0.0,0.0,0,0.0,-14141.01
2026-05-30T11:00:00+03:00,11:00,0.0,0.0,0,0.0,-13704.45
2026-05-30T12:00:00+03:00,12:00,0.0,0.0,0,0.0,-13441.45
2026-05-30T13:00:00+03:00,13:00,0.0,0.0,0,0.0,-12851.13
2026-05-30T14:00:00+03:00,14:00,0.0,0.0,0,0.0,-12521.08
2026-05-30T15:00:00+03:00,15:00,0.0,0.0,0,0.0,-11373.18
2026-05-30T16:00:00+03:00,16:00,0.0,0.0,0,0.0,-8886.14
2026-05-30T17:00:00+03:00,17:00,201.6,756.33,0,874.38,-3418.13
2026-05-30T18:00:00+03:00,18:00,0.0,1583.42,0,1581.8,-668.05
2026-05-30T19:00:00+03:00,19:00,0.0,2496.67,0,2362.99,193.78
2026-05-30T20:00:00+03:00,20:00,0.0,2510.2,0,2507.44,499.95
2026-05-30T21:00:00+03:00,21:00,60.63,2798.17,0,2844.43,1039.24
2026-05-30T22:00:00+03:00,22:00,0.0,2774.0,0,2771.78,613.49
2026-05-30T23:00:00+03:00,23:00,0.0,2679.6,0,2611.23,5.92
2026-05-31T00:00:00+03:00,00:00,75.5,2250.0,0,2325.5,-966.04
2026-05-31T01:00:00+03:00,01:00,0.0,2250.0,0,2250.0,-1090.44
2026-05-31T02:00:00+03:00,02:00,0.0,2250.0,0,2247.83,-1078.07
2026-05-31T03:00:00+03:00,03:00,0.0,1557.7,0,1557.7,-1455.18
2026-05-31T04:00:00+03:00,04:00,0.0,980.0,0,980.0,-1300.92
2026-05-31T05:00:00+03:00,05:00,0.0,980.0,0,980.0,-969.73
2026-05-31T06:00:00+03:00,06:00,61.33,906.58,0,955.75,449.14
2026-05-31T07:00:00+03:00,07:00,116.63,412.0,0,506.61,-2074.01
2026-05-31T08:00:00+03:00,08:00,0.0,0.0,0,0.0,-6625.73
2026-05-31T09:00:00+03:00,09:00,0.0,0.0,0,0.0,-9403.69
2026-05-31T10:00:00+03:00,10:00,0.0,0.0,0,0.0,-12106.8
2026-05-31T11:00:00+03:00,11:00,0.0,0.0,0,0.0,-11518.04
2026-05-31T12:00:00+03:00,12:00,0.0,0.0,0,0.0,-10966.08
2026-05-31T13:00:00+03:00,13:00,0.0,240.0,0,143.66,-9965.22
2026-05-31T14:00:00+03:00,14:00,0.0,240.0,0,239.5,-9047.4
2026-05-31T15:00:00+03:00,15:00,0.0,240.0,0,240.0,-7419.9
2026-05-31T16:00:00+03:00,16:00,0.0,328.5,0,326.49,-4763.19
2026-05-31T17:00:00+03:00,17:00,418.57,771.93,0,1084.07,-279.63
2026-05-31T18:00:00+03:00,18:00,0.0,2973.0,0,2916.84,111.95
2026-05-31T19:00:00+03:00,19:00,0.0,4044.93,0,4021.03,760.04
2026-05-31T20:00:00+03:00,20:00,0.0,3803.2,0,3778.0,792.44
2026-05-31T21:00:00+03:00,21:00,0.0,3884.62,0,3870.8,1141.77
2026-05-31T22:00:00+03:00,22:00,0.0,3790.0,0,3786.5,1038.59
2026-05-31T23:00:00+03:00,23:00,0.0,3123.6,0,3123.6,212.87
2026-06-01T00:00:00+03:00,00:00,0.0,3040.0,0,3040.0,139.9
2026-06-01T01:00:00+03:00,01:00,0.0,2648.0,0,2648.0,-179.6
2026-06-01T02:00:00+03:00,02:00,0.0,2184.0,0,2184.0,-406.26
2026-06-01T03:00:00+03:00,03:00,56.0,2080.0,0,2136.0,-414.0
2026-06-01T04:00:00+03:00,04:00,0.0,1913.33,0,1913.33,-633.4
2026-06-01T05:00:00+03:00,05:00,54.25,1846.5,0,1900.75,-674.47
2026-06-01T06:00:00+03:00,06:00,0.0,1781.58,0,1781.58,-732.71
2026-06-01T07:00:00+03:00,07:00,61.3,2580.0,0,2641.3,-395.26
2026-06-01T08:00:00+03:00,08:00,0.0,3854.0,0,3749.76,-243.16
2026-06-01T09:00:00+03:00,09:00,0.0,4481.0,0,4434.87,-93.08
2026-06-01T10:00:00+03:00,10:00,0.0,4090.83,0,4050.67,-1487.73
2026-06-01T11:00:00+03:00,11:00,0.0,4581.88,0,4486.28,-1219.37
2026-06-01T12:00:00+03:00,12:00,0.0,4180.0,0,4128.71,-1007.51
2026-06-01T13:00:00+03:00,13:00,0.0,4505.15,0,4433.2,-829.59
2026-06-01T14:00:00+03:00,14:00,0.0,5243.9,0,5082.13,89.41
2026-06-01T15:00:00+03:00,15:00,0.0,5358.0,0,5257.01,-143.26
2026-06-01T16:00:00+03:00,16:00,55.25,5599.0,0,5261.66,-296.4
2026-06-01T17:00:00+03:00,17:00,14.58,5664.0,0,5448.02,-442.49
2026-06-01T18:00:00+03:00,18:00,8.33,4715.5,0,4661.84,-32.54
2026-06-01T19:00:00+03:00,19:00,28.93,3536.0,0,3521.93,-118.15
2026-06-01T20:00:00+03:00,20:00,0.0,2717.0,0,2697.58,123.1
2026-06-01T21:00:00+03:00,21:00,0.0,2795.0,0,2777.75,141.86
2026-06-01T22:00:00+03:00,22:00,10.33,3730.0,0,3706.36,299.07
2026-06-01T23:00:00+03:00,23:00,0.0,4595.78,0,4554.1,-65.75
2026-06-02T00:00:00+03:00,00:00,0.0,4813.0,0,4777.07,339.89
2026-06-02T01:00:00+03:00,01:00,7.0,3962.0,0,3967.29,-177.5
2026-06-02T02:00:00+03:00,02:00,54.82,3297.0,0,3351.82,172.32
2026-06-02T03:00:00+03:00,03:00,0.0,2556.5,0,2556.5,-232.16
2026-06-02T04:00:00+03:00,04:00,0.0,2367.0,0,2367.0,-414.25
2026-06-02T05:00:00+03:00,05:00,52.5,2547.25,0,2599.75,-90.45
2026-06-02T06:00:00+03:00,06:00,0.0,2290.0,0,2290.0,-730.98
2026-06-02T07:00:00+03:00,07:00,59.5,2650.0,0,2709.5,-530.62
2026-06-02T08:00:00+03:00,08:00,0.0,4504.6,0,4316.16,-214.45
2026-06-02T09:00:00+03:00,09:00,0.0,5136.0,0,4930.05,-315.34
2026-06-02T10:00:00+03:00,10:00,0.0,4907.58,0,4866.26,-1376.64
2026-06-02T11:00:00+03:00,11:00,0.0,5185.13,0,5152.57,-1146.32
2026-06-02T12:00:00+03:00,12:00,0.0,4769.0,0,4727.61,-1312.97
2026-06-02T13:00:00+03:00,13:00,0.0,4932.0,0,4843.88,-1006.35
2026-06-02T14:00:00+03:00,14:00,21.0,5896.92,0,5455.27,-13.03
2026-06-02T15:00:00+03:00,15:00,0.0,5675.17,0,5361.26,11.34
2026-06-02T16:00:00+03:00,16:00,0.0,5755.57,0,5483.41,-40.63
2026-06-02T17:00:00+03:00,17:00,57.5,5903.0,0,5769.14,48.42
2026-06-02T18:00:00+03:00,18:00,0.0,6070.67,0,5676.44,324.01
2026-06-02T19:00:00+03:00,19:00,17.5,5042.63,0,4810.38,200.73
2026-06-02T20:00:00+03:00,20:00,0.0,3591.93,0,3528.34,12.41
2026-06-02T21:00:00+03:00,21:00,0.0,4180.9,0,4114.69,270.95
2026-06-02T22:00:00+03:00,22:00,0.0,5070.63,0,5001.72,779.6
2026-06-02T23:00:00+03:00,23:00,0.0,4637.0,0,4576.39,853.24
2026-06-03T00:00:00+03:00,00:00,73.6,3908.0,0,3977.26,246.8
2026-06-03T01:00:00+03:00,01:00,0.0,3425.27,0,3425.27,390.84
2026-06-03T02:00:00+03:00,02:00,0.0,2950.0,0,2950.0,470.38
2026-06-03T03:00:00+03:00,03:00,0.0,2679.67,0,2678.82,382.98
2026-06-03T04:00:00+03:00,04:00,0.0,1800.0,0,1800.0,-526.49
2026-06-03T05:00:00+03:00,05:00,0.0,1636.0,0,1636.0,-257.46
2026-06-03T06:00:00+03:00,06:00,0.0,1716.42,0,1716.42,-109.33
2026-06-03T07:00:00+03:00,07:00,164.05,2331.0,0,2495.05,-56.14
2026-06-03T08:00:00+03:00,08:00,0.0,3453.63,0,3306.19,258.81
2026-06-03T09:00:00+03:00,09:00,0.0,0.0,0,0.0,0.0
2026-06-03T10:00:00+03:00,10:00,0.0,0.0,0,0.0,0.0
2026-06-03T11:00:00+03:00,11:00,0.0,0.0,0,0.0,0.0
2026-06-03T12:00:00+03:00,12:00,0.0,0.0,0,0.0,0.0
2026-06-03T13:00:00+03:00,13:00,0.0,0.0,0,0.0,0.0
2026-06-03T14:00:00+03:00,14:00,0.0,0.0,0,0.0,0.0
2026-06-03T15:00:00+03:00,15:00,0.0,0.0,0,0.0,0.0
2026-06-03T16:00:00+03:00,16:00,0.0,0.0,0,0.0,0.0
2026-06-03T17:00:00+03:00,17:00,0.0,0.0,0,0.0,0.0
2026-06-03T18:00:00+03:00,18:00,0.0,0.0,0,0.0,0.0
2026-06-03T19:00:00+03:00,19:00,0.0,0.0,0,0.0,0.0
2026-06-03T20:00:00+03:00,20:00,0.0,0.0,0,0.0,0.0
2026-06-03T21:00:00+03:00,21:00,0.0,0.0,0,0.0,0.0
2026-06-03T22:00:00+03:00,22:00,0.0,0.0,0,0.0,0.0
2026-06-03T23:00:00+03:00,23:00,0.0,0.0,0,0.0,0.0
2026-06-04T00:00:00+03:00,00:00,0.0,3692.57,0,3686.92,-239.89
2026-06-04T01:00:00+03:00,01:00,0.0,3109.0,0,3100.74,-186.71
2026-06-04T02:00:00+03:00,02:00,0.0,1979.73,0,1979.73,-517.86
2026-06-04T03:00:00+03:00,03:00,0.0,1975.0,0,1975.0,-69.68
2026-06-04T04:00:00+03:00,04:00,0.0,1940.0,0,1940.0,-181.91
2026-06-04T05:00:00+03:00,05:00,0.0,1940.0,0,1940.0,-49.41
2026-06-04T06:00:00+03:00,06:00,0.0,1940.0,0,1940.0,-315.26
2026-06-04T07:00:00+03:00,07:00,128.67,1940.0,0,2068.67,-1064.62
2026-06-04T08:00:00+03:00,08:00,0.0,2757.42,0,2649.27,-122.5
2026-06-04T09:00:00+03:00,09:00,0.0,3986.17,0,3395.18,-44.92
2026-06-04T10:00:00+03:00,10:00,0.0,3655.17,0,3601.71,-598.2
2026-06-04T11:00:00+03:00,11:00,0.0,3785.0,0,3774.91,-96.15
2026-06-04T12:00:00+03:00,12:00,20.3,3212.82,0,3231.26,-368.37
2026-06-04T13:00:00+03:00,13:00,99.67,3536.0,0,3630.54,-27.13
2026-06-04T14:00:00+03:00,14:00,109.25,3580.0,0,3681.84,336.77
2026-06-04T15:00:00+03:00,15:00,48.3,3851.87,0,3894.26,-55.77
2026-06-04T16:00:00+03:00,16:00,0.0,4542.0,0,4511.5,316.82
2026-06-04T17:00:00+03:00,17:00,59.03,5309.0,0,5310.62,501.13
2026-06-04T18:00:00+03:00,18:00,62.25,5062.0,0,5055.72,706.53
2026-06-04T19:00:00+03:00,19:00,0.0,4785.0,0,4675.91,1218.47
2026-06-04T20:00:00+03:00,20:00,0.0,3489.0,0,3372.77,1062.67
2026-06-04T21:00:00+03:00,21:00,0.0,3754.0,0,3668.21,1707.96
2026-06-04T22:00:00+03:00,22:00,0.0,4377.37,0,4351.26,2010.04
2026-06-04T23:00:00+03:00,23:00,0.0,3974.0,0,3942.84,1794.16
2026-06-05T00:00:00+03:00,00:00,0.0,3132.23,0,3129.68,1220.82
2026-06-05T01:00:00+03:00,01:00,0.0,3440.75,0,3415.93,1469.43
2026-06-05T02:00:00+03:00,02:00,0.0,2841.0,0,2834.63,814.58
2026-06-05T03:00:00+03:00,03:00,0.0,3241.67,0,3219.04,374.91
2026-06-05T04:00:00+03:00,04:00,72.0,3955.33,0,3795.62,801.46
2026-06-05T05:00:00+03:00,05:00,0.0,3813.32,0,3774.49,559.49
2026-06-05T06:00:00+03:00,06:00,38.67,2893.98,0,2920.55,-123.87
2026-06-05T07:00:00+03:00,07:00,0.0,3674.84,0,3498.43,-253.92
2026-06-05T08:00:00+03:00,08:00,0.0,4986.07,0,4970.51,587.34
2026-06-05T09:00:00+03:00,09:00,0.0,5677.33,0,5599.32,485.94
2026-06-05T10:00:00+03:00,10:00,0.0,5569.67,0,5504.33,90.51
2026-06-05T11:00:00+03:00,11:00,0.0,5479.0,0,5403.81,-19.81
2026-06-05T12:00:00+03:00,12:00,0.0,5158.2,0,5147.15,-432.97
2026-06-05T13:00:00+03:00,13:00,30.98,4675.95,0,4687.99,-886.97
2026-06-05T14:00:00+03:00,14:00,68.5,5724.2,0,5681.97,1207.77
2026-06-05T15:00:00+03:00,15:00,50.75,5705.0,0,5709.84,545.79
2026-06-05T16:00:00+03:00,16:00,133.43,5688.87,0,5747.83,658.28
2026-06-05T17:00:00+03:00,17:00,190.42,5515.0,0,5660.97,1157.33
2026-06-05T18:00:00+03:00,18:00,46.5,5207.34,0,5253.84,1041.28
2026-06-05T19:00:00+03:00,19:00,38.75,4108.0,0,4146.75,491.06
2026-06-05T20:00:00+03:00,20:00,0.0,3509.0,0,3501.64,-152.32
2026-06-05T21:00:00+03:00,21:00,0.0,4055.0,0,4048.11,-104.33
2026-06-05T22:00:00+03:00,22:00,0.0,4494.0,0,4493.54,-79.02
2026-06-05T23:00:00+03:00,23:00,0.0,4385.63,0,4355.12,172.18
2026-06-06T00:00:00+03:00,00:00,0.0,4056.17,0,4037.17,-678.95
2026-06-06T01:00:00+03:00,01:00,0.0,3564.8,0,3564.78,-826.09
2026-06-06T02:00:00+03:00,02:00,0.0,3226.92,0,3226.85,-1102.71
2026-06-06T03:00:00+03:00,03:00,0.0,2951.33,0,2951.33,-793.61
2026-06-06T04:00:00+03:00,04:00,0.0,2910.0,0,2910.0,-621.96
2026-06-06T05:00:00+03:00,05:00,0.0,2910.0,0,2907.12,-595.67
2026-06-06T06:00:00+03:00,06:00,0.0,2557.5,0,2552.67,-984.72
2026-06-06T07:00:00+03:00,07:00,0.0,2622.5,0,2616.27,-748.22
2026-06-06T08:00:00+03:00,08:00,0.0,2523.25,0,2521.23,-1391.44
2026-06-06T09:00:00+03:00,09:00,0.0,2994.0,0,2985.87,-434.75
2026-06-06T10:00:00+03:00,10:00,0.0,3065.92,0,3061.3,-920.39
2026-06-06T11:00:00+03:00,11:00,0.0,3450.5,0,3447.28,-618.54
2026-06-06T12:00:00+03:00,12:00,0.0,2743.25,0,2740.86,-637.8
2026-06-06T13:00:00+03:00,13:00,0.0,3363.42,0,3337.81,69.5
2026-06-06T14:00:00+03:00,14:00,14.0,3951.6,0,3952.26,926.72
2026-06-06T15:00:00+03:00,15:00,127.33,3872.48,0,3978.7,1059.3
2026-06-06T16:00:00+03:00,16:00,38.75,4325.0,0,4329.8,1079.1
2026-06-06T17:00:00+03:00,17:00,119.15,4664.52,0,4557.97,458.96
2026-06-06T18:00:00+03:00,18:00,38.75,5701.0,0,5275.59,506.29
2026-06-06T19:00:00+03:00,19:00,0.0,5178.0,0,5131.86,13.55
2026-06-06T20:00:00+03:00,20:00,0.0,4706.0,0,4675.15,-355.1
2026-06-06T21:00:00+03:00,21:00,0.0,4946.33,0,4929.07,21.24
2026-06-06T22:00:00+03:00,22:00,0.0,4911.13,0,4902.42,366.49
2026-06-06T23:00:00+03:00,23:00,0.0,5291.0,0,5258.27,434.01
2026-06-07T00:00:00+03:00,00:00,0.0,5249.95,0,5240.07,993.35
2026-06-07T01:00:00+03:00,01:00,0.0,4304.03,0,4304.03,6.91
2026-06-07T02:00:00+03:00,02:00,0.0,3285.53,0,3285.53,-0.47
2026-06-07T03:00:00+03:00,03:00,0.0,3095.5,0,3086.0,618.52
2026-06-07T04:00:00+03:00,04:00,0.0,3650.17,0,3583.1,385.82
2026-06-07T05:00:00+03:00,05:00,0.0,3618.0,0,3618.0,29.98
2026-06-07T06:00:00+03:00,06:00,0.0,2777.08,0,2765.63,-326.18
2026-06-07T07:00:00+03:00,07:00,56.0,1564.5,0,1620.16,-856.29
2026-06-07T08:00:00+03:00,08:00,0.0,893.0,0,885.65,-3536.68
2026-06-07T09:00:00+03:00,09:00,0.0,391.33,0,391.33,-4859.87
2026-06-07T10:00:00+03:00,10:00,37.33,0.0,0,34.1,-5468.96
2026-06-07T11:00:00+03:00,11:00,0.0,0.0,0,0.0,-5509.69
2026-06-07T12:00:00+03:00,12:00,0.0,0.0,0,0.0,-5385.28
2026-06-07T13:00:00+03:00,13:00,0.0,723.15,0,394.88,-2957.44
2026-06-07T14:00:00+03:00,14:00,24.17,698.6,0,707.17,-3063.51
2026-06-07T15:00:00+03:00,15:00,188.83,526.83,0,715.67,-2497.19
2026-06-07T16:00:00+03:00,16:00,126.52,971.0,0,1093.11,-1384.49
2026-06-07T17:00:00+03:00,17:00,360.5,1771.0,0,2122.55,-350.75
2026-06-07T18:00:00+03:00,18:00,85.32,2218.8,0,2273.95,-408.03
2026-06-07T19:00:00+03:00,19:00,0.0,4094.0,0,3885.43,1076.63
2026-06-07T20:00:00+03:00,20:00,0.0,4275.52,0,4271.55,791.42
2026-06-07T21:00:00+03:00,21:00,0.0,4304.0,0,4297.41,832.54
2026-06-07T22:00:00+03:00,22:00,0.0,3700.62,0,3700.62,463.73
2026-06-07T23:00:00+03:00,23:00,0.0,2275.6,0,2275.6,-357.57
2026-06-08T00:00:00+03:00,00:00,56.53,1387.0,0,1437.37,-754.61
2026-06-08T01:00:00+03:00,01:00,63.0,1097.5,0,1160.5,-783.06
2026-06-08T02:00:00+03:00,02:00,0.0,698.33,0,698.33,-1005.83
2026-06-08T03:00:00+03:00,03:00,124.6,500.0,0,624.48,-651.06
2026-06-08T04:00:00+03:00,04:00,0.0,700.58,0,573.2,-382.55
2026-06-08T05:00:00+03:00,05:00,0.0,652.5,0,652.5,-506.75
2026-06-08T06:00:00+03:00,06:00,103.23,838.17,0,937.55,-336.23
2026-06-08T07:00:00+03:00,07:00,190.1,980.0,0,1166.1,-406.46
2026-06-08T08:00:00+03:00,08:00,0.0,2846.17,0,2314.03,451.76
2026-06-08T09:00:00+03:00,09:00,0.0,4297.38,0,3924.5,1031.32
2026-06-08T10:00:00+03:00,10:00,28.0,4039.97,0,4025.33,663.5
2026-06-08T11:00:00+03:00,11:00,8.7,4329.33,0,4311.98,814.46
2026-06-08T12:00:00+03:00,12:00,0.0,3505.77,0,3479.28,-396.17
2026-06-08T13:00:00+03:00,13:00,55.03,3736.27,0,3776.03,163.43
2026-06-08T14:00:00+03:00,14:00,80.48,4188.68,0,4266.52,1088.78
2026-06-08T15:00:00+03:00,15:00,86.25,3806.08,0,3882.47,893.01
2026-06-08T16:00:00+03:00,16:00,171.0,4406.0,0,4506.25,1139.7
2026-06-08T17:00:00+03:00,17:00,181.7,4321.95,0,4476.11,1252.4
2026-06-08T18:00:00+03:00,18:00,38.75,4015.6,0,3991.28,1167.26
2026-06-08T19:00:00+03:00,19:00,35.0,3499.0,0,3469.13,1776.61
2026-06-08T20:00:00+03:00,20:00,0.0,2659.5,0,2656.41,940.42
2026-06-08T21:00:00+03:00,21:00,0.0,3076.1,0,3072.01,1464.84
2026-06-08T22:00:00+03:00,22:00,0.0,3524.4,0,3518.83,1038.45
2026-06-08T23:00:00+03:00,23:00,0.0,4576.97,0,4567.65,1666.09
2026-06-09T00:00:00+03:00,00:00,0.0,4008.03,0,4008.03,385.33
2026-06-09T01:00:00+03:00,01:00,0.0,3568.9,0,3568.9,319.01
2026-06-09T02:00:00+03:00,02:00,0.0,3134.17,0,3134.09,271.99
2026-06-09T03:00:00+03:00,03:00,0.0,2225.78,0,2225.78,-271.57
2026-06-09T04:00:00+03:00,04:00,40.5,2365.25,0,2311.67,-90.15
2026-06-09T05:00:00+03:00,05:00,0.0,2578.23,0,2578.23,171.27
2026-06-09T06:00:00+03:00,06:00,22.2,2272.0,0,2294.2,-182.87
2026-06-09T07:00:00+03:00,07:00,95.65,1851.43,0,1926.37,-286.75
2026-06-09T08:00:00+03:00,08:00,0.0,3183.47,0,2949.12,340.0
2026-06-09T09:00:00+03:00,09:00,0.0,3516.92,0,3504.34,-11.9
2026-06-09T10:00:00+03:00,10:00,0.0,3355.42,0,3340.14,-928.78
2026-06-09T11:00:00+03:00,11:00,0.0,3410.7,0,3404.83,-820.66
2026-06-09T12:00:00+03:00,12:00,0.0,3003.93,0,3003.93,-1234.28
2026-06-09T13:00:00+03:00,13:00,0.0,3207.72,0,3177.01,-528.34
2026-06-09T14:00:00+03:00,14:00,0.0,3917.17,0,3864.01,335.5
2026-06-09T15:00:00+03:00,15:00,17.5,4252.0,0,4255.12,526.99
2026-06-09T16:00:00+03:00,16:00,0.0,4672.0,0,4382.56,1239.49
2026-06-09T17:00:00+03:00,17:00,42.5,4770.33,0,4382.27,1722.38
2026-06-09T18:00:00+03:00,18:00,0.0,4422.25,0,4374.09,1089.89
2026-06-09T19:00:00+03:00,19:00,0.0,4870.0,0,4866.18,90.49
2026-06-09T20:00:00+03:00,20:00,0.0,3883.73,0,3869.28,-593.18
2026-06-09T21:00:00+03:00,21:00,0.0,4362.0,0,4326.73,332.57
2026-06-09T22:00:00+03:00,22:00,0.0,4271.0,0,4261.29,373.93
2026-06-09T23:00:00+03:00,23:00,0.0,3608.83,0,3599.76,291.28
2026-06-10T00:00:00+03:00,00:00,116.1,3886.67,0,3952.83,789.61
2026-06-10T01:00:00+03:00,01:00,0.0,3359.17,0,3347.1,522.86
2026-06-10T02:00:00+03:00,02:00,0.0,2760.83,0,2760.83,-8.56
2026-06-10T03:00:00+03:00,03:00,0.0,2513.7,0,2513.7,-666.06
2026-06-10T04:00:00+03:00,04:00,0.0,3016.7,0,2804.37,-452.17
2026-06-10T05:00:00+03:00,05:00,20.67,2552.4,0,2573.07,-307.66
2026-06-10T06:00:00+03:00,06:00,0.0,1845.48,0,1840.48,-541.44
2026-06-10T07:00:00+03:00,07:00,37.65,1940.0,0,1977.65,-236.25
2026-06-10T08:00:00+03:00,08:00,0.0,4150.75,0,3689.13,127.67
2026-06-10T09:00:00+03:00,09:00,0.0,4656.0,0,4591.55,-6.33
2026-06-10T10:00:00+03:00,10:00,0.0,4630.0,0,4564.03,-226.4
2026-06-10T11:00:00+03:00,11:00,0.0,4722.92,0,4640.36,-42.95
2026-06-10T12:00:00+03:00,12:00,0.0,3525.3,0,3478.57,-1406.73
2026-06-10T13:00:00+03:00,13:00,0.0,3560.15,0,3402.72,-629.19
2026-06-10T14:00:00+03:00,14:00,0.0,4209.08,0,4134.81,-229.18
2026-06-10T15:00:00+03:00,15:00,0.0,4168.95,0,4050.61,-598.01
2026-06-10T16:00:00+03:00,16:00,0.0,4637.0,0,4548.52,-134.57
2026-06-10T17:00:00+03:00,17:00,0.0,3971.02,0,3910.91,-54.3
2026-06-10T18:00:00+03:00,18:00,0.0,3612.67,0,3607.94,-736.11
2026-06-10T19:00:00+03:00,19:00,0.0,4141.95,0,4123.52,-22.26
2026-06-10T20:00:00+03:00,20:00,0.0,3721.38,0,3667.12,-252.41
2026-06-10T21:00:00+03:00,21:00,0.0,4260.2,0,4202.8,215.73
2026-06-10T22:00:00+03:00,22:00,0.0,4202.0,0,4141.36,-230.47
2026-06-10T23:00:00+03:00,23:00,0.0,3769.09,0,3702.97,-327.12
2026-06-11T00:00:00+03:00,00:00,39.7,3563.15,0,3552.35,-141.27
2026-06-11T01:00:00+03:00,01:00,0.0,3354.03,0,3329.71,-157.27
2026-06-11T02:00:00+03:00,02:00,0.0,2872.5,0,2872.5,-369.1
2026-06-11T03:00:00+03:00,03:00,177.63,2705.07,0,2881.92,-581.38
2026-06-11T04:00:00+03:00,04:00,96.25,2949.9,0,3040.87,-180.51
2026-06-11T05:00:00+03:00,05:00,0.0,3097.53,0,3097.53,83.58
2026-06-11T06:00:00+03:00,06:00,0.0,2024.0,0,2024.0,-340.11
2026-06-11T07:00:00+03:00,07:00,29.28,1940.0,0,1969.04,-204.89
2026-06-11T08:00:00+03:00,08:00,0.0,3715.1,0,3564.22,74.94
2026-06-11T09:00:00+03:00,09:00,0.0,5565.0,0,5190.17,717.72
2026-06-11T10:00:00+03:00,10:00,0.0,5478.55,0,5400.43,-13.7
2026-06-11T11:00:00+03:00,11:00,0.0,5175.23,0,5139.44,-373.37
2026-06-11T12:00:00+03:00,12:00,0.0,4170.77,0,4169.03,-1607.73
2026-06-11T13:00:00+03:00,13:00,31.5,4857.02,0,4806.98,-1022.77
2026-06-11T14:00:00+03:00,14:00,0.0,5456.0,0,5436.47,-195.79
2026-06-11T15:00:00+03:00,15:00,0.0,5620.7,0,5547.13,-590.84
2026-06-11T16:00:00+03:00,16:00,0.0,5909.37,0,5856.64,-225.49
2026-06-11T17:00:00+03:00,17:00,0.0,6069.0,0,5916.37,-100.47
2026-06-11T18:00:00+03:00,18:00,0.0,5676.0,0,5614.94,73.86
2026-06-11T19:00:00+03:00,19:00,42.5,4890.83,0,4878.05,322.46
2026-06-11T20:00:00+03:00,20:00,0.0,4494.0,0,4440.83,304.68
2026-06-11T21:00:00+03:00,21:00,18.0,4658.0,0,4621.9,982.23
2026-06-11T22:00:00+03:00,22:00,0.0,5789.73,0,5729.69,1136.97
2026-06-11T23:00:00+03:00,23:00,0.0,5579.17,0,5520.64,653.73
2026-06-12T00:00:00+03:00,00:00,0.0,4045.0,0,3993.17,531.47
2026-06-12T01:00:00+03:00,01:00,215.3,4022.0,0,4197.13,607.92
2026-06-12T02:00:00+03:00,02:00,0.0,4027.0,0,3992.84,421.58
2026-06-12T03:00:00+03:00,03:00,33.0,4031.0,0,4022.08,211.59
2026-06-12T04:00:00+03:00,04:00,0.0,3753.0,0,3724.54,189.5
2026-06-12T05:00:00+03:00,05:00,0.0,3925.17,0,3896.42,261.11
2026-06-12T06:00:00+03:00,06:00,24.18,3491.92,0,3473.25,99.72
2026-06-12T07:00:00+03:00,07:00,8.0,2816.67,0,2765.05,-87.94
2026-06-12T08:00:00+03:00,08:00,0.0,4772.31,0,4534.49,277.31
2026-06-12T09:00:00+03:00,09:00,0.0,5430.0,0,5398.43,789.72
2026-06-12T10:00:00+03:00,10:00,0.0,5407.0,0,5353.72,567.48
2026-06-12T11:00:00+03:00,11:00,0.0,5557.37,0,5392.54,779.26
2026-06-12T12:00:00+03:00,12:00,0.0,4811.4,0,4766.2,188.44
2026-06-12T13:00:00+03:00,13:00,0.0,4062.5,0,4041.62,-539.18
2026-06-12T14:00:00+03:00,14:00,22.5,5357.0,0,5273.57,354.56
2026-06-12T15:00:00+03:00,15:00,0.0,5368.0,0,5325.27,-548.76
2026-06-12T16:00:00+03:00,16:00,36.25,5137.0,0,5130.83,-1071.32
2026-06-12T17:00:00+03:00,17:00,48.3,4256.67,0,4283.2,-281.03
2026-06-12T18:00:00+03:00,18:00,0.0,3960.0,0,3925.55,-305.97
2026-06-12T19:00:00+03:00,19:00,0.0,3892.0,0,3853.26,-144.57
2026-06-12T20:00:00+03:00,20:00,53.23,2823.2,0,2860.43,-1215.53
2026-06-12T21:00:00+03:00,21:00,0.0,2648.0,0,2645.05,-1299.3
2026-06-12T22:00:00+03:00,22:00,56.0,2234.2,0,2285.7,-1019.84
2026-06-12T23:00:00+03:00,23:00,35.45,1826.0,0,1861.45,-531.17
2026-06-13T00:00:00+03:00,00:00,0.0,2099.23,0,2099.23,-906.84
2026-06-13T01:00:00+03:00,01:00,0.0,2310.0,0,2310.0,-608.07
2026-06-13T02:00:00+03:00,02:00,0.0,2209.53,0,2209.53,-656.97
2026-06-13T03:00:00+03:00,03:00,0.0,1851.77,0,1851.77,-762.34
2026-06-13T04:00:00+03:00,04:00,73.33,1693.5,0,1765.15,-605.5
2026-06-13T05:00:00+03:00,05:00,213.0,1656.83,0,1869.53,-41.95
2026-06-13T06:00:00+03:00,06:00,57.92,1083.25,0,1141.17,-630.38
2026-06-13T07:00:00+03:00,07:00,121.33,1288.0,0,1409.33,-294.52
2026-06-13T08:00:00+03:00,08:00,0.0,1178.0,0,1178.0,-1098.63
2026-06-13T09:00:00+03:00,09:00,26.5,1184.73,0,1210.47,-728.17
2026-06-13T10:00:00+03:00,10:00,0.0,1852.0,0,1619.0,-1128.59
2026-06-13T11:00:00+03:00,11:00,0.0,1852.0,0,1849.0,-975.42
2026-06-13T12:00:00+03:00,12:00,0.0,1921.37,0,1921.37,-758.53
2026-06-13T13:00:00+03:00,13:00,64.77,2735.73,0,2749.49,263.37
2026-06-13T14:00:00+03:00,14:00,88.02,3680.17,0,3741.89,1551.08
2026-06-13T15:00:00+03:00,15:00,127.07,3345.8,0,3470.28,774.19
2026-06-13T16:00:00+03:00,16:00,118.25,3243.0,0,3360.25,592.45
2026-06-13T17:00:00+03:00,17:00,140.42,2966.87,0,3107.28,44.87
2026-06-13T18:00:00+03:00,18:00,0.0,3089.5,0,3089.5,-461.57
2026-06-13T19:00:00+03:00,19:00,0.0,2674.18,0,2671.68,-642.39
2026-06-13T20:00:00+03:00,20:00,0.0,2648.52,0,2645.46,-951.41
2026-06-13T21:00:00+03:00,21:00,0.0,3179.0,0,3179.0,310.39
2026-06-13T22:00:00+03:00,22:00,0.0,3011.0,0,3011.0,390.28
2026-06-13T23:00:00+03:00,23:00,0.0,2237.17,0,2237.17,-626.44
2026-06-14T00:00:00+03:00,00:00,0.0,2085.87,0,2066.14,-484.02
2026-06-14T01:00:00+03:00,01:00,0.0,1394.67,0,1394.67,-569.9
2026-06-14T02:00:00+03:00,02:00,0.0,1193.2,0,1175.42,-512.15
2026-06-14T03:00:00+03:00,03:00,0.0,950.0,0,950.0,-675.04
2026-06-14T04:00:00+03:00,04:00,0.0,950.0,0,950.0,-598.79
2026-06-14T05:00:00+03:00,05:00,0.0,791.67,0,791.67,-1066.24
2026-06-14T06:00:00+03:00,06:00,0.0,570.87,0,570.87,-366.55
2026-06-14T07:00:00+03:00,07:00,155.02,896.52,0,1036.16,191.3
2026-06-14T08:00:00+03:00,08:00,0.0,625.0,0,625.0,-1198.26
2026-06-14T09:00:00+03:00,09:00,0.0,449.38,0,449.38,-2317.69
2026-06-14T10:00:00+03:00,10:00,0.0,236.6,0,236.6,-4243.09
2026-06-14T11:00:00+03:00,11:00,0.0,0.0,0,0.0,-3866.69
2026-06-14T12:00:00+03:00,12:00,0.0,0.0,0,0.0,-3523.0
2026-06-14T13:00:00+03:00,13:00,0.0,0.0,0,0.0,-2943.12
2026-06-14T14:00:00+03:00,14:00,0.0,0.0,0,0.0,-1764.49
2026-06-14T15:00:00+03:00,15:00,174.8,0.0,0,158.52,-397.4
2026-06-14T16:00:00+03:00,16:00,51.08,980.0,0,1031.08,457.6
2026-06-14T17:00:00+03:00,17:00,218.3,1004.17,0,1221.14,-1354.58
2026-06-14T18:00:00+03:00,18:00,81.0,2739.5,0,2466.53,-497.89
2026-06-14T19:00:00+03:00,19:00,0.0,3543.53,0,3513.04,-147.28
2026-06-14T20:00:00+03:00,20:00,0.0,3237.0,0,3223.02,-535.56
2026-06-14T21:00:00+03:00,21:00,0.0,3215.0,0,3210.53,-58.97
2026-06-14T22:00:00+03:00,22:00,0.0,3255.92,0,3249.46,-33.88
2026-06-14T23:00:00+03:00,23:00,0.0,3138.0,0,3135.76,334.66
2026-06-15T00:00:00+03:00,00:00,0.0,2977.12,0,2976.86,243.07
2026-06-15T01:00:00+03:00,01:00,0.0,2500.25,0,2499.92,-25.55
2026-06-15T02:00:00+03:00,02:00,0.0,1708.28,0,1695.56,-264.62
2026-06-15T03:00:00+03:00,03:00,163.67,1293.0,0,1455.67,-383.55
2026-06-15T04:00:00+03:00,04:00,0.0,1227.5,0,1213.33,-605.52
2026-06-15T05:00:00+03:00,05:00,156.5,1133.0,0,1286.5,-729.18
2026-06-15T06:00:00+03:00,06:00,0.0,1059.5,0,1059.5,-775.04
2026-06-15T07:00:00+03:00,07:00,0.0,1698.0,0,1698.0,-1180.06
2026-06-15T08:00:00+03:00,08:00,0.0,4430.7,0,4053.49,170.81
2026-06-15T09:00:00+03:00,09:00,0.0,4895.52,0,4890.56,-191.4
2026-06-15T10:00:00+03:00,10:00,0.0,4885.92,0,4851.74,-420.03
2026-06-15T11:00:00+03:00,11:00,0.0,5055.05,0,5022.95,-145.89
2026-06-15T12:00:00+03:00,12:00,0.0,4269.47,0,4261.47,-731.5
2026-06-15T13:00:00+03:00,13:00,0.0,4437.4,0,4337.11,-399.65
2026-06-15T14:00:00+03:00,14:00,0.0,4785.13,0,4554.35,-342.59
2026-06-15T15:00:00+03:00,15:00,0.0,6022.0,0,5644.66,-55.83
2026-06-15T16:00:00+03:00,16:00,49.53,5930.0,0,5895.76,-788.15
2026-06-15T17:00:00+03:00,17:00,64.17,6064.5,0,6018.29,-327.84
2026-06-15T18:00:00+03:00,18:00,33.45,5745.0,0,5648.64,256.98
2026-06-15T19:00:00+03:00,19:00,0.0,4912.0,0,4778.31,609.82
2026-06-15T20:00:00+03:00,20:00,0.0,4468.0,0,4341.93,567.48
2026-06-15T21:00:00+03:00,21:00,0.0,4558.0,0,4448.28,1801.05
2026-06-15T22:00:00+03:00,22:00,0.0,5455.0,0,5369.48,1749.48
2026-06-15T23:00:00+03:00,23:00,0.0,5550.05,0,5463.35,875.0
2026-06-16T00:00:00+03:00,00:00,0.0,5036.5,0,5017.31,705.3
2026-06-16T01:00:00+03:00,01:00,0.0,5120.4,0,5109.64,1028.37
2026-06-16T02:00:00+03:00,02:00,0.0,3989.0,0,3989.0,367.56
2026-06-16T03:00:00+03:00,03:00,0.0,3989.0,0,3951.88,3.47
2026-06-16T04:00:00+03:00,04:00,0.0,4265.4,0,4208.58,473.03
2026-06-16T05:00:00+03:00,05:00,0.0,4246.0,0,4244.0,857.03
2026-06-16T06:00:00+03:00,06:00,0.0,2838.9,0,2838.9,351.11
2026-06-16T07:00:00+03:00,07:00,0.0,2320.0,0,2320.0,-169.58
2026-06-16T08:00:00+03:00,08:00,0.0,4952.55,0,4612.45,676.42
2026-06-16T09:00:00+03:00,09:00,0.0,5225.6,0,5218.6,1099.24
2026-06-16T10:00:00+03:00,10:00,0.0,5204.0,0,5198.0,765.38
2026-06-16T11:00:00+03:00,11:00,0.0,5431.93,0,5417.0,771.93
2026-06-16T12:00:00+03:00,12:00,0.0,4962.5,0,4951.65,429.86
2026-06-16T13:00:00+03:00,13:00,0.0,5447.63,0,5437.59,802.25
2026-06-16T14:00:00+03:00,14:00,0.0,6095.08,0,6073.73,596.02
2026-06-16T15:00:00+03:00,15:00,0.0,6193.0,0,6179.56,237.09
2026-06-16T16:00:00+03:00,16:00,49.87,6210.5,0,6254.09,511.7
2026-06-16T17:00:00+03:00,17:00,113.83,6041.0,0,6144.89,848.97
2026-06-16T18:00:00+03:00,18:00,0.0,5961.5,0,5947.53,1218.7
2026-06-16T19:00:00+03:00,19:00,0.0,5061.8,0,4928.66,1298.13
2026-06-16T20:00:00+03:00,20:00,0.0,5211.0,0,4887.9,910.43
2026-06-16T21:00:00+03:00,21:00,0.0,5550.0,0,5308.0,833.56
2026-06-16T22:00:00+03:00,22:00,0.0,6342.33,0,6236.52,830.34
2026-06-16T23:00:00+03:00,23:00,0.0,6068.2,0,6053.06,777.58
2026-06-17T00:00:00+03:00,00:00,0.0,5014.37,0,5013.76,10.91
2026-06-17T01:00:00+03:00,01:00,0.0,4138.25,0,4137.24,-175.12
2026-06-17T02:00:00+03:00,02:00,0.0,2886.27,0,2884.57,-118.03
2026-06-17T03:00:00+03:00,03:00,0.0,2268.0,0,2267.09,169.91
2026-06-17T04:00:00+03:00,04:00,0.0,2268.0,0,2264.02,-84.12
2026-06-17T05:00:00+03:00,05:00,0.0,2268.0,0,2264.0,-215.75
2026-06-17T06:00:00+03:00,06:00,0.0,2148.42,0,2148.42,-135.82
2026-06-17T07:00:00+03:00,07:00,0.0,2810.0,0,2810.0,243.93
2026-06-17T08:00:00+03:00,08:00,0.0,3888.5,0,3887.95,1337.97
2026-06-17T09:00:00+03:00,09:00,0.0,0.0,0,0.0,0.0
2026-06-17T10:00:00+03:00,10:00,0.0,0.0,0,0.0,0.0
2026-06-17T11:00:00+03:00,11:00,0.0,0.0,0,0.0,0.0
2026-06-17T12:00:00+03:00,12:00,0.0,0.0,0,0.0,0.0
2026-06-17T13:00:00+03:00,13:00,0.0,0.0,0,0.0,0.0
2026-06-17T14:00:00+03:00,14:00,0.0,0.0,0,0.0,0.0
2026-06-17T15:00:00+03:00,15:00,0.0,0.0,0,0.0,0.0
2026-06-17T16:00:00+03:00,16:00,0.0,0.0,0,0.0,0.0
2026-06-17T17:00:00+03:00,17:00,0.0,0.0,0,0.0,0.0
2026-06-17T18:00:00+03:00,18:00,0.0,0.0,0,0.0,0.0
2026-06-17T19:00:00+03:00,19:00,0.0,0.0,0,0.0,0.0
2026-06-17T20:00:00+03:00,20:00,0.0,0.0,0,0.0,0.0
2026-06-17T21:00:00+03:00,21:00,0.0,0.0,0,0.0,0.0
2026-06-17T22:00:00+03:00,22:00,0.0,0.0,0,0.0,0.0
2026-06-17T23:00:00+03:00,23:00,0.0,0.0,0,0.0,0.0
2026-06-18T00:00:00+03:00,00:00,148.25,3816.0,0,3957.31,854.55
2026-06-18T01:00:00+03:00,01:00,69.37,3781.1,0,3837.87,972.2
2026-06-18T02:00:00+03:00,02:00,0.0,3243.23,0,3243.23,906.17
2026-06-18T03:00:00+03:00,03:00,20.93,2508.28,0,2529.22,673.66
2026-06-18T04:00:00+03:00,04:00,0.0,2038.0,0,2038.0,369.11
2026-06-18T05:00:00+03:00,05:00,0.0,2038.0,0,2038.0,325.53
2026-06-18T06:00:00+03:00,06:00,0.0,2038.0,0,2038.0,442.45
2026-06-18T07:00:00+03:00,07:00,0.0,2996.0,0,2963.9,-23.73
2026-06-18T08:00:00+03:00,08:00,0.0,4750.23,0,4494.71,733.78
2026-06-18T09:00:00+03:00,09:00,0.0,4969.75,0,4967.22,643.55
2026-06-18T10:00:00+03:00,10:00,0.0,4667.92,0,4657.7,883.45
2026-06-18T11:00:00+03:00,11:00,0.0,5046.8,0,5046.11,956.1
2026-06-18T12:00:00+03:00,12:00,0.0,4553.0,0,4553.0,80.25
2026-06-18T13:00:00+03:00,13:00,0.0,4349.58,0,4349.58,405.29
2026-06-18T14:00:00+03:00,14:00,0.0,4544.0,0,4537.88,945.62
2026-06-18T15:00:00+03:00,15:00,0.0,4175.3,0,4170.15,338.72
2026-06-18T16:00:00+03:00,16:00,0.0,4120.33,0,4066.5,261.36
2026-06-18T17:00:00+03:00,17:00,150.73,4530.0,0,4614.94,341.82
2026-06-18T18:00:00+03:00,18:00,0.0,4460.25,0,4448.75,93.61
2026-06-18T19:00:00+03:00,19:00,0.0,3188.9,0,3188.9,113.07
2026-06-18T20:00:00+03:00,20:00,0.0,2599.7,0,2596.67,-582.94
2026-06-18T21:00:00+03:00,21:00,0.0,2306.0,0,2306.0,-636.48
2026-06-18T22:00:00+03:00,22:00,0.0,2311.0,0,2311.0,-422.14
2026-06-18T23:00:00+03:00,23:00,0.0,1498.0,0,1498.0,-948.24
2026-06-19T00:00:00+03:00,00:00,90.8,405.97,0,483.62,-1189.93
2026-06-19T01:00:00+03:00,01:00,124.08,0.0,0,124.08,-1386.39
2026-06-19T02:00:00+03:00,02:00,53.33,0.0,0,53.07,-1222.15
2026-06-19T03:00:00+03:00,03:00,127.5,0.0,0,126.91,-1401.54
2026-06-19T04:00:00+03:00,04:00,29.67,0.0,0,29.67,-1338.75
2026-06-19T05:00:00+03:00,05:00,51.92,0.0,0,51.92,-1138.24
2026-06-19T06:00:00+03:00,06:00,43.0,0.0,0,43.0,-1385.5
2026-06-19T07:00:00+03:00,07:00,82.5,1176.0,0,1258.5,-483.51
2026-06-19T08:00:00+03:00,08:00,0.0,1277.58,0,1277.58,518.07
2026-06-19T09:00:00+03:00,09:00,343.28,2191.6,0,2220.28,1501.23
2026-06-19T10:00:00+03:00,10:00,34.67,3016.0,0,3037.8,1037.27
2026-06-19T11:00:00+03:00,11:00,0.0,3289.75,0,3241.69,1390.96
2026-06-19T12:00:00+03:00,12:00,0.0,3370.17,0,3360.84,1264.01
2026-06-19T13:00:00+03:00,13:00,0.0,1996.03,0,1976.85,-588.8
2026-06-19T14:00:00+03:00,14:00,42.0,3296.25,0,3318.15,169.28
2026-06-19T15:00:00+03:00,15:00,0.0,2944.6,0,2927.19,-538.63
2026-06-19T16:00:00+03:00,16:00,0.0,2691.0,0,2687.6,-825.36
2026-06-19T17:00:00+03:00,17:00,0.0,3166.0,0,3098.49,-1025.62
2026-06-19T18:00:00+03:00,18:00,0.0,3453.0,0,3372.65,-1436.59
2026-06-19T19:00:00+03:00,19:00,0.0,3226.0,0,3146.63,-1369.38
2026-06-19T20:00:00+03:00,20:00,0.0,2620.73,0,2594.08,-886.43
2026-06-19T21:00:00+03:00,21:00,0.0,2177.92,0,2174.62,-599.39
2026-06-19T22:00:00+03:00,22:00,0.0,980.0,0,980.0,-1690.17
2026-06-19T23:00:00+03:00,23:00,62.5,1475.83,0,1536.49,-1044.33
2026-06-20T00:00:00+03:00,00:00,162.53,1235.27,0,1397.8,-914.44
2026-06-20T01:00:00+03:00,01:00,80.13,874.08,0,953.92,-951.06
2026-06-20T02:00:00+03:00,02:00,0.0,740.0,0,740.0,-1060.56
2026-06-20T03:00:00+03:00,03:00,57.57,740.0,0,797.57,-1111.52
2026-06-20T04:00:00+03:00,04:00,135.0,740.0,0,875.0,-844.25
2026-06-20T05:00:00+03:00,05:00,112.5,740.0,0,852.5,-1042.03
2026-06-20T06:00:00+03:00,06:00,67.5,740.0,0,798.36,-1145.2
2026-06-20T07:00:00+03:00,07:00,0.0,1416.0,0,1416.0,-500.35
2026-06-20T08:00:00+03:00,08:00,0.0,1526.0,0,1526.0,-820.75
2026-06-20T09:00:00+03:00,09:00,0.0,1659.93,0,1659.93,-706.65
2026-06-20T10:00:00+03:00,10:00,0.0,1717.0,0,1708.2,-607.57
2026-06-20T11:00:00+03:00,11:00,0.0,1712.0,0,1704.11,-606.05
2026-06-20T12:00:00+03:00,12:00,0.0,1707.0,0,1700.62,-554.96
2026-06-20T13:00:00+03:00,13:00,0.0,2262.1,0,2034.49,-284.85
2026-06-20T14:00:00+03:00,14:00,0.0,2889.0,0,2844.46,-562.87
2026-06-20T15:00:00+03:00,15:00,0.0,2889.0,0,2875.39,-541.61
2026-06-20T16:00:00+03:00,16:00,0.0,2889.0,0,2877.21,-632.13
2026-06-20T17:00:00+03:00,17:00,66.0,2417.85,0,2477.75,-1152.66
2026-06-20T18:00:00+03:00,18:00,20.83,2710.33,0,2716.49,-97.01
2026-06-20T19:00:00+03:00,19:00,0.0,3796.0,0,3604.28,740.62
2026-06-20T20:00:00+03:00,20:00,0.0,3070.17,0,3066.27,-37.09
2026-06-20T21:00:00+03:00,21:00,0.0,3260.83,0,3245.21,540.07
2026-06-20T22:00:00+03:00,22:00,0.0,2901.78,0,2897.65,-41.18
2026-06-20T23:00:00+03:00,23:00,0.0,2320.67,0,2313.04,-367.25
2026-06-21T00:00:00+03:00,00:00,75.4,1944.07,0,1968.74,398.44
2026-06-21T01:00:00+03:00,01:00,34.67,1434.0,0,1460.77,265.16
2026-06-21T02:00:00+03:00,02:00,0.0,1434.0,0,1424.66,256.64
2026-06-21T03:00:00+03:00,03:00,28.78,907.95,0,936.73,-210.38
2026-06-21T04:00:00+03:00,04:00,0.0,401.72,0,401.72,-301.87
2026-06-21T05:00:00+03:00,05:00,0.0,240.0,0,240.0,-296.96
2026-06-21T06:00:00+03:00,06:00,207.28,240.0,0,438.28,-741.59
2026-06-21T07:00:00+03:00,07:00,190.93,164.0,0,353.17,-732.25
2026-06-21T08:00:00+03:00,08:00,0.0,0.0,0,0.0,-3020.57
2026-06-21T09:00:00+03:00,09:00,0.0,0.0,0,0.0,-4900.96
2026-06-21T10:00:00+03:00,10:00,0.0,0.0,0,0.0,-5785.0
2026-06-21T11:00:00+03:00,11:00,0.0,0.0,0,0.0,-5889.0
2026-06-21T12:00:00+03:00,12:00,0.0,0.0,0,0.0,-5891.1
2026-06-21T13:00:00+03:00,13:00,0.0,0.0,0,0.0,-5327.14
2026-06-21T14:00:00+03:00,14:00,0.0,0.0,0,0.0,-4079.01
2026-06-21T15:00:00+03:00,15:00,40.33,0.0,0,40.33,-1892.12
2026-06-21T16:00:00+03:00,16:00,621.89,0.0,0,506.11,407.6
2026-06-21T17:00:00+03:00,17:00,481.13,726.7,0,1130.32,-129.93
2026-06-21T18:00:00+03:00,18:00,110.17,1658.23,0,1735.38,518.03
2026-06-21T19:00:00+03:00,19:00,45.0,2788.0,0,2715.49,902.83
2026-06-21T20:00:00+03:00,20:00,0.0,3432.73,0,3302.73,616.69
2026-06-21T21:00:00+03:00,21:00,0.0,2824.0,0,2824.0,431.28
2026-06-21T22:00:00+03:00,22:00,0.0,2807.0,0,2807.0,323.46
2026-06-21T23:00:00+03:00,23:00,47.13,2505.53,0,2550.95,188.25
2026-06-22T00:00:00+03:00,00:00,193.6,2313.4,0,2493.57,319.88
2026-06-22T01:00:00+03:00,01:00,135.37,1589.62,0,1723.9,-268.85
2026-06-22T02:00:00+03:00,02:00,346.93,1106.0,0,1447.78,77.13
2026-06-22T03:00:00+03:00,03:00,21.18,759.27,0,779.25,-374.35
2026-06-22T04:00:00+03:00,04:00,42.67,230.0,0,272.15,-601.56
2026-06-22T05:00:00+03:00,05:00,33.33,230.0,0,263.33,-26.66
2026-06-22T06:00:00+03:00,06:00,315.18,230.0,0,471.44,262.7
2026-06-22T07:00:00+03:00,07:00,0.0,788.0,0,788.0,174.38
2026-06-22T08:00:00+03:00,08:00,31.25,2155.42,0,1846.48,465.03
2026-06-22T09:00:00+03:00,09:00,0.0,3495.05,0,3385.05,1406.95
2026-06-22T10:00:00+03:00,10:00,0.0,3377.0,0,3376.0,395.78
2026-06-22T11:00:00+03:00,11:00,0.0,3393.0,0,3393.0,452.84
2026-06-22T12:00:00+03:00,12:00,65.87,2967.1,0,3012.17,-572.72
2026-06-22T13:00:00+03:00,13:00,130.7,3340.17,0,3423.84,211.84
2026-06-22T14:00:00+03:00,14:00,0.0,3741.67,0,3724.77,1014.27
2026-06-22T15:00:00+03:00,15:00,0.0,4067.0,0,4059.52,713.49
2026-06-22T16:00:00+03:00,16:00,298.05,4067.0,0,4336.85,1088.69
2026-06-22T17:00:00+03:00,17:00,591.08,4226.0,0,4784.71,1368.45
2026-06-22T18:00:00+03:00,18:00,324.62,3642.67,0,3951.26,1338.01
2026-06-22T19:00:00+03:00,19:00,122.5,2797.0,0,2918.02,1383.49
2026-06-22T20:00:00+03:00,20:00,1349.67,1326.0,0,2674.92,1350.69
2026-06-22T21:00:00+03:00,21:00,1376.58,1328.0,0,2704.07,1454.54
2026-06-22T22:00:00+03:00,22:00,9.5,2607.9,0,2612.15,1471.95
2026-06-22T23:00:00+03:00,23:00,0.0,2943.0,0,2933.14,1872.52
2026-06-23T00:00:00+03:00,00:00,46.67,3615.73,0,3628.8,1350.76
2026-06-23T01:00:00+03:00,01:00,19.93,3189.8,0,3209.73,891.53
2026-06-23T02:00:00+03:00,02:00,236.18,2671.33,0,2906.86,554.59
2026-06-23T03:00:00+03:00,03:00,408.55,2189.33,0,2597.88,322.93
2026-06-23T04:00:00+03:00,04:00,148.5,1510.68,0,1659.18,510.75
2026-06-23T05:00:00+03:00,05:00,0.0,647.58,0,643.58,199.6
2026-06-23T06:00:00+03:00,06:00,233.2,0.0,0,224.8,3.87
2026-06-23T07:00:00+03:00,07:00,61.55,1815.02,0,1684.11,626.06
2026-06-23T08:00:00+03:00,08:00,0.0,3206.08,0,2967.11,1133.09
2026-06-23T09:00:00+03:00,09:00,0.0,4136.0,0,4029.98,2168.93
2026-06-23T10:00:00+03:00,10:00,22.0,4342.47,0,3858.0,1308.77
2026-06-23T11:00:00+03:00,11:00,0.0,4242.0,0,3855.06,1357.42
2026-06-23T12:00:00+03:00,12:00,0.0,2148.65,0,1981.91,-685.09
2026-06-23T13:00:00+03:00,13:00,0.0,3487.3,0,3345.4,314.94
2026-06-23T14:00:00+03:00,14:00,20.93,3329.0,0,3335.43,-359.75
2026-06-23T15:00:00+03:00,15:00,139.13,2795.78,0,2924.41,-721.98
2026-06-23T16:00:00+03:00,16:00,236.35,3429.9,0,3559.47,-194.48
2026-06-23T17:00:00+03:00,17:00,113.67,4014.2,0,4089.49,75.41
2026-06-23T18:00:00+03:00,18:00,42.0,3408.92,0,3425.55,257.24
2026-06-23T19:00:00+03:00,19:00,0.0,2389.4,0,2384.72,875.86
2026-06-23T20:00:00+03:00,20:00,73.75,2319.52,0,2254.63,-261.95
2026-06-23T21:00:00+03:00,21:00,0.0,2779.27,0,2650.27,82.46
2026-06-23T22:00:00+03:00,22:00,0.0,2729.42,0,2624.32,324.86
2026-06-23T23:00:00+03:00,23:00,0.0,2197.67,0,2193.5,-269.89
2026-06-24T00:00:00+03:00,00:00,0.0,1196.33,0,1196.33,-489.68
2026-06-24T01:00:00+03:00,01:00,0.0,740.0,0,740.0,-998.45
2026-06-24T02:00:00+03:00,02:00,0.0,684.0,0,684.0,-630.99
2026-06-24T03:00:00+03:00,03:00,0.0,500.0,0,500.0,-719.0
2026-06-24T04:00:00+03:00,04:00,0.0,500.0,0,465.66,-867.77
2026-06-24T05:00:00+03:00,05:00,130.42,0.0,0,130.42,-268.55
2026-06-24T06:00:00+03:00,06:00,184.75,0.0,0,184.75,2.77
2026-06-24T07:00:00+03:00,07:00,226.67,620.0,0,846.67,-443.72
2026-06-24T08:00:00+03:00,08:00,0.0,1518.1,0,1465.47,-594.96
2026-06-24T09:00:00+03:00,09:00,0.0,1864.77,0,1833.77,-624.94
2026-06-24T10:00:00+03:00,10:00,52.5,1595.38,0,1633.63,-1572.95
2026-06-24T11:00:00+03:00,11:00,0.0,1696.0,0,1681.36,-1248.52
2026-06-24T12:00:00+03:00,12:00,0.0,1524.5,0,1518.5,-1147.48
2026-06-24T13:00:00+03:00,13:00,101.13,1501.53,0,1597.32,-1212.55
2026-06-24T14:00:00+03:00,14:00,69.75,2366.45,0,2292.04,-718.03
2026-06-24T15:00:00+03:00,15:00,36.0,2452.5,0,2482.5,-668.14
2026-06-24T16:00:00+03:00,16:00,0.0,2420.33,0,2385.9,-485.43
2026-06-24T17:00:00+03:00,17:00,70.03,4198.0,0,4155.85,1137.31
2026-06-24T18:00:00+03:00,18:00,147.15,3198.0,0,3339.65,547.71
2026-06-24T19:00:00+03:00,19:00,8.8,2094.02,0,2102.82,474.13
2026-06-24T20:00:00+03:00,20:00,0.0,2578.87,0,2515.01,778.86
2026-06-24T21:00:00+03:00,21:00,0.0,2553.78,0,2553.78,1079.63
2026-06-24T22:00:00+03:00,22:00,0.0,1690.0,0,1690.0,923.56
2026-06-24T23:00:00+03:00,23:00,0.0,1140.0,0,1140.0,88.78
2026-06-25T00:00:00+03:00,00:00,52.83,1180.0,0,1232.58,339.51
2026-06-25T01:00:00+03:00,01:00,0.0,780.0,0,780.0,507.69
2026-06-25T02:00:00+03:00,02:00,44.5,168.0,0,212.5,212.5
2026-06-25T03:00:00+03:00,03:00,384.08,0.0,0,360.55,268.72
2026-06-25T04:00:00+03:00,04:00,688.0,0.0,0,657.7,599.54
2026-06-25T05:00:00+03:00,05:00,454.97,0.0,0,411.03,300.15
2026-06-25T06:00:00+03:00,06:00,29.33,0.0,0,29.33,-385.46
2026-06-25T07:00:00+03:00,07:00,0.0,901.13,0,795.44,267.18
2026-06-25T08:00:00+03:00,08:00,1285.02,920.65,0,1837.12,614.09
2026-06-25T09:00:00+03:00,09:00,0.0,2951.75,0,2915.36,827.17
2026-06-25T10:00:00+03:00,10:00,0.0,3434.65,0,3337.9,755.37
2026-06-25T11:00:00+03:00,11:00,0.0,3859.83,0,3849.63,951.62
2026-06-25T12:00:00+03:00,12:00,0.0,2909.0,0,2909.0,659.15
2026-06-25T13:00:00+03:00,13:00,80.25,3738.67,0,3745.75,1528.51
2026-06-25T14:00:00+03:00,14:00,170.92,4444.67,0,4594.88,2768.39
2026-06-25T15:00:00+03:00,15:00,30.9,4489.0,0,4475.26,2272.75
2026-06-25T16:00:00+03:00,16:00,207.5,4113.0,0,4295.82,2107.86
2026-06-25T17:00:00+03:00,17:00,258.93,3501.0,0,3725.92,2420.72
2026-06-25T18:00:00+03:00,18:00,168.7,2618.23,0,2766.51,1692.64
2026-06-25T19:00:00+03:00,19:00,2984.95,223.0,0,3167.92,2481.99
2026-06-25T20:00:00+03:00,20:00,2221.42,417.0,0,2617.28,2160.08
2026-06-25T21:00:00+03:00,21:00,2229.67,250.0,0,2462.65,2359.98
2026-06-25T22:00:00+03:00,22:00,1153.57,1173.0,0,2323.51,2178.26
2026-06-25T23:00:00+03:00,23:00,24.67,2160.3,0,2184.97,2062.72
2026-06-26T00:00:00+03:00,00:00,62.8,1471.5,0,1528.14,1360.76
2026-06-26T01:00:00+03:00,01:00,0.0,869.67,0,864.49,690.12
2026-06-26T02:00:00+03:00,02:00,67.17,296.0,0,363.17,304.67
2026-06-26T03:00:00+03:00,03:00,284.67,0.0,0,266.54,266.54
2026-06-26T04:00:00+03:00,04:00,351.0,0.0,0,305.3,305.3
2026-06-26T05:00:00+03:00,05:00,0.0,0.0,0,0.0,0.0
2026-06-26T06:00:00+03:00,06:00,5.0,0.0,0,5.0,-525.17
2026-06-26T07:00:00+03:00,07:00,0.0,1836.15,0,1492.03,426.42
2026-06-26T08:00:00+03:00,08:00,0.0,2736.0,0,2710.45,369.06
2026-06-26T09:00:00+03:00,09:00,0.0,2870.0,0,2846.48,578.26
2026-06-26T10:00:00+03:00,10:00,0.0,2994.18,0,2969.01,578.43
2026-06-26T11:00:00+03:00,11:00,0.0,3214.77,0,3195.42,842.51
2026-06-26T12:00:00+03:00,12:00,0.0,2744.43,0,2736.97,178.08
2026-06-26T13:00:00+03:00,13:00,202.77,2637.93,0,2825.16,581.58
2026-06-26T14:00:00+03:00,14:00,199.58,3186.0,0,3369.73,1121.72
2026-06-26T15:00:00+03:00,15:00,198.15,3181.0,0,3349.72,1682.75
2026-06-26T16:00:00+03:00,16:00,120.0,2986.0,0,3091.16,798.63
2026-06-26T17:00:00+03:00,17:00,207.92,2810.93,0,3007.26,1831.87
2026-06-26T18:00:00+03:00,18:00,558.68,1503.27,0,2032.15,1377.83
2026-06-26T19:00:00+03:00,19:00,1720.15,241.0,0,1959.28,1959.28
2026-06-26T20:00:00+03:00,20:00,343.5,1137.67,0,1475.98,1390.23
2026-06-26T21:00:00+03:00,21:00,1048.3,292.75,0,1341.05,1253.21
2026-06-26T22:00:00+03:00,22:00,0.0,1182.67,0,1182.67,537.1
2026-06-26T23:00:00+03:00,23:00,26.08,631.9,0,657.88,-186.1
2026-06-27T00:00:00+03:00,00:00,0.0,990.0,0,967.51,428.35
2026-06-27T01:00:00+03:00,01:00,0.0,930.0,0,930.0,301.2
2026-06-27T02:00:00+03:00,02:00,0.0,480.0,0,480.0,220.83
2026-06-27T03:00:00+03:00,03:00,21.0,304.0,0,324.75,21.75
2026-06-27T04:00:00+03:00,04:00,0.0,240.0,0,240.0,-120.07
2026-06-27T05:00:00+03:00,05:00,0.0,240.0,0,240.0,-64.0
2026-06-27T06:00:00+03:00,06:00,619.24,0.0,0,588.81,580.04
2026-06-27T07:00:00+03:00,07:00,0.0,182.75,0,182.75,-107.28
2026-06-27T08:00:00+03:00,08:00,469.33,86.45,0,499.15,301.23
2026-06-27T09:00:00+03:00,09:00,236.73,761.3,0,975.29,741.56
2026-06-27T10:00:00+03:00,10:00,17.4,827.0,0,844.4,587.07
2026-06-27T11:00:00+03:00,11:00,28.8,1260.0,0,1260.92,854.74
2026-06-27T12:00:00+03:00,12:00,15.6,1935.55,0,1913.67,1076.21
2026-06-27T13:00:00+03:00,13:00,173.57,2218.0,0,2363.42,426.44
2026-06-27T14:00:00+03:00,14:00,21.33,1362.53,0,1383.87,-546.63
2026-06-27T15:00:00+03:00,15:00,164.27,1125.18,0,1288.36,-659.63
2026-06-27T16:00:00+03:00,16:00,83.77,1076.9,0,1152.46,-1411.63
2026-06-27T17:00:00+03:00,17:00,154.62,1428.0,0,1541.97,-688.37
2026-06-27T18:00:00+03:00,18:00,69.4,1688.95,0,1622.36,-255.06
2026-06-27T19:00:00+03:00,19:00,129.25,1105.0,0,1149.97,739.85
2026-06-27T20:00:00+03:00,20:00,55.75,1220.92,0,1265.6,660.67
2026-06-27T21:00:00+03:00,21:00,0.0,1371.52,0,1371.52,816.54
2026-06-27T22:00:00+03:00,22:00,0.0,1200.0,0,1200.0,-17.3
2026-06-27T23:00:00+03:00,23:00,145.5,1169.33,0,1314.83,55.16
2026-06-28T00:00:00+03:00,00:00,167.98,740.0,0,907.89,85.3
2026-06-28T01:00:00+03:00,01:00,36.67,740.0,0,776.48,374.97
2026-06-28T02:00:00+03:00,02:00,10.5,740.0,0,750.5,373.1
2026-06-28T03:00:00+03:00,03:00,0.0,447.33,0,441.93,-148.44
2026-06-28T04:00:00+03:00,04:00,36.75,0.0,0,36.75,-740.25
2026-06-28T05:00:00+03:00,05:00,100.15,0.0,0,99.15,-293.37
2026-06-28T06:00:00+03:00,06:00,269.55,0.0,0,268.38,-89.28
2026-06-28T07:00:00+03:00,07:00,537.85,0.0,0,536.86,-51.87
2026-06-28T08:00:00+03:00,08:00,0.0,0.0,0,0.0,-1080.14
2026-06-28T09:00:00+03:00,09:00,0.0,0.0,0,0.0,-3095.13
2026-06-28T10:00:00+03:00,10:00,0.0,0.0,0,0.0,-4358.31
2026-06-28T11:00:00+03:00,11:00,0.0,0.0,0,0.0,-4855.46
2026-06-28T12:00:00+03:00,12:00,0.0,0.0,0,0.0,-4737.63
2026-06-28T13:00:00+03:00,13:00,0.0,0.0,0,0.0,-4200.0
2026-06-28T14:00:00+03:00,14:00,83.2,0.0,0,81.56,-3096.1
2026-06-28T15:00:00+03:00,15:00,84.03,0.0,0,64.96,-1952.54
2026-06-28T16:00:00+03:00,16:00,537.4,0.0,0,442.91,-2055.41
2026-06-28T17:00:00+03:00,17:00,620.2,0.0,0,604.15,-842.82
2026-06-28T18:00:00+03:00,18:00,893.38,0.0,0,713.93,-355.45
2026-06-28T19:00:00+03:00,19:00,863.63,995.97,0,1609.77,780.66
2026-06-28T20:00:00+03:00,20:00,0.0,1661.0,0,1634.0,418.35
2026-06-28T21:00:00+03:00,21:00,0.0,1300.0,0,1300.0,568.72
2026-06-28T22:00:00+03:00,22:00,0.0,1362.0,0,1360.93,413.61
2026-06-28T23:00:00+03:00,23:00,61.58,1566.0,0,1623.58,407.25
2026-06-29T00:00:00+03:00,00:00,0.0,1613.78,0,1613.78,557.79
2026-06-29T01:00:00+03:00,01:00,61.33,1179.73,0,1241.07,204.4
2026-06-29T02:00:00+03:00,02:00,134.02,834.8,0,960.73,290.17
2026-06-29T03:00:00+03:00,03:00,37.4,453.5,0,490.63,270.19
2026-06-29T04:00:00+03:00,04:00,954.33,0.0,0,800.85,779.15
2026-06-29T05:00:00+03:00,05:00,867.0,0.0,0,850.56,593.56
2026-06-29T06:00:00+03:00,06:00,622.63,0.0,0,598.46,408.96
2026-06-29T07:00:00+03:00,07:00,0.0,652.33,0,638.83,-164.54
2026-06-29T08:00:00+03:00,08:00,0.0,2610.0,0,1860.79,156.52
2026-06-29T09:00:00+03:00,09:00,0.0,0.0,0,0.0,0.0
2026-06-29T10:00:00+03:00,10:00,0.0,0.0,0,0.0,0.0
2026-06-29T11:00:00+03:00,11:00,0.0,0.0,0,0.0,0.0
2026-06-29T12:00:00+03:00,12:00,0.0,0.0,0,0.0,0.0
2026-06-29T13:00:00+03:00,13:00,0.0,0.0,0,0.0,0.0
2026-06-29T14:00:00+03:00,14:00,0.0,0.0,0,0.0,0.0
2026-06-29T15:00:00+03:00,15:00,0.0,0.0,0,0.0,0.0
2026-06-29T16:00:00+03:00,16:00,0.0,0.0,0,0.0,0.0
2026-06-29T17:00:00+03:00,17:00,0.0,0.0,0,0.0,0.0
2026-06-29T18:00:00+03:00,18:00,0.0,0.0,0,0.0,0.0
2026-06-29T19:00:00+03:00,19:00,0.0,0.0,0,0.0,0.0
2026-06-29T20:00:00+03:00,20:00,0.0,0.0,0,0.0,0.0
2026-06-29T21:00:00+03:00,21:00,0.0,0.0,0,0.0,0.0
2026-06-29T22:00:00+03:00,22:00,0.0,0.0,0,0.0,0.0
2026-06-29T23:00:00+03:00,23:00,0.0,0.0,0,0.0,0.0
2026-06-30T00:00:00+03:00,00:00,1438.67,258.33,0,1627.78,1494.61
2026-06-30T01:00:00+03:00,01:00,1650.33,0.0,0,1596.34,1451.09
2026-06-30T02:00:00+03:00,02:00,1333.67,0.0,0,1278.76,1278.76
2026-06-30T03:00:00+03:00,03:00,1414.92,0.0,0,1403.67,1309.17
2026-06-30T04:00:00+03:00,04:00,980.07,0.0,0,921.23,826.73
2026-06-30T05:00:00+03:00,05:00,854.33,0.0,0,832.89,710.81
2026-06-30T06:00:00+03:00,06:00,57.5,0.0,0,57.5,57.5
2026-06-30T07:00:00+03:00,07:00,297.77,516.67,0,814.33,308.57
2026-06-30T08:00:00+03:00,08:00,0.0,3373.59,0,2836.85,683.52
2026-06-30T09:00:00+03:00,09:00,0.0,3596.68,0,3475.81,620.78
2026-06-30T10:00:00+03:00,10:00,0.0,2271.48,0,2260.52,-591.82
2026-06-30T11:00:00+03:00,11:00,0.0,4051.52,0,3633.05,709.47
2026-06-30T12:00:00+03:00,12:00,0.0,3284.5,0,3235.81,290.61
2026-06-30T13:00:00+03:00,13:00,0.0,3855.43,0,3810.97,795.78
2026-06-30T14:00:00+03:00,14:00,63.0,4781.65,0,4795.44,1346.96
2026-06-30T15:00:00+03:00,15:00,0.0,4069.0,0,3923.06,431.34
2026-06-30T16:00:00+03:00,16:00,0.0,3278.18,0,3227.51,1105.29
2026-06-30T17:00:00+03:00,17:00,154.17,2903.0,0,2789.06,1664.94
2026-06-30T18:00:00+03:00,18:00,94.17,2230.0,0,2126.64,1106.99
2026-06-30T19:00:00+03:00,19:00,1820.35,103.0,0,1733.73,1426.7
2026-06-30T20:00:00+03:00,20:00,1688.17,0.0,0,1635.48,1368.15
2026-06-30T21:00:00+03:00,21:00,1774.0,0.0,0,1720.71,1720.71
2026-06-30T22:00:00+03:00,22:00,1747.72,0.0,0,1626.44,1560.69
2026-06-30T23:00:00+03:00,23:00,1855.85,0.0,0,1804.3,1548.89
2026-07-01T00:00:00+03:00,00:00,1367.25,0.0,0,1330.25,1161.01
2026-07-01T01:00:00+03:00,01:00,1397.83,0.0,0,1341.31,1156.78
2026-07-01T02:00:00+03:00,02:00,1464.28,0.0,0,1420.14,1334.29
2026-07-01T03:00:00+03:00,03:00,785.0,0.0,0,749.0,676.17
2026-07-01T04:00:00+03:00,04:00,799.33,0.0,0,753.56,691.05
2026-07-01T05:00:00+03:00,05:00,531.5,0.0,0,490.95,277.31
2026-07-01T06:00:00+03:00,06:00,573.6,0.0,0,495.07,0.62
2026-07-01T07:00:00+03:00,07:00,0.0,370.0,0,370.0,-553.42
2026-07-01T08:00:00+03:00,08:00,0.0,1012.95,0,993.49,-726.57
2026-07-01T09:00:00+03:00,09:00,0.0,2128.43,0,1940.29,222.84
2026-07-01T10:00:00+03:00,10:00,0.0,2444.0,0,2439.98,-228.43
2026-07-01T11:00:00+03:00,11:00,0.0,2516.8,0,2286.76,-270.73
2026-07-01T12:00:00+03:00,12:00,0.0,2777.42,0,2756.39,-304.54
2026-07-01T13:00:00+03:00,13:00,156.5,2838.8,0,2987.27,-374.16
2026-07-01T14:00:00+03:00,14:00,642.42,2153.13,0,2700.39,-106.69
2026-07-01T15:00:00+03:00,15:00,138.17,3041.0,0,2913.61,-251.01
2026-07-01T16:00:00+03:00,16:00,60.17,4218.8,0,3025.78,668.16
2026-07-01T17:00:00+03:00,17:00,29.58,2025.4,0,2039.98,659.2
2026-07-01T18:00:00+03:00,18:00,1039.7,940.0,0,1978.79,761.31
2026-07-01T19:00:00+03:00,19:00,1014.83,350.0,0,1354.83,663.92
2026-07-01T20:00:00+03:00,20:00,1022.33,93.33,0,1113.34,13.34
2026-07-01T21:00:00+03:00,21:00,1530.0,0.0,0,1463.13,1113.21
2026-07-01T22:00:00+03:00,22:00,1629.0,0.0,0,1582.18,1232.18
2026-07-01T23:00:00+03:00,23:00,1690.42,0.0,0,1608.3,1127.45
2026-07-02T00:00:00+03:00,00:00,899.77,0.0,0,872.78,335.33
2026-07-02T01:00:00+03:00,01:00,710.43,0.0,0,698.85,426.78
2026-07-02T02:00:00+03:00,02:00,307.47,0.0,0,304.45,304.45
2026-07-02T03:00:00+03:00,03:00,159.0,0.0,0,159.0,159.0
2026-07-02T04:00:00+03:00,04:00,77.0,0.0,0,77.0,77.0
2026-07-02T05:00:00+03:00,05:00,93.87,0.0,0,92.84,-26.48
2026-07-02T06:00:00+03:00,06:00,0.0,0.0,0,0.0,-511.49
2026-07-02T07:00:00+03:00,07:00,34.02,610.0,0,641.76,-41.6
2026-07-02T08:00:00+03:00,08:00,0.0,980.0,0,980.0,-249.27
2026-07-02T09:00:00+03:00,09:00,0.0,1590.65,0,1590.65,1185.93
2026-07-02T10:00:00+03:00,10:00,0.0,2239.83,0,2156.85,1810.35
2026-07-02T11:00:00+03:00,11:00,0.0,2570.33,0,2561.84,1341.15
2026-07-02T12:00:00+03:00,12:00,0.0,2398.32,0,2397.32,737.91
2026-07-02T13:00:00+03:00,13:00,286.92,2150.77,0,2396.93,364.8
2026-07-02T14:00:00+03:00,14:00,184.58,2932.33,0,3043.82,571.72
2026-07-02T15:00:00+03:00,15:00,128.08,3416.0,0,3383.9,662.01
2026-07-02T16:00:00+03:00,16:00,79.58,3310.0,0,3246.58,1105.01
2026-07-02T17:00:00+03:00,17:00,171.3,2796.77,0,2775.61,1315.52
2026-07-02T18:00:00+03:00,18:00,960.0,2034.6,0,2960.72,1683.5
2026-07-02T19:00:00+03:00,19:00,960.0,181.67,0,1141.67,789.88
2026-07-02T20:00:00+03:00,20:00,960.0,0.0,0,960.0,53.43
2026-07-02T21:00:00+03:00,21:00,0.0,225.3,0,224.34,-223.46
2026-07-02T22:00:00+03:00,22:00,170.25,0.0,0,135.25,135.25
2026-07-02T23:00:00+03:00,23:00,741.07,0.0,0,718.63,528.2
2026-07-03T00:00:00+03:00,00:00,221.1,0.0,0,200.27,194.7
2026-07-03T01:00:00+03:00,01:00,193.25,0.0,0,191.7,191.7
2026-07-03T02:00:00+03:00,02:00,284.58,0.0,0,283.58,178.33
2026-07-03T03:00:00+03:00,03:00,0.0,0.0,0,0.0,-478.04
2026-07-03T04:00:00+03:00,04:00,94.5,0.0,0,94.5,-929.55
2026-07-03T05:00:00+03:00,05:00,0.0,0.0,0,0.0,-535.48
2026-07-03T06:00:00+03:00,06:00,34.25,0.0,0,33.08,-392.66
2026-07-03T07:00:00+03:00,07:00,38.5,240.0,0,278.5,-174.0
2026-07-03T08:00:00+03:00,08:00,0.0,0.0,0,0.0,0.0
2026-07-03T09:00:00+03:00,09:00,0.0,0.0,0,0.0,0.0
2026-07-03T10:00:00+03:00,10:00,0.0,0.0,0,0.0,0.0
2026-07-03T11:00:00+03:00,11:00,0.0,0.0,0,0.0,0.0
2026-07-03T12:00:00+03:00,12:00,0.0,0.0,0,0.0,0.0
2026-07-03T13:00:00+03:00,13:00,0.0,0.0,0,0.0,0.0
2026-07-03T14:00:00+03:00,14:00,0.0,0.0,0,0.0,0.0
2026-07-03T15:00:00+03:00,15:00,0.0,0.0,0,0.0,0.0
2026-07-03T16:00:00+03:00,16:00,0.0,0.0,0,0.0,0.0
2026-07-03T17:00:00+03:00,17:00,0.0,0.0,0,0.0,0.0
2026-07-03T18:00:00+03:00,18:00,0.0,0.0,0,0.0,0.0
2026-07-03T19:00:00+03:00,19:00,0.0,0.0,0,0.0,0.0
2026-07-03T20:00:00+03:00,20:00,0.0,0.0,0,0.0,0.0
2026-07-03T21:00:00+03:00,21:00,0.0,0.0,0,0.0,0.0
2026-07-03T22:00:00+03:00,22:00,0.0,0.0,0,0.0,0.0
2026-07-03T23:00:00+03:00,23:00,0.0,0.0,0,0.0,0.0
2026-07-04T00:00:00+03:00,00:00,425.42,0.0,0,406.47,242.57
2026-07-04T01:00:00+03:00,01:00,971.0,0.0,0,946.23,768.13
2026-07-04T02:00:00+03:00,02:00,472.8,0.0,0,466.47,297.13
2026-07-04T03:00:00+03:00,03:00,0.0,0.0,0,0.0,-224.28
2026-07-04T04:00:00+03:00,04:00,0.0,0.0,0,0.0,-440.91
2026-07-04T05:00:00+03:00,05:00,82.25,0.0,0,82.25,-232.0
2026-07-04T06:00:00+03:00,06:00,0.0,0.0,0,0.0,-340.01
2026-07-04T07:00:00+03:00,07:00,597.2,0.0,0,587.8,470.37
2026-07-04T08:00:00+03:00,08:00,484.08,0.0,0,420.18,199.43
2026-07-04T09:00:00+03:00,09:00,1222.12,0.0,0,1133.37,1133.37
2026-07-04T10:00:00+03:00,10:00,601.15,0.0,0,476.86,476.86
2026-07-04T11:00:00+03:00,11:00,1416.0,0.0,0,1324.67,1257.03
2026-07-04T12:00:00+03:00,12:00,500.7,0.0,0,481.82,481.82
2026-07-04T13:00:00+03:00,13:00,1073.38,0.0,0,787.57,787.57
2026-07-04T14:00:00+03:00,14:00,1234.0,0.0,0,1151.13,1091.88
2026-07-04T15:00:00+03:00,15:00,1130.0,0.0,0,986.48,768.34
2026-07-04T16:00:00+03:00,16:00,649.35,0.0,0,567.34,246.61
2026-07-04T17:00:00+03:00,17:00,430.6,0.0,0,354.57,57.11
2026-07-04T18:00:00+03:00,18:00,836.97,0.0,0,698.1,626.76
2026-07-04T19:00:00+03:00,19:00,1214.65,0.0,0,1178.75,1178.75
2026-07-04T20:00:00+03:00,20:00,2031.83,0.0,0,1985.15,1985.15
2026-07-04T21:00:00+03:00,21:00,2307.75,0.0,0,2245.01,2208.85
2026-07-04T22:00:00+03:00,22:00,1925.5,0.0,0,1879.42,1853.59
2026-07-04T23:00:00+03:00,23:00,1643.18,0.0,0,1579.77,1270.23
2026-07-05T00:00:00+03:00,00:00,304.53,0.0,0,250.68,-14.32
2026-07-05T01:00:00+03:00,01:00,67.92,0.0,0,67.23,-169.52
2026-07-05T02:00:00+03:00,02:00,27.0,0.0,0,27.0,-400.23
2026-07-05T03:00:00+03:00,03:00,0.0,0.0,0,0.0,-607.79
2026-07-05T04:00:00+03:00,04:00,46.15,0.0,0,46.15,-731.85
2026-07-05T05:00:00+03:00,05:00,88.83,0.0,0,84.83,-891.22
2026-07-05T06:00:00+03:00,06:00,340.47,0.0,0,340.47,-390.77
2026-07-05T07:00:00+03:00,07:00,374.42,0.0,0,320.62,103.24
2026-07-05T08:00:00+03:00,08:00,255.48,0.0,0,255.48,-254.52
2026-07-05T09:00:00+03:00,09:00,0.0,0.0,0,0.0,-1335.07
2026-07-05T10:00:00+03:00,10:00,0.0,0.0,0,0.0,-1887.5
2026-07-05T11:00:00+03:00,11:00,0.0,0.0,0,0.0,-988.13
2026-07-05T12:00:00+03:00,12:00,0.0,0.0,0,0.0,-163.9
2026-07-05T13:00:00+03:00,13:00,127.3,0.0,0,127.3,-206.49
2026-07-05T14:00:00+03:00,14:00,61.75,0.0,0,61.75,-613.19
2026-07-05T15:00:00+03:00,15:00,100.17,0.0,0,95.67,-633.35
2026-07-05T16:00:00+03:00,16:00,141.75,0.0,0,141.75,-596.7
2026-07-05T17:00:00+03:00,17:00,917.5,0.0,0,711.97,-340.43
2026-07-05T18:00:00+03:00,18:00,691.07,0.0,0,676.59,-293.12
2026-07-05T19:00:00+03:00,19:00,64.5,0.0,0,61.66,61.66
2026-07-05T20:00:00+03:00,20:00,120.33,0.0,0,93.4,93.4
2026-07-05T21:00:00+03:00,21:00,314.92,0.0,0,276.41,276.41
2026-07-05T22:00:00+03:00,22:00,263.4,0.0,0,245.06,144.49
2026-07-05T23:00:00+03:00,23:00,0.0,0.0,0,0.0,-243.0
2026-07-06T00:00:00+03:00,00:00,0.0,0.0,0,0.0,-312.5
2026-07-06T01:00:00+03:00,01:00,0.0,0.0,0,0.0,-283.38
2026-07-06T02:00:00+03:00,02:00,0.0,0.0,0,0.0,-317.01
2026-07-06T03:00:00+03:00,03:00,0.0,0.0,0,0.0,-595.95
2026-07-06T04:00:00+03:00,04:00,0.0,0.0,0,0.0,-391.18
2026-07-06T05:00:00+03:00,05:00,0.0,0.0,0,0.0,-614.73
2026-07-06T06:00:00+03:00,06:00,0.0,0.0,0,0.0,-649.48
2026-07-06T07:00:00+03:00,07:00,0.0,500.0,0,500.0,-403.36
2026-07-06T08:00:00+03:00,08:00,0.0,500.0,0,500.0,-201.11
2026-07-06T09:00:00+03:00,09:00,0.0,0.0,0,0.0,0.0
2026-07-06T10:00:00+03:00,10:00,0.0,0.0,0,0.0,0.0
2026-07-06T11:00:00+03:00,11:00,0.0,0.0,0,0.0,0.0
2026-07-06T12:00:00+03:00,12:00,0.0,0.0,0,0.0,0.0
2026-07-06T13:00:00+03:00,13:00,0.0,0.0,0,0.0,0.0
2026-07-06T14:00:00+03:00,14:00,0.0,0.0,0,0.0,0.0
2026-07-06T15:00:00+03:00,15:00,0.0,0.0,0,0.0,0.0
2026-07-06T16:00:00+03:00,16:00,0.0,0.0,0,0.0,0.0
2026-07-06T17:00:00+03:00,17:00,0.0,0.0,0,0.0,0.0
2026-07-06T18:00:00+03:00,18:00,0.0,0.0,0,0.0,0.0
2026-07-06T19:00:00+03:00,19:00,0.0,0.0,0,0.0,0.0
2026-07-06T20:00:00+03:00,20:00,0.0,0.0,0,0.0,0.0
2026-07-06T21:00:00+03:00,21:00,0.0,0.0,0,0.0,0.0
2026-07-06T22:00:00+03:00,22:00,0.0,0.0,0,0.0,0.0
2026-07-06T23:00:00+03:00,23:00,0.0,0.0,0,0.0,0.0
