date,hour,downRegulationZeroCoded,downRegulationOneCoded,downRegulationTwoCoded,downRegulationDelivered,net
2026-03-14T00:00:00+03:00,00:00,33.0,0.0,0,-33.0,985.8
2026-03-14T01:00:00+03:00,01:00,23.45,0.0,0,-23.45,731.25
2026-03-14T02:00:00+03:00,02:00,29.4,0.0,0,-29.4,359.57
2026-03-14T03:00:00+03:00,03:00,0.0,0.0,0,0.0,309.67
2026-03-14T04:00:00+03:00,04:00,38.5,0.0,0,-38.5,427.79
2026-03-14T05:00:00+03:00,05:00,0.0,0.0,0,0.0,306.58
2026-03-14T06:00:00+03:00,06:00,641.84,0.0,0,-497.78,-497.78
2026-03-14T07:00:00+03:00,07:00,1812.78,0.0,0,-1236.83,-886.83
2026-03-14T08:00:00+03:00,08:00,214.52,0.0,0,-211.63,491.17
2026-03-14T09:00:00+03:00,09:00,0.0,0.0,0,0.0,1403.19
2026-03-14T10:00:00+03:00,10:00,0.0,0.0,0,0.0,2030.59
2026-03-14T11:00:00+03:00,11:00,0.0,0.0,0,0.0,2651.31
2026-03-14T12:00:00+03:00,12:00,0.0,0.0,0,0.0,2501.66
2026-03-14T13:00:00+03:00,13:00,0.0,0.0,0,0.0,2356.68
2026-03-14T14:00:00+03:00,14:00,0.0,0.0,0,0.0,2697.2
2026-03-14T15:00:00+03:00,15:00,0.0,0.0,0,0.0,2163.25
2026-03-14T16:00:00+03:00,16:00,40.42,0.0,0,-40.42,1577.97
2026-03-14T17:00:00+03:00,17:00,123.17,75.0,0,-188.14,1586.66
2026-03-14T18:00:00+03:00,18:00,43.17,200.0,0,-229.17,1055.31
2026-03-14T19:00:00+03:00,19:00,430.12,200.0,0,-620.04,-197.6
2026-03-14T20:00:00+03:00,20:00,115.5,200.0,0,-313.23,291.19
2026-03-14T21:00:00+03:00,21:00,251.67,200.0,0,-450.5,-149.28
2026-03-14T22:00:00+03:00,22:00,291.47,0.0,0,-290.78,-290.78
2026-03-14T23:00:00+03:00,23:00,495.15,0.0,0,-494.45,-474.99
2026-03-15T00:00:00+03:00,00:00,52.15,0.0,0,-51.68,393.02
2026-03-15T01:00:00+03:00,01:00,43.42,0.0,0,-43.42,429.08
2026-03-15T02:00:00+03:00,02:00,0.0,0.0,0,0.0,18.88
2026-03-15T03:00:00+03:00,03:00,0.0,0.0,0,0.0,364.99
2026-03-15T04:00:00+03:00,04:00,0.0,0.0,0,0.0,130.3
2026-03-15T05:00:00+03:00,05:00,259.7,0.0,0,-259.7,-98.16
2026-03-15T06:00:00+03:00,06:00,1131.08,0.0,0,-688.59,-680.79
2026-03-15T07:00:00+03:00,07:00,1172.27,0.0,0,-1005.55,-758.56
2026-03-15T08:00:00+03:00,08:00,2047.17,0.0,0,-1331.73,-1331.73
2026-03-15T09:00:00+03:00,09:00,1224.95,0.0,0,-1206.95,-990.32
2026-03-15T10:00:00+03:00,10:00,670.0,0.0,0,-670.0,-662.5
2026-03-15T11:00:00+03:00,11:00,602.0,0.0,0,-601.49,-573.19
2026-03-15T12:00:00+03:00,12:00,418.0,0.0,0,-416.11,-416.11
2026-03-15T13:00:00+03:00,13:00,0.0,0.0,0,0.0,351.96
2026-03-15T14:00:00+03:00,14:00,0.0,0.0,0,0.0,1047.03
2026-03-15T15:00:00+03:00,15:00,264.9,0.0,0,-264.15,278.67
2026-03-15T16:00:00+03:00,16:00,250.92,0.0,0,-250.92,556.08
2026-03-15T17:00:00+03:00,17:00,312.78,0.0,0,-279.16,-28.74
2026-03-15T18:00:00+03:00,18:00,349.74,0.0,0,-345.81,-288.47
2026-03-15T19:00:00+03:00,19:00,456.0,0.0,0,-409.47,-409.47
2026-03-15T20:00:00+03:00,20:00,771.17,0.0,0,-695.08,-695.08
2026-03-15T21:00:00+03:00,21:00,1472.25,0.0,0,-1262.65,-1262.65
2026-03-15T22:00:00+03:00,22:00,1441.07,0.0,0,-1440.58,-1440.58
2026-03-15T23:00:00+03:00,23:00,395.45,0.0,0,-392.46,-374.46
2026-03-16T00:00:00+03:00,00:00,188.55,0.0,0,-183.2,344.38
2026-03-16T01:00:00+03:00,01:00,214.0,0.0,0,-214.0,79.23
2026-03-16T02:00:00+03:00,02:00,8.75,0.0,0,-8.75,73.13
2026-03-16T03:00:00+03:00,03:00,0.0,0.0,0,0.0,0.0
2026-03-16T04:00:00+03:00,04:00,0.0,0.0,0,0.0,0.0
2026-03-16T05:00:00+03:00,05:00,0.0,0.0,0,0.0,0.0
2026-03-16T06:00:00+03:00,06:00,56.85,0.0,0,-40.97,-40.97
2026-03-16T07:00:00+03:00,07:00,1297.28,0.0,0,-1002.55,-957.55
2026-03-16T08:00:00+03:00,08:00,474.02,0.0,0,-472.04,1100.84
2026-03-16T09:00:00+03:00,09:00,536.08,0.0,0,-531.54,1534.97
2026-03-16T10:00:00+03:00,10:00,1521.48,0.0,0,-885.53,814.47
2026-03-16T11:00:00+03:00,11:00,1376.25,43.8,0,-1393.62,551.83
2026-03-16T12:00:00+03:00,12:00,2797.22,22.5,0,-2288.51,-488.51
2026-03-16T13:00:00+03:00,13:00,3540.07,0.0,0,-3009.55,-898.46
2026-03-16T14:00:00+03:00,14:00,3762.0,0.0,0,-3381.38,-1404.64
2026-03-16T15:00:00+03:00,15:00,4334.22,0.0,0,-3975.29,-1630.64
2026-03-16T16:00:00+03:00,16:00,4535.17,0.0,0,-4029.1,-2209.52
2026-03-16T17:00:00+03:00,17:00,4237.77,0.0,0,-3786.1,-2176.44
2026-03-16T18:00:00+03:00,18:00,1445.97,0.0,0,-1284.64,-360.07
2026-03-16T19:00:00+03:00,19:00,514.5,0.0,0,-514.08,-121.48
2026-03-16T20:00:00+03:00,20:00,328.0,0.0,0,-327.86,-327.86
2026-03-16T21:00:00+03:00,21:00,348.0,0.0,0,-337.56,-324.72
2026-03-16T22:00:00+03:00,22:00,0.0,0.0,0,0.0,0.0
2026-03-16T23:00:00+03:00,23:00,0.0,0.0,0,0.0,0.0
2026-03-17T00:00:00+03:00,00:00,0.0,0.0,0,0.0,79.05
2026-03-17T01:00:00+03:00,01:00,45.5,0.0,0,-45.5,67.0
2026-03-17T02:00:00+03:00,02:00,22.0,0.0,0,-22.0,-22.0
2026-03-17T03:00:00+03:00,03:00,0.0,0.0,0,0.0,18.33
2026-03-17T04:00:00+03:00,04:00,0.0,0.0,0,0.0,0.0
2026-03-17T05:00:00+03:00,05:00,326.17,0.0,0,-287.94,-287.94
2026-03-17T06:00:00+03:00,06:00,673.48,0.0,0,-260.26,-211.6
2026-03-17T07:00:00+03:00,07:00,2262.32,0.0,0,-1756.92,-1729.92
2026-03-17T08:00:00+03:00,08:00,2204.17,0.0,0,-1990.9,-1139.48
2026-03-17T09:00:00+03:00,09:00,2294.9,0.0,0,-2221.06,-1085.98
2026-03-17T10:00:00+03:00,10:00,3323.57,0.0,0,-3024.14,-1230.77
2026-03-17T11:00:00+03:00,11:00,3509.86,0.0,0,-3233.16,-1105.2
2026-03-17T12:00:00+03:00,12:00,3826.58,0.0,0,-3533.48,-1437.9
2026-03-17T13:00:00+03:00,13:00,3287.8,0.0,0,-3177.41,-1089.73
2026-03-17T14:00:00+03:00,14:00,3368.57,0.0,0,-3180.23,-1294.9
2026-03-17T15:00:00+03:00,15:00,1600.25,0.0,0,-1490.13,-186.38
2026-03-17T16:00:00+03:00,16:00,2052.8,0.0,0,-1832.68,-528.36
2026-03-17T17:00:00+03:00,17:00,1822.5,0.0,0,-1530.69,-625.12
2026-03-17T18:00:00+03:00,18:00,56.28,0.0,0,-56.28,347.13
2026-03-17T19:00:00+03:00,19:00,21.0,0.0,0,-21.0,329.54
2026-03-17T20:00:00+03:00,20:00,0.0,0.0,0,0.0,66.69
2026-03-17T21:00:00+03:00,21:00,0.0,0.0,0,0.0,356.98
2026-03-17T22:00:00+03:00,22:00,0.0,0.0,0,0.0,0.0
2026-03-17T23:00:00+03:00,23:00,106.25,0.0,0,-105.4,-77.9
2026-03-18T00:00:00+03:00,00:00,74.17,0.0,0,-74.17,20.32
2026-03-18T01:00:00+03:00,01:00,482.88,0.0,0,-361.15,-361.15
2026-03-18T02:00:00+03:00,02:00,462.0,0.0,0,-447.0,-447.0
2026-03-18T03:00:00+03:00,03:00,122.73,0.0,0,-122.71,-24.22
2026-03-18T04:00:00+03:00,04:00,0.0,0.0,0,0.0,31.0
2026-03-18T05:00:00+03:00,05:00,0.0,0.0,0,0.0,0.0
2026-03-18T06:00:00+03:00,06:00,443.72,0.0,0,-359.38,-359.38
2026-03-18T07:00:00+03:00,07:00,1215.28,0.0,0,-805.66,-805.66
2026-03-18T08:00:00+03:00,08:00,2416.02,0.0,0,-2185.51,-1585.51
2026-03-18T09:00:00+03:00,09:00,1928.17,0.0,0,-1854.82,-1110.15
2026-03-18T10:00:00+03:00,10:00,1747.28,0.0,0,-1613.9,-1013.9
2026-03-18T11:00:00+03:00,11:00,1658.33,0.0,0,-1652.94,-1022.94
2026-03-18T12:00:00+03:00,12:00,1460.67,0.0,0,-1459.94,-660.81
2026-03-18T13:00:00+03:00,13:00,945.33,0.0,0,-931.7,12.19
2026-03-18T14:00:00+03:00,14:00,1025.17,0.0,0,-971.53,388.97
2026-03-18T15:00:00+03:00,15:00,1263.67,0.0,0,-1120.24,223.76
2026-03-18T16:00:00+03:00,16:00,1563.97,0.0,0,-1482.94,-407.03
2026-03-18T17:00:00+03:00,17:00,0.0,0.0,0,0.0,574.27
2026-03-18T18:00:00+03:00,18:00,8.75,0.0,0,-8.75,955.97
2026-03-18T19:00:00+03:00,19:00,123.83,0.0,0,-120.08,392.31
2026-03-18T20:00:00+03:00,20:00,133.69,0.0,0,-108.02,-108.02
2026-03-18T21:00:00+03:00,21:00,347.0,0.0,0,-346.99,-346.99
2026-03-18T22:00:00+03:00,22:00,781.1,0.0,0,-589.81,-589.81
2026-03-18T23:00:00+03:00,23:00,414.75,0.0,0,-345.69,-345.69
2026-03-19T00:00:00+03:00,00:00,64.43,0.0,0,-64.17,606.33
2026-03-19T01:00:00+03:00,01:00,46.67,0.0,0,-46.67,667.33
2026-03-19T02:00:00+03:00,02:00,0.0,0.0,0,0.0,559.5
2026-03-19T03:00:00+03:00,03:00,0.0,0.0,0,0.0,515.98
2026-03-19T04:00:00+03:00,04:00,0.0,0.0,0,0.0,349.27
2026-03-19T05:00:00+03:00,05:00,175.5,0.0,0,-175.5,-175.5
2026-03-19T06:00:00+03:00,06:00,370.48,0.0,0,-365.87,-234.53
2026-03-19T07:00:00+03:00,07:00,1110.8,0.0,0,-1110.53,-1110.53
2026-03-19T08:00:00+03:00,08:00,1395.17,0.0,0,-1392.94,-1392.94
2026-03-19T09:00:00+03:00,09:00,938.42,0.0,0,-938.17,-938.17
2026-03-19T10:00:00+03:00,10:00,927.58,0.0,0,-927.33,-927.33
2026-03-19T11:00:00+03:00,11:00,730.68,0.0,0,-730.13,-730.13
2026-03-19T12:00:00+03:00,12:00,370.0,0.0,0,-369.99,-369.99
2026-03-19T13:00:00+03:00,13:00,613.33,0.0,0,-612.31,-612.31
2026-03-19T14:00:00+03:00,14:00,867.17,0.0,0,-864.83,-733.59
2026-03-19T15:00:00+03:00,15:00,140.38,0.0,0,-140.31,2.68
2026-03-19T16:00:00+03:00,16:00,0.0,0.0,0,0.0,537.01
2026-03-19T17:00:00+03:00,17:00,74.67,0.0,0,-74.67,606.34
2026-03-19T18:00:00+03:00,18:00,85.83,0.0,0,-83.61,714.06
2026-03-19T19:00:00+03:00,19:00,243.13,0.0,0,-107.48,-107.48
2026-03-19T20:00:00+03:00,20:00,276.82,0.0,0,-270.6,-44.27
2026-03-19T21:00:00+03:00,21:00,19.28,0.0,0,-19.28,577.37
2026-03-19T22:00:00+03:00,22:00,147.88,0.0,0,-146.51,735.65
2026-03-19T23:00:00+03:00,23:00,0.0,0.0,0,0.0,855.25
2026-03-20T00:00:00+03:00,00:00,0.0,0.0,0,0.0,1153.57
2026-03-20T01:00:00+03:00,01:00,303.57,0.0,0,-301.57,1497.45
2026-03-20T02:00:00+03:00,02:00,103.43,0.0,0,-103.19,1072.32
2026-03-20T03:00:00+03:00,03:00,97.83,0.0,0,-97.83,968.11
2026-03-20T04:00:00+03:00,04:00,0.0,0.0,0,0.0,575.23
2026-03-20T05:00:00+03:00,05:00,0.0,0.0,0,0.0,337.16
2026-03-20T06:00:00+03:00,06:00,0.0,0.0,0,0.0,1003.7
2026-03-20T07:00:00+03:00,07:00,0.0,0.0,0,0.0,1266.37
2026-03-20T08:00:00+03:00,08:00,45.0,0.0,0,-45.0,731.84
2026-03-20T09:00:00+03:00,09:00,75.25,0.0,0,-75.25,341.49
2026-03-20T10:00:00+03:00,10:00,225.78,0.0,0,-214.03,-214.03
2026-03-20T11:00:00+03:00,11:00,312.15,0.0,0,-311.92,-311.92
2026-03-20T12:00:00+03:00,12:00,886.33,0.0,0,-877.97,-877.97
2026-03-20T13:00:00+03:00,13:00,782.87,0.0,0,-771.99,-771.99
2026-03-20T14:00:00+03:00,14:00,1114.92,0.0,0,-1110.11,-1084.92
2026-03-20T15:00:00+03:00,15:00,1632.37,0.0,0,-1614.17,-1592.43
2026-03-20T16:00:00+03:00,16:00,979.25,0.0,0,-979.25,-951.25
2026-03-20T17:00:00+03:00,17:00,551.95,0.0,0,-551.95,-382.02
2026-03-20T18:00:00+03:00,18:00,181.3,0.0,0,-178.63,104.92
2026-03-20T19:00:00+03:00,19:00,0.0,0.0,0,0.0,797.09
2026-03-20T20:00:00+03:00,20:00,130.2,0.0,0,-130.2,775.34
2026-03-20T21:00:00+03:00,21:00,1.95,0.0,0,-1.95,840.23
2026-03-20T22:00:00+03:00,22:00,143.7,0.0,0,-143.7,551.4
2026-03-20T23:00:00+03:00,23:00,196.9,0.0,0,-196.59,400.96
2026-03-21T00:00:00+03:00,00:00,652.98,0.0,0,-563.67,-172.48
2026-03-21T01:00:00+03:00,01:00,380.67,0.0,0,-380.54,-380.54
2026-03-21T02:00:00+03:00,02:00,54.77,0.0,0,-54.77,177.33
2026-03-21T03:00:00+03:00,03:00,0.0,0.0,0,0.0,363.48
2026-03-21T04:00:00+03:00,04:00,0.0,0.0,0,0.0,339.59
2026-03-21T05:00:00+03:00,05:00,0.0,0.0,0,0.0,378.53
2026-03-21T06:00:00+03:00,06:00,166.25,0.0,0,-166.25,926.61
2026-03-21T07:00:00+03:00,07:00,371.62,0.0,0,-362.65,-197.36
2026-03-21T08:00:00+03:00,08:00,1330.33,0.0,0,-1329.05,-1329.05
2026-03-21T09:00:00+03:00,09:00,2012.83,0.0,0,-2012.42,-2012.42
2026-03-21T10:00:00+03:00,10:00,1669.42,0.0,0,-1668.75,-1668.75
2026-03-21T11:00:00+03:00,11:00,880.08,0.0,0,-879.79,-879.79
2026-03-21T12:00:00+03:00,12:00,588.0,0.0,0,-586.56,-586.56
2026-03-21T13:00:00+03:00,13:00,771.0,0.0,0,-769.75,-769.75
2026-03-21T14:00:00+03:00,14:00,1643.0,0.0,0,-1411.34,-1411.34
2026-03-21T15:00:00+03:00,15:00,2038.0,0.0,0,-1729.64,-1729.64
2026-03-21T16:00:00+03:00,16:00,1755.08,0.0,0,-1705.56,-1705.56
2026-03-21T17:00:00+03:00,17:00,848.08,0.0,0,-797.28,-715.78
2026-03-21T18:00:00+03:00,18:00,532.17,0.0,0,-530.75,-530.75
2026-03-21T19:00:00+03:00,19:00,248.87,0.0,0,-244.77,-106.78
2026-03-21T20:00:00+03:00,20:00,180.0,0.0,0,-172.0,-69.86
2026-03-21T21:00:00+03:00,21:00,51.75,0.0,0,-51.75,74.25
2026-03-21T22:00:00+03:00,22:00,149.38,0.0,0,-149.22,-149.22
2026-03-21T23:00:00+03:00,23:00,121.33,0.0,0,-121.33,-121.33
2026-03-22T00:00:00+03:00,00:00,66.83,0.0,0,-66.76,109.74
2026-03-22T01:00:00+03:00,01:00,124.07,0.0,0,-122.07,-101.07
2026-03-22T02:00:00+03:00,02:00,739.22,0.0,0,-725.53,-725.53
2026-03-22T03:00:00+03:00,03:00,935.77,0.0,0,-934.56,-934.56
2026-03-22T04:00:00+03:00,04:00,1151.58,0.0,0,-1142.69,-1142.69
2026-03-22T05:00:00+03:00,05:00,1291.2,0.0,0,-1286.04,-1286.04
2026-03-22T06:00:00+03:00,06:00,1013.75,0.0,0,-993.54,-993.54
2026-03-22T07:00:00+03:00,07:00,1502.42,0.0,0,-1447.59,-1447.59
2026-03-22T08:00:00+03:00,08:00,1904.0,0.0,0,-1851.98,-1851.98
2026-03-22T09:00:00+03:00,09:00,1547.45,0.0,0,-1527.16,-1527.16
2026-03-22T10:00:00+03:00,10:00,612.75,0.0,0,-612.16,-612.16
2026-03-22T11:00:00+03:00,11:00,48.58,0.0,0,-47.83,319.94
2026-03-22T12:00:00+03:00,12:00,0.0,0.0,0,0.0,1379.48
2026-03-22T13:00:00+03:00,13:00,0.0,0.0,0,0.0,1163.68
2026-03-22T14:00:00+03:00,14:00,0.0,0.0,0,0.0,477.56
2026-03-22T15:00:00+03:00,15:00,1041.4,0.0,0,-985.52,-939.31
2026-03-22T16:00:00+03:00,16:00,1427.02,0.0,0,-1276.02,-1276.02
2026-03-22T17:00:00+03:00,17:00,2050.08,0.0,0,-1748.23,-1476.2
2026-03-22T18:00:00+03:00,18:00,453.37,0.0,0,-436.63,-200.8
2026-03-22T19:00:00+03:00,19:00,104.98,0.0,0,-104.81,365.67
2026-03-22T20:00:00+03:00,20:00,49.5,0.0,0,-49.5,669.87
2026-03-22T21:00:00+03:00,21:00,27.33,0.0,0,-27.33,637.21
2026-03-22T22:00:00+03:00,22:00,106.62,0.0,0,-106.62,419.85
2026-03-22T23:00:00+03:00,23:00,34.1,0.0,0,-25.06,371.44
2026-03-23T00:00:00+03:00,00:00,388.33,0.0,0,-383.38,-383.38
2026-03-23T01:00:00+03:00,01:00,543.25,0.0,0,-543.18,-475.68
2026-03-23T02:00:00+03:00,02:00,260.0,0.0,0,-259.88,-259.88
2026-03-23T03:00:00+03:00,03:00,246.93,0.0,0,-236.92,-236.92
2026-03-23T04:00:00+03:00,04:00,258.0,0.0,0,-240.54,-240.54
2026-03-23T05:00:00+03:00,05:00,222.7,0.0,0,-196.7,-169.2
2026-03-23T06:00:00+03:00,06:00,19.65,0.0,0,-19.62,84.27
2026-03-23T07:00:00+03:00,07:00,387.12,0.0,0,-263.92,404.07
2026-03-23T08:00:00+03:00,08:00,221.48,141.38,0,-361.32,2267.14
2026-03-23T09:00:00+03:00,09:00,235.75,0.0,0,-235.75,2676.9
2026-03-23T10:00:00+03:00,10:00,210.4,0.0,0,-210.4,2051.85
2026-03-23T11:00:00+03:00,11:00,606.03,0.0,0,-580.16,1641.13
2026-03-23T12:00:00+03:00,12:00,1712.18,0.0,0,-1123.02,937.58
2026-03-23T13:00:00+03:00,13:00,1509.47,0.0,0,-1420.33,764.89
2026-03-23T14:00:00+03:00,14:00,1342.32,0.0,0,-1176.58,1056.59
2026-03-23T15:00:00+03:00,15:00,2817.9,0.0,0,-2378.31,-94.54
2026-03-23T16:00:00+03:00,16:00,1385.98,0.0,0,-1311.43,1186.57
2026-03-23T17:00:00+03:00,17:00,302.55,0.0,0,-299.56,1657.41
2026-03-23T18:00:00+03:00,18:00,360.72,0.0,0,-358.51,529.08
2026-03-23T19:00:00+03:00,19:00,0.0,0.0,0,0.0,1289.22
2026-03-23T20:00:00+03:00,20:00,0.0,0.0,0,0.0,1016.03
2026-03-23T21:00:00+03:00,21:00,38.5,0.0,0,-38.5,1584.46
2026-03-23T22:00:00+03:00,22:00,62.33,0.0,0,-62.04,1833.12
2026-03-23T23:00:00+03:00,23:00,222.9,0.0,0,-222.41,1425.96
2026-03-24T00:00:00+03:00,00:00,357.83,0.0,0,-357.83,1095.46
2026-03-24T01:00:00+03:00,01:00,287.72,0.0,0,-287.72,1118.08
2026-03-24T02:00:00+03:00,02:00,0.0,0.0,0,0.0,894.49
2026-03-24T03:00:00+03:00,03:00,280.33,0.0,0,-250.61,-145.95
2026-03-24T04:00:00+03:00,04:00,0.0,0.0,0,0.0,652.93
2026-03-24T05:00:00+03:00,05:00,47.4,0.0,0,-45.09,85.63
2026-03-24T06:00:00+03:00,06:00,378.5,0.0,0,-210.01,62.54
2026-03-24T07:00:00+03:00,07:00,1135.62,0.0,0,-890.01,-365.32
2026-03-24T08:00:00+03:00,08:00,598.17,90.65,0,-683.26,1528.96
2026-03-24T09:00:00+03:00,09:00,1009.83,201.67,0,-880.53,1931.15
2026-03-24T10:00:00+03:00,10:00,2214.77,192.08,0,-1950.18,1334.61
2026-03-24T11:00:00+03:00,11:00,1347.67,851.0,0,-2162.77,1190.86
2026-03-24T12:00:00+03:00,12:00,2385.15,80.75,0,-2058.88,821.64
2026-03-24T13:00:00+03:00,13:00,3270.0,0.0,0,-2910.91,129.74
2026-03-24T14:00:00+03:00,14:00,3662.67,0.0,0,-3432.86,-356.61
2026-03-24T15:00:00+03:00,15:00,3300.1,0.0,0,-3004.31,49.17
2026-03-24T16:00:00+03:00,16:00,3144.5,0.0,0,-2834.24,226.81
2026-03-24T17:00:00+03:00,17:00,2843.53,0.0,0,-2480.22,227.56
2026-03-24T18:00:00+03:00,18:00,2060.93,0.0,0,-1917.89,-169.57
2026-03-24T19:00:00+03:00,19:00,0.0,0.0,0,0.0,1295.61
2026-03-24T20:00:00+03:00,20:00,452.24,0.0,0,-254.87,915.52
2026-03-24T21:00:00+03:00,21:00,570.8,0.0,0,-562.91,312.23
2026-03-24T22:00:00+03:00,22:00,274.24,0.0,0,-260.69,208.71
2026-03-24T23:00:00+03:00,23:00,331.57,0.0,0,-327.16,-101.84
2026-03-25T00:00:00+03:00,00:00,907.06,0.0,0,-885.76,-816.26
2026-03-25T01:00:00+03:00,01:00,1110.08,0.0,0,-1090.08,-1058.58
2026-03-25T02:00:00+03:00,02:00,911.18,0.0,0,-841.2,-841.2
2026-03-25T03:00:00+03:00,03:00,660.5,0.0,0,-595.92,-595.92
2026-03-25T04:00:00+03:00,04:00,569.42,0.0,0,-504.38,-504.38
2026-03-25T05:00:00+03:00,05:00,706.17,0.0,0,-642.05,-642.05
2026-03-25T06:00:00+03:00,06:00,590.83,0.0,0,-529.65,-404.21
2026-03-25T07:00:00+03:00,07:00,1375.4,0.0,0,-1372.9,-679.04
2026-03-25T08:00:00+03:00,08:00,2579.5,0.0,0,-2566.97,-1266.97
2026-03-25T09:00:00+03:00,09:00,2752.58,0.0,0,-2739.94,-1439.94
2026-03-25T10:00:00+03:00,10:00,3786.33,0.0,0,-3776.43,-2476.43
2026-03-25T11:00:00+03:00,11:00,2719.4,0.0,0,-2715.12,-1527.12
2026-03-25T12:00:00+03:00,12:00,2367.52,0.0,0,-2318.55,-1418.55
2026-03-25T13:00:00+03:00,13:00,2070.98,0.0,0,-2069.67,-1169.67
2026-03-25T14:00:00+03:00,14:00,2758.32,0.0,0,-2758.07,-1858.07
2026-03-25T15:00:00+03:00,15:00,3170.5,0.0,0,-3169.42,-2551.23
2026-03-25T16:00:00+03:00,16:00,2982.3,0.0,0,-2972.05,-2326.62
2026-03-25T17:00:00+03:00,17:00,1923.05,0.0,0,-1921.05,-1138.63
2026-03-25T18:00:00+03:00,18:00,687.23,0.0,0,-687.23,-112.88
2026-03-25T19:00:00+03:00,19:00,0.0,0.0,0,0.0,1011.0
2026-03-25T20:00:00+03:00,20:00,28.42,0.0,0,-28.42,591.75
2026-03-25T21:00:00+03:00,21:00,14.67,0.0,0,-14.32,352.51
2026-03-25T22:00:00+03:00,22:00,44.0,0.0,0,-43.01,187.37
2026-03-25T23:00:00+03:00,23:00,111.13,0.0,0,-109.7,-109.7
2026-03-26T00:00:00+03:00,00:00,217.17,0.0,0,-207.37,-184.62
2026-03-26T01:00:00+03:00,01:00,153.0,0.0,0,-150.76,-90.99
2026-03-26T02:00:00+03:00,02:00,54.0,0.0,0,-54.0,-54.0
2026-03-26T03:00:00+03:00,03:00,0.0,0.0,0,0.0,22.5
2026-03-26T04:00:00+03:00,04:00,0.0,0.0,0,0.0,0.0
2026-03-26T05:00:00+03:00,05:00,0.0,0.0,0,0.0,0.0
2026-03-26T06:00:00+03:00,06:00,59.5,0.0,0,-33.59,64.41
2026-03-26T07:00:00+03:00,07:00,1112.7,0.0,0,-795.54,-195.04
2026-03-26T08:00:00+03:00,08:00,860.78,321.8,0,-1182.53,1051.99
2026-03-26T09:00:00+03:00,09:00,351.33,769.77,0,-1092.23,1998.06
2026-03-26T10:00:00+03:00,10:00,2050.68,0.0,0,-1586.24,1021.17
2026-03-26T11:00:00+03:00,11:00,2067.67,0.0,0,-2054.48,1161.35
2026-03-26T12:00:00+03:00,12:00,2197.97,0.0,0,-2191.75,235.83
2026-03-26T13:00:00+03:00,13:00,2215.42,0.0,0,-2213.53,-197.62
2026-03-26T14:00:00+03:00,14:00,2429.83,0.0,0,-2420.45,-378.79
2026-03-26T15:00:00+03:00,15:00,2778.98,0.0,0,-2771.43,-1084.76
2026-03-26T16:00:00+03:00,16:00,2747.33,0.0,0,-2614.67,-1157.54
2026-03-26T17:00:00+03:00,17:00,2725.58,0.0,0,-2201.62,-368.7
2026-03-26T18:00:00+03:00,18:00,1180.62,0.0,0,-1105.86,101.47
2026-03-26T19:00:00+03:00,19:00,38.75,243.02,0,-281.77,842.38
2026-03-26T20:00:00+03:00,20:00,54.25,361.0,0,-412.43,1093.64
2026-03-26T21:00:00+03:00,21:00,42.63,262.0,0,-279.1,1048.62
2026-03-26T22:00:00+03:00,22:00,37.8,262.0,0,-299.5,602.07
2026-03-26T23:00:00+03:00,23:00,149.52,325.67,0,-445.2,702.72
2026-03-27T00:00:00+03:00,00:00,644.48,0.0,0,-551.48,-51.48
2026-03-27T01:00:00+03:00,01:00,236.25,0.0,0,-235.07,171.22
2026-03-27T02:00:00+03:00,02:00,0.0,0.0,0,0.0,711.39
2026-03-27T03:00:00+03:00,03:00,0.0,0.0,0,0.0,746.21
2026-03-27T04:00:00+03:00,04:00,0.0,0.0,0,0.0,481.47
2026-03-27T05:00:00+03:00,05:00,0.0,0.0,0,0.0,488.95
2026-03-27T06:00:00+03:00,06:00,29.33,0.0,0,-29.33,707.52
2026-03-27T07:00:00+03:00,07:00,463.58,0.0,0,-453.25,596.75
2026-03-27T08:00:00+03:00,08:00,1422.73,0.0,0,-1397.39,350.39
2026-03-27T09:00:00+03:00,09:00,2086.15,0.0,0,-2045.82,278.57
2026-03-27T10:00:00+03:00,10:00,3390.67,0.0,0,-3390.38,-463.55
2026-03-27T11:00:00+03:00,11:00,3430.0,0.0,0,-3391.86,-1397.95
2026-03-27T12:00:00+03:00,12:00,3445.75,0.0,0,-3399.03,-1789.34
2026-03-27T13:00:00+03:00,13:00,4754.15,0.0,0,-4727.78,-3134.45
2026-03-27T14:00:00+03:00,14:00,3098.4,0.0,0,-3097.4,-1888.29
2026-03-27T15:00:00+03:00,15:00,3459.42,0.0,0,-3458.3,-1479.5
2026-03-27T16:00:00+03:00,16:00,2868.03,0.0,0,-2829.16,-1379.56
2026-03-27T17:00:00+03:00,17:00,2016.08,0.0,0,-2012.25,-819.84
2026-03-27T18:00:00+03:00,18:00,1775.88,0.0,0,-1719.83,-713.58
2026-03-27T19:00:00+03:00,19:00,29.32,130.33,0,-157.44,847.21
2026-03-27T20:00:00+03:00,20:00,694.72,129.77,0,-492.82,402.78
2026-03-27T21:00:00+03:00,21:00,1479.0,0.0,0,-1366.69,-943.51
2026-03-27T22:00:00+03:00,22:00,1454.3,0.0,0,-1181.02,-1181.02
2026-03-27T23:00:00+03:00,23:00,1367.63,0.0,0,-1245.7,-1245.7
2026-03-28T00:00:00+03:00,00:00,1401.5,0.0,0,-1207.27,-1079.63
2026-03-28T01:00:00+03:00,01:00,1020.25,0.0,0,-895.22,-895.22
2026-03-28T02:00:00+03:00,02:00,494.67,0.0,0,-418.97,-418.97
2026-03-28T03:00:00+03:00,03:00,435.0,0.0,0,-370.74,-370.74
2026-03-28T04:00:00+03:00,04:00,469.0,0.0,0,-403.61,-403.61
2026-03-28T05:00:00+03:00,05:00,436.0,0.0,0,-370.04,-370.04
2026-03-28T06:00:00+03:00,06:00,844.58,0.0,0,-757.23,-640.73
2026-03-28T07:00:00+03:00,07:00,921.52,0.0,0,-880.42,-194.79
2026-03-28T08:00:00+03:00,08:00,1367.25,0.0,0,-1344.94,-344.94
2026-03-28T09:00:00+03:00,09:00,1040.85,0.0,0,-1040.35,661.81
2026-03-28T10:00:00+03:00,10:00,1650.67,0.0,0,-1636.67,1481.91
2026-03-28T11:00:00+03:00,11:00,1883.17,0.0,0,-1878.05,1912.58
2026-03-28T12:00:00+03:00,12:00,2574.0,0.0,0,-2568.35,1579.09
2026-03-28T13:00:00+03:00,13:00,3246.25,0.0,0,-3244.25,950.97
2026-03-28T14:00:00+03:00,14:00,3915.5,0.0,0,-3910.46,323.91
2026-03-28T15:00:00+03:00,15:00,5180.48,0.0,0,-5169.05,-1604.98
2026-03-28T16:00:00+03:00,16:00,4901.22,0.0,0,-4845.03,-1359.98
2026-03-28T17:00:00+03:00,17:00,4451.32,0.0,0,-4190.05,-1051.98
2026-03-28T18:00:00+03:00,18:00,3105.72,0.0,0,-2748.34,-690.76
2026-03-28T19:00:00+03:00,19:00,1169.6,110.25,0,-1194.67,834.79
2026-03-28T20:00:00+03:00,20:00,1595.3,194.65,0,-1166.97,736.35
2026-03-28T21:00:00+03:00,21:00,1684.0,313.33,0,-1697.33,208.56
2026-03-28T22:00:00+03:00,22:00,1499.52,50.83,0,-1422.78,488.27
2026-03-28T23:00:00+03:00,23:00,1284.98,0.0,0,-1268.01,544.02
2026-03-29T00:00:00+03:00,00:00,618.67,0.0,0,-588.12,307.46
2026-03-29T01:00:00+03:00,01:00,2186.95,0.0,0,-1669.62,153.59
2026-03-29T02:00:00+03:00,02:00,1963.33,0.0,0,-1955.13,397.05
2026-03-29T03:00:00+03:00,03:00,1092.0,0.0,0,-1092.0,399.56
2026-03-29T04:00:00+03:00,04:00,1176.5,0.0,0,-1175.9,316.83
2026-03-29T05:00:00+03:00,05:00,1184.0,0.0,0,-1164.19,329.44
2026-03-29T06:00:00+03:00,06:00,1329.83,0.0,0,-1309.13,230.83
2026-03-29T07:00:00+03:00,07:00,1774.92,0.0,0,-1769.82,-341.01
2026-03-29T08:00:00+03:00,08:00,2068.0,0.0,0,-2067.53,-841.33
2026-03-29T09:00:00+03:00,09:00,1718.33,0.0,0,-1718.12,-733.83
2026-03-29T10:00:00+03:00,10:00,1465.75,0.0,0,-1449.38,-525.36
2026-03-29T11:00:00+03:00,11:00,522.82,0.0,0,-502.61,504.35
2026-03-29T12:00:00+03:00,12:00,348.33,0.0,0,-338.05,1052.3
2026-03-29T13:00:00+03:00,13:00,98.97,0.0,0,-98.97,1331.15
2026-03-29T14:00:00+03:00,14:00,378.83,0.0,0,-363.74,1389.91
2026-03-29T15:00:00+03:00,15:00,1225.32,0.0,0,-1173.99,1158.14
2026-03-29T16:00:00+03:00,16:00,1636.35,0.0,0,-1565.85,165.95
2026-03-29T17:00:00+03:00,17:00,2366.67,0.0,0,-2364.67,-693.65
2026-03-29T18:00:00+03:00,18:00,2385.47,0.0,0,-2264.07,-960.19
2026-03-29T19:00:00+03:00,19:00,363.2,0.0,0,-323.96,348.84
2026-03-29T20:00:00+03:00,20:00,31.67,0.0,0,-31.67,609.13
2026-03-29T21:00:00+03:00,21:00,1126.89,0.0,0,-756.48,-228.43
2026-03-29T22:00:00+03:00,22:00,1169.07,0.0,0,-986.05,-829.37
2026-03-29T23:00:00+03:00,23:00,567.1,0.0,0,-558.79,-523.87
2026-03-30T00:00:00+03:00,00:00,87.75,0.0,0,-87.75,-60.15
2026-03-30T01:00:00+03:00,01:00,31.67,0.0,0,-31.67,195.51
2026-03-30T02:00:00+03:00,02:00,0.0,0.0,0,0.0,241.2
2026-03-30T03:00:00+03:00,03:00,0.0,0.0,0,0.0,75.25
2026-03-30T04:00:00+03:00,04:00,241.42,0.0,0,-237.83,-237.83
2026-03-30T05:00:00+03:00,05:00,304.0,0.0,0,-303.59,-301.85
2026-03-30T06:00:00+03:00,06:00,530.32,0.0,0,-514.1,-487.43
2026-03-30T07:00:00+03:00,07:00,1668.58,0.0,0,-1379.16,-639.64
2026-03-30T08:00:00+03:00,08:00,3013.05,0.0,0,-2832.1,-175.53
2026-03-30T09:00:00+03:00,09:00,3610.83,0.0,0,-3550.53,680.27
2026-03-30T10:00:00+03:00,10:00,4022.63,0.0,0,-3971.03,1119.64
2026-03-30T11:00:00+03:00,11:00,4462.58,0.0,0,-4397.73,901.24
2026-03-30T12:00:00+03:00,12:00,3982.08,0.0,0,-3939.88,1134.44
2026-03-30T13:00:00+03:00,13:00,4520.83,0.0,0,-4364.67,642.03
2026-03-30T14:00:00+03:00,14:00,4722.17,0.0,0,-4480.1,786.95
2026-03-30T15:00:00+03:00,15:00,3384.76,0.0,0,-3100.97,909.96
2026-03-30T16:00:00+03:00,16:00,2271.83,471.83,0,-2456.12,1298.57
2026-03-30T17:00:00+03:00,17:00,0.0,1838.0,0,-1836.9,1839.14
2026-03-30T18:00:00+03:00,18:00,35.0,1730.0,0,-1764.54,939.24
2026-03-30T19:00:00+03:00,19:00,63.22,1657.67,0,-1719.05,541.4
2026-03-30T20:00:00+03:00,20:00,36.17,1344.0,0,-1379.78,981.78
2026-03-30T21:00:00+03:00,21:00,391.93,1057.0,0,-1448.45,1226.68
2026-03-30T22:00:00+03:00,22:00,498.0,1025.0,0,-1522.88,945.7
2026-03-30T23:00:00+03:00,23:00,853.83,823.5,0,-1246.4,812.86
2026-03-31T00:00:00+03:00,00:00,1791.0,122.45,0,-1845.28,25.05
2026-03-31T01:00:00+03:00,01:00,1523.33,115.15,0,-1588.52,615.14
2026-03-31T02:00:00+03:00,02:00,1168.0,0.0,0,-1144.03,322.61
2026-03-31T03:00:00+03:00,03:00,139.5,0.0,0,-138.58,-81.24
2026-03-31T04:00:00+03:00,04:00,0.0,0.0,0,0.0,217.73
2026-03-31T05:00:00+03:00,05:00,0.0,0.0,0,0.0,493.46
2026-03-31T06:00:00+03:00,06:00,385.2,0.0,0,-300.37,497.59
2026-03-31T07:00:00+03:00,07:00,1453.67,0.0,0,-1379.29,-490.29
2026-03-31T08:00:00+03:00,08:00,2604.07,0.0,0,-2570.93,684.88
2026-03-31T09:00:00+03:00,09:00,4020.58,0.0,0,-3968.02,-233.44
2026-03-31T10:00:00+03:00,10:00,4486.17,0.0,0,-4484.87,-1201.51
2026-03-31T11:00:00+03:00,11:00,4348.08,0.0,0,-4345.63,-279.89
2026-03-31T12:00:00+03:00,12:00,5557.42,0.0,0,-5171.37,-1155.35
2026-03-31T13:00:00+03:00,13:00,5041.13,0.0,0,-4780.2,-912.2
2026-03-31T14:00:00+03:00,14:00,3677.62,0.0,0,-3644.09,-342.72
2026-03-31T15:00:00+03:00,15:00,3835.5,0.0,0,-3814.46,-549.32
2026-03-31T16:00:00+03:00,16:00,3225.6,0.0,0,-3086.53,390.35
2026-03-31T17:00:00+03:00,17:00,3632.33,0.0,0,-3304.72,559.32
2026-03-31T18:00:00+03:00,18:00,4036.92,0.0,0,-3659.0,-217.18
2026-03-31T19:00:00+03:00,19:00,2217.62,24.5,0,-1962.65,-327.65
2026-03-31T20:00:00+03:00,20:00,1423.98,71.05,0,-1289.72,345.28
2026-03-31T21:00:00+03:00,21:00,2442.67,0.0,0,-2100.11,16.56
2026-03-31T22:00:00+03:00,22:00,2235.0,0.0,0,-1955.69,-160.69
2026-03-31T23:00:00+03:00,23:00,1536.17,0.0,0,-1270.17,321.42
2026-04-01T00:00:00+03:00,00:00,2032.63,0.0,0,-2031.76,-765.42
2026-04-01T01:00:00+03:00,01:00,1460.07,0.0,0,-1414.83,-281.83
2026-04-01T02:00:00+03:00,02:00,1096.0,0.0,0,-1093.49,-1093.49
2026-04-01T03:00:00+03:00,03:00,696.0,0.0,0,-693.66,-601.66
2026-04-01T04:00:00+03:00,04:00,708.5,0.0,0,-708.5,-708.5
2026-04-01T05:00:00+03:00,05:00,849.0,0.0,0,-831.08,-408.08
2026-04-01T06:00:00+03:00,06:00,1040.08,0.0,0,-1038.58,-165.33
2026-04-01T07:00:00+03:00,07:00,1909.65,0.0,0,-1900.29,71.51
2026-04-01T08:00:00+03:00,08:00,4112.43,0.0,0,-3923.09,-618.1
2026-04-01T09:00:00+03:00,09:00,6583.6,0.0,0,-6366.14,-2488.39
2026-04-01T10:00:00+03:00,10:00,6462.15,0.0,0,-6110.85,-2800.27
2026-04-01T11:00:00+03:00,11:00,6335.33,0.0,0,-6142.24,-2204.08
2026-04-01T12:00:00+03:00,12:00,5020.78,0.0,0,-4763.06,-922.17
2026-04-01T13:00:00+03:00,13:00,3542.58,0.0,0,-3461.02,85.67
2026-04-01T14:00:00+03:00,14:00,2532.42,0.0,0,-2529.39,907.94
2026-04-01T15:00:00+03:00,15:00,2375.3,0.0,0,-2373.57,894.87
2026-04-01T16:00:00+03:00,16:00,1841.0,0.0,0,-1840.01,1133.22
2026-04-01T17:00:00+03:00,17:00,2190.65,0.0,0,-2175.63,371.53
2026-04-01T18:00:00+03:00,18:00,2270.67,0.0,0,-2232.13,-1192.61
2026-04-01T19:00:00+03:00,19:00,510.37,71.05,0,-568.24,-568.24
2026-04-01T20:00:00+03:00,20:00,484.85,93.1,0,-390.0,-390.0
2026-04-01T21:00:00+03:00,21:00,1061.0,0.0,0,-937.8,-937.8
2026-04-01T22:00:00+03:00,22:00,608.62,0.0,0,-607.96,-607.96
2026-04-01T23:00:00+03:00,23:00,350.98,0.0,0,-350.98,-350.98
2026-04-02T00:00:00+03:00,00:00,271.55,0.0,0,-271.55,-233.05
2026-04-02T01:00:00+03:00,01:00,174.05,0.0,0,-145.79,-117.63
2026-04-02T02:00:00+03:00,02:00,315.5,0.0,0,-315.5,-315.5
2026-04-02T03:00:00+03:00,03:00,675.97,0.0,0,-673.64,-673.64
2026-04-02T04:00:00+03:00,04:00,1282.92,0.0,0,-1282.81,-1282.81
2026-04-02T05:00:00+03:00,05:00,1238.0,0.0,0,-1237.73,-1237.73
2026-04-02T06:00:00+03:00,06:00,1278.0,0.0,0,-1277.77,-1162.85
2026-04-02T07:00:00+03:00,07:00,1519.0,0.0,0,-1518.95,-1518.95
2026-04-02T08:00:00+03:00,08:00,2787.38,0.0,0,-2721.62,-1209.62
2026-04-02T09:00:00+03:00,09:00,2022.43,0.0,0,-2009.81,-311.81
2026-04-02T10:00:00+03:00,10:00,2187.0,0.0,0,-2146.57,-447.57
2026-04-02T11:00:00+03:00,11:00,1323.8,47.75,0,-1305.46,541.54
2026-04-02T12:00:00+03:00,12:00,1251.55,0.0,0,-1215.71,481.29
2026-04-02T13:00:00+03:00,13:00,2436.75,0.0,0,-2327.14,-409.14
2026-04-02T14:00:00+03:00,14:00,3075.03,0.0,0,-3072.26,-894.26
2026-04-02T15:00:00+03:00,15:00,3608.03,0.0,0,-3603.98,-1845.98
2026-04-02T16:00:00+03:00,16:00,3307.77,0.0,0,-3304.15,-1792.15
2026-04-02T17:00:00+03:00,17:00,3121.38,0.0,0,-3120.99,-1517.93
2026-04-02T18:00:00+03:00,18:00,1822.17,0.0,0,-1787.68,-594.68
2026-04-02T19:00:00+03:00,19:00,1097.48,109.52,0,-1035.85,269.34
2026-04-02T20:00:00+03:00,20:00,210.52,624.0,0,-821.89,555.88
2026-04-02T21:00:00+03:00,21:00,69.67,657.45,0,-725.54,398.46
2026-04-02T22:00:00+03:00,22:00,129.6,694.75,0,-820.39,348.61
2026-04-02T23:00:00+03:00,23:00,541.62,199.58,0,-680.2,410.3
2026-04-03T00:00:00+03:00,00:00,430.57,0.0,0,-426.66,431.58
2026-04-03T01:00:00+03:00,01:00,221.17,0.0,0,-221.17,454.18
2026-04-03T02:00:00+03:00,02:00,427.55,0.0,0,-422.63,-418.68
2026-04-03T03:00:00+03:00,03:00,729.75,0.0,0,-729.13,-729.13
2026-04-03T04:00:00+03:00,04:00,627.0,0.0,0,-627.0,-627.0
2026-04-03T05:00:00+03:00,05:00,306.0,0.0,0,-306.0,-267.67
2026-04-03T06:00:00+03:00,06:00,109.08,0.0,0,-108.52,297.53
2026-04-03T07:00:00+03:00,07:00,83.62,0.0,0,-83.62,274.34
2026-04-03T08:00:00+03:00,08:00,16.7,0.0,0,-16.7,1833.8
2026-04-03T09:00:00+03:00,09:00,510.35,0.0,0,-500.38,1825.15
2026-04-03T10:00:00+03:00,10:00,1302.25,0.0,0,-1296.52,791.48
2026-04-03T11:00:00+03:00,11:00,1279.23,0.0,0,-1269.0,884.33
2026-04-03T12:00:00+03:00,12:00,945.13,0.0,0,-900.26,1162.41
2026-04-03T13:00:00+03:00,13:00,2345.33,0.0,0,-2040.52,-369.79
2026-04-03T14:00:00+03:00,14:00,1356.9,0.0,0,-1292.18,551.48
2026-04-03T15:00:00+03:00,15:00,1682.25,0.0,0,-1680.75,317.25
2026-04-03T16:00:00+03:00,16:00,1843.17,0.0,0,-1832.47,525.29
2026-04-03T17:00:00+03:00,17:00,2155.85,0.0,0,-2147.55,-224.82
2026-04-03T18:00:00+03:00,18:00,1179.58,0.0,0,-1174.13,306.87
2026-04-03T19:00:00+03:00,19:00,158.0,309.65,0,-467.65,527.68
2026-04-03T20:00:00+03:00,20:00,0.0,469.5,0,-469.15,494.98
2026-04-03T21:00:00+03:00,21:00,0.0,520.83,0,-519.88,378.31
2026-04-03T22:00:00+03:00,22:00,0.0,750.0,0,-749.53,-43.17
2026-04-03T23:00:00+03:00,23:00,137.77,333.83,0,-471.26,28.74
2026-04-04T00:00:00+03:00,00:00,300.78,0.0,0,-298.23,-108.34
2026-04-04T01:00:00+03:00,01:00,279.75,0.0,0,-279.75,-205.0
2026-04-04T02:00:00+03:00,02:00,152.0,0.0,0,-152.0,-54.97
2026-04-04T03:00:00+03:00,03:00,136.0,0.0,0,-135.91,-113.91
2026-04-04T04:00:00+03:00,04:00,18.27,0.0,0,-18.27,133.41
2026-04-04T05:00:00+03:00,05:00,0.0,0.0,0,0.0,451.04
2026-04-04T06:00:00+03:00,06:00,308.82,0.0,0,-278.56,190.61
2026-04-04T07:00:00+03:00,07:00,1558.15,0.0,0,-1550.34,-713.59
2026-04-04T08:00:00+03:00,08:00,2050.42,0.0,0,-2049.81,-640.81
2026-04-04T09:00:00+03:00,09:00,2335.83,0.0,0,-2335.43,-197.32
2026-04-04T10:00:00+03:00,10:00,3257.67,0.0,0,-3254.27,-600.97
2026-04-04T11:00:00+03:00,11:00,3728.25,0.0,0,-3725.44,-124.43
2026-04-04T12:00:00+03:00,12:00,4000.4,0.0,0,-3999.61,-1001.0
2026-04-04T13:00:00+03:00,13:00,3802.67,0.0,0,-3798.56,-1408.27
2026-04-04T14:00:00+03:00,14:00,3819.8,0.0,0,-3817.15,-1418.68
2026-04-04T15:00:00+03:00,15:00,4102.0,0.0,0,-4084.27,-1676.04
2026-04-04T16:00:00+03:00,16:00,4682.63,0.0,0,-4568.61,-2169.86
2026-04-04T17:00:00+03:00,17:00,5213.98,0.0,0,-5020.97,-2686.1
2026-04-04T18:00:00+03:00,18:00,3027.08,0.0,0,-2673.48,-204.92
2026-04-04T19:00:00+03:00,19:00,1357.52,134.02,0,-1352.86,336.59
2026-04-04T20:00:00+03:00,20:00,158.22,395.33,0,-522.68,1518.78
2026-04-04T21:00:00+03:00,21:00,446.97,269.25,0,-644.37,789.32
2026-04-04T22:00:00+03:00,22:00,664.5,377.47,0,-833.23,247.12
2026-04-04T23:00:00+03:00,23:00,462.83,332.17,0,-782.38,64.71
2026-04-05T00:00:00+03:00,00:00,498.5,0.0,0,-492.46,-366.64
2026-04-05T01:00:00+03:00,01:00,319.25,0.0,0,-319.25,681.22
2026-04-05T02:00:00+03:00,02:00,44.15,0.0,0,-44.15,330.25
2026-04-05T03:00:00+03:00,03:00,0.0,0.0,0,0.0,243.62
2026-04-05T04:00:00+03:00,04:00,0.0,0.0,0,0.0,124.94
2026-04-05T05:00:00+03:00,05:00,2.13,0.0,0,-2.13,-2.13
2026-04-05T06:00:00+03:00,06:00,389.65,0.0,0,-382.32,-52.89
2026-04-05T07:00:00+03:00,07:00,837.2,0.0,0,-813.68,-813.68
2026-04-05T08:00:00+03:00,08:00,2506.93,0.0,0,-2227.65,-2227.65
2026-04-05T09:00:00+03:00,09:00,3875.58,0.0,0,-3512.9,-3512.9
2026-04-05T10:00:00+03:00,10:00,4633.73,0.0,0,-4250.22,-4250.22
2026-04-05T11:00:00+03:00,11:00,5049.45,0.0,0,-4667.33,-4667.33
2026-04-05T12:00:00+03:00,12:00,5295.57,0.0,0,-4914.26,-4914.26
2026-04-05T13:00:00+03:00,13:00,4949.02,0.0,0,-4635.86,-4635.86
2026-04-05T14:00:00+03:00,14:00,4945.42,0.0,0,-4942.14,-4942.14
2026-04-05T15:00:00+03:00,15:00,4221.55,0.0,0,-4212.97,-4212.97
2026-04-05T16:00:00+03:00,16:00,4254.82,0.0,0,-4253.19,-4253.19
2026-04-05T17:00:00+03:00,17:00,1908.55,0.0,0,-1907.69,-1896.28
2026-04-05T18:00:00+03:00,18:00,1196.5,0.0,0,-1193.1,-1176.65
2026-04-05T19:00:00+03:00,19:00,464.15,92.4,0,-448.85,-168.82
2026-04-05T20:00:00+03:00,20:00,119.63,257.0,0,-332.43,414.79
2026-04-05T21:00:00+03:00,21:00,920.33,137.77,0,-936.32,-936.32
2026-04-05T22:00:00+03:00,22:00,247.2,0.0,0,-246.48,-197.39
2026-04-05T23:00:00+03:00,23:00,135.02,0.0,0,-105.07,-105.07
2026-04-06T00:00:00+03:00,00:00,309.63,0.0,0,-309.63,-125.57
2026-04-06T01:00:00+03:00,01:00,322.75,0.0,0,-320.94,-206.35
2026-04-06T02:00:00+03:00,02:00,532.25,0.0,0,-532.22,-532.22
2026-04-06T03:00:00+03:00,03:00,498.0,0.0,0,-497.94,-497.94
2026-04-06T04:00:00+03:00,04:00,591.58,0.0,0,-591.21,-591.21
2026-04-06T05:00:00+03:00,05:00,330.17,0.0,0,-330.17,-330.17
2026-04-06T06:00:00+03:00,06:00,286.5,0.0,0,-283.67,-283.67
2026-04-06T07:00:00+03:00,07:00,1149.53,0.0,0,-1065.21,-307.59
2026-04-06T08:00:00+03:00,08:00,3509.58,0.0,0,-3506.12,-483.94
2026-04-06T09:00:00+03:00,09:00,4606.97,0.0,0,-4606.92,-1497.84
2026-04-06T10:00:00+03:00,10:00,5249.0,0.0,0,-5245.61,-2755.61
2026-04-06T11:00:00+03:00,11:00,4731.92,0.0,0,-4730.43,-2240.43
2026-04-06T12:00:00+03:00,12:00,4741.88,0.0,0,-4686.26,-2196.26
2026-04-06T13:00:00+03:00,13:00,4154.35,0.0,0,-4153.06,-1603.06
2026-04-06T14:00:00+03:00,14:00,3607.0,0.0,0,-3602.23,-881.23
2026-04-06T15:00:00+03:00,15:00,3630.5,0.0,0,-3626.94,-1076.94
2026-04-06T16:00:00+03:00,16:00,4233.35,0.0,0,-4108.34,-1538.34
2026-04-06T17:00:00+03:00,17:00,4688.85,0.0,0,-4321.6,-1731.6
2026-04-06T18:00:00+03:00,18:00,3869.12,0.0,0,-3421.46,-1071.46
2026-04-06T19:00:00+03:00,19:00,2376.28,225.03,0,-2323.61,-542.86
2026-04-06T20:00:00+03:00,20:00,590.85,658.05,0,-1212.57,562.13
2026-04-06T21:00:00+03:00,21:00,1400.8,310.2,0,-1495.84,564.83
2026-04-06T22:00:00+03:00,22:00,1605.92,210.6,0,-1692.86,-42.7
2026-04-06T23:00:00+03:00,23:00,1599.4,195.5,0,-1648.36,-488.19
2026-04-07T00:00:00+03:00,00:00,1176.04,215.85,0,-1311.89,-1311.89
2026-04-07T01:00:00+03:00,01:00,171.75,190.4,0,-362.15,10.44
2026-04-07T02:00:00+03:00,02:00,110.25,0.0,0,-110.25,302.69
2026-04-07T03:00:00+03:00,03:00,0.0,0.0,0,0.0,0.0
2026-04-07T04:00:00+03:00,04:00,0.0,0.0,0,0.0,216.99
2026-04-07T05:00:00+03:00,05:00,0.0,0.0,0,0.0,202.48
2026-04-07T06:00:00+03:00,06:00,161.09,0.0,0,-121.66,49.41
2026-04-07T07:00:00+03:00,07:00,722.28,0.0,0,-720.83,-143.61
2026-04-07T08:00:00+03:00,08:00,2580.63,0.0,0,-2490.63,-16.18
2026-04-07T09:00:00+03:00,09:00,3781.27,0.0,0,-3676.91,94.19
2026-04-07T10:00:00+03:00,10:00,4050.0,0.0,0,-4010.77,-741.42
2026-04-07T11:00:00+03:00,11:00,3746.75,0.0,0,-3741.84,-630.84
2026-04-07T12:00:00+03:00,12:00,3529.37,0.0,0,-3529.07,-652.57
2026-04-07T13:00:00+03:00,13:00,3061.1,0.0,0,-3058.77,-590.77
2026-04-07T14:00:00+03:00,14:00,2734.52,0.0,0,-2728.93,-65.01
2026-04-07T15:00:00+03:00,15:00,3669.33,0.0,0,-3668.84,-964.84
2026-04-07T16:00:00+03:00,16:00,4582.75,0.0,0,-4580.01,-1878.01
2026-04-07T17:00:00+03:00,17:00,4599.0,0.0,0,-4332.05,-1757.05
2026-04-07T18:00:00+03:00,18:00,3524.47,0.0,0,-3342.28,-724.76
2026-04-07T19:00:00+03:00,19:00,2380.78,105.15,0,-2212.01,-51.55
2026-04-07T20:00:00+03:00,20:00,1715.67,343.17,0,-1804.84,385.54
2026-04-07T21:00:00+03:00,21:00,1915.23,167.17,0,-1992.1,65.52
2026-04-07T22:00:00+03:00,22:00,2069.92,34.3,0,-1891.92,2.75
2026-04-07T23:00:00+03:00,23:00,1301.55,0.0,0,-1157.81,-339.26
2026-04-08T00:00:00+03:00,00:00,1220.75,0.0,0,-1176.54,-1176.54
2026-04-08T01:00:00+03:00,01:00,687.93,0.0,0,-687.55,-687.55
2026-04-08T02:00:00+03:00,02:00,94.67,0.0,0,-94.67,-94.67
2026-04-08T03:00:00+03:00,03:00,262.0,0.0,0,-251.0,-251.0
2026-04-08T04:00:00+03:00,04:00,427.53,0.0,0,-414.64,-414.64
2026-04-08T05:00:00+03:00,05:00,453.0,0.0,0,-441.76,-441.76
2026-04-08T06:00:00+03:00,06:00,292.5,0.0,0,-269.06,-269.06
2026-04-08T07:00:00+03:00,07:00,769.83,0.0,0,-764.32,-398.82
2026-04-08T08:00:00+03:00,08:00,1145.0,0.0,0,-1143.51,665.36
2026-04-08T09:00:00+03:00,09:00,1731.73,0.0,0,-1729.32,1482.72
2026-04-08T10:00:00+03:00,10:00,2108.68,0.0,0,-2090.82,1490.89
2026-04-08T11:00:00+03:00,11:00,2092.0,0.0,0,-2088.63,902.53
2026-04-08T12:00:00+03:00,12:00,1867.0,0.0,0,-1861.84,176.16
2026-04-08T13:00:00+03:00,13:00,1900.0,0.0,0,-1895.89,144.11
2026-04-08T14:00:00+03:00,14:00,943.3,0.0,0,-929.1,1307.4
2026-04-08T15:00:00+03:00,15:00,1208.93,0.0,0,-1204.01,932.99
2026-04-08T16:00:00+03:00,16:00,1555.5,0.0,0,-1555.5,762.1
2026-04-08T17:00:00+03:00,17:00,2760.03,0.0,0,-2758.21,-39.74
2026-04-08T18:00:00+03:00,18:00,2675.12,0.0,0,-2583.87,-624.52
2026-04-08T19:00:00+03:00,19:00,2439.5,0.0,0,-2216.5,-912.25
2026-04-08T20:00:00+03:00,20:00,2269.0,0.0,0,-1907.73,-960.73
2026-04-08T21:00:00+03:00,21:00,2321.33,0.0,0,-2021.15,-1102.65
2026-04-08T22:00:00+03:00,22:00,2051.83,0.0,0,-1862.09,-812.8
2026-04-08T23:00:00+03:00,23:00,1171.58,0.0,0,-1129.67,-268.95
2026-04-09T00:00:00+03:00,00:00,1405.25,0.0,0,-1402.36,-917.26
2026-04-09T01:00:00+03:00,01:00,604.08,0.0,0,-601.08,-155.53
2026-04-09T02:00:00+03:00,02:00,587.0,0.0,0,-583.0,-430.32
2026-04-09T03:00:00+03:00,03:00,397.0,0.0,0,-397.0,-377.5
2026-04-09T04:00:00+03:00,04:00,215.55,0.0,0,-211.43,-137.64
2026-04-09T05:00:00+03:00,05:00,0.0,377.0,0,-376.94,268.0
2026-04-09T06:00:00+03:00,06:00,62.97,698.58,0,-760.5,348.54
2026-04-09T07:00:00+03:00,07:00,206.62,820.0,0,-1021.11,260.17
2026-04-09T08:00:00+03:00,08:00,1850.83,359.0,0,-2195.4,1712.2
2026-04-09T09:00:00+03:00,09:00,2826.08,0.0,0,-2815.34,1270.28
2026-04-09T10:00:00+03:00,10:00,3708.75,0.0,0,-3701.39,414.5
2026-04-09T11:00:00+03:00,11:00,4325.33,0.0,0,-4323.28,543.29
2026-04-09T12:00:00+03:00,12:00,4714.58,0.0,0,-4706.24,-554.36
2026-04-09T13:00:00+03:00,13:00,3622.92,0.0,0,-3618.33,528.7
2026-04-09T14:00:00+03:00,14:00,2954.75,0.0,0,-2950.56,1888.59
2026-04-09T15:00:00+03:00,15:00,3590.38,0.0,0,-3490.83,879.0
2026-04-09T16:00:00+03:00,16:00,3363.33,0.0,0,-3183.95,1320.39
2026-04-09T17:00:00+03:00,17:00,2590.0,0.0,0,-2269.7,860.09
2026-04-09T18:00:00+03:00,18:00,1104.1,162.63,0,-1130.89,1772.62
2026-04-09T19:00:00+03:00,19:00,116.0,342.5,0,-458.0,678.0
2026-04-09T20:00:00+03:00,20:00,46.5,384.67,0,-430.56,725.26
2026-04-09T21:00:00+03:00,21:00,548.5,574.5,0,-1098.45,558.54
2026-04-09T22:00:00+03:00,22:00,1474.87,507.75,0,-1939.83,1069.62
2026-04-09T23:00:00+03:00,23:00,2476.68,235.75,0,-2505.2,685.48
2026-04-10T00:00:00+03:00,00:00,2742.08,0.0,0,-2493.65,-256.4
2026-04-10T01:00:00+03:00,01:00,1724.25,0.0,0,-1636.38,-759.87
2026-04-10T02:00:00+03:00,02:00,344.57,0.0,0,-338.59,-143.59
2026-04-10T03:00:00+03:00,03:00,0.0,0.0,0,0.0,0.0
2026-04-10T04:00:00+03:00,04:00,0.0,0.0,0,0.0,43.07
2026-04-10T05:00:00+03:00,05:00,52.88,0.0,0,-48.08,301.92
2026-04-10T06:00:00+03:00,06:00,319.6,0.0,0,-180.48,211.02
2026-04-10T07:00:00+03:00,07:00,556.0,0.0,0,-556.0,633.0
2026-04-10T08:00:00+03:00,08:00,2244.43,0.0,0,-2108.55,918.85
2026-04-10T09:00:00+03:00,09:00,3218.25,0.0,0,-3121.25,743.22
2026-04-10T10:00:00+03:00,10:00,3022.0,0.0,0,-3009.28,474.38
2026-04-10T11:00:00+03:00,11:00,2854.17,0.0,0,-2849.45,659.2
2026-04-10T12:00:00+03:00,12:00,3509.42,0.0,0,-3425.33,-102.33
2026-04-10T13:00:00+03:00,13:00,3429.47,0.0,0,-3421.58,-327.58
2026-04-10T14:00:00+03:00,14:00,3856.53,0.0,0,-3838.49,435.52
2026-04-10T15:00:00+03:00,15:00,4382.0,0.0,0,-4336.19,206.36
2026-04-10T16:00:00+03:00,16:00,4849.0,0.0,0,-4683.39,104.79
2026-04-10T17:00:00+03:00,17:00,4212.67,0.0,0,-3938.93,380.28
2026-04-10T18:00:00+03:00,18:00,3332.17,0.0,0,-3025.95,150.45
2026-04-10T19:00:00+03:00,19:00,1099.0,0.0,0,-1093.1,833.59
2026-04-10T20:00:00+03:00,20:00,2158.42,0.0,0,-1871.55,-121.88
2026-04-10T21:00:00+03:00,21:00,2676.67,0.0,0,-2663.63,121.81
2026-04-10T22:00:00+03:00,22:00,2229.8,0.0,0,-2214.16,361.18
2026-04-10T23:00:00+03:00,23:00,2010.23,0.0,0,-1959.27,465.75
2026-04-11T00:00:00+03:00,00:00,2075.62,0.0,0,-1878.72,936.65
2026-04-11T01:00:00+03:00,01:00,1973.83,0.0,0,-1902.96,854.88
2026-04-11T02:00:00+03:00,02:00,1410.5,0.0,0,-1407.0,1158.73
2026-04-11T03:00:00+03:00,03:00,1420.0,0.0,0,-1378.82,553.18
2026-04-11T04:00:00+03:00,04:00,1407.0,0.0,0,-1401.3,919.66
2026-04-11T05:00:00+03:00,05:00,1608.8,0.0,0,-1597.39,553.94
2026-04-11T06:00:00+03:00,06:00,1715.17,0.0,0,-1710.03,247.34
2026-04-11T07:00:00+03:00,07:00,1995.47,0.0,0,-1988.32,75.68
2026-04-11T08:00:00+03:00,08:00,1274.5,0.0,0,-1259.86,1582.14
2026-04-11T09:00:00+03:00,09:00,2086.48,0.0,0,-2042.47,1274.2
2026-04-11T10:00:00+03:00,10:00,2772.62,0.0,0,-2756.1,235.27
2026-04-11T11:00:00+03:00,11:00,2756.05,0.0,0,-2752.26,77.64
2026-04-11T12:00:00+03:00,12:00,3677.42,0.0,0,-3624.07,-970.07
2026-04-11T13:00:00+03:00,13:00,3794.1,0.0,0,-3787.94,-1425.88
2026-04-11T14:00:00+03:00,14:00,2856.3,0.0,0,-2850.99,-800.99
2026-04-11T15:00:00+03:00,15:00,2684.98,0.0,0,-2645.33,-595.33
2026-04-11T16:00:00+03:00,16:00,3529.23,0.0,0,-3322.49,-1272.49
2026-04-11T17:00:00+03:00,17:00,2811.37,0.0,0,-2532.64,-199.94
2026-04-11T18:00:00+03:00,18:00,2159.73,0.0,0,-2039.78,484.35
2026-04-11T19:00:00+03:00,19:00,335.13,60.82,0,-395.67,944.67
2026-04-11T20:00:00+03:00,20:00,20.0,262.0,0,-280.22,1055.52
2026-04-11T21:00:00+03:00,21:00,41.25,262.0,0,-281.42,1676.63
2026-04-11T22:00:00+03:00,22:00,1244.78,262.0,0,-1173.8,1393.1
2026-04-11T23:00:00+03:00,23:00,1829.0,154.2,0,-1864.5,902.15
2026-04-12T00:00:00+03:00,00:00,2231.48,0.0,0,-2181.32,581.88
2026-04-12T01:00:00+03:00,01:00,2222.83,0.0,0,-2144.99,610.33
2026-04-12T02:00:00+03:00,02:00,2175.48,0.0,0,-2153.2,488.59
2026-04-12T03:00:00+03:00,03:00,2104.28,0.0,0,-2093.8,-143.28
2026-04-12T04:00:00+03:00,04:00,1736.75,0.0,0,-1721.34,-124.09
2026-04-12T05:00:00+03:00,05:00,1732.57,0.0,0,-1704.91,167.83
2026-04-12T06:00:00+03:00,06:00,1241.8,0.0,0,-1223.24,579.15
2026-04-12T07:00:00+03:00,07:00,780.67,0.0,0,-759.38,870.28
2026-04-12T08:00:00+03:00,08:00,1620.25,0.0,0,-1618.91,-484.41
2026-04-12T09:00:00+03:00,09:00,2247.75,0.0,0,-2247.68,-1505.68
2026-04-12T10:00:00+03:00,10:00,3682.73,0.0,0,-3611.81,-2990.81
2026-04-12T11:00:00+03:00,11:00,3174.0,0.0,0,-3127.86,-2507.86
2026-04-12T12:00:00+03:00,12:00,3109.08,0.0,0,-3108.82,-2812.52
2026-04-12T13:00:00+03:00,13:00,2473.08,0.0,0,-2472.76,-2472.76
2026-04-12T14:00:00+03:00,14:00,2217.15,0.0,0,-2216.41,-2216.41
2026-04-12T15:00:00+03:00,15:00,3158.0,0.0,0,-3157.2,-2557.2
2026-04-12T16:00:00+03:00,16:00,4091.9,0.0,0,-4089.63,-2539.63
2026-04-12T17:00:00+03:00,17:00,2920.38,0.0,0,-2916.58,-1287.33
2026-04-12T18:00:00+03:00,18:00,2632.32,0.0,0,-2469.44,-919.44
2026-04-12T19:00:00+03:00,19:00,1674.03,50.9,0,-1438.9,600.33
2026-04-12T20:00:00+03:00,20:00,730.0,262.0,0,-981.13,1368.89
2026-04-12T21:00:00+03:00,21:00,1597.0,262.0,0,-1690.81,763.57
2026-04-12T22:00:00+03:00,22:00,1614.6,166.45,0,-1715.32,849.73
2026-04-12T23:00:00+03:00,23:00,1516.13,0.0,0,-1292.61,935.94
2026-04-13T00:00:00+03:00,00:00,1221.15,0.0,0,-1122.15,486.68
2026-04-13T01:00:00+03:00,01:00,840.0,0.0,0,-817.85,492.15
2026-04-13T02:00:00+03:00,02:00,442.92,0.0,0,-435.92,247.62
2026-04-13T03:00:00+03:00,03:00,211.0,0.0,0,-211.0,34.15
2026-04-13T04:00:00+03:00,04:00,0.0,0.0,0,0.0,0.0
2026-04-13T05:00:00+03:00,05:00,0.0,0.0,0,0.0,0.0
2026-04-13T06:00:00+03:00,06:00,340.45,0.0,0,-327.18,200.23
2026-04-13T07:00:00+03:00,07:00,1845.55,0.0,0,-1795.81,-372.81
2026-04-13T08:00:00+03:00,08:00,4331.97,0.0,0,-4228.89,-953.48
2026-04-13T09:00:00+03:00,09:00,4760.9,0.0,0,-4630.2,-593.5
2026-04-13T10:00:00+03:00,10:00,4935.0,0.0,0,-4762.06,-1047.44
2026-04-13T11:00:00+03:00,11:00,4049.72,0.0,0,-3912.22,-582.8
2026-04-13T12:00:00+03:00,12:00,3844.95,0.0,0,-3763.44,-570.44
2026-04-13T13:00:00+03:00,13:00,4182.75,0.0,0,-4097.27,-905.27
2026-04-13T14:00:00+03:00,14:00,4052.0,0.0,0,-4045.29,-853.29
2026-04-13T15:00:00+03:00,15:00,5389.32,0.0,0,-5331.31,-2060.31
2026-04-13T16:00:00+03:00,16:00,4636.45,0.0,0,-4457.4,-1380.67
2026-04-13T17:00:00+03:00,17:00,4187.77,0.0,0,-3889.44,-310.23
2026-04-13T18:00:00+03:00,18:00,3581.37,0.0,0,-3291.99,-176.92
2026-04-13T19:00:00+03:00,19:00,1238.34,51.97,0,-1286.71,880.82
2026-04-13T20:00:00+03:00,20:00,464.0,262.0,0,-725.0,1335.9
2026-04-13T21:00:00+03:00,21:00,707.33,147.0,0,-850.88,1376.24
2026-04-13T22:00:00+03:00,22:00,1836.82,39.2,0,-1508.33,1189.82
2026-04-13T23:00:00+03:00,23:00,1470.07,0.0,0,-1443.18,980.07
2026-04-14T00:00:00+03:00,00:00,1828.52,0.0,0,-1809.89,272.63
2026-04-14T01:00:00+03:00,01:00,1469.93,0.0,0,-1448.83,256.57
2026-04-14T02:00:00+03:00,02:00,560.32,0.0,0,-555.17,558.51
2026-04-14T03:00:00+03:00,03:00,771.63,0.0,0,-574.25,103.62
2026-04-14T04:00:00+03:00,04:00,709.6,0.0,0,-515.44,390.56
2026-04-14T05:00:00+03:00,05:00,261.23,0.0,0,-257.84,279.52
2026-04-14T06:00:00+03:00,06:00,663.43,0.0,0,-529.63,391.27
2026-04-14T07:00:00+03:00,07:00,989.33,0.0,0,-987.11,-69.0
2026-04-14T08:00:00+03:00,08:00,3258.5,0.0,0,-3221.05,394.72
2026-04-14T09:00:00+03:00,09:00,4977.4,0.0,0,-4937.6,-13.98
2026-04-14T10:00:00+03:00,10:00,4380.0,0.0,0,-4375.57,-511.57
2026-04-14T11:00:00+03:00,11:00,4251.48,0.0,0,-4221.62,-156.62
2026-04-14T12:00:00+03:00,12:00,4591.48,0.0,0,-4553.59,-1105.92
2026-04-14T13:00:00+03:00,13:00,4444.58,0.0,0,-4410.4,-1456.54
2026-04-14T14:00:00+03:00,14:00,4386.33,0.0,0,-4344.46,-125.51
2026-04-14T15:00:00+03:00,15:00,5255.59,0.0,0,-5133.79,-796.83
2026-04-14T16:00:00+03:00,16:00,4383.28,0.0,0,-4148.03,260.45
2026-04-14T17:00:00+03:00,17:00,2913.63,23.1,0,-2586.03,1361.97
2026-04-14T18:00:00+03:00,18:00,0.0,1314.02,0,-1312.51,1314.71
2026-04-14T19:00:00+03:00,19:00,0.0,911.33,0,-911.33,425.31
2026-04-14T20:00:00+03:00,20:00,598.8,536.7,0,-1124.53,857.51
2026-04-14T21:00:00+03:00,21:00,1187.35,402.05,0,-1443.79,848.67
2026-04-14T22:00:00+03:00,22:00,2293.15,0.0,0,-2125.3,775.85
2026-04-14T23:00:00+03:00,23:00,1463.5,0.0,0,-1400.31,1251.71
2026-04-15T00:00:00+03:00,00:00,2109.75,0.0,0,-1559.18,1182.54
2026-04-15T01:00:00+03:00,01:00,1402.45,0.0,0,-1390.92,1060.07
2026-04-15T02:00:00+03:00,02:00,1353.0,0.0,0,-1346.87,744.72
2026-04-15T03:00:00+03:00,03:00,839.25,0.0,0,-838.98,404.02
2026-04-15T04:00:00+03:00,04:00,929.45,0.0,0,-823.8,-221.25
2026-04-15T05:00:00+03:00,05:00,514.32,0.0,0,-513.78,-13.78
2026-04-15T06:00:00+03:00,06:00,1001.22,0.0,0,-559.68,43.72
2026-04-15T07:00:00+03:00,07:00,2033.08,0.0,0,-1473.56,-468.74
2026-04-15T08:00:00+03:00,08:00,4019.13,0.0,0,-3708.58,-83.66
2026-04-15T09:00:00+03:00,09:00,4709.28,0.0,0,-4621.72,-69.87
2026-04-15T10:00:00+03:00,10:00,4452.3,0.0,0,-4137.27,309.55
2026-04-15T11:00:00+03:00,11:00,4723.17,0.0,0,-4286.34,401.3
2026-04-15T12:00:00+03:00,12:00,4687.35,0.0,0,-4614.51,-1078.51
2026-04-15T13:00:00+03:00,13:00,4052.6,0.0,0,-3879.92,-185.01
2026-04-15T14:00:00+03:00,14:00,3946.17,0.0,0,-3760.65,287.16
2026-04-15T15:00:00+03:00,15:00,4567.75,0.0,0,-4498.18,-210.6
2026-04-15T16:00:00+03:00,16:00,4653.67,0.0,0,-4406.44,411.1
2026-04-15T17:00:00+03:00,17:00,4797.0,0.0,0,-4205.91,350.13
2026-04-15T18:00:00+03:00,18:00,3782.67,0.0,0,-3039.19,-190.03
2026-04-15T19:00:00+03:00,19:00,2184.23,0.0,0,-2149.18,-485.53
2026-04-15T20:00:00+03:00,20:00,1500.5,0.0,0,-1485.5,14.5
2026-04-15T21:00:00+03:00,21:00,1817.42,0.0,0,-1604.86,308.42
2026-04-15T22:00:00+03:00,22:00,2838.67,0.0,0,-2251.61,-202.39
2026-04-15T23:00:00+03:00,23:00,2803.92,0.0,0,-2395.32,-585.56
2026-04-16T00:00:00+03:00,00:00,2503.0,0.0,0,-2239.55,-1431.55
2026-04-16T01:00:00+03:00,01:00,1089.0,0.0,0,-1029.56,-813.56
2026-04-16T02:00:00+03:00,02:00,561.8,0.0,0,-549.1,-481.6
2026-04-16T03:00:00+03:00,03:00,22.75,0.0,0,-22.75,-22.75
2026-04-16T04:00:00+03:00,04:00,448.88,0.0,0,-445.32,-445.32
2026-04-16T05:00:00+03:00,05:00,515.5,0.0,0,-515.5,-515.5
2026-04-16T06:00:00+03:00,06:00,883.83,0.0,0,-883.04,-883.04
2026-04-16T07:00:00+03:00,07:00,2557.7,0.0,0,-2555.25,-1682.25
2026-04-16T08:00:00+03:00,08:00,3112.33,0.0,0,-3111.45,-577.28
2026-04-16T09:00:00+03:00,09:00,3082.82,0.0,0,-3080.28,-540.1
2026-04-16T10:00:00+03:00,10:00,3060.15,0.0,0,-3055.65,-661.65
2026-04-16T11:00:00+03:00,11:00,2486.23,0.0,0,-2481.73,-171.73
2026-04-16T12:00:00+03:00,12:00,2311.68,0.0,0,-2306.56,3.44
2026-04-16T13:00:00+03:00,13:00,2079.97,0.0,0,-2076.64,233.36
2026-04-16T14:00:00+03:00,14:00,1683.38,0.0,0,-1679.96,783.04
2026-04-16T15:00:00+03:00,15:00,2883.43,0.0,0,-2879.43,-182.1
2026-04-16T16:00:00+03:00,16:00,2664.78,0.0,0,-2662.16,-393.33
2026-04-16T17:00:00+03:00,17:00,2131.42,0.0,0,-2115.47,172.35
2026-04-16T18:00:00+03:00,18:00,2711.73,0.0,0,-2637.35,-454.03
2026-04-16T19:00:00+03:00,19:00,2177.27,0.0,0,-2012.62,-136.22
2026-04-16T20:00:00+03:00,20:00,1478.93,0.0,0,-1405.46,324.54
2026-04-16T21:00:00+03:00,21:00,1729.0,0.0,0,-1426.18,-8.18
2026-04-16T22:00:00+03:00,22:00,936.0,0.0,0,-832.0,-174.5
2026-04-16T23:00:00+03:00,23:00,861.85,0.0,0,-755.85,-233.55
2026-04-17T00:00:00+03:00,00:00,1249.77,0.0,0,-1044.56,-1044.56
2026-04-17T01:00:00+03:00,01:00,864.92,0.0,0,-797.15,-725.15
2026-04-17T02:00:00+03:00,02:00,565.0,0.0,0,-532.0,-532.0
2026-04-17T03:00:00+03:00,03:00,439.0,0.0,0,-412.8,-412.8
2026-04-17T04:00:00+03:00,04:00,439.0,0.0,0,-419.9,-419.9
2026-04-17T05:00:00+03:00,05:00,444.0,0.0,0,-433.5,-433.5
2026-04-17T06:00:00+03:00,06:00,0.0,0.0,0,0.0,0.0
2026-04-17T07:00:00+03:00,07:00,0.0,0.0,0,0.0,0.0
2026-04-17T08:00:00+03:00,08:00,0.0,0.0,0,0.0,0.0
2026-04-17T09:00:00+03:00,09:00,0.0,0.0,0,0.0,0.0
2026-04-17T10:00:00+03:00,10:00,0.0,0.0,0,0.0,0.0
2026-04-17T11:00:00+03:00,11:00,0.0,0.0,0,0.0,0.0
2026-04-17T12:00:00+03:00,12:00,0.0,0.0,0,0.0,0.0
2026-04-17T13:00:00+03:00,13:00,0.0,0.0,0,0.0,0.0
2026-04-17T14:00:00+03:00,14:00,0.0,0.0,0,0.0,0.0
2026-04-17T15:00:00+03:00,15:00,0.0,0.0,0,0.0,0.0
2026-04-17T16:00:00+03:00,16:00,0.0,0.0,0,0.0,0.0
2026-04-17T17:00:00+03:00,17:00,0.0,0.0,0,0.0,0.0
2026-04-17T18:00:00+03:00,18:00,0.0,0.0,0,0.0,0.0
2026-04-17T19:00:00+03:00,19:00,0.0,0.0,0,0.0,0.0
2026-04-17T20:00:00+03:00,20:00,0.0,0.0,0,0.0,0.0
2026-04-17T21:00:00+03:00,21:00,0.0,0.0,0,0.0,0.0
2026-04-17T22:00:00+03:00,22:00,0.0,0.0,0,0.0,0.0
2026-04-17T23:00:00+03:00,23:00,0.0,0.0,0,0.0,0.0
2026-04-19T00:00:00+03:00,00:00,1109.5,0.0,0,-1105.5,-385.48
2026-04-19T01:00:00+03:00,01:00,793.9,0.0,0,-774.16,-274.16
2026-04-19T02:00:00+03:00,02:00,638.0,0.0,0,-634.0,-202.52
2026-04-19T03:00:00+03:00,03:00,327.0,0.0,0,-327.0,-305.67
2026-04-19T04:00:00+03:00,04:00,337.0,0.0,0,-337.0,-337.0
2026-04-19T05:00:00+03:00,05:00,217.55,0.0,0,-217.55,-103.05
2026-04-19T06:00:00+03:00,06:00,121.0,0.0,0,-121.0,68.3
2026-04-19T07:00:00+03:00,07:00,22.17,0.0,0,-22.17,-22.17
2026-04-19T08:00:00+03:00,08:00,0.0,0.0,0,0.0,546.3
2026-04-19T09:00:00+03:00,09:00,0.0,0.0,0,0.0,240.82
2026-04-19T10:00:00+03:00,10:00,0.0,0.0,0,0.0,288.06
2026-04-19T11:00:00+03:00,11:00,0.0,0.0,0,0.0,282.95
2026-04-19T12:00:00+03:00,12:00,0.0,0.0,0,0.0,297.61
2026-04-19T13:00:00+03:00,13:00,0.0,0.0,0,0.0,666.54
2026-04-19T14:00:00+03:00,14:00,0.0,0.0,0,0.0,463.7
2026-04-19T15:00:00+03:00,15:00,501.55,0.0,0,-499.75,-234.13
2026-04-19T16:00:00+03:00,16:00,608.65,0.0,0,-606.85,-97.81
2026-04-19T17:00:00+03:00,17:00,1073.0,0.0,0,-1073.0,-63.39
2026-04-19T18:00:00+03:00,18:00,1364.73,0.0,0,-1352.41,-153.79
2026-04-19T19:00:00+03:00,19:00,1903.67,0.0,0,-1851.2,-105.79
2026-04-19T20:00:00+03:00,20:00,1262.57,490.25,0,-1657.5,128.55
2026-04-19T21:00:00+03:00,21:00,1841.6,0.0,0,-1760.41,187.23
2026-04-19T22:00:00+03:00,22:00,1481.98,0.0,0,-1397.88,528.12
2026-04-19T23:00:00+03:00,23:00,1861.23,0.0,0,-1771.83,74.39
2026-04-20T00:00:00+03:00,00:00,1417.0,0.0,0,-1350.7,389.79
2026-04-20T01:00:00+03:00,01:00,1285.17,200.0,0,-1402.37,278.78
2026-04-20T02:00:00+03:00,02:00,969.0,200.0,0,-1168.0,26.32
2026-04-20T03:00:00+03:00,03:00,722.0,200.0,0,-922.0,-53.67
2026-04-20T04:00:00+03:00,04:00,725.9,123.33,0,-849.23,-49.23
2026-04-20T05:00:00+03:00,05:00,735.0,0.0,0,-735.0,65.0
2026-04-20T06:00:00+03:00,06:00,692.0,0.0,0,-692.0,149.95
2026-04-20T07:00:00+03:00,07:00,1269.02,0.0,0,-1254.81,-249.48
2026-04-20T08:00:00+03:00,08:00,3628.33,0.0,0,-3597.33,-117.13
2026-04-20T09:00:00+03:00,09:00,4359.62,0.0,0,-4061.78,-307.48
2026-04-20T10:00:00+03:00,10:00,5035.95,0.0,0,-5030.34,-1842.34
2026-04-20T11:00:00+03:00,11:00,4488.33,0.0,0,-4479.69,-1289.19
2026-04-20T12:00:00+03:00,12:00,3874.58,0.0,0,-3868.44,-989.84
2026-04-20T13:00:00+03:00,13:00,3522.52,0.0,0,-3516.52,-804.52
2026-04-20T14:00:00+03:00,14:00,2668.3,0.0,0,-2657.93,12.07
2026-04-20T15:00:00+03:00,15:00,3187.67,0.0,0,-3168.17,-466.17
2026-04-20T16:00:00+03:00,16:00,3452.13,0.0,0,-3373.05,-474.17
2026-04-20T17:00:00+03:00,17:00,3978.35,0.0,0,-3826.57,-1106.54
2026-04-20T18:00:00+03:00,18:00,4360.2,0.0,0,-3882.65,-1225.61
2026-04-20T19:00:00+03:00,19:00,3354.1,0.0,0,-2941.16,-495.06
2026-04-20T20:00:00+03:00,20:00,2287.95,0.0,0,-2198.52,298.94
2026-04-20T21:00:00+03:00,21:00,2431.13,0.0,0,-2354.39,264.57
2026-04-20T22:00:00+03:00,22:00,3338.42,0.0,0,-2943.45,267.94
2026-04-20T23:00:00+03:00,23:00,3268.43,0.0,0,-2932.36,534.49
2026-04-21T00:00:00+03:00,00:00,2855.12,0.0,0,-2674.74,355.07
2026-04-21T01:00:00+03:00,01:00,2598.4,0.0,0,-2546.25,407.09
2026-04-21T02:00:00+03:00,02:00,1828.67,0.0,0,-1820.04,215.13
2026-04-21T03:00:00+03:00,03:00,1862.0,0.0,0,-1842.04,35.96
2026-04-21T04:00:00+03:00,04:00,1846.0,0.0,0,-1826.04,110.96
2026-04-21T05:00:00+03:00,05:00,1675.58,0.0,0,-1671.18,417.19
2026-04-21T06:00:00+03:00,06:00,2473.43,0.0,0,-2364.14,-182.47
2026-04-21T07:00:00+03:00,07:00,3123.42,0.0,0,-3097.94,-690.75
2026-04-21T08:00:00+03:00,08:00,4982.43,0.0,0,-4881.93,-1055.61
2026-04-21T09:00:00+03:00,09:00,5907.32,0.0,0,-5791.54,-1461.74
2026-04-21T10:00:00+03:00,10:00,5258.0,0.0,0,-5147.8,-1693.8
2026-04-21T11:00:00+03:00,11:00,4853.0,0.0,0,-4745.0,-1184.43
2026-04-21T12:00:00+03:00,12:00,5958.0,0.0,0,-5847.71,-2814.91
2026-04-21T13:00:00+03:00,13:00,5772.33,0.0,0,-5600.58,-2624.58
2026-04-21T14:00:00+03:00,14:00,4382.53,0.0,0,-4306.28,-1183.0
2026-04-21T15:00:00+03:00,15:00,5339.0,0.0,0,-5336.3,-1774.3
2026-04-21T16:00:00+03:00,16:00,5820.48,0.0,0,-5808.5,-2426.97
2026-04-21T17:00:00+03:00,17:00,5525.58,0.0,0,-5478.86,-2373.89
2026-04-21T18:00:00+03:00,18:00,3727.35,0.0,0,-3647.44,-1110.44
2026-04-21T19:00:00+03:00,19:00,3155.6,0.0,0,-2911.5,-13.83
2026-04-21T20:00:00+03:00,20:00,2902.67,0.0,0,-2676.99,451.68
2026-04-21T21:00:00+03:00,21:00,3062.67,0.0,0,-2859.94,570.85
2026-04-21T22:00:00+03:00,22:00,2868.83,0.0,0,-2762.19,461.79
2026-04-21T23:00:00+03:00,23:00,2805.03,0.0,0,-2667.88,452.68
2026-04-22T00:00:00+03:00,00:00,1900.23,0.0,0,-1892.18,700.85
2026-04-22T01:00:00+03:00,01:00,1589.25,0.0,0,-1584.56,648.56
2026-04-22T02:00:00+03:00,02:00,1242.5,0.0,0,-1236.99,606.02
2026-04-22T03:00:00+03:00,03:00,1118.0,0.0,0,-1118.0,242.12
2026-04-22T04:00:00+03:00,04:00,1258.45,0.0,0,-1257.82,-300.32
2026-04-22T05:00:00+03:00,05:00,1391.7,0.0,0,-1391.7,-483.71
2026-04-22T06:00:00+03:00,06:00,1600.23,0.0,0,-1547.6,-493.14
2026-04-22T07:00:00+03:00,07:00,2147.62,0.0,0,-2138.41,-87.06
2026-04-22T08:00:00+03:00,08:00,3283.53,0.0,0,-3278.69,-467.49
2026-04-22T09:00:00+03:00,09:00,4522.7,0.0,0,-4487.53,-172.59
2026-04-22T10:00:00+03:00,10:00,5132.45,0.0,0,-5129.18,-282.28
2026-04-22T11:00:00+03:00,11:00,4821.0,0.0,0,-4818.05,298.92
2026-04-22T12:00:00+03:00,12:00,5406.8,0.0,0,-5194.72,-386.86
2026-04-22T13:00:00+03:00,13:00,5148.65,0.0,0,-4855.89,-288.87
2026-04-22T14:00:00+03:00,14:00,4604.13,0.0,0,-4597.09,293.17
2026-04-22T15:00:00+03:00,15:00,4688.13,0.0,0,-4643.09,281.02
2026-04-22T16:00:00+03:00,16:00,4507.65,0.0,0,-4458.94,751.13
2026-04-22T17:00:00+03:00,17:00,4407.15,0.0,0,-4331.72,888.41
2026-04-22T18:00:00+03:00,18:00,4361.25,0.0,0,-4173.0,721.35
2026-04-22T19:00:00+03:00,19:00,4234.77,0.0,0,-4096.32,96.48
2026-04-22T20:00:00+03:00,20:00,3216.32,0.0,0,-3056.61,904.58
2026-04-22T21:00:00+03:00,21:00,4125.1,0.0,0,-4006.39,38.08
2026-04-22T22:00:00+03:00,22:00,4721.25,0.0,0,-4611.75,-1092.58
2026-04-22T23:00:00+03:00,23:00,3720.67,0.0,0,-3584.8,-633.55
2026-04-23T00:00:00+03:00,00:00,2890.33,0.0,0,-2781.62,-351.62
2026-04-23T01:00:00+03:00,01:00,1783.5,0.0,0,-1727.0,219.33
2026-04-23T02:00:00+03:00,02:00,1268.08,0.0,0,-1259.58,-183.58
2026-04-23T03:00:00+03:00,03:00,897.33,0.0,0,-897.33,-229.42
2026-04-23T04:00:00+03:00,04:00,653.5,0.0,0,-653.42,-68.42
2026-04-23T05:00:00+03:00,05:00,259.17,0.0,0,-259.17,378.33
2026-04-23T06:00:00+03:00,06:00,713.07,0.0,0,-699.08,2.58
2026-04-23T07:00:00+03:00,07:00,1830.8,0.0,0,-1819.86,-369.86
2026-04-23T08:00:00+03:00,08:00,3081.35,0.0,0,-3079.57,-1099.57
2026-04-23T09:00:00+03:00,09:00,3046.65,0.0,0,-3017.43,-451.0
2026-04-23T10:00:00+03:00,10:00,4204.08,0.0,0,-4096.39,-857.96
2026-04-23T11:00:00+03:00,11:00,4133.0,0.0,0,-4024.02,-432.28
2026-04-23T12:00:00+03:00,12:00,4295.18,0.0,0,-4185.13,-354.75
2026-04-23T13:00:00+03:00,13:00,4775.33,0.0,0,-4667.47,-600.21
2026-04-23T14:00:00+03:00,14:00,4709.03,0.0,0,-4683.82,-701.82
2026-04-23T15:00:00+03:00,15:00,4818.5,0.0,0,-4818.21,-978.13
2026-04-23T16:00:00+03:00,16:00,4697.78,0.0,0,-4694.07,-718.06
2026-04-23T17:00:00+03:00,17:00,4619.87,0.0,0,-4612.88,-479.94
2026-04-23T18:00:00+03:00,18:00,3250.1,0.0,0,-3218.16,101.46
2026-04-23T19:00:00+03:00,19:00,2524.35,0.0,0,-2442.21,1056.59
2026-04-23T20:00:00+03:00,20:00,2667.83,0.0,0,-2525.79,1358.06
2026-04-23T21:00:00+03:00,21:00,3753.02,0.0,0,-3653.91,655.78
2026-04-23T22:00:00+03:00,22:00,4435.0,0.0,0,-4348.73,86.63
2026-04-23T23:00:00+03:00,23:00,3846.42,0.0,0,-3832.5,8.22
2026-04-24T00:00:00+03:00,00:00,3167.5,0.0,0,-3117.94,-476.11
2026-04-24T01:00:00+03:00,01:00,2357.92,0.0,0,-2300.04,-56.04
2026-04-24T02:00:00+03:00,02:00,1994.67,0.0,0,-1990.65,-298.65
2026-04-24T03:00:00+03:00,03:00,1476.75,0.0,0,-1474.75,-94.75
2026-04-24T04:00:00+03:00,04:00,1355.0,0.0,0,-1355.0,-181.0
2026-04-24T05:00:00+03:00,05:00,1485.75,0.0,0,-1485.75,-55.56
2026-04-24T06:00:00+03:00,06:00,1832.18,0.0,0,-1830.33,-536.17
2026-04-24T07:00:00+03:00,07:00,3336.7,0.0,0,-3336.54,-695.31
2026-04-24T08:00:00+03:00,08:00,5098.58,0.0,0,-5078.78,-1156.6
2026-04-24T09:00:00+03:00,09:00,6082.1,0.0,0,-5972.79,-1616.81
2026-04-24T10:00:00+03:00,10:00,5652.08,0.0,0,-5620.84,-2472.31
2026-04-24T11:00:00+03:00,11:00,5107.67,0.0,0,-5095.51,-1848.36
2026-04-24T12:00:00+03:00,12:00,4857.23,0.0,0,-4854.61,-2004.61
2026-04-24T13:00:00+03:00,13:00,5065.75,0.0,0,-5039.84,-2162.56
2026-04-24T14:00:00+03:00,14:00,4420.2,0.0,0,-4412.69,-1494.9
2026-04-24T15:00:00+03:00,15:00,4650.77,0.0,0,-4648.34,-1766.34
2026-04-24T16:00:00+03:00,16:00,4806.77,0.0,0,-4800.07,-1668.01
2026-04-24T17:00:00+03:00,17:00,4689.43,0.0,0,-4686.3,-607.62
2026-04-24T18:00:00+03:00,18:00,4679.3,0.0,0,-4668.96,-198.56
2026-04-24T19:00:00+03:00,19:00,3800.37,0.0,0,-3651.82,-158.87
2026-04-24T20:00:00+03:00,20:00,3318.33,0.0,0,-3168.38,228.84
2026-04-24T21:00:00+03:00,21:00,3288.0,0.0,0,-3193.21,1343.02
2026-04-24T22:00:00+03:00,22:00,3223.0,0.0,0,-3133.78,704.42
2026-04-24T23:00:00+03:00,23:00,3063.25,0.0,0,-2948.86,620.99
2026-04-25T00:00:00+03:00,00:00,3122.0,0.0,0,-3117.27,1032.76
2026-04-25T01:00:00+03:00,01:00,2875.23,0.0,0,-2872.53,985.54
2026-04-25T02:00:00+03:00,02:00,2598.33,0.0,0,-2595.26,376.42
2026-04-25T03:00:00+03:00,03:00,2614.17,0.0,0,-2612.94,-7.7
2026-04-25T04:00:00+03:00,04:00,2092.0,0.0,0,-2092.0,-239.43
2026-04-25T05:00:00+03:00,05:00,2017.0,0.0,0,-2016.9,-358.69
2026-04-25T06:00:00+03:00,06:00,2114.9,0.0,0,-2075.59,-516.59
2026-04-25T07:00:00+03:00,07:00,2572.02,0.0,0,-2552.52,-687.02
2026-04-25T08:00:00+03:00,08:00,3634.58,0.0,0,-3634.58,-1665.15
2026-04-25T09:00:00+03:00,09:00,4831.22,0.0,0,-4791.99,-2670.66
2026-04-25T10:00:00+03:00,10:00,6006.98,0.0,0,-5988.45,-4563.45
2026-04-25T11:00:00+03:00,11:00,6060.33,0.0,0,-6058.89,-4808.89
2026-04-25T12:00:00+03:00,12:00,7234.2,0.0,0,-7184.75,-5934.75
2026-04-25T13:00:00+03:00,13:00,7100.92,0.0,0,-6926.57,-5563.57
2026-04-25T14:00:00+03:00,14:00,5877.82,0.0,0,-5703.38,-4430.02
2026-04-25T15:00:00+03:00,15:00,4976.62,0.0,0,-4900.07,-3643.82
2026-04-25T16:00:00+03:00,16:00,3579.08,0.0,0,-3572.88,-1853.18
2026-04-25T17:00:00+03:00,17:00,3383.45,0.0,0,-3259.96,-797.51
2026-04-25T18:00:00+03:00,18:00,3582.4,0.0,0,-3566.35,-881.51
2026-04-25T19:00:00+03:00,19:00,3078.5,0.0,0,-2935.42,-1055.85
2026-04-25T20:00:00+03:00,20:00,1610.33,0.0,0,-1561.9,437.46
2026-04-25T21:00:00+03:00,21:00,2470.05,0.0,0,-2392.52,373.28
2026-04-25T22:00:00+03:00,22:00,3363.0,0.0,0,-3338.54,109.42
2026-04-25T23:00:00+03:00,23:00,4168.0,0.0,0,-3908.35,-259.44
2026-04-26T00:00:00+03:00,00:00,4259.83,0.0,0,-4148.81,-564.72
2026-04-26T01:00:00+03:00,01:00,3261.08,0.0,0,-3218.19,-404.17
2026-04-26T02:00:00+03:00,02:00,2738.87,0.0,0,-2735.23,-152.28
2026-04-26T03:00:00+03:00,03:00,2388.07,0.0,0,-2381.05,-52.79
2026-04-26T04:00:00+03:00,04:00,2169.08,0.0,0,-2167.99,24.86
2026-04-26T05:00:00+03:00,05:00,2365.17,0.0,0,-2352.19,-158.55
2026-04-26T06:00:00+03:00,06:00,2536.77,0.0,0,-2473.69,-511.68
2026-04-26T07:00:00+03:00,07:00,2293.5,0.0,0,-2250.15,-810.17
2026-04-26T08:00:00+03:00,08:00,4589.43,0.0,0,-4498.1,-4126.1
2026-04-26T09:00:00+03:00,09:00,7233.62,0.0,0,-6592.8,-6592.8
2026-04-26T10:00:00+03:00,10:00,9202.67,0.0,0,-8744.83,-8744.83
2026-04-26T11:00:00+03:00,11:00,11488.83,0.0,0,-10833.53,-10833.53
2026-04-26T12:00:00+03:00,12:00,10887.22,0.0,0,-10569.34,-10569.34
2026-04-26T13:00:00+03:00,13:00,8946.33,0.0,0,-8832.44,-8832.44
2026-04-26T14:00:00+03:00,14:00,6806.85,0.0,0,-6795.81,-6795.81
2026-04-26T15:00:00+03:00,15:00,6482.33,0.0,0,-6477.97,-6237.97
2026-04-26T16:00:00+03:00,16:00,5320.97,0.0,0,-5310.0,-4298.37
2026-04-26T17:00:00+03:00,17:00,3481.02,0.0,0,-3477.39,-1441.53
2026-04-26T18:00:00+03:00,18:00,3018.59,0.0,0,-2947.2,-488.59
2026-04-26T19:00:00+03:00,19:00,2988.63,0.0,0,-2980.12,-32.53
2026-04-26T20:00:00+03:00,20:00,2710.75,0.0,0,-2691.53,533.39
2026-04-26T21:00:00+03:00,21:00,3125.5,0.0,0,-3121.91,190.39
2026-04-26T22:00:00+03:00,22:00,3545.23,0.0,0,-3528.08,77.72
2026-04-26T23:00:00+03:00,23:00,3746.72,0.0,0,-3725.67,-307.12
2026-04-27T00:00:00+03:00,00:00,3330.57,0.0,0,-3329.63,-435.85
2026-04-27T01:00:00+03:00,01:00,2428.33,0.0,0,-2425.07,-292.76
2026-04-27T02:00:00+03:00,02:00,1696.5,0.0,0,-1688.67,-615.53
2026-04-27T03:00:00+03:00,03:00,1432.0,0.0,0,-1429.24,-949.24
2026-04-27T04:00:00+03:00,04:00,1162.0,0.0,0,-1158.92,-990.92
2026-04-27T05:00:00+03:00,05:00,1019.58,0.0,0,-1018.85,-1018.85
2026-04-27T06:00:00+03:00,06:00,1184.88,0.0,0,-1184.62,-1184.62
2026-04-27T07:00:00+03:00,07:00,0.0,0.0,0,0.0,0.0
2026-04-27T08:00:00+03:00,08:00,0.0,0.0,0,0.0,0.0
2026-04-27T09:00:00+03:00,09:00,0.0,0.0,0,0.0,0.0
2026-04-27T10:00:00+03:00,10:00,0.0,0.0,0,0.0,0.0
2026-04-27T11:00:00+03:00,11:00,0.0,0.0,0,0.0,0.0
2026-04-27T12:00:00+03:00,12:00,0.0,0.0,0,0.0,0.0
2026-04-27T13:00:00+03:00,13:00,0.0,0.0,0,0.0,0.0
2026-04-27T14:00:00+03:00,14:00,0.0,0.0,0,0.0,0.0
2026-04-27T15:00:00+03:00,15:00,0.0,0.0,0,0.0,0.0
2026-04-27T16:00:00+03:00,16:00,0.0,0.0,0,0.0,0.0
2026-04-27T17:00:00+03:00,17:00,0.0,0.0,0,0.0,0.0
2026-04-27T18:00:00+03:00,18:00,0.0,0.0,0,0.0,0.0
2026-04-27T19:00:00+03:00,19:00,0.0,0.0,0,0.0,0.0
2026-04-27T20:00:00+03:00,20:00,0.0,0.0,0,0.0,0.0
2026-04-27T21:00:00+03:00,21:00,0.0,0.0,0,0.0,0.0
2026-04-27T22:00:00+03:00,22:00,0.0,0.0,0,0.0,0.0
2026-04-27T23:00:00+03:00,23:00,0.0,0.0,0,0.0,0.0
2026-04-28T00:00:00+03:00,00:00,1849.98,0.0,0,-1842.94,661.86
2026-04-28T01:00:00+03:00,01:00,1245.0,0.0,0,-1245.0,520.0
2026-04-28T02:00:00+03:00,02:00,1040.5,0.0,0,-1040.44,724.56
2026-04-28T03:00:00+03:00,03:00,947.0,0.0,0,-947.0,748.0
2026-04-28T04:00:00+03:00,04:00,1391.55,0.0,0,-1391.3,73.7
2026-04-28T05:00:00+03:00,05:00,1477.63,0.0,0,-1477.41,-117.41
2026-04-28T06:00:00+03:00,06:00,1317.0,0.0,0,-1316.7,-916.7
2026-04-28T07:00:00+03:00,07:00,1454.25,0.0,0,-1453.93,-576.43
2026-04-28T08:00:00+03:00,08:00,3344.13,0.0,0,-3342.07,-397.57
2026-04-28T09:00:00+03:00,09:00,3925.83,0.0,0,-3918.56,-239.51
2026-04-28T10:00:00+03:00,10:00,4922.13,0.0,0,-4891.47,-2161.31
2026-04-28T11:00:00+03:00,11:00,5457.17,0.0,0,-5413.1,-2464.09
2026-04-28T12:00:00+03:00,12:00,5966.25,0.0,0,-5889.85,-3928.52
2026-04-28T13:00:00+03:00,13:00,5651.4,0.0,0,-5572.31,-3479.64
2026-04-28T14:00:00+03:00,14:00,4663.25,0.0,0,-4642.02,-2024.71
2026-04-28T15:00:00+03:00,15:00,4312.25,0.0,0,-4283.68,-1872.12
2026-04-28T16:00:00+03:00,16:00,2522.25,0.0,0,-2520.01,462.43
2026-04-28T17:00:00+03:00,17:00,3843.45,0.0,0,-3794.67,282.21
2026-04-28T18:00:00+03:00,18:00,3567.93,0.0,0,-3517.42,660.19
2026-04-28T19:00:00+03:00,19:00,2494.67,0.0,0,-2363.18,1246.69
2026-04-28T20:00:00+03:00,20:00,2739.33,0.0,0,-2479.37,807.31
2026-04-28T21:00:00+03:00,21:00,3006.08,0.0,0,-2755.69,1487.75
2026-04-28T22:00:00+03:00,22:00,2817.0,0.0,0,-2604.25,1414.88
2026-04-28T23:00:00+03:00,23:00,2778.28,0.0,0,-2628.82,69.24
2026-04-29T00:00:00+03:00,00:00,2072.58,0.0,0,-2031.08,-16.15
2026-04-29T01:00:00+03:00,01:00,1222.9,0.0,0,-1218.96,-83.46
2026-04-29T02:00:00+03:00,02:00,846.92,0.0,0,-846.82,-257.47
2026-04-29T03:00:00+03:00,03:00,651.75,0.0,0,-651.75,-251.75
2026-04-29T04:00:00+03:00,04:00,687.6,0.0,0,-685.73,-285.73
2026-04-29T05:00:00+03:00,05:00,585.0,0.0,0,-584.57,-184.57
2026-04-29T06:00:00+03:00,06:00,934.5,0.0,0,-913.94,-430.8
2026-04-29T07:00:00+03:00,07:00,1802.6,0.0,0,-1791.78,-649.91
2026-04-29T08:00:00+03:00,08:00,3990.8,0.0,0,-3981.98,-734.45
2026-04-29T09:00:00+03:00,09:00,3824.17,0.0,0,-3810.22,-79.24
2026-04-29T10:00:00+03:00,10:00,4504.33,0.0,0,-4503.0,-1999.95
2026-04-29T11:00:00+03:00,11:00,4675.83,0.0,0,-4675.39,-2068.03
2026-04-29T12:00:00+03:00,12:00,6427.27,0.0,0,-6226.72,-4510.72
2026-04-29T13:00:00+03:00,13:00,5766.0,0.0,0,-5561.74,-3861.74
2026-04-29T14:00:00+03:00,14:00,4678.33,0.0,0,-4643.08,-2518.0
2026-04-29T15:00:00+03:00,15:00,4198.25,0.0,0,-4198.21,-2016.37
2026-04-29T16:00:00+03:00,16:00,4122.1,0.0,0,-4121.28,-1111.13
2026-04-29T17:00:00+03:00,17:00,5077.45,0.0,0,-4963.75,-743.29
2026-04-29T18:00:00+03:00,18:00,4419.07,0.0,0,-4210.24,-288.16
2026-04-29T19:00:00+03:00,19:00,3320.28,0.0,0,-3014.51,-170.96
2026-04-29T20:00:00+03:00,20:00,2552.75,0.0,0,-2424.18,64.37
2026-04-29T21:00:00+03:00,21:00,2755.0,0.0,0,-2463.56,506.11
2026-04-29T22:00:00+03:00,22:00,2877.0,0.0,0,-2601.2,704.31
2026-04-29T23:00:00+03:00,23:00,2738.6,0.0,0,-2525.97,943.03
2026-04-30T00:00:00+03:00,00:00,3223.13,0.0,0,-3135.22,573.12
2026-04-30T01:00:00+03:00,01:00,2777.73,0.0,0,-2773.74,-221.12
2026-04-30T02:00:00+03:00,02:00,2372.0,0.0,0,-2362.07,-412.24
2026-04-30T03:00:00+03:00,03:00,1827.33,0.0,0,-1827.2,-492.47
2026-04-30T04:00:00+03:00,04:00,1544.0,0.0,0,-1543.06,-132.61
2026-04-30T05:00:00+03:00,05:00,1826.0,0.0,0,-1825.04,-340.91
2026-04-30T06:00:00+03:00,06:00,1667.0,0.0,0,-1666.07,-38.57
2026-04-30T07:00:00+03:00,07:00,2364.12,0.0,0,-2362.27,-208.34
2026-04-30T08:00:00+03:00,08:00,4002.13,0.0,0,-3985.59,-751.62
2026-04-30T09:00:00+03:00,09:00,4440.65,0.0,0,-4435.83,-742.7
2026-04-30T10:00:00+03:00,10:00,4905.52,0.0,0,-4801.59,-1814.04
2026-04-30T11:00:00+03:00,11:00,4959.67,0.0,0,-4924.74,-1877.51
2026-04-30T12:00:00+03:00,12:00,6141.35,0.0,0,-5937.83,-4031.68
2026-04-30T13:00:00+03:00,13:00,5405.47,0.0,0,-5375.02,-3307.27
2026-04-30T14:00:00+03:00,14:00,4832.25,0.0,0,-4831.62,-1846.55
2026-04-30T15:00:00+03:00,15:00,4832.45,0.0,0,-4815.28,-1697.97
2026-04-30T16:00:00+03:00,16:00,4102.9,0.0,0,-4079.53,-908.01
2026-04-30T17:00:00+03:00,17:00,3795.1,0.0,0,-3748.05,-264.16
2026-04-30T18:00:00+03:00,18:00,3032.5,0.0,0,-2984.8,557.44
2026-04-30T19:00:00+03:00,19:00,3033.33,0.0,0,-2960.9,238.88
2026-04-30T20:00:00+03:00,20:00,3006.67,0.0,0,-2914.87,422.94
2026-04-30T21:00:00+03:00,21:00,3071.08,0.0,0,-3009.2,290.47
2026-04-30T22:00:00+03:00,22:00,2622.87,0.0,0,-2617.73,37.27
2026-04-30T23:00:00+03:00,23:00,2458.93,0.0,0,-2439.97,-224.5
2026-05-01T00:00:00+03:00,00:00,2455.08,0.0,0,-2450.24,471.76
2026-05-01T01:00:00+03:00,01:00,1840.0,0.0,0,-1839.06,1046.73
2026-05-01T02:00:00+03:00,02:00,1495.52,0.0,0,-1491.77,718.23
2026-05-01T03:00:00+03:00,03:00,1442.0,0.0,0,-1442.0,371.33
2026-05-01T04:00:00+03:00,04:00,834.25,0.0,0,-834.25,20.42
2026-05-01T05:00:00+03:00,05:00,47.92,0.0,0,-47.91,85.26
2026-05-01T06:00:00+03:00,06:00,260.33,0.0,0,-260.23,-50.67
2026-05-01T07:00:00+03:00,07:00,2874.48,0.0,0,-2778.57,-2501.4
2026-05-01T08:00:00+03:00,08:00,5361.17,0.0,0,-5128.59,-4388.59
2026-05-01T09:00:00+03:00,09:00,6211.37,0.0,0,-5938.78,-5198.78
2026-05-01T10:00:00+03:00,10:00,6316.0,0.0,0,-6085.48,-5345.48
2026-05-01T11:00:00+03:00,11:00,5302.55,0.0,0,-5170.59,-4430.59
2026-05-01T12:00:00+03:00,12:00,4479.5,0.0,0,-4475.71,-3735.71
2026-05-01T13:00:00+03:00,13:00,4414.83,0.0,0,-4407.23,-3667.23
2026-05-01T14:00:00+03:00,14:00,3037.0,0.0,0,-3036.59,-2296.59
2026-05-01T15:00:00+03:00,15:00,3045.2,0.0,0,-3044.87,-1986.61
2026-05-01T16:00:00+03:00,16:00,964.63,0.0,0,-906.55,312.97
2026-05-01T17:00:00+03:00,17:00,835.07,0.0,0,-833.57,1365.4
2026-05-01T18:00:00+03:00,18:00,1373.58,0.0,0,-1359.17,1129.87
2026-05-01T19:00:00+03:00,19:00,1740.17,0.0,0,-1739.97,364.03
2026-05-01T20:00:00+03:00,20:00,1628.5,0.0,0,-1626.93,365.04
2026-05-01T21:00:00+03:00,21:00,1654.4,0.0,0,-1638.8,61.2
2026-05-01T22:00:00+03:00,22:00,1824.6,0.0,0,-1820.42,-520.42
2026-05-01T23:00:00+03:00,23:00,1246.93,0.0,0,-1246.26,-506.26
2026-05-02T00:00:00+03:00,00:00,1457.93,0.0,0,-1456.86,-692.36
2026-05-02T01:00:00+03:00,01:00,942.05,0.0,0,-942.05,-706.38
2026-05-02T02:00:00+03:00,02:00,642.75,0.0,0,-641.95,-580.2
2026-05-02T03:00:00+03:00,03:00,721.05,0.0,0,-694.55,-694.55
2026-05-02T04:00:00+03:00,04:00,1020.63,0.0,0,-973.04,-973.04
2026-05-02T05:00:00+03:00,05:00,467.63,0.0,0,-424.5,-424.5
2026-05-02T06:00:00+03:00,06:00,671.04,0.0,0,-645.54,-633.29
2026-05-02T07:00:00+03:00,07:00,964.1,0.0,0,-963.84,-683.59
2026-05-02T08:00:00+03:00,08:00,1299.33,0.0,0,-1292.41,-982.41
2026-05-02T09:00:00+03:00,09:00,1066.0,0.0,0,-1054.04,-432.47
2026-05-02T10:00:00+03:00,10:00,963.0,0.0,0,-954.06,362.42
2026-05-02T11:00:00+03:00,11:00,912.05,0.0,0,-900.78,435.71
2026-05-02T12:00:00+03:00,12:00,670.67,0.0,0,-670.67,601.79
2026-05-02T13:00:00+03:00,13:00,840.25,0.0,0,-839.85,334.75
2026-05-02T14:00:00+03:00,14:00,886.25,0.0,0,-886.25,448.73
2026-05-02T15:00:00+03:00,15:00,1652.12,0.0,0,-1645.48,-236.07
2026-05-02T16:00:00+03:00,16:00,1516.0,0.0,0,-1512.5,176.34
2026-05-02T17:00:00+03:00,17:00,2336.05,0.0,0,-2332.65,335.95
2026-05-02T18:00:00+03:00,18:00,2235.07,0.0,0,-2235.01,174.24
2026-05-02T19:00:00+03:00,19:00,2073.75,0.0,0,-2073.75,-176.73
2026-05-02T20:00:00+03:00,20:00,1945.3,0.0,0,-1945.27,-245.27
2026-05-02T21:00:00+03:00,21:00,2077.95,0.0,0,-2065.66,-425.66
2026-05-02T22:00:00+03:00,22:00,2294.97,0.0,0,-2282.02,-794.11
2026-05-02T23:00:00+03:00,23:00,1779.62,0.0,0,-1779.5,-214.5
2026-05-03T00:00:00+03:00,00:00,1533.57,0.0,0,-1530.74,-297.11
2026-05-03T01:00:00+03:00,01:00,1213.28,0.0,0,-1211.62,-256.37
2026-05-03T02:00:00+03:00,02:00,920.95,0.0,0,-915.14,-305.88
2026-05-03T03:00:00+03:00,03:00,512.05,0.0,0,-508.0,-423.98
2026-05-03T04:00:00+03:00,04:00,735.47,0.0,0,-728.25,-728.25
2026-05-03T05:00:00+03:00,05:00,756.98,0.0,0,-756.98,-670.33
2026-05-03T06:00:00+03:00,06:00,1103.48,0.0,0,-1093.1,-1093.1
2026-05-03T07:00:00+03:00,07:00,1789.05,0.0,0,-1789.05,-1439.05
2026-05-03T08:00:00+03:00,08:00,2508.0,0.0,0,-2502.0,-2140.33
2026-05-03T09:00:00+03:00,09:00,1786.23,0.0,0,-1786.23,-1436.23
2026-05-03T10:00:00+03:00,10:00,1250.08,0.0,0,-1247.08,-897.08
2026-05-03T11:00:00+03:00,11:00,1085.0,0.0,0,-1085.0,-735.0
2026-05-03T12:00:00+03:00,12:00,809.0,0.0,0,-809.0,-459.0
2026-05-03T13:00:00+03:00,13:00,441.47,0.0,0,-440.96,173.22
2026-05-03T14:00:00+03:00,14:00,0.0,0.0,0,0.0,1339.35
2026-05-03T15:00:00+03:00,15:00,0.0,0.0,0,0.0,1195.46
2026-05-03T16:00:00+03:00,16:00,0.0,0.0,0,0.0,1842.59
2026-05-03T17:00:00+03:00,17:00,212.62,206.0,0,-405.29,1420.36
2026-05-03T18:00:00+03:00,18:00,1636.23,0.0,0,-1633.5,793.73
2026-05-03T19:00:00+03:00,19:00,118.7,2281.17,0,-2390.55,1046.18
2026-05-03T20:00:00+03:00,20:00,0.0,2363.0,0,-2362.77,891.17
2026-05-03T21:00:00+03:00,21:00,69.68,2345.0,0,-2414.45,825.69
2026-05-03T22:00:00+03:00,22:00,218.38,2345.0,0,-2559.83,507.4
2026-05-03T23:00:00+03:00,23:00,183.95,2345.0,0,-2514.6,726.02
2026-05-04T00:00:00+03:00,00:00,119.02,2347.0,0,-2465.97,511.88
2026-05-04T01:00:00+03:00,01:00,68.83,2154.0,0,-2221.75,-155.45
2026-05-04T02:00:00+03:00,02:00,60.0,1860.0,0,-1919.99,-156.36
2026-05-04T03:00:00+03:00,03:00,0.0,1860.0,0,-1859.95,31.7
2026-05-04T04:00:00+03:00,04:00,0.0,1743.33,0,-1743.28,-159.75
2026-05-04T05:00:00+03:00,05:00,165.8,0.0,0,-151.71,189.32
2026-05-04T06:00:00+03:00,06:00,307.45,0.0,0,-303.73,-103.73
2026-05-04T07:00:00+03:00,07:00,1662.73,0.0,0,-1657.84,-17.84
2026-05-04T08:00:00+03:00,08:00,2788.65,0.0,0,-2773.62,372.66
2026-05-04T09:00:00+03:00,09:00,2971.75,0.0,0,-2964.4,1148.36
2026-05-04T10:00:00+03:00,10:00,4156.17,0.0,0,-4152.22,-98.16
2026-05-04T11:00:00+03:00,11:00,3766.0,0.0,0,-3762.13,669.29
2026-05-04T12:00:00+03:00,12:00,3622.0,0.0,0,-3616.08,-50.1
2026-05-04T13:00:00+03:00,13:00,3369.92,0.0,0,-3353.82,864.1
2026-05-04T14:00:00+03:00,14:00,3520.48,0.0,0,-3517.64,1114.54
2026-05-04T15:00:00+03:00,15:00,4117.5,0.0,0,-4115.85,1044.05
2026-05-04T16:00:00+03:00,16:00,4816.22,0.0,0,-4815.4,1345.77
2026-05-04T17:00:00+03:00,17:00,4153.33,0.0,0,-4152.42,2191.11
2026-05-04T18:00:00+03:00,18:00,3338.0,0.0,0,-3337.51,1995.14
2026-05-04T19:00:00+03:00,19:00,2947.75,0.0,0,-2947.01,1078.74
2026-05-04T20:00:00+03:00,20:00,2753.5,0.0,0,-2751.88,1254.96
2026-05-04T21:00:00+03:00,21:00,3125.83,0.0,0,-3125.74,1365.86
2026-05-04T22:00:00+03:00,22:00,3413.0,0.0,0,-3412.47,581.43
2026-05-04T23:00:00+03:00,23:00,3666.43,0.0,0,-3562.96,822.47
2026-05-05T00:00:00+03:00,00:00,3855.0,0.0,0,-3588.19,292.36
2026-05-05T01:00:00+03:00,01:00,2602.67,0.0,0,-2594.11,873.65
2026-05-05T02:00:00+03:00,02:00,2100.25,0.0,0,-2093.8,369.12
2026-05-05T03:00:00+03:00,03:00,1571.0,0.0,0,-1570.5,489.62
2026-05-05T04:00:00+03:00,04:00,1435.67,0.0,0,-1435.34,61.21
2026-05-05T05:00:00+03:00,05:00,1177.92,0.0,0,-1176.11,991.89
2026-05-05T06:00:00+03:00,06:00,1870.5,0.0,0,-1870.38,-73.08
2026-05-05T07:00:00+03:00,07:00,3579.72,0.0,0,-3571.58,-318.78
2026-05-05T08:00:00+03:00,08:00,4329.3,0.0,0,-4294.73,220.99
2026-05-05T09:00:00+03:00,09:00,4454.13,0.0,0,-4424.74,737.06
2026-05-05T10:00:00+03:00,10:00,5190.25,0.0,0,-5186.19,109.75
2026-05-05T11:00:00+03:00,11:00,5301.75,0.0,0,-5297.98,-375.88
2026-05-05T12:00:00+03:00,12:00,5681.5,0.0,0,-5678.68,-1355.24
2026-05-05T13:00:00+03:00,13:00,5503.0,0.0,0,-5502.83,-1129.34
2026-05-05T14:00:00+03:00,14:00,5179.33,0.0,0,-5167.21,-551.37
2026-05-05T15:00:00+03:00,15:00,5675.67,0.0,0,-5674.69,-1093.68
2026-05-05T16:00:00+03:00,16:00,5569.0,0.0,0,-5568.95,-784.08
2026-05-05T17:00:00+03:00,17:00,5492.08,0.0,0,-5490.12,-245.34
2026-05-05T18:00:00+03:00,18:00,4847.25,0.0,0,-4819.59,-693.49
2026-05-05T19:00:00+03:00,19:00,4754.52,0.0,0,-4727.53,-394.29
2026-05-05T20:00:00+03:00,20:00,3466.57,0.0,0,-3435.1,-75.28
2026-05-05T21:00:00+03:00,21:00,3346.0,0.0,0,-3317.08,603.23
2026-05-05T22:00:00+03:00,22:00,4159.88,0.0,0,-4157.39,767.26
2026-05-05T23:00:00+03:00,23:00,5370.53,0.0,0,-4945.55,283.49
2026-05-06T00:00:00+03:00,00:00,4874.83,0.0,0,-4768.41,-269.46
2026-05-06T01:00:00+03:00,01:00,4275.75,0.0,0,-4266.65,-239.87
2026-05-06T02:00:00+03:00,02:00,3425.67,0.0,0,-3418.35,-149.47
2026-05-06T03:00:00+03:00,03:00,3235.0,0.0,0,-3234.52,-477.97
2026-05-06T04:00:00+03:00,04:00,3203.0,0.0,0,-3202.48,-762.48
2026-05-06T05:00:00+03:00,05:00,3077.08,0.0,0,-3076.58,-367.61
2026-05-06T06:00:00+03:00,06:00,2459.83,0.0,0,-2459.37,92.64
2026-05-06T07:00:00+03:00,07:00,3651.05,0.0,0,-3628.07,-206.74
2026-05-06T08:00:00+03:00,08:00,5049.92,0.0,0,-4987.28,-160.3
2026-05-06T09:00:00+03:00,09:00,5608.75,0.0,0,-5526.65,-285.92
2026-05-06T10:00:00+03:00,10:00,6190.85,0.0,0,-6145.74,-1361.99
2026-05-06T11:00:00+03:00,11:00,5211.8,0.0,0,-5125.79,-347.45
2026-05-06T12:00:00+03:00,12:00,4656.92,0.0,0,-4618.27,-82.68
2026-05-06T13:00:00+03:00,13:00,4669.13,0.0,0,-4629.81,-699.62
2026-05-06T14:00:00+03:00,14:00,4899.82,0.0,0,-4855.33,-875.61
2026-05-06T15:00:00+03:00,15:00,6158.92,0.0,0,-6116.43,-1113.24
2026-05-06T16:00:00+03:00,16:00,6352.0,0.0,0,-6309.28,-1194.36
2026-05-06T17:00:00+03:00,17:00,6601.55,0.0,0,-6508.64,-1257.81
2026-05-06T18:00:00+03:00,18:00,6161.18,0.0,0,-6061.0,-911.97
2026-05-06T19:00:00+03:00,19:00,5616.0,0.0,0,-5403.57,-1092.13
2026-05-06T20:00:00+03:00,20:00,4374.08,0.0,0,-4014.18,-693.21
2026-05-06T21:00:00+03:00,21:00,3741.67,0.0,0,-3376.75,-516.49
2026-05-06T22:00:00+03:00,22:00,4528.08,0.0,0,-4142.16,475.53
2026-05-06T23:00:00+03:00,23:00,5195.75,0.0,0,-4859.1,314.14
2026-05-07T00:00:00+03:00,00:00,4892.25,0.0,0,-4680.43,-272.24
2026-05-07T01:00:00+03:00,01:00,3921.0,0.0,0,-3851.47,-112.08
2026-05-07T02:00:00+03:00,02:00,2867.0,0.0,0,-2822.39,268.4
2026-05-07T03:00:00+03:00,03:00,2708.0,0.0,0,-2669.47,-643.97
2026-05-07T04:00:00+03:00,04:00,3253.75,0.0,0,-3214.7,-235.3
2026-05-07T05:00:00+03:00,05:00,3064.67,0.0,0,-3025.7,-714.9
2026-05-07T06:00:00+03:00,06:00,3234.08,0.0,0,-3149.5,-889.5
2026-05-07T07:00:00+03:00,07:00,4608.38,0.0,0,-4481.47,-1049.97
2026-05-07T08:00:00+03:00,08:00,5772.28,0.0,0,-5529.78,-1977.32
2026-05-07T09:00:00+03:00,09:00,5675.87,0.0,0,-5432.95,-1542.17
2026-05-07T10:00:00+03:00,10:00,6384.5,0.0,0,-6147.41,-2771.38
2026-05-07T11:00:00+03:00,11:00,6633.0,0.0,0,-6396.25,-2804.26
2026-05-07T12:00:00+03:00,12:00,7760.68,0.0,0,-7435.37,-4315.37
2026-05-07T13:00:00+03:00,13:00,7563.0,0.0,0,-7228.7,-4108.7
2026-05-07T14:00:00+03:00,14:00,6804.92,0.0,0,-6607.42,-3430.25
2026-05-07T15:00:00+03:00,15:00,6252.57,0.0,0,-6052.18,-2608.04
2026-05-07T16:00:00+03:00,16:00,6401.43,0.0,0,-6195.71,-2258.21
2026-05-07T17:00:00+03:00,17:00,6262.37,0.0,0,-6017.41,-722.79
2026-05-07T18:00:00+03:00,18:00,6290.98,0.0,0,-6054.32,-519.36
2026-05-07T19:00:00+03:00,19:00,6272.0,0.0,0,-5972.8,-157.07
2026-05-07T20:00:00+03:00,20:00,5513.58,0.0,0,-5150.64,-158.93
2026-05-07T21:00:00+03:00,21:00,5950.43,0.0,0,-5636.29,-93.19
2026-05-07T22:00:00+03:00,22:00,6016.0,0.0,0,-5775.05,-739.33
2026-05-07T23:00:00+03:00,23:00,5421.62,0.0,0,-5244.88,-1156.9
2026-05-08T00:00:00+03:00,00:00,5678.42,0.0,0,-5566.1,-1405.61
2026-05-08T01:00:00+03:00,01:00,3861.08,0.0,0,-3807.88,-1150.66
2026-05-08T02:00:00+03:00,02:00,2921.47,0.0,0,-2886.27,-506.76
2026-05-08T03:00:00+03:00,03:00,2392.0,0.0,0,-2364.71,-879.93
2026-05-08T04:00:00+03:00,04:00,2088.43,0.0,0,-2083.15,-673.26
2026-05-08T05:00:00+03:00,05:00,2146.0,0.0,0,-2145.77,-300.22
2026-05-08T06:00:00+03:00,06:00,2345.57,0.0,0,-2317.94,-833.97
2026-05-08T07:00:00+03:00,07:00,3926.02,0.0,0,-3897.55,-1074.48
2026-05-08T08:00:00+03:00,08:00,4318.08,0.0,0,-4313.63,-1187.11
2026-05-08T09:00:00+03:00,09:00,5174.23,0.0,0,-5085.93,-1086.37
2026-05-08T10:00:00+03:00,10:00,6622.33,0.0,0,-6364.92,-2435.35
2026-05-08T11:00:00+03:00,11:00,6499.67,0.0,0,-6262.16,-2332.16
2026-05-08T12:00:00+03:00,12:00,9111.87,0.0,0,-8576.03,-4646.03
2026-05-08T13:00:00+03:00,13:00,9245.53,0.0,0,-8710.3,-5002.73
2026-05-08T14:00:00+03:00,14:00,6247.87,0.0,0,-6083.87,-2241.49
2026-05-08T15:00:00+03:00,15:00,5470.62,0.0,0,-5352.13,-923.17
2026-05-08T16:00:00+03:00,16:00,4467.15,0.0,0,-4463.63,1057.64
2026-05-08T17:00:00+03:00,17:00,5520.25,0.0,0,-5502.96,1328.93
2026-05-08T18:00:00+03:00,18:00,4848.52,0.0,0,-4771.2,1447.85
2026-05-08T19:00:00+03:00,19:00,4850.05,0.0,0,-4753.65,1175.58
2026-05-08T20:00:00+03:00,20:00,4687.42,0.0,0,-4458.72,716.77
2026-05-08T21:00:00+03:00,21:00,5011.08,0.0,0,-4745.93,188.28
2026-05-08T22:00:00+03:00,22:00,4210.0,0.0,0,-4007.44,322.37
2026-05-08T23:00:00+03:00,23:00,3796.2,0.0,0,-3690.59,-365.49
2026-05-09T00:00:00+03:00,00:00,3594.67,0.0,0,-3546.16,-418.67
2026-05-09T01:00:00+03:00,01:00,2880.58,0.0,0,-2873.58,-822.0
2026-05-09T02:00:00+03:00,02:00,1839.5,0.0,0,-1838.13,-358.38
2026-05-09T03:00:00+03:00,03:00,1774.08,0.0,0,-1773.3,-679.97
2026-05-09T04:00:00+03:00,04:00,2221.07,0.0,0,-2220.69,-1220.69
2026-05-09T05:00:00+03:00,05:00,2232.83,0.0,0,-2232.53,-1232.53
2026-05-09T06:00:00+03:00,06:00,2386.25,0.0,0,-2339.68,-1339.68
2026-05-09T07:00:00+03:00,07:00,2428.36,0.0,0,-2294.34,-238.69
2026-05-09T08:00:00+03:00,08:00,2926.57,0.0,0,-2877.33,-278.61
2026-05-09T09:00:00+03:00,09:00,3323.83,0.0,0,-3320.8,-442.8
2026-05-09T10:00:00+03:00,10:00,4488.87,0.0,0,-4373.89,-1362.25
2026-05-09T11:00:00+03:00,11:00,4880.07,0.0,0,-4728.22,-2061.62
2026-05-09T12:00:00+03:00,12:00,6103.05,0.0,0,-6057.74,-3647.74
2026-05-09T13:00:00+03:00,13:00,5006.23,0.0,0,-4958.49,-1917.26
2026-05-09T14:00:00+03:00,14:00,4289.77,0.0,0,-4243.2,-990.21
2026-05-09T15:00:00+03:00,15:00,3741.87,0.0,0,-3701.18,-215.48
2026-05-09T16:00:00+03:00,16:00,3433.75,0.0,0,-3401.11,446.59
2026-05-09T17:00:00+03:00,17:00,4173.31,0.0,0,-4068.55,301.26
2026-05-09T18:00:00+03:00,18:00,4828.58,0.0,0,-4676.7,768.71
2026-05-09T19:00:00+03:00,19:00,4815.65,0.0,0,-4640.54,820.2
2026-05-09T20:00:00+03:00,20:00,3795.17,0.0,0,-3785.33,1175.41
2026-05-09T21:00:00+03:00,21:00,4787.07,0.0,0,-4364.25,739.38
2026-05-09T22:00:00+03:00,22:00,5290.0,0.0,0,-4960.72,-30.86
2026-05-09T23:00:00+03:00,23:00,4262.05,0.0,0,-4152.19,411.11
2026-05-10T00:00:00+03:00,00:00,3798.18,0.0,0,-3744.47,485.02
2026-05-10T01:00:00+03:00,01:00,2572.82,0.0,0,-2563.22,950.99
2026-05-10T02:00:00+03:00,02:00,2336.33,0.0,0,-2330.69,296.43
2026-05-10T03:00:00+03:00,03:00,2108.4,0.0,0,-2097.08,-281.93
2026-05-10T04:00:00+03:00,04:00,2043.08,0.0,0,-2042.91,-132.35
2026-05-10T05:00:00+03:00,05:00,2091.42,0.0,0,-2084.97,-204.72
2026-05-10T06:00:00+03:00,06:00,2181.76,0.0,0,-2142.02,-717.36
2026-05-10T07:00:00+03:00,07:00,2969.33,0.0,0,-2960.42,-1674.22
2026-05-10T08:00:00+03:00,08:00,6717.15,0.0,0,-6638.98,-5852.98
2026-05-10T09:00:00+03:00,09:00,9616.45,0.0,0,-9471.68,-8652.01
2026-05-10T10:00:00+03:00,10:00,10738.1,0.0,0,-10517.31,-10013.31
2026-05-10T11:00:00+03:00,11:00,10412.27,0.0,0,-10227.99,-9747.99
2026-05-10T12:00:00+03:00,12:00,10764.25,0.0,0,-10586.45,-10106.45
2026-05-10T13:00:00+03:00,13:00,10272.9,0.0,0,-10197.32,-9717.32
2026-05-10T14:00:00+03:00,14:00,10005.0,0.0,0,-9974.82,-9494.82
2026-05-10T15:00:00+03:00,15:00,8872.58,0.0,0,-8871.91,-8391.91
2026-05-10T16:00:00+03:00,16:00,5907.65,0.0,0,-5897.18,-4687.18
2026-05-10T17:00:00+03:00,17:00,3519.77,0.0,0,-3519.33,-815.58
2026-05-10T18:00:00+03:00,18:00,4082.97,0.0,0,-4047.04,-866.08
2026-05-10T19:00:00+03:00,19:00,4949.53,0.0,0,-4888.9,-979.95
2026-05-10T20:00:00+03:00,20:00,5472.0,0.0,0,-5295.94,-118.48
2026-05-10T21:00:00+03:00,21:00,5373.22,0.0,0,-5077.38,161.2
2026-05-10T22:00:00+03:00,22:00,5366.87,0.0,0,-5119.9,149.73
2026-05-10T23:00:00+03:00,23:00,5004.82,0.0,0,-4883.27,-140.68
2026-05-11T00:00:00+03:00,00:00,3340.12,0.0,0,-3288.18,945.96
2026-05-11T01:00:00+03:00,01:00,2328.5,0.0,0,-2320.94,1399.07
2026-05-11T02:00:00+03:00,02:00,3234.23,0.0,0,-3232.5,-68.17
2026-05-11T03:00:00+03:00,03:00,2574.83,0.0,0,-2574.08,-550.08
2026-05-11T04:00:00+03:00,04:00,2120.75,0.0,0,-2119.38,-706.82
2026-05-11T05:00:00+03:00,05:00,1943.0,0.0,0,-1942.77,-50.1
2026-05-11T06:00:00+03:00,06:00,2651.07,0.0,0,-2610.32,-588.57
2026-05-11T07:00:00+03:00,07:00,3009.5,0.0,0,-3008.66,-325.16
2026-05-11T08:00:00+03:00,08:00,4523.68,0.0,0,-4519.44,-32.13
2026-05-11T09:00:00+03:00,09:00,5023.13,0.0,0,-5018.41,145.01
2026-05-11T10:00:00+03:00,10:00,5553.85,0.0,0,-5502.62,-876.44
2026-05-11T11:00:00+03:00,11:00,5463.92,0.0,0,-5462.1,-457.77
2026-05-11T12:00:00+03:00,12:00,5869.0,0.0,0,-5831.13,-1720.64
2026-05-11T13:00:00+03:00,13:00,5287.8,0.0,0,-5245.63,-1021.0
2026-05-11T14:00:00+03:00,14:00,4136.32,0.0,0,-4101.33,847.06
2026-05-11T15:00:00+03:00,15:00,3971.47,0.0,0,-3968.29,1178.54
2026-05-11T16:00:00+03:00,16:00,4603.55,0.0,0,-4533.31,510.99
2026-05-11T17:00:00+03:00,17:00,4290.19,0.0,0,-4248.63,1326.07
2026-05-11T18:00:00+03:00,18:00,4829.53,0.0,0,-4653.59,692.65
2026-05-11T19:00:00+03:00,19:00,4158.75,0.0,0,-3879.52,784.47
2026-05-11T20:00:00+03:00,20:00,2892.03,0.0,0,-2794.86,596.62
2026-05-11T21:00:00+03:00,21:00,3388.93,0.0,0,-3341.86,1025.83
2026-05-11T22:00:00+03:00,22:00,5376.18,0.0,0,-4856.41,548.41
2026-05-11T23:00:00+03:00,23:00,4981.33,0.0,0,-4768.5,285.3
2026-05-12T00:00:00+03:00,00:00,5020.58,0.0,0,-4918.32,-662.66
2026-05-12T01:00:00+03:00,01:00,4594.0,0.0,0,-4511.04,-1372.16
2026-05-12T02:00:00+03:00,02:00,3222.27,0.0,0,-3150.77,-960.77
2026-05-12T03:00:00+03:00,03:00,3052.13,0.0,0,-2980.21,-1278.21
2026-05-12T04:00:00+03:00,04:00,2433.63,0.0,0,-2421.03,-1010.03
2026-05-12T05:00:00+03:00,05:00,2136.97,0.0,0,-2093.47,-582.31
2026-05-12T06:00:00+03:00,06:00,2549.28,0.0,0,-2519.18,-1189.18
2026-05-12T07:00:00+03:00,07:00,2843.33,0.0,0,-2842.85,-340.25
2026-05-12T08:00:00+03:00,08:00,3278.77,0.0,0,-3273.74,471.54
2026-05-12T09:00:00+03:00,09:00,3339.33,0.0,0,-3337.95,882.89
2026-05-12T10:00:00+03:00,10:00,4758.7,0.0,0,-4755.17,-986.58
2026-05-12T11:00:00+03:00,11:00,5160.27,0.0,0,-5157.81,-1754.4
2026-05-12T12:00:00+03:00,12:00,7142.75,0.0,0,-7079.63,-4033.11
2026-05-12T13:00:00+03:00,13:00,7002.55,0.0,0,-6958.05,-4100.54
2026-05-12T14:00:00+03:00,14:00,5036.13,0.0,0,-4987.93,-1591.23
2026-05-12T15:00:00+03:00,15:00,4871.75,0.0,0,-4593.19,-1004.8
2026-05-12T16:00:00+03:00,16:00,4655.67,0.0,0,-4608.0,-860.38
2026-05-12T17:00:00+03:00,17:00,4909.6,0.0,0,-4827.25,-693.51
2026-05-12T18:00:00+03:00,18:00,4524.33,0.0,0,-4518.7,-69.99
2026-05-12T19:00:00+03:00,19:00,4654.75,0.0,0,-4603.25,107.98
2026-05-12T20:00:00+03:00,20:00,4973.0,0.0,0,-4833.8,-40.68
2026-05-12T21:00:00+03:00,21:00,4941.33,0.0,0,-4814.05,-164.45
2026-05-12T22:00:00+03:00,22:00,4297.33,0.0,0,-4252.43,-59.63
2026-05-12T23:00:00+03:00,23:00,4227.27,0.0,0,-4208.07,-379.66
2026-05-13T00:00:00+03:00,00:00,3206.22,0.0,0,-3203.86,160.14
2026-05-13T01:00:00+03:00,01:00,2207.58,0.0,0,-2207.12,766.33
2026-05-13T02:00:00+03:00,02:00,1510.47,0.0,0,-1509.61,914.39
2026-05-13T03:00:00+03:00,03:00,1486.1,0.0,0,-1484.91,583.19
2026-05-13T04:00:00+03:00,04:00,1859.88,0.0,0,-1665.89,-112.55
2026-05-13T05:00:00+03:00,05:00,1610.07,0.0,0,-1596.0,-136.0
2026-05-13T06:00:00+03:00,06:00,2249.7,0.0,0,-2165.03,-705.03
2026-05-13T07:00:00+03:00,07:00,3135.12,0.0,0,-2937.68,-157.68
2026-05-13T08:00:00+03:00,08:00,3787.95,0.0,0,-3718.41,-115.01
2026-05-13T09:00:00+03:00,09:00,4248.17,0.0,0,-4210.22,-201.1
2026-05-13T10:00:00+03:00,10:00,5298.28,0.0,0,-5253.55,-1961.55
2026-05-13T11:00:00+03:00,11:00,5505.5,0.0,0,-5463.1,-1407.88
2026-05-13T12:00:00+03:00,12:00,6321.38,0.0,0,-6277.84,-3393.09
2026-05-13T13:00:00+03:00,13:00,6491.42,0.0,0,-6446.92,-3396.92
2026-05-13T14:00:00+03:00,14:00,6236.32,0.0,0,-6189.5,-2446.67
2026-05-13T15:00:00+03:00,15:00,5641.95,0.0,0,-5526.57,-1540.77
2026-05-13T16:00:00+03:00,16:00,5033.89,0.0,0,-4998.87,-989.03
2026-05-13T17:00:00+03:00,17:00,4318.48,0.0,0,-4303.01,58.82
2026-05-13T18:00:00+03:00,18:00,4884.3,0.0,0,-4830.52,-231.78
2026-05-13T19:00:00+03:00,19:00,5309.82,0.0,0,-5116.65,-394.63
2026-05-13T20:00:00+03:00,20:00,4415.83,0.0,0,-4250.6,-132.19
2026-05-13T21:00:00+03:00,21:00,4486.85,0.0,0,-4358.06,-19.25
2026-05-13T22:00:00+03:00,22:00,4886.0,0.0,0,-4756.8,-604.13
2026-05-13T23:00:00+03:00,23:00,4612.27,0.0,0,-4512.35,-714.68
2026-05-14T00:00:00+03:00,00:00,4219.13,0.0,0,-4170.33,-1454.67
2026-05-14T01:00:00+03:00,01:00,2975.75,0.0,0,-2963.89,-603.39
2026-05-14T02:00:00+03:00,02:00,2410.42,0.0,0,-2409.99,-292.99
2026-05-14T03:00:00+03:00,03:00,1812.62,0.0,0,-1811.88,-85.21
2026-05-14T04:00:00+03:00,04:00,1493.3,0.0,0,-1493.3,551.36
2026-05-14T05:00:00+03:00,05:00,2018.92,0.0,0,-2018.55,551.07
2026-05-14T06:00:00+03:00,06:00,2555.0,0.0,0,-2553.43,-495.38
2026-05-14T07:00:00+03:00,07:00,3423.87,0.0,0,-3287.41,-633.58
2026-05-14T08:00:00+03:00,08:00,4781.27,0.0,0,-4691.77,-986.35
2026-05-14T09:00:00+03:00,09:00,4632.08,0.0,0,-4622.88,-95.16
2026-05-14T10:00:00+03:00,10:00,5414.5,0.0,0,-5412.88,-1091.47
2026-05-14T11:00:00+03:00,11:00,5753.5,0.0,0,-5751.91,-1035.68
2026-05-14T12:00:00+03:00,12:00,5927.13,0.0,0,-5925.49,-2206.33
2026-05-14T13:00:00+03:00,13:00,4989.3,0.0,0,-4940.6,-476.28
2026-05-14T14:00:00+03:00,14:00,3366.28,0.0,0,-3349.68,1966.08
2026-05-14T15:00:00+03:00,15:00,3769.5,0.0,0,-3717.75,1805.59
2026-05-14T16:00:00+03:00,16:00,4556.83,0.0,0,-4539.32,1015.9
2026-05-14T17:00:00+03:00,17:00,5099.42,0.0,0,-5076.84,545.74
2026-05-14T18:00:00+03:00,18:00,6534.33,0.0,0,-6340.56,-537.58
2026-05-14T19:00:00+03:00,19:00,6319.88,0.0,0,-5939.93,-675.76
2026-05-14T20:00:00+03:00,20:00,5727.08,0.0,0,-5298.65,39.53
2026-05-14T21:00:00+03:00,21:00,5451.4,0.0,0,-5059.44,534.55
2026-05-14T22:00:00+03:00,22:00,5662.83,0.0,0,-5278.38,717.74
2026-05-14T23:00:00+03:00,23:00,5291.33,0.0,0,-5052.63,275.26
2026-05-15T00:00:00+03:00,00:00,4882.18,0.0,0,-4738.87,-162.55
2026-05-15T01:00:00+03:00,01:00,3895.17,0.0,0,-3840.67,316.97
2026-05-15T02:00:00+03:00,02:00,3226.75,0.0,0,-3185.18,115.32
2026-05-15T03:00:00+03:00,03:00,2817.65,0.0,0,-2788.09,-126.09
2026-05-15T04:00:00+03:00,04:00,2327.07,0.0,0,-2326.03,231.08
2026-05-15T05:00:00+03:00,05:00,2520.25,0.0,0,-2517.63,375.12
2026-05-15T06:00:00+03:00,06:00,3157.75,0.0,0,-3156.2,-245.2
2026-05-15T07:00:00+03:00,07:00,3244.42,0.0,0,-3238.0,574.0
2026-05-15T08:00:00+03:00,08:00,3859.88,0.0,0,-3760.2,1011.32
2026-05-15T09:00:00+03:00,09:00,4759.8,0.0,0,-4552.93,787.96
2026-05-15T10:00:00+03:00,10:00,5218.0,0.0,0,-5010.2,337.44
2026-05-15T11:00:00+03:00,11:00,4457.62,0.0,0,-4249.72,947.65
2026-05-15T12:00:00+03:00,12:00,4069.0,0.0,0,-3858.65,273.83
2026-05-15T13:00:00+03:00,13:00,3791.47,0.0,0,-3599.58,-142.43
2026-05-15T14:00:00+03:00,14:00,3355.82,0.0,0,-3146.38,1162.19
2026-05-15T15:00:00+03:00,15:00,4310.25,0.0,0,-4065.25,395.79
2026-05-15T16:00:00+03:00,16:00,4373.37,0.0,0,-4117.27,398.56
2026-05-15T17:00:00+03:00,17:00,5600.0,0.0,0,-5356.65,418.8
2026-05-15T18:00:00+03:00,18:00,5286.92,0.0,0,-4866.59,899.56
2026-05-15T19:00:00+03:00,19:00,5697.93,0.0,0,-5119.0,640.82
2026-05-15T20:00:00+03:00,20:00,4910.1,0.0,0,-4299.52,-172.41
2026-05-15T21:00:00+03:00,21:00,4534.6,0.0,0,-3964.39,733.99
2026-05-15T22:00:00+03:00,22:00,5367.83,0.0,0,-4774.1,784.76
2026-05-15T23:00:00+03:00,23:00,5339.0,0.0,0,-4810.26,386.02
2026-05-16T00:00:00+03:00,00:00,4989.33,0.0,0,-4591.68,452.83
2026-05-16T01:00:00+03:00,01:00,4479.0,0.0,0,-4188.19,-39.7
2026-05-16T02:00:00+03:00,02:00,3344.62,0.0,0,-3276.83,-197.77
2026-05-16T03:00:00+03:00,03:00,3266.55,0.0,0,-3169.78,-383.62
2026-05-16T04:00:00+03:00,04:00,2950.33,0.0,0,-2753.32,-466.82
2026-05-16T05:00:00+03:00,05:00,2886.67,0.0,0,-2660.25,-106.91
2026-05-16T06:00:00+03:00,06:00,2934.35,0.0,0,-2727.36,-208.33
2026-05-16T07:00:00+03:00,07:00,2952.05,0.0,0,-2741.0,-281.5
2026-05-16T08:00:00+03:00,08:00,3667.62,0.0,0,-3456.29,-674.29
2026-05-16T09:00:00+03:00,09:00,5572.77,0.0,0,-5350.46,-2299.71
2026-05-16T10:00:00+03:00,10:00,5907.58,0.0,0,-5688.76,-2879.27
2026-05-16T11:00:00+03:00,11:00,6380.67,0.0,0,-6141.0,-3408.23
2026-05-16T12:00:00+03:00,12:00,7758.82,0.0,0,-7496.33,-5275.83
2026-05-16T13:00:00+03:00,13:00,7821.55,0.0,0,-7555.35,-5365.38
2026-05-16T14:00:00+03:00,14:00,6912.2,0.0,0,-6644.51,-4454.51
2026-05-16T15:00:00+03:00,15:00,6204.3,0.0,0,-5957.98,-3767.98
2026-05-16T16:00:00+03:00,16:00,4659.55,0.0,0,-4388.54,-1619.44
2026-05-16T17:00:00+03:00,17:00,4026.73,0.0,0,-3682.19,-118.31
2026-05-16T18:00:00+03:00,18:00,3846.7,0.0,0,-3519.82,297.17
2026-05-16T19:00:00+03:00,19:00,4128.92,0.0,0,-3764.5,288.97
2026-05-16T20:00:00+03:00,20:00,3829.5,0.0,0,-3469.93,-310.26
2026-05-16T21:00:00+03:00,21:00,3939.42,0.0,0,-3574.11,128.91
2026-05-16T22:00:00+03:00,22:00,3840.67,0.0,0,-3536.97,202.36
2026-05-16T23:00:00+03:00,23:00,3860.75,0.0,0,-3563.56,-644.89
2026-05-17T00:00:00+03:00,00:00,2857.95,0.0,0,-2797.03,-535.17
2026-05-17T01:00:00+03:00,01:00,1099.0,0.0,0,-1095.93,-386.26
2026-05-17T02:00:00+03:00,02:00,940.67,0.0,0,-940.67,-417.92
2026-05-17T03:00:00+03:00,03:00,202.67,441.08,0,-643.75,414.36
2026-05-17T04:00:00+03:00,04:00,0.0,850.0,0,-850.0,485.65
2026-05-17T05:00:00+03:00,05:00,81.52,1322.0,0,-1399.67,50.0
2026-05-17T06:00:00+03:00,06:00,0.0,1322.0,0,-1322.0,535.12
2026-05-17T07:00:00+03:00,07:00,877.33,765.0,0,-1642.33,-176.9
2026-05-17T08:00:00+03:00,08:00,3130.95,0.0,0,-3130.95,-3130.95
2026-05-17T09:00:00+03:00,09:00,5020.75,0.0,0,-5019.56,-5019.56
2026-05-17T10:00:00+03:00,10:00,6997.85,0.0,0,-6993.36,-6991.36
2026-05-17T11:00:00+03:00,11:00,7658.83,0.0,0,-7656.14,-7204.14
2026-05-17T12:00:00+03:00,12:00,9036.93,0.0,0,-9036.16,-8552.64
2026-05-17T13:00:00+03:00,13:00,8930.33,0.0,0,-8930.02,-8390.02
2026-05-17T14:00:00+03:00,14:00,8185.4,0.0,0,-8184.15,-7323.69
2026-05-17T15:00:00+03:00,15:00,7084.8,0.0,0,-7084.43,-6304.43
2026-05-17T16:00:00+03:00,16:00,5187.97,0.0,0,-5187.14,-4002.0
2026-05-17T17:00:00+03:00,17:00,3424.23,0.0,0,-3422.68,-476.51
2026-05-17T18:00:00+03:00,18:00,2877.38,0.0,0,-2865.75,574.9
2026-05-17T19:00:00+03:00,19:00,3462.8,0.0,0,-3427.08,1100.69
2026-05-17T20:00:00+03:00,20:00,3494.18,0.0,0,-3479.95,1215.67
2026-05-17T21:00:00+03:00,21:00,3322.5,0.0,0,-3308.39,1512.11
2026-05-17T22:00:00+03:00,22:00,3517.92,0.0,0,-3480.59,1381.42
2026-05-17T23:00:00+03:00,23:00,3613.95,0.0,0,-3612.6,1235.75
2026-05-18T00:00:00+03:00,00:00,3957.83,0.0,0,-3957.83,249.76
2026-05-18T01:00:00+03:00,01:00,3046.97,0.0,0,-3044.86,-189.15
2026-05-18T02:00:00+03:00,02:00,2260.93,0.0,0,-2195.91,124.09
2026-05-18T03:00:00+03:00,03:00,2035.0,0.0,0,-2030.27,145.19
2026-05-18T04:00:00+03:00,04:00,1893.0,0.0,0,-1891.98,-531.99
2026-05-18T05:00:00+03:00,05:00,1508.0,0.0,0,-1507.68,-182.31
2026-05-18T06:00:00+03:00,06:00,1798.0,0.0,0,-1797.72,-817.72
2026-05-18T07:00:00+03:00,07:00,2971.58,0.0,0,-2969.51,-441.76
2026-05-18T08:00:00+03:00,08:00,4338.67,0.0,0,-4326.06,-857.22
2026-05-18T09:00:00+03:00,09:00,4503.0,0.0,0,-4496.81,-498.02
2026-05-18T10:00:00+03:00,10:00,4263.17,0.0,0,-4259.21,112.04
2026-05-18T11:00:00+03:00,11:00,4507.65,0.0,0,-4503.01,387.5
2026-05-18T12:00:00+03:00,12:00,4188.27,0.0,0,-4177.08,96.37
2026-05-18T13:00:00+03:00,13:00,4352.93,0.0,0,-4348.04,283.22
2026-05-18T14:00:00+03:00,14:00,4474.37,0.0,0,-4446.04,700.27
2026-05-18T15:00:00+03:00,15:00,5117.0,0.0,0,-5069.68,262.82
2026-05-18T16:00:00+03:00,16:00,5204.6,0.0,0,-5113.66,312.04
2026-05-18T17:00:00+03:00,17:00,5780.78,0.0,0,-5743.62,197.86
2026-05-18T18:00:00+03:00,18:00,6292.0,0.0,0,-6219.8,-285.38
2026-05-18T19:00:00+03:00,19:00,5258.5,0.0,0,-5055.81,9.55
2026-05-18T20:00:00+03:00,20:00,3403.72,0.0,0,-3302.97,636.21
2026-05-18T21:00:00+03:00,21:00,3653.5,0.0,0,-3491.67,802.93
2026-05-18T22:00:00+03:00,22:00,4207.17,0.0,0,-3917.75,555.03
2026-05-18T23:00:00+03:00,23:00,4100.67,0.0,0,-3850.99,439.82
2026-05-19T00:00:00+03:00,00:00,3280.08,0.0,0,-3150.16,388.6
2026-05-19T01:00:00+03:00,01:00,2475.33,0.0,0,-2460.05,683.4
2026-05-19T02:00:00+03:00,02:00,1997.07,0.0,0,-1982.79,357.05
2026-05-19T03:00:00+03:00,03:00,1687.25,0.0,0,-1685.88,248.51
2026-05-19T04:00:00+03:00,04:00,1310.17,0.0,0,-1308.1,607.9
2026-05-19T05:00:00+03:00,05:00,1675.3,0.0,0,-1655.48,554.32
2026-05-19T06:00:00+03:00,06:00,1652.95,0.0,0,-1644.57,-151.37
2026-05-19T07:00:00+03:00,07:00,2553.13,0.0,0,-2420.66,17.95
2026-05-19T08:00:00+03:00,08:00,4600.33,0.0,0,-4287.69,-948.01
2026-05-19T09:00:00+03:00,09:00,5857.75,0.0,0,-5595.63,-2393.13
2026-05-19T10:00:00+03:00,10:00,6529.4,0.0,0,-6272.25,-3330.25
2026-05-19T11:00:00+03:00,11:00,6278.42,0.0,0,-6031.51,-3351.51
2026-05-19T12:00:00+03:00,12:00,6327.93,0.0,0,-6080.17,-3400.21
2026-05-19T13:00:00+03:00,13:00,5224.48,0.0,0,-5193.5,-2413.5
2026-05-19T14:00:00+03:00,14:00,4632.8,0.0,0,-4610.28,-878.2
2026-05-19T15:00:00+03:00,15:00,3989.3,0.0,0,-3961.68,-89.02
2026-05-19T16:00:00+03:00,16:00,2708.76,0.0,0,-2704.58,1541.97
2026-05-19T17:00:00+03:00,17:00,3433.62,0.0,0,-3375.58,1716.06
2026-05-19T18:00:00+03:00,18:00,3197.43,0.0,0,-3165.96,1627.71
2026-05-19T19:00:00+03:00,19:00,3634.95,0.0,0,-3389.19,1312.56
2026-05-19T20:00:00+03:00,20:00,2712.05,0.0,0,-2404.91,1211.85
2026-05-19T21:00:00+03:00,21:00,2401.13,0.0,0,-2100.31,1832.78
2026-05-19T22:00:00+03:00,22:00,2190.0,0.0,0,-1956.39,1691.54
2026-05-19T23:00:00+03:00,23:00,2114.93,0.0,0,-1976.59,1136.41
2026-05-20T00:00:00+03:00,00:00,2260.83,0.0,0,-2255.91,586.84
2026-05-20T01:00:00+03:00,01:00,1400.0,0.0,0,-1398.0,206.0
2026-05-20T02:00:00+03:00,02:00,1629.2,0.0,0,-1629.2,-613.4
2026-05-20T03:00:00+03:00,03:00,1600.67,0.0,0,-1600.37,-1220.37
2026-05-20T04:00:00+03:00,04:00,1644.5,0.0,0,-1637.63,-1164.12
2026-05-20T05:00:00+03:00,05:00,1720.3,0.0,0,-1711.4,-1072.5
2026-05-20T06:00:00+03:00,06:00,1967.5,0.0,0,-1967.03,-1494.53
2026-05-20T07:00:00+03:00,07:00,3003.18,0.0,0,-3002.69,-562.49
2026-05-20T08:00:00+03:00,08:00,3284.57,0.0,0,-3234.14,736.38
2026-05-20T09:00:00+03:00,09:00,3845.73,0.0,0,-3644.35,1100.21
2026-05-20T10:00:00+03:00,10:00,3098.88,0.0,0,-3085.55,1807.79
2026-05-20T11:00:00+03:00,11:00,3231.33,0.0,0,-3229.65,1666.4
2026-05-20T12:00:00+03:00,12:00,4040.37,0.0,0,-4024.86,743.78
2026-05-20T13:00:00+03:00,13:00,3816.27,0.0,0,-3796.13,916.93
2026-05-20T14:00:00+03:00,14:00,3617.77,0.0,0,-3583.2,1735.28
2026-05-20T15:00:00+03:00,15:00,3437.0,0.0,0,-3387.59,1737.43
2026-05-20T16:00:00+03:00,16:00,4225.2,0.0,0,-4193.31,829.22
2026-05-20T17:00:00+03:00,17:00,3792.23,0.0,0,-3736.43,1245.4
2026-05-20T18:00:00+03:00,18:00,3951.0,0.0,0,-3899.69,725.31
2026-05-20T19:00:00+03:00,19:00,4662.17,0.0,0,-4425.16,-50.74
2026-05-20T20:00:00+03:00,20:00,4655.0,0.0,0,-4268.2,-480.93
2026-05-20T21:00:00+03:00,21:00,4504.0,0.0,0,-4141.24,10.55
2026-05-20T22:00:00+03:00,22:00,4348.0,0.0,0,-4183.26,-343.03
2026-05-20T23:00:00+03:00,23:00,4389.02,0.0,0,-4374.1,-1075.77
2026-05-21T00:00:00+03:00,00:00,4835.68,0.0,0,-4830.46,-2153.46
2026-05-21T01:00:00+03:00,01:00,4122.73,0.0,0,-4116.75,-2189.53
2026-05-21T02:00:00+03:00,02:00,3507.0,0.0,0,-3506.88,-2121.23
2026-05-21T03:00:00+03:00,03:00,3265.0,0.0,0,-3264.91,-1964.91
2026-05-21T04:00:00+03:00,04:00,2871.0,0.0,0,-2870.96,-1570.96
2026-05-21T05:00:00+03:00,05:00,3029.88,0.0,0,-3000.49,-1700.49
2026-05-21T06:00:00+03:00,06:00,3452.08,0.0,0,-3397.02,-2097.02
2026-05-21T07:00:00+03:00,07:00,4139.7,0.0,0,-3960.3,-1230.3
2026-05-21T08:00:00+03:00,08:00,4535.47,0.0,0,-4532.81,-604.38
2026-05-21T09:00:00+03:00,09:00,5275.73,0.0,0,-5271.87,19.28
2026-05-21T10:00:00+03:00,10:00,5549.3,0.0,0,-5544.82,-505.86
2026-05-21T11:00:00+03:00,11:00,5662.3,0.0,0,-5654.13,-886.38
2026-05-21T12:00:00+03:00,12:00,6135.27,0.0,0,-6132.49,-1882.0
2026-05-21T13:00:00+03:00,13:00,5508.52,0.0,0,-5506.54,-1141.36
2026-05-21T14:00:00+03:00,14:00,5722.52,0.0,0,-5667.73,-949.66
2026-05-21T15:00:00+03:00,15:00,6643.77,0.0,0,-6444.02,-1004.73
2026-05-21T16:00:00+03:00,16:00,5986.83,0.0,0,-5985.17,-1053.2
2026-05-21T17:00:00+03:00,17:00,5183.03,0.0,0,-5089.12,-423.38
2026-05-21T18:00:00+03:00,18:00,5209.12,0.0,0,-5045.96,-233.4
2026-05-21T19:00:00+03:00,19:00,4784.8,0.0,0,-4527.76,-348.19
2026-05-21T20:00:00+03:00,20:00,4044.57,0.0,0,-3749.48,462.69
2026-05-21T21:00:00+03:00,21:00,4409.47,0.0,0,-4119.58,662.9
2026-05-21T22:00:00+03:00,22:00,5064.07,0.0,0,-4851.93,244.88
2026-05-21T23:00:00+03:00,23:00,4755.0,0.0,0,-4715.99,157.13
2026-05-22T00:00:00+03:00,00:00,4948.0,0.0,0,-4908.91,-690.14
2026-05-22T01:00:00+03:00,01:00,4303.5,0.0,0,-4271.07,-103.8
2026-05-22T02:00:00+03:00,02:00,3899.68,0.0,0,-3863.33,-244.64
2026-05-22T03:00:00+03:00,03:00,3450.67,0.0,0,-3418.33,-417.33
2026-05-22T04:00:00+03:00,04:00,3166.0,0.0,0,-3133.62,-633.62
2026-05-22T05:00:00+03:00,05:00,3044.53,0.0,0,-2995.32,-569.39
2026-05-22T06:00:00+03:00,06:00,2943.33,0.0,0,-2910.82,-630.82
2026-05-22T07:00:00+03:00,07:00,3588.75,0.0,0,-3553.12,-782.62
2026-05-22T08:00:00+03:00,08:00,0.0,0.0,0,0.0,0.0
2026-05-22T09:00:00+03:00,09:00,0.0,0.0,0,0.0,0.0
2026-05-22T10:00:00+03:00,10:00,0.0,0.0,0,0.0,0.0
2026-05-22T11:00:00+03:00,11:00,0.0,0.0,0,0.0,0.0
2026-05-22T12:00:00+03:00,12:00,0.0,0.0,0,0.0,0.0
2026-05-22T13:00:00+03:00,13:00,0.0,0.0,0,0.0,0.0
2026-05-22T14:00:00+03:00,14:00,0.0,0.0,0,0.0,0.0
2026-05-22T15:00:00+03:00,15:00,0.0,0.0,0,0.0,0.0
2026-05-22T16:00:00+03:00,16:00,0.0,0.0,0,0.0,0.0
2026-05-22T17:00:00+03:00,17:00,0.0,0.0,0,0.0,0.0
2026-05-22T18:00:00+03:00,18:00,0.0,0.0,0,0.0,0.0
2026-05-22T19:00:00+03:00,19:00,0.0,0.0,0,0.0,0.0
2026-05-22T20:00:00+03:00,20:00,0.0,0.0,0,0.0,0.0
2026-05-22T21:00:00+03:00,21:00,0.0,0.0,0,0.0,0.0
2026-05-22T22:00:00+03:00,22:00,0.0,0.0,0,0.0,0.0
2026-05-22T23:00:00+03:00,23:00,0.0,0.0,0,0.0,0.0
2026-05-23T00:00:00+03:00,00:00,3620.15,0.0,0,-3581.46,778.75
2026-05-23T01:00:00+03:00,01:00,3299.33,0.0,0,-3274.25,497.37
2026-05-23T02:00:00+03:00,02:00,2346.5,0.0,0,-2346.05,587.09
2026-05-23T03:00:00+03:00,03:00,2271.0,0.0,0,-2270.32,251.18
2026-05-23T04:00:00+03:00,04:00,2043.42,0.0,0,-2043.42,-69.62
2026-05-23T05:00:00+03:00,05:00,2006.34,0.0,0,-1993.21,-53.21
2026-05-23T06:00:00+03:00,06:00,2394.23,0.0,0,-2376.39,-436.39
2026-05-23T07:00:00+03:00,07:00,3400.13,0.0,0,-3399.87,-950.05
2026-05-23T08:00:00+03:00,08:00,3628.12,0.0,0,-3627.82,-967.02
2026-05-23T09:00:00+03:00,09:00,3666.05,0.0,0,-3664.81,326.05
2026-05-23T10:00:00+03:00,10:00,4678.82,0.0,0,-4646.65,57.15
2026-05-23T11:00:00+03:00,11:00,4842.75,0.0,0,-4798.94,195.91
2026-05-23T12:00:00+03:00,12:00,4848.0,0.0,0,-4805.31,-466.73
2026-05-23T13:00:00+03:00,13:00,5006.0,0.0,0,-4963.32,-320.01
2026-05-23T14:00:00+03:00,14:00,4035.35,0.0,0,-4025.09,1098.18
2026-05-23T15:00:00+03:00,15:00,3456.0,0.0,0,-3454.97,1729.08
2026-05-23T16:00:00+03:00,16:00,4480.75,0.0,0,-4479.85,293.11
2026-05-23T17:00:00+03:00,17:00,4435.92,0.0,0,-4434.99,99.43
2026-05-23T18:00:00+03:00,18:00,3684.58,0.0,0,-3666.34,833.43
2026-05-23T19:00:00+03:00,19:00,3910.6,0.0,0,-3696.53,1043.44
2026-05-23T20:00:00+03:00,20:00,4168.0,0.0,0,-3898.96,250.36
2026-05-23T21:00:00+03:00,21:00,4306.85,0.0,0,-4071.27,833.63
2026-05-23T22:00:00+03:00,22:00,4221.08,0.0,0,-4021.36,1007.63
2026-05-23T23:00:00+03:00,23:00,4165.27,0.0,0,-4081.85,574.51
2026-05-24T00:00:00+03:00,00:00,3872.12,0.0,0,-3845.37,-511.32
2026-05-24T01:00:00+03:00,01:00,3080.5,0.0,0,-3079.78,-514.2
2026-05-24T02:00:00+03:00,02:00,2931.92,0.0,0,-2918.18,-1384.79
2026-05-24T03:00:00+03:00,03:00,2311.33,0.0,0,-2290.78,-1372.44
2026-05-24T04:00:00+03:00,04:00,1487.5,0.0,0,-1482.66,-1124.36
2026-05-24T05:00:00+03:00,05:00,1117.32,0.0,0,-1100.98,-852.98
2026-05-24T06:00:00+03:00,06:00,923.08,0.0,0,-910.96,-492.21
2026-05-24T07:00:00+03:00,07:00,1659.42,0.0,0,-1659.09,-1219.35
2026-05-24T08:00:00+03:00,08:00,3610.77,0.0,0,-3548.08,-3308.08
2026-05-24T09:00:00+03:00,09:00,6175.67,0.0,0,-6175.49,-5938.92
2026-05-24T10:00:00+03:00,10:00,7228.55,0.0,0,-7227.67,-7227.67
2026-05-24T11:00:00+03:00,11:00,6487.6,0.0,0,-6487.49,-6487.49
2026-05-24T12:00:00+03:00,12:00,6249.77,0.0,0,-6236.75,-6236.75
2026-05-24T13:00:00+03:00,13:00,6353.17,0.0,0,-6345.55,-6345.55
2026-05-24T14:00:00+03:00,14:00,6171.75,0.0,0,-6160.48,-5993.74
2026-05-24T15:00:00+03:00,15:00,5884.18,0.0,0,-5862.87,-5862.87
2026-05-24T16:00:00+03:00,16:00,4188.65,0.0,0,-4188.08,-4123.91
2026-05-24T17:00:00+03:00,17:00,876.28,38.67,0,-912.18,-304.21
2026-05-24T18:00:00+03:00,18:00,979.82,160.0,0,-1110.48,81.62
2026-05-24T19:00:00+03:00,19:00,1062.1,132.92,0,-1169.67,-81.79
2026-05-24T20:00:00+03:00,20:00,2372.68,0.0,0,-2332.7,-1023.88
2026-05-24T21:00:00+03:00,21:00,2531.5,0.0,0,-2498.21,-873.6
2026-05-24T22:00:00+03:00,22:00,1943.65,0.0,0,-1941.36,-566.93
2026-05-24T23:00:00+03:00,23:00,1350.48,0.0,0,-1341.41,-157.16
2026-05-25T00:00:00+03:00,00:00,920.97,0.0,0,-914.69,354.44
2026-05-25T01:00:00+03:00,01:00,182.58,0.0,0,-182.13,736.29
2026-05-25T02:00:00+03:00,02:00,40.85,0.0,0,-40.85,498.75
2026-05-25T03:00:00+03:00,03:00,91.75,0.0,0,-88.21,234.21
2026-05-25T04:00:00+03:00,04:00,410.58,0.0,0,-403.93,-339.93
2026-05-25T05:00:00+03:00,05:00,883.6,0.0,0,-827.36,-730.94
2026-05-25T06:00:00+03:00,06:00,1313.13,0.0,0,-1283.38,-1283.38
2026-05-25T07:00:00+03:00,07:00,3075.62,0.0,0,-3074.82,-1752.91
2026-05-25T08:00:00+03:00,08:00,5744.92,0.0,0,-5744.3,-4220.3
2026-05-25T09:00:00+03:00,09:00,6829.47,0.0,0,-6828.06,-5421.23
2026-05-25T10:00:00+03:00,10:00,6717.08,0.0,0,-6716.5,-6028.5
2026-05-25T11:00:00+03:00,11:00,6323.38,0.0,0,-6319.87,-6008.0
2026-05-25T12:00:00+03:00,12:00,5843.67,0.0,0,-5811.9,-5473.9
2026-05-25T13:00:00+03:00,13:00,5644.42,0.0,0,-5626.45,-5288.45
2026-05-25T14:00:00+03:00,14:00,4868.62,0.0,0,-4831.4,-4414.77
2026-05-25T15:00:00+03:00,15:00,4903.92,0.0,0,-4861.93,-4472.59
2026-05-25T16:00:00+03:00,16:00,2917.72,0.0,0,-2900.2,-2339.91
2026-05-25T17:00:00+03:00,17:00,4100.78,0.0,0,-3992.62,-2348.82
2026-05-25T18:00:00+03:00,18:00,3739.62,0.0,0,-3674.91,-2184.87
2026-05-25T19:00:00+03:00,19:00,3326.58,0.0,0,-3322.57,-1329.92
2026-05-25T20:00:00+03:00,20:00,3706.57,0.0,0,-3701.07,-1204.59
2026-05-25T21:00:00+03:00,21:00,3536.17,0.0,0,-3535.05,-975.71
2026-05-25T22:00:00+03:00,22:00,2844.93,0.0,0,-2828.84,-504.08
2026-05-25T23:00:00+03:00,23:00,2385.52,0.0,0,-2358.7,-168.48
2026-05-26T00:00:00+03:00,00:00,1861.02,0.0,0,-1856.65,-600.31
2026-05-26T01:00:00+03:00,01:00,1758.25,0.0,0,-1756.21,-930.21
2026-05-26T02:00:00+03:00,02:00,1135.8,0.0,0,-1134.99,-796.36
2026-05-26T03:00:00+03:00,03:00,1127.77,0.0,0,-1125.7,-1099.64
2026-05-26T04:00:00+03:00,04:00,928.5,0.0,0,-928.07,-928.07
2026-05-26T05:00:00+03:00,05:00,1241.33,0.0,0,-1219.13,-1205.13
2026-05-26T06:00:00+03:00,06:00,1524.27,0.0,0,-1502.69,-1502.69
2026-05-26T07:00:00+03:00,07:00,5276.13,0.0,0,-5111.01,-5096.41
2026-05-26T08:00:00+03:00,08:00,10678.25,0.0,0,-10207.04,-10207.04
2026-05-26T09:00:00+03:00,09:00,13122.17,0.0,0,-12480.96,-12480.96
2026-05-26T10:00:00+03:00,10:00,13333.52,0.0,0,-13013.3,-13013.3
2026-05-26T11:00:00+03:00,11:00,12020.33,0.0,0,-11728.19,-11728.19
2026-05-26T12:00:00+03:00,12:00,12204.38,0.0,0,-11788.24,-11788.24
2026-05-26T13:00:00+03:00,13:00,12490.42,0.0,0,-12063.65,-12063.65
2026-05-26T14:00:00+03:00,14:00,12220.72,0.0,0,-11784.44,-11776.57
2026-05-26T15:00:00+03:00,15:00,11001.37,0.0,0,-10569.41,-10569.41
2026-05-26T16:00:00+03:00,16:00,8689.02,0.0,0,-8254.16,-8254.16
2026-05-26T17:00:00+03:00,17:00,4832.92,0.0,0,-4432.04,-4035.57
2026-05-26T18:00:00+03:00,18:00,3254.62,0.0,0,-2857.92,-1621.28
2026-05-26T19:00:00+03:00,19:00,2896.97,0.0,0,-2877.06,-903.92
2026-05-26T20:00:00+03:00,20:00,3419.88,0.0,0,-3019.44,-1220.98
2026-05-26T21:00:00+03:00,21:00,3296.0,0.0,0,-2894.93,-1289.93
2026-05-26T22:00:00+03:00,22:00,3040.62,0.0,0,-2631.19,-1021.19
2026-05-26T23:00:00+03:00,23:00,1964.32,0.0,0,-1554.67,60.33
2026-05-27T00:00:00+03:00,00:00,1748.17,0.0,0,-1346.72,388.84
2026-05-27T01:00:00+03:00,01:00,1565.5,0.0,0,-1163.79,53.38
2026-05-27T02:00:00+03:00,02:00,1214.08,0.0,0,-810.59,-148.69
2026-05-27T03:00:00+03:00,03:00,901.0,0.0,0,-500.84,-224.09
2026-05-27T04:00:00+03:00,04:00,883.33,0.0,0,-483.33,-243.33
2026-05-27T05:00:00+03:00,05:00,237.52,0.0,0,-97.52,142.48
2026-05-27T06:00:00+03:00,06:00,1082.65,0.0,0,-913.73,-673.73
2026-05-27T07:00:00+03:00,07:00,6355.73,0.0,0,-5849.51,-5609.51
2026-05-27T08:00:00+03:00,08:00,12857.83,0.0,0,-12401.29,-12277.29
2026-05-27T09:00:00+03:00,09:00,16117.22,0.0,0,-15750.08,-15750.08
2026-05-27T10:00:00+03:00,10:00,18803.05,0.0,0,-18080.72,-18080.72
2026-05-27T11:00:00+03:00,11:00,18926.5,0.0,0,-18260.31,-18260.31
2026-05-27T12:00:00+03:00,12:00,18523.83,0.0,0,-17865.18,-17865.18
2026-05-27T13:00:00+03:00,13:00,17155.06,0.0,0,-16502.23,-16502.23
2026-05-27T14:00:00+03:00,14:00,16106.05,0.0,0,-15514.21,-15470.84
2026-05-27T15:00:00+03:00,15:00,14145.95,0.0,0,-13539.31,-13539.31
2026-05-27T16:00:00+03:00,16:00,10832.65,0.0,0,-10204.17,-10204.17
2026-05-27T17:00:00+03:00,17:00,5500.08,0.0,0,-4903.93,-4409.77
2026-05-27T18:00:00+03:00,18:00,2346.92,0.0,0,-1743.82,241.32
2026-05-27T19:00:00+03:00,19:00,4059.39,0.0,0,-3390.99,-356.96
2026-05-27T20:00:00+03:00,20:00,3412.67,0.0,0,-2626.88,26.98
2026-05-27T21:00:00+03:00,21:00,2872.92,0.0,0,-2268.25,640.43
2026-05-27T22:00:00+03:00,22:00,3084.0,0.0,0,-2484.15,448.84
2026-05-27T23:00:00+03:00,23:00,3306.0,0.0,0,-2701.1,133.03
2026-05-28T00:00:00+03:00,00:00,3719.95,0.0,0,-3081.18,-1035.93
2026-05-28T01:00:00+03:00,01:00,3064.67,0.0,0,-2457.51,-740.85
2026-05-28T02:00:00+03:00,02:00,2973.42,0.0,0,-2367.01,-1364.56
2026-05-28T03:00:00+03:00,03:00,2499.0,0.0,0,-1893.06,-1173.06
2026-05-28T04:00:00+03:00,04:00,2448.0,0.0,0,-1842.17,-1122.17
2026-05-28T05:00:00+03:00,05:00,2590.88,0.0,0,-1982.95,-1655.88
2026-05-28T06:00:00+03:00,06:00,1901.25,0.0,0,-1292.31,-1052.31
2026-05-28T07:00:00+03:00,07:00,3225.33,0.0,0,-2589.05,-2349.05
2026-05-28T08:00:00+03:00,08:00,7741.67,0.0,0,-7083.48,-6948.54
2026-05-28T09:00:00+03:00,09:00,9165.67,0.0,0,-8508.65,-8508.65
2026-05-28T10:00:00+03:00,10:00,9927.42,0.0,0,-9331.64,-9331.64
2026-05-28T11:00:00+03:00,11:00,10133.5,0.0,0,-9536.38,-9536.38
2026-05-28T12:00:00+03:00,12:00,8774.47,0.0,0,-8186.94,-7945.94
2026-05-28T13:00:00+03:00,13:00,7698.05,0.0,0,-7109.84,-6809.84
2026-05-28T14:00:00+03:00,14:00,7278.35,0.0,0,-6683.42,-6383.42
2026-05-28T15:00:00+03:00,15:00,8062.25,0.0,0,-7463.27,-6923.27
2026-05-28T16:00:00+03:00,16:00,6910.75,0.0,0,-6331.51,-4220.47
2026-05-28T17:00:00+03:00,17:00,3808.35,0.0,0,-3180.58,-1036.78
2026-05-28T18:00:00+03:00,18:00,3513.83,0.0,0,-2918.45,-868.45
2026-05-28T19:00:00+03:00,19:00,4461.72,0.0,0,-3853.56,-1803.56
2026-05-28T20:00:00+03:00,20:00,4169.5,0.0,0,-3583.13,-1514.46
2026-05-28T21:00:00+03:00,21:00,3397.5,0.0,0,-2841.53,-679.86
2026-05-28T22:00:00+03:00,22:00,3208.47,0.0,0,-2689.48,-868.15
2026-05-28T23:00:00+03:00,23:00,2637.0,0.0,0,-2251.27,-846.16
2026-05-29T00:00:00+03:00,00:00,2454.05,0.0,0,-1900.32,-467.57
2026-05-29T01:00:00+03:00,01:00,1232.17,0.0,0,-1231.26,-654.2
2026-05-29T02:00:00+03:00,02:00,708.23,0.0,0,-706.18,-467.88
2026-05-29T03:00:00+03:00,03:00,488.0,0.0,0,-482.76,-413.02
2026-05-29T04:00:00+03:00,04:00,563.8,0.0,0,-561.45,-561.45
2026-05-29T05:00:00+03:00,05:00,1218.42,0.0,0,-1216.96,-1170.23
2026-05-29T06:00:00+03:00,06:00,2245.88,0.0,0,-2245.51,-2245.51
2026-05-29T07:00:00+03:00,07:00,5192.83,0.0,0,-5168.76,-5079.44
2026-05-29T08:00:00+03:00,08:00,8407.05,0.0,0,-8357.67,-8357.67
2026-05-29T09:00:00+03:00,09:00,11069.35,0.0,0,-10635.79,-10635.79
2026-05-29T10:00:00+03:00,10:00,11056.5,0.0,0,-10577.01,-10577.01
2026-05-29T11:00:00+03:00,11:00,11112.35,0.0,0,-10647.98,-10647.98
2026-05-29T12:00:00+03:00,12:00,10956.0,0.0,0,-10621.49,-10621.49
2026-05-29T13:00:00+03:00,13:00,10512.5,0.0,0,-10223.17,-10223.17
2026-05-29T14:00:00+03:00,14:00,10424.88,0.0,0,-10125.79,-10051.85
2026-05-29T15:00:00+03:00,15:00,9445.88,0.0,0,-9153.5,-9153.5
2026-05-29T16:00:00+03:00,16:00,6687.97,0.0,0,-6375.5,-6375.5
2026-05-29T17:00:00+03:00,17:00,4346.98,0.0,0,-4046.84,-3217.63
2026-05-29T18:00:00+03:00,18:00,2864.22,0.0,0,-2563.7,-993.7
2026-05-29T19:00:00+03:00,19:00,1839.13,0.0,0,-1524.87,182.71
2026-05-29T20:00:00+03:00,20:00,1778.0,0.0,0,-1479.41,392.59
2026-05-29T21:00:00+03:00,21:00,1930.58,0.0,0,-1580.55,81.95
2026-05-29T22:00:00+03:00,22:00,1866.0,0.0,0,-1490.92,-307.59
2026-05-29T23:00:00+03:00,23:00,1753.5,0.0,0,-1373.39,-592.05
2026-05-30T00:00:00+03:00,00:00,1358.52,0.0,0,-1023.52,246.58
2026-05-30T01:00:00+03:00,01:00,1186.0,0.0,0,-816.0,164.02
2026-05-30T02:00:00+03:00,02:00,928.5,0.0,0,-588.5,-210.06
2026-05-30T03:00:00+03:00,03:00,216.67,0.0,0,-216.53,-66.18
2026-05-30T04:00:00+03:00,04:00,225.0,0.0,0,-224.71,-142.51
2026-05-30T05:00:00+03:00,05:00,361.68,0.0,0,-359.37,-212.7
2026-05-30T06:00:00+03:00,06:00,1018.42,0.0,0,-1015.81,-1015.81
2026-05-30T07:00:00+03:00,07:00,4792.45,0.0,0,-4781.4,-4728.84
2026-05-30T08:00:00+03:00,08:00,10670.6,0.0,0,-10624.09,-10624.09
2026-05-30T09:00:00+03:00,09:00,13611.08,0.0,0,-13501.72,-13501.72
2026-05-30T10:00:00+03:00,10:00,14213.4,0.0,0,-14141.01,-14141.01
2026-05-30T11:00:00+03:00,11:00,13706.55,0.0,0,-13704.45,-13704.45
2026-05-30T12:00:00+03:00,12:00,13444.13,0.0,0,-13441.45,-13441.45
2026-05-30T13:00:00+03:00,13:00,12860.0,0.0,0,-12851.13,-12851.13
2026-05-30T14:00:00+03:00,14:00,12546.42,0.0,0,-12521.08,-12521.08
2026-05-30T15:00:00+03:00,15:00,11400.85,0.0,0,-11373.18,-11373.18
2026-05-30T16:00:00+03:00,16:00,8926.42,0.0,0,-8886.14,-8886.14
2026-05-30T17:00:00+03:00,17:00,4293.08,0.0,0,-4292.52,-3418.13
2026-05-30T18:00:00+03:00,18:00,2252.03,0.0,0,-2249.84,-668.05
2026-05-30T19:00:00+03:00,19:00,2185.38,0.0,0,-2169.21,193.78
2026-05-30T20:00:00+03:00,20:00,2024.62,0.0,0,-2007.49,499.95
2026-05-30T21:00:00+03:00,21:00,1805.87,0.0,0,-1805.19,1039.24
2026-05-30T22:00:00+03:00,22:00,2165.53,0.0,0,-2158.29,613.49
2026-05-30T23:00:00+03:00,23:00,2605.75,0.0,0,-2605.31,5.92
2026-05-31T00:00:00+03:00,00:00,3292.27,0.0,0,-3291.54,-966.04
2026-05-31T01:00:00+03:00,01:00,3342.47,0.0,0,-3340.44,-1090.44
2026-05-31T02:00:00+03:00,02:00,3339.42,0.0,0,-3325.9,-1078.07
2026-05-31T03:00:00+03:00,03:00,3078.6,0.0,0,-3012.88,-1455.18
2026-05-31T04:00:00+03:00,04:00,2280.92,0.0,0,-2280.92,-1300.92
2026-05-31T05:00:00+03:00,05:00,1960.9,0.0,0,-1949.73,-969.73
2026-05-31T06:00:00+03:00,06:00,506.83,0.0,0,-506.61,449.14
2026-05-31T07:00:00+03:00,07:00,2581.23,0.0,0,-2580.62,-2074.01
2026-05-31T08:00:00+03:00,08:00,6719.25,0.0,0,-6625.73,-6625.73
2026-05-31T09:00:00+03:00,09:00,9568.53,0.0,0,-9403.69,-9403.69
2026-05-31T10:00:00+03:00,10:00,12130.28,0.0,0,-12106.8,-12106.8
2026-05-31T11:00:00+03:00,11:00,11539.75,0.0,0,-11518.04,-11518.04
2026-05-31T12:00:00+03:00,12:00,11004.08,0.0,0,-10966.08,-10966.08
2026-05-31T13:00:00+03:00,13:00,10160.47,0.0,0,-10108.88,-9965.22
2026-05-31T14:00:00+03:00,14:00,9288.22,0.0,0,-9286.9,-9047.4
2026-05-31T15:00:00+03:00,15:00,7659.92,0.0,0,-7659.9,-7419.9
2026-05-31T16:00:00+03:00,16:00,5090.08,0.0,0,-5089.68,-4763.19
2026-05-31T17:00:00+03:00,17:00,1363.83,0.0,0,-1363.7,-279.63
2026-05-31T18:00:00+03:00,18:00,2807.5,0.0,0,-2804.9,111.95
2026-05-31T19:00:00+03:00,19:00,3378.12,0.0,0,-3260.99,760.04
2026-05-31T20:00:00+03:00,20:00,3165.45,0.0,0,-2985.56,792.44
2026-05-31T21:00:00+03:00,21:00,2952.27,0.0,0,-2729.03,1141.77
2026-05-31T22:00:00+03:00,22:00,2968.92,0.0,0,-2747.92,1038.59
2026-05-31T23:00:00+03:00,23:00,3128.2,0.0,0,-2910.73,212.87
2026-06-01T00:00:00+03:00,00:00,3016.03,0.0,0,-2900.1,139.9
2026-06-01T01:00:00+03:00,01:00,2856.58,0.0,0,-2827.6,-179.6
2026-06-01T02:00:00+03:00,02:00,2592.0,0.0,0,-2590.26,-406.26
2026-06-01T03:00:00+03:00,03:00,2550.0,0.0,0,-2550.0,-414.0
2026-06-01T04:00:00+03:00,04:00,2558.97,0.0,0,-2546.74,-633.4
2026-06-01T05:00:00+03:00,05:00,2639.38,0.0,0,-2575.22,-674.47
2026-06-01T06:00:00+03:00,06:00,2529.18,0.0,0,-2514.3,-732.71
2026-06-01T07:00:00+03:00,07:00,3042.25,0.0,0,-3036.56,-395.26
2026-06-01T08:00:00+03:00,08:00,3997.88,0.0,0,-3992.92,-243.16
2026-06-01T09:00:00+03:00,09:00,4531.48,0.0,0,-4527.94,-93.08
2026-06-01T10:00:00+03:00,10:00,5603.1,0.0,0,-5538.4,-1487.73
2026-06-01T11:00:00+03:00,11:00,5707.73,0.0,0,-5705.65,-1219.37
2026-06-01T12:00:00+03:00,12:00,5203.05,0.0,0,-5136.22,-1007.51
2026-06-01T13:00:00+03:00,13:00,5264.6,0.0,0,-5262.8,-829.59
2026-06-01T14:00:00+03:00,14:00,5079.45,0.0,0,-4992.72,89.41
2026-06-01T15:00:00+03:00,15:00,5454.83,0.0,0,-5400.27,-143.26
2026-06-01T16:00:00+03:00,16:00,5652.18,0.0,0,-5558.06,-296.4
2026-06-01T17:00:00+03:00,17:00,6147.6,0.0,0,-5890.52,-442.49
2026-06-01T18:00:00+03:00,18:00,4727.88,0.0,0,-4694.38,-32.54
2026-06-01T19:00:00+03:00,19:00,3640.08,0.0,0,-3640.08,-118.15
2026-06-01T20:00:00+03:00,20:00,2579.39,0.0,0,-2574.47,123.1
2026-06-01T21:00:00+03:00,21:00,2637.17,0.0,0,-2635.89,141.86
2026-06-01T22:00:00+03:00,22:00,3530.72,0.0,0,-3407.28,299.07
2026-06-01T23:00:00+03:00,23:00,4960.84,0.0,0,-4619.84,-65.75
2026-06-02T00:00:00+03:00,00:00,4940.97,0.0,0,-4437.18,339.89
2026-06-02T01:00:00+03:00,01:00,4465.0,0.0,0,-4144.79,-177.5
2026-06-02T02:00:00+03:00,02:00,3492.0,0.0,0,-3179.5,172.32
2026-06-02T03:00:00+03:00,03:00,3091.0,0.0,0,-2788.66,-232.16
2026-06-02T04:00:00+03:00,04:00,3058.25,0.0,0,-2781.25,-414.25
2026-06-02T05:00:00+03:00,05:00,2921.6,0.0,0,-2690.2,-90.45
2026-06-02T06:00:00+03:00,06:00,3132.93,0.0,0,-3020.98,-730.98
2026-06-02T07:00:00+03:00,07:00,3250.33,0.0,0,-3240.12,-530.62
2026-06-02T08:00:00+03:00,08:00,4532.3,0.0,0,-4530.61,-214.45
2026-06-02T09:00:00+03:00,09:00,5267.77,0.0,0,-5245.39,-315.34
2026-06-02T10:00:00+03:00,10:00,6377.0,0.0,0,-6242.89,-1376.64
2026-06-02T11:00:00+03:00,11:00,6434.22,0.0,0,-6298.89,-1146.32
2026-06-02T12:00:00+03:00,12:00,6174.0,0.0,0,-6040.58,-1312.97
2026-06-02T13:00:00+03:00,13:00,5979.93,0.0,0,-5850.22,-1006.35
2026-06-02T14:00:00+03:00,14:00,5632.97,0.0,0,-5468.3,-13.03
2026-06-02T15:00:00+03:00,15:00,5436.12,0.0,0,-5349.92,11.34
2026-06-02T16:00:00+03:00,16:00,5528.82,0.0,0,-5524.04,-40.63
2026-06-02T17:00:00+03:00,17:00,5739.57,0.0,0,-5720.73,48.42
2026-06-02T18:00:00+03:00,18:00,5483.92,0.0,0,-5352.42,324.01
2026-06-02T19:00:00+03:00,19:00,4819.52,0.0,0,-4609.66,200.73
2026-06-02T20:00:00+03:00,20:00,3726.78,0.0,0,-3515.94,12.41
2026-06-02T21:00:00+03:00,21:00,4053.65,0.0,0,-3843.74,270.95
2026-06-02T22:00:00+03:00,22:00,4389.5,0.0,0,-4222.12,779.6
2026-06-02T23:00:00+03:00,23:00,3886.88,0.0,0,-3723.15,853.24
2026-06-03T00:00:00+03:00,00:00,3875.43,0.0,0,-3730.46,246.8
2026-06-03T01:00:00+03:00,01:00,3077.77,0.0,0,-3034.43,390.84
2026-06-03T02:00:00+03:00,02:00,2489.67,0.0,0,-2479.62,470.38
2026-06-03T03:00:00+03:00,03:00,2296.0,0.0,0,-2295.84,382.98
2026-06-03T04:00:00+03:00,04:00,2340.72,0.0,0,-2326.49,-526.49
2026-06-03T05:00:00+03:00,05:00,1921.28,0.0,0,-1893.46,-257.46
2026-06-03T06:00:00+03:00,06:00,1827.43,0.0,0,-1825.75,-109.33
2026-06-03T07:00:00+03:00,07:00,2552.47,0.0,0,-2551.19,-56.14
2026-06-03T08:00:00+03:00,08:00,3050.98,0.0,0,-3047.38,258.81
2026-06-03T09:00:00+03:00,09:00,0.0,0.0,0,0.0,0.0
2026-06-03T10:00:00+03:00,10:00,0.0,0.0,0,0.0,0.0
2026-06-03T11:00:00+03:00,11:00,0.0,0.0,0,0.0,0.0
2026-06-03T12:00:00+03:00,12:00,0.0,0.0,0,0.0,0.0
2026-06-03T13:00:00+03:00,13:00,0.0,0.0,0,0.0,0.0
2026-06-03T14:00:00+03:00,14:00,0.0,0.0,0,0.0,0.0
2026-06-03T15:00:00+03:00,15:00,0.0,0.0,0,0.0,0.0
2026-06-03T16:00:00+03:00,16:00,0.0,0.0,0,0.0,0.0
2026-06-03T17:00:00+03:00,17:00,0.0,0.0,0,0.0,0.0
2026-06-03T18:00:00+03:00,18:00,0.0,0.0,0,0.0,0.0
2026-06-03T19:00:00+03:00,19:00,0.0,0.0,0,0.0,0.0
2026-06-03T20:00:00+03:00,20:00,0.0,0.0,0,0.0,0.0
2026-06-03T21:00:00+03:00,21:00,0.0,0.0,0,0.0,0.0
2026-06-03T22:00:00+03:00,22:00,0.0,0.0,0,0.0,0.0
2026-06-03T23:00:00+03:00,23:00,0.0,0.0,0,0.0,0.0
2026-06-04T00:00:00+03:00,00:00,4045.8,0.0,0,-3926.81,-239.89
2026-06-04T01:00:00+03:00,01:00,3326.75,0.0,0,-3287.45,-186.71
2026-06-04T02:00:00+03:00,02:00,2502.13,0.0,0,-2497.59,-517.86
2026-06-04T03:00:00+03:00,03:00,2054.08,0.0,0,-2044.68,-69.68
2026-06-04T04:00:00+03:00,04:00,2122.67,0.0,0,-2121.91,-181.91
2026-06-04T05:00:00+03:00,05:00,2007.25,0.0,0,-1989.41,-49.41
2026-06-04T06:00:00+03:00,06:00,2280.9,0.0,0,-2255.26,-315.26
2026-06-04T07:00:00+03:00,07:00,3135.0,0.0,0,-3133.28,-1064.62
2026-06-04T08:00:00+03:00,08:00,2773.63,0.0,0,-2771.77,-122.5
2026-06-04T09:00:00+03:00,09:00,3557.37,0.0,0,-3440.09,-44.92
2026-06-04T10:00:00+03:00,10:00,4335.95,0.0,0,-4199.91,-598.2
2026-06-04T11:00:00+03:00,11:00,4091.27,0.0,0,-3871.06,-96.15
2026-06-04T12:00:00+03:00,12:00,3733.62,0.0,0,-3599.63,-368.37
2026-06-04T13:00:00+03:00,13:00,4073.23,0.0,0,-3657.67,-27.13
2026-06-04T14:00:00+03:00,14:00,3345.58,0.0,0,-3345.07,336.77
2026-06-04T15:00:00+03:00,15:00,3952.38,0.0,0,-3950.03,-55.77
2026-06-04T16:00:00+03:00,16:00,4215.83,0.0,0,-4194.68,316.82
2026-06-04T17:00:00+03:00,17:00,4813.25,0.0,0,-4809.49,501.13
2026-06-04T18:00:00+03:00,18:00,4462.0,0.0,0,-4349.18,706.53
2026-06-04T19:00:00+03:00,19:00,3466.82,0.0,0,-3457.43,1218.47
2026-06-04T20:00:00+03:00,20:00,2313.77,0.0,0,-2310.11,1062.67
2026-06-04T21:00:00+03:00,21:00,1960.25,0.0,0,-1960.25,1707.96
2026-06-04T22:00:00+03:00,22:00,2342.0,0.0,0,-2341.22,2010.04
2026-06-04T23:00:00+03:00,23:00,2193.57,0.0,0,-2148.68,1794.16
2026-06-05T00:00:00+03:00,00:00,1908.87,0.0,0,-1908.87,1220.82
2026-06-05T01:00:00+03:00,01:00,1946.5,0.0,0,-1946.5,1469.43
2026-06-05T02:00:00+03:00,02:00,2020.05,0.0,0,-2020.05,814.58
2026-06-05T03:00:00+03:00,03:00,3316.17,0.0,0,-2844.13,374.91
2026-06-05T04:00:00+03:00,04:00,3260.67,0.0,0,-2994.17,801.46
2026-06-05T05:00:00+03:00,05:00,3406.42,0.0,0,-3215.01,559.49
2026-06-05T06:00:00+03:00,06:00,3119.5,0.0,0,-3044.42,-123.87
2026-06-05T07:00:00+03:00,07:00,3756.82,0.0,0,-3752.35,-253.92
2026-06-05T08:00:00+03:00,08:00,4396.72,0.0,0,-4383.17,587.34
2026-06-05T09:00:00+03:00,09:00,5140.52,0.0,0,-5113.38,485.94
2026-06-05T10:00:00+03:00,10:00,5611.1,0.0,0,-5413.82,90.51
2026-06-05T11:00:00+03:00,11:00,5623.88,0.0,0,-5423.62,-19.81
2026-06-05T12:00:00+03:00,12:00,5800.67,0.0,0,-5580.12,-432.97
2026-06-05T13:00:00+03:00,13:00,5821.2,0.0,0,-5574.96,-886.97
2026-06-05T14:00:00+03:00,14:00,4693.33,0.0,0,-4474.2,1207.77
2026-06-05T15:00:00+03:00,15:00,5233.58,0.0,0,-5164.05,545.79
2026-06-05T16:00:00+03:00,16:00,5168.12,0.0,0,-5089.55,658.28
2026-06-05T17:00:00+03:00,17:00,4724.08,0.0,0,-4503.64,1157.33
2026-06-05T18:00:00+03:00,18:00,4440.32,0.0,0,-4212.56,1041.28
2026-06-05T19:00:00+03:00,19:00,3930.33,0.0,0,-3655.69,491.06
2026-06-05T20:00:00+03:00,20:00,3928.0,0.0,0,-3653.96,-152.32
2026-06-05T21:00:00+03:00,21:00,4427.0,0.0,0,-4152.43,-104.33
2026-06-05T22:00:00+03:00,22:00,4858.25,0.0,0,-4572.56,-79.02
2026-06-05T23:00:00+03:00,23:00,4460.57,0.0,0,-4182.93,172.18
2026-06-06T00:00:00+03:00,00:00,4989.27,0.0,0,-4716.11,-678.95
2026-06-06T01:00:00+03:00,01:00,4628.0,0.0,0,-4390.87,-826.09
2026-06-06T02:00:00+03:00,02:00,4567.25,0.0,0,-4329.56,-1102.71
2026-06-06T03:00:00+03:00,03:00,3971.0,0.0,0,-3744.95,-793.61
2026-06-06T04:00:00+03:00,04:00,3736.0,0.0,0,-3531.96,-621.96
2026-06-06T05:00:00+03:00,05:00,3650.42,0.0,0,-3502.79,-595.67
2026-06-06T06:00:00+03:00,06:00,3563.0,0.0,0,-3537.39,-984.72
2026-06-06T07:00:00+03:00,07:00,3368.42,0.0,0,-3364.49,-748.22
2026-06-06T08:00:00+03:00,08:00,3921.23,0.0,0,-3912.67,-1391.44
2026-06-06T09:00:00+03:00,09:00,3424.68,0.0,0,-3420.62,-434.75
2026-06-06T10:00:00+03:00,10:00,3989.17,0.0,0,-3981.7,-920.39
2026-06-06T11:00:00+03:00,11:00,4074.03,0.0,0,-4065.82,-618.54
2026-06-06T12:00:00+03:00,12:00,3385.43,0.0,0,-3378.66,-637.8
2026-06-06T13:00:00+03:00,13:00,3352.92,0.0,0,-3268.3,69.5
2026-06-06T14:00:00+03:00,14:00,3154.0,0.0,0,-3025.54,926.72
2026-06-06T15:00:00+03:00,15:00,2920.25,0.0,0,-2919.4,1059.3
2026-06-06T16:00:00+03:00,16:00,3251.5,0.0,0,-3250.7,1079.1
2026-06-06T17:00:00+03:00,17:00,4100.95,0.0,0,-4099.01,458.96
2026-06-06T18:00:00+03:00,18:00,4884.77,0.0,0,-4769.3,506.29
2026-06-06T19:00:00+03:00,19:00,5364.0,0.0,0,-5118.31,13.55
2026-06-06T20:00:00+03:00,20:00,5284.17,0.0,0,-5030.25,-355.1
2026-06-06T21:00:00+03:00,21:00,5161.78,0.0,0,-4907.83,21.24
2026-06-06T22:00:00+03:00,22:00,4789.33,0.0,0,-4535.92,366.49
2026-06-06T23:00:00+03:00,23:00,4963.59,0.0,0,-4824.26,434.01
2026-06-07T00:00:00+03:00,00:00,4293.08,0.0,0,-4246.72,993.35
2026-06-07T01:00:00+03:00,01:00,4302.02,0.0,0,-4297.12,6.91
2026-06-07T02:00:00+03:00,02:00,3323.15,0.0,0,-3286.0,-0.47
2026-06-07T03:00:00+03:00,03:00,2470.25,0.0,0,-2467.48,618.52
2026-06-07T04:00:00+03:00,04:00,3197.33,0.0,0,-3197.28,385.82
2026-06-07T05:00:00+03:00,05:00,3606.78,0.0,0,-3588.02,29.98
2026-06-07T06:00:00+03:00,06:00,3098.25,0.0,0,-3091.8,-326.18
2026-06-07T07:00:00+03:00,07:00,2478.3,0.0,0,-2476.45,-856.29
2026-06-07T08:00:00+03:00,08:00,4424.73,0.0,0,-4422.33,-3536.68
2026-06-07T09:00:00+03:00,09:00,5251.85,0.0,0,-5251.21,-4859.87
2026-06-07T10:00:00+03:00,10:00,5503.33,0.0,0,-5503.07,-5468.96
2026-06-07T11:00:00+03:00,11:00,5510.17,0.0,0,-5509.69,-5509.69
2026-06-07T12:00:00+03:00,12:00,5385.38,0.0,0,-5385.28,-5385.28
2026-06-07T13:00:00+03:00,13:00,3352.63,0.0,0,-3352.32,-2957.44
2026-06-07T14:00:00+03:00,14:00,3771.58,0.0,0,-3770.69,-3063.51
2026-06-07T15:00:00+03:00,15:00,3213.5,0.0,0,-3212.85,-2497.19
2026-06-07T16:00:00+03:00,16:00,2478.87,0.0,0,-2477.6,-1384.49
2026-06-07T17:00:00+03:00,17:00,2474.47,0.0,0,-2473.3,-350.75
2026-06-07T18:00:00+03:00,18:00,2695.17,0.0,0,-2681.97,-408.03
2026-06-07T19:00:00+03:00,19:00,2780.34,60.0,0,-2808.8,1076.63
2026-06-07T20:00:00+03:00,20:00,3481.33,0.0,0,-3480.13,791.42
2026-06-07T21:00:00+03:00,21:00,3465.92,0.0,0,-3464.87,832.54
2026-06-07T22:00:00+03:00,22:00,3238.0,0.0,0,-3236.89,463.73
2026-06-07T23:00:00+03:00,23:00,2633.92,0.0,0,-2633.17,-357.57
2026-06-08T00:00:00+03:00,00:00,2192.42,0.0,0,-2191.98,-754.61
2026-06-08T01:00:00+03:00,01:00,1944.0,0.0,0,-1943.56,-783.06
2026-06-08T02:00:00+03:00,02:00,1704.75,0.0,0,-1704.17,-1005.83
2026-06-08T03:00:00+03:00,03:00,1169.72,108.5,0,-1275.53,-651.06
2026-06-08T04:00:00+03:00,04:00,497.0,458.75,0,-955.75,-382.55
2026-06-08T05:00:00+03:00,05:00,892.63,280.58,0,-1159.25,-506.75
2026-06-08T06:00:00+03:00,06:00,1273.8,0.0,0,-1273.78,-336.23
2026-06-08T07:00:00+03:00,07:00,1577.0,0.0,0,-1572.56,-406.46
2026-06-08T08:00:00+03:00,08:00,1863.87,0.0,0,-1862.27,451.76
2026-06-08T09:00:00+03:00,09:00,2895.85,0.0,0,-2893.18,1031.32
2026-06-08T10:00:00+03:00,10:00,3369.25,0.0,0,-3361.83,663.5
2026-06-08T11:00:00+03:00,11:00,3572.27,0.0,0,-3497.52,814.46
2026-06-08T12:00:00+03:00,12:00,3914.13,0.0,0,-3875.45,-396.17
2026-06-08T13:00:00+03:00,13:00,3621.08,0.0,0,-3612.6,163.43
2026-06-08T14:00:00+03:00,14:00,3182.85,0.0,0,-3177.74,1088.78
2026-06-08T15:00:00+03:00,15:00,2992.33,0.0,0,-2989.46,893.01
2026-06-08T16:00:00+03:00,16:00,3379.52,0.0,0,-3366.55,1139.7
2026-06-08T17:00:00+03:00,17:00,3237.28,0.0,0,-3223.71,1252.4
2026-06-08T18:00:00+03:00,18:00,2842.05,0.0,0,-2824.02,1167.26
2026-06-08T19:00:00+03:00,19:00,1699.33,0.0,0,-1692.52,1776.61
2026-06-08T20:00:00+03:00,20:00,1663.2,54.25,0,-1715.99,940.42
2026-06-08T21:00:00+03:00,21:00,1351.12,321.67,0,-1607.17,1464.84
2026-06-08T22:00:00+03:00,22:00,3200.0,0.0,0,-2480.39,1038.45
2026-06-08T23:00:00+03:00,23:00,3149.67,0.0,0,-2901.55,1666.09
2026-06-09T00:00:00+03:00,00:00,3779.5,0.0,0,-3622.71,385.33
2026-06-09T01:00:00+03:00,01:00,3317.5,0.0,0,-3249.89,319.01
2026-06-09T02:00:00+03:00,02:00,2867.5,0.0,0,-2862.09,271.99
2026-06-09T03:00:00+03:00,03:00,2515.0,0.0,0,-2497.36,-271.57
2026-06-09T04:00:00+03:00,04:00,2402.5,0.0,0,-2401.82,-90.15
2026-06-09T05:00:00+03:00,05:00,2407.08,0.0,0,-2406.96,171.27
2026-06-09T06:00:00+03:00,06:00,2500.93,0.0,0,-2477.07,-182.87
2026-06-09T07:00:00+03:00,07:00,2214.17,0.0,0,-2213.12,-286.75
2026-06-09T08:00:00+03:00,08:00,2614.25,0.0,0,-2609.12,340.0
2026-06-09T09:00:00+03:00,09:00,3521.58,0.0,0,-3516.24,-11.9
2026-06-09T10:00:00+03:00,10:00,4295.6,0.0,0,-4268.92,-928.78
2026-06-09T11:00:00+03:00,11:00,4227.25,0.0,0,-4225.49,-820.66
2026-06-09T12:00:00+03:00,12:00,4239.67,0.0,0,-4238.21,-1234.28
2026-06-09T13:00:00+03:00,13:00,3710.4,0.0,0,-3705.35,-528.34
2026-06-09T14:00:00+03:00,14:00,3530.92,0.0,0,-3528.52,335.5
2026-06-09T15:00:00+03:00,15:00,3729.5,0.0,0,-3728.13,526.99
2026-06-09T16:00:00+03:00,16:00,3455.0,0.0,0,-3143.07,1239.49
2026-06-09T17:00:00+03:00,17:00,3233.52,0.0,0,-2659.89,1722.38
2026-06-09T18:00:00+03:00,18:00,3858.37,0.0,0,-3284.2,1089.89
2026-06-09T19:00:00+03:00,19:00,5069.0,0.0,0,-4775.69,90.49
2026-06-09T20:00:00+03:00,20:00,4798.33,0.0,0,-4462.45,-593.18
2026-06-09T21:00:00+03:00,21:00,4242.58,0.0,0,-3994.15,332.57
2026-06-09T22:00:00+03:00,22:00,4135.75,0.0,0,-3887.37,373.93
2026-06-09T23:00:00+03:00,23:00,3548.83,0.0,0,-3308.48,291.28
2026-06-10T00:00:00+03:00,00:00,3372.83,0.0,0,-3163.22,789.61
2026-06-10T01:00:00+03:00,01:00,2998.75,0.0,0,-2824.24,522.86
2026-06-10T02:00:00+03:00,02:00,2896.5,0.0,0,-2769.39,-8.56
2026-06-10T03:00:00+03:00,03:00,3318.17,0.0,0,-3179.76,-666.06
2026-06-10T04:00:00+03:00,04:00,3341.92,0.0,0,-3256.55,-452.17
2026-06-10T05:00:00+03:00,05:00,2885.75,0.0,0,-2880.73,-307.66
2026-06-10T06:00:00+03:00,06:00,2390.92,0.0,0,-2381.93,-541.44
2026-06-10T07:00:00+03:00,07:00,2217.63,0.0,0,-2213.9,-236.25
2026-06-10T08:00:00+03:00,08:00,3562.15,0.0,0,-3561.46,127.67
2026-06-10T09:00:00+03:00,09:00,4602.43,0.0,0,-4597.88,-6.33
2026-06-10T10:00:00+03:00,10:00,4795.0,0.0,0,-4790.44,-226.4
2026-06-10T11:00:00+03:00,11:00,4686.67,0.0,0,-4683.31,-42.95
2026-06-10T12:00:00+03:00,12:00,4900.0,0.0,0,-4885.3,-1406.73
2026-06-10T13:00:00+03:00,13:00,4086.27,0.0,0,-4031.92,-629.19
2026-06-10T14:00:00+03:00,14:00,4384.42,0.0,0,-4364.0,-229.18
2026-06-10T15:00:00+03:00,15:00,4705.13,0.0,0,-4648.62,-598.01
2026-06-10T16:00:00+03:00,16:00,4822.32,0.0,0,-4683.09,-134.57
2026-06-10T17:00:00+03:00,17:00,4243.13,0.0,0,-3965.21,-54.3
2026-06-10T18:00:00+03:00,18:00,4676.33,0.0,0,-4344.05,-736.11
2026-06-10T19:00:00+03:00,19:00,4444.7,0.0,0,-4145.78,-22.26
2026-06-10T20:00:00+03:00,20:00,4258.5,0.0,0,-3919.53,-252.41
2026-06-10T21:00:00+03:00,21:00,4261.17,0.0,0,-3987.07,215.73
2026-06-10T22:00:00+03:00,22:00,4625.58,0.0,0,-4371.82,-230.47
2026-06-10T23:00:00+03:00,23:00,4290.7,0.0,0,-4030.09,-327.12
2026-06-11T00:00:00+03:00,00:00,3960.33,0.0,0,-3693.62,-141.27
2026-06-11T01:00:00+03:00,01:00,3731.0,0.0,0,-3486.98,-157.27
2026-06-11T02:00:00+03:00,02:00,3482.48,0.0,0,-3241.6,-369.1
2026-06-11T03:00:00+03:00,03:00,3658.0,0.0,0,-3463.31,-581.38
2026-06-11T04:00:00+03:00,04:00,3421.0,0.0,0,-3221.38,-180.51
2026-06-11T05:00:00+03:00,05:00,3115.45,0.0,0,-3013.96,83.58
2026-06-11T06:00:00+03:00,06:00,2383.05,0.0,0,-2364.11,-340.11
2026-06-11T07:00:00+03:00,07:00,2176.5,0.0,0,-2173.92,-204.89
2026-06-11T08:00:00+03:00,08:00,3489.58,0.0,0,-3489.29,74.94
2026-06-11T09:00:00+03:00,09:00,4536.3,0.0,0,-4472.44,717.72
2026-06-11T10:00:00+03:00,10:00,5564.37,0.0,0,-5414.13,-13.7
2026-06-11T11:00:00+03:00,11:00,5694.5,0.0,0,-5512.81,-373.37
2026-06-11T12:00:00+03:00,12:00,5935.92,0.0,0,-5776.76,-1607.73
2026-06-11T13:00:00+03:00,13:00,5998.77,0.0,0,-5829.75,-1022.77
2026-06-11T14:00:00+03:00,14:00,5669.32,0.0,0,-5632.26,-195.79
2026-06-11T15:00:00+03:00,15:00,6218.05,0.0,0,-6137.97,-590.84
2026-06-11T16:00:00+03:00,16:00,6318.07,0.0,0,-6082.13,-225.49
2026-06-11T17:00:00+03:00,17:00,6317.83,0.0,0,-6016.85,-100.47
2026-06-11T18:00:00+03:00,18:00,5855.88,0.0,0,-5541.07,73.86
2026-06-11T19:00:00+03:00,19:00,4859.12,0.0,0,-4555.59,322.46
2026-06-11T20:00:00+03:00,20:00,4148.12,0.0,0,-4136.15,304.68
2026-06-11T21:00:00+03:00,21:00,3755.45,0.0,0,-3639.67,982.23
2026-06-11T22:00:00+03:00,22:00,4899.17,0.0,0,-4592.72,1136.97
2026-06-11T23:00:00+03:00,23:00,5172.37,0.0,0,-4866.9,653.73
2026-06-12T00:00:00+03:00,00:00,3754.58,0.0,0,-3461.7,531.47
2026-06-12T01:00:00+03:00,01:00,3851.83,0.0,0,-3589.21,607.92
2026-06-12T02:00:00+03:00,02:00,3829.18,0.0,0,-3571.26,421.58
2026-06-12T03:00:00+03:00,03:00,4066.0,0.0,0,-3810.49,211.59
2026-06-12T04:00:00+03:00,04:00,3786.75,0.0,0,-3535.04,189.5
2026-06-12T05:00:00+03:00,05:00,3809.17,0.0,0,-3635.31,261.11
2026-06-12T06:00:00+03:00,06:00,3431.85,0.0,0,-3373.53,99.72
2026-06-12T07:00:00+03:00,07:00,2860.42,0.0,0,-2852.99,-87.94
2026-06-12T08:00:00+03:00,08:00,4258.0,0.0,0,-4257.18,277.31
2026-06-12T09:00:00+03:00,09:00,4677.4,0.0,0,-4608.71,789.72
2026-06-12T10:00:00+03:00,10:00,4925.07,0.0,0,-4786.23,567.48
2026-06-12T11:00:00+03:00,11:00,4752.0,0.0,0,-4613.28,779.26
2026-06-12T12:00:00+03:00,12:00,4718.0,0.0,0,-4577.76,188.44
2026-06-12T13:00:00+03:00,13:00,4652.98,0.0,0,-4580.8,-539.18
2026-06-12T14:00:00+03:00,14:00,4934.32,0.0,0,-4919.01,354.56
2026-06-12T15:00:00+03:00,15:00,5879.42,0.0,0,-5874.03,-548.76
2026-06-12T16:00:00+03:00,16:00,6292.78,0.0,0,-6202.15,-1071.32
2026-06-12T17:00:00+03:00,17:00,4722.22,0.0,0,-4564.23,-281.03
2026-06-12T18:00:00+03:00,18:00,4558.83,0.0,0,-4231.52,-305.97
2026-06-12T19:00:00+03:00,19:00,4284.0,0.0,0,-3997.83,-144.57
2026-06-12T20:00:00+03:00,20:00,4407.75,0.0,0,-4075.96,-1215.53
2026-06-12T21:00:00+03:00,21:00,4442.0,0.0,0,-3944.35,-1299.3
2026-06-12T22:00:00+03:00,22:00,3502.9,0.0,0,-3305.54,-1019.84
2026-06-12T23:00:00+03:00,23:00,2503.12,0.0,0,-2392.62,-531.17
2026-06-13T00:00:00+03:00,00:00,3041.45,0.0,0,-3006.07,-906.84
2026-06-13T01:00:00+03:00,01:00,2920.17,0.0,0,-2918.07,-608.07
2026-06-13T02:00:00+03:00,02:00,2867.18,0.0,0,-2866.5,-656.97
2026-06-13T03:00:00+03:00,03:00,2615.0,0.0,0,-2614.11,-762.34
2026-06-13T04:00:00+03:00,04:00,2370.65,0.0,0,-2370.65,-605.5
2026-06-13T05:00:00+03:00,05:00,1914.03,0.0,0,-1911.48,-41.95
2026-06-13T06:00:00+03:00,06:00,1791.58,0.0,0,-1771.55,-630.38
2026-06-13T07:00:00+03:00,07:00,1715.63,0.0,0,-1703.85,-294.52
2026-06-13T08:00:00+03:00,08:00,2281.92,0.0,0,-2276.63,-1098.63
2026-06-13T09:00:00+03:00,09:00,1941.78,0.0,0,-1938.65,-728.17
2026-06-13T10:00:00+03:00,10:00,2750.58,0.0,0,-2747.59,-1128.59
2026-06-13T11:00:00+03:00,11:00,2835.45,0.0,0,-2824.42,-975.42
2026-06-13T12:00:00+03:00,12:00,2683.0,0.0,0,-2679.89,-758.53
2026-06-13T13:00:00+03:00,13:00,2502.08,0.0,0,-2486.13,263.37
2026-06-13T14:00:00+03:00,14:00,2191.32,0.0,0,-2190.82,1551.08
2026-06-13T15:00:00+03:00,15:00,2708.32,0.0,0,-2696.09,774.19
2026-06-13T16:00:00+03:00,16:00,2767.8,0.0,0,-2767.8,592.45
2026-06-13T17:00:00+03:00,17:00,3065.67,0.0,0,-3062.41,44.87
2026-06-13T18:00:00+03:00,18:00,3555.72,0.0,0,-3551.07,-461.57
2026-06-13T19:00:00+03:00,19:00,3332.13,0.0,0,-3314.07,-642.39
2026-06-13T20:00:00+03:00,20:00,3633.42,0.0,0,-3596.87,-951.41
2026-06-13T21:00:00+03:00,21:00,2881.33,0.0,0,-2868.61,310.39
2026-06-13T22:00:00+03:00,22:00,2634.67,0.0,0,-2620.72,390.28
2026-06-13T23:00:00+03:00,23:00,2864.08,0.0,0,-2863.61,-626.44
2026-06-14T00:00:00+03:00,00:00,2557.25,0.0,0,-2550.16,-484.02
2026-06-14T01:00:00+03:00,01:00,2101.37,0.0,0,-1964.57,-569.9
2026-06-14T02:00:00+03:00,02:00,1689.83,0.0,0,-1687.57,-512.15
2026-06-14T03:00:00+03:00,03:00,1625.25,0.0,0,-1625.04,-675.04
2026-06-14T04:00:00+03:00,04:00,1551.12,0.0,0,-1548.79,-598.79
2026-06-14T05:00:00+03:00,05:00,1938.73,0.0,0,-1857.9,-1066.24
2026-06-14T06:00:00+03:00,06:00,978.65,0.0,0,-937.41,-366.55
2026-06-14T07:00:00+03:00,07:00,845.38,0.0,0,-844.87,191.3
2026-06-14T08:00:00+03:00,08:00,1830.25,0.0,0,-1823.26,-1198.26
2026-06-14T09:00:00+03:00,09:00,2771.88,0.0,0,-2767.07,-2317.69
2026-06-14T10:00:00+03:00,10:00,4516.23,0.0,0,-4479.69,-4243.09
2026-06-14T11:00:00+03:00,11:00,3867.2,0.0,0,-3866.69,-3866.69
2026-06-14T12:00:00+03:00,12:00,3524.0,0.0,0,-3523.0,-3523.0
2026-06-14T13:00:00+03:00,13:00,2950.42,0.0,0,-2943.12,-2943.12
2026-06-14T14:00:00+03:00,14:00,1770.0,0.0,0,-1764.49,-1764.49
2026-06-14T15:00:00+03:00,15:00,603.62,0.0,0,-555.92,-397.4
2026-06-14T16:00:00+03:00,16:00,573.54,0.0,0,-573.48,457.6
2026-06-14T17:00:00+03:00,17:00,2595.67,0.0,0,-2575.72,-1354.58
2026-06-14T18:00:00+03:00,18:00,2971.03,0.0,0,-2964.42,-497.89
2026-06-14T19:00:00+03:00,19:00,3662.63,0.0,0,-3660.31,-147.28
2026-06-14T20:00:00+03:00,20:00,3767.38,0.0,0,-3758.58,-535.56
2026-06-14T21:00:00+03:00,21:00,3274.5,0.0,0,-3269.5,-58.97
2026-06-14T22:00:00+03:00,22:00,3334.67,0.0,0,-3283.34,-33.88
2026-06-14T23:00:00+03:00,23:00,2843.0,0.0,0,-2801.11,334.66
2026-06-15T00:00:00+03:00,00:00,2735.58,0.0,0,-2733.78,243.07
2026-06-15T01:00:00+03:00,01:00,2527.85,0.0,0,-2525.47,-25.55
2026-06-15T02:00:00+03:00,02:00,1961.75,0.0,0,-1960.19,-264.62
2026-06-15T03:00:00+03:00,03:00,1843.5,0.0,0,-1839.21,-383.55
2026-06-15T04:00:00+03:00,04:00,1849.0,0.0,0,-1818.86,-605.52
2026-06-15T05:00:00+03:00,05:00,2044.83,0.0,0,-2015.68,-729.18
2026-06-15T06:00:00+03:00,06:00,1837.47,0.0,0,-1834.54,-775.04
2026-06-15T07:00:00+03:00,07:00,2884.5,0.0,0,-2878.06,-1180.06
2026-06-15T08:00:00+03:00,08:00,3891.47,0.0,0,-3882.68,170.81
2026-06-15T09:00:00+03:00,09:00,5093.17,0.0,0,-5081.95,-191.4
2026-06-15T10:00:00+03:00,10:00,5288.5,0.0,0,-5271.77,-420.03
2026-06-15T11:00:00+03:00,11:00,5191.0,0.0,0,-5168.84,-145.89
2026-06-15T12:00:00+03:00,12:00,5005.0,0.0,0,-4992.96,-731.5
2026-06-15T13:00:00+03:00,13:00,4763.92,0.0,0,-4736.76,-399.65
2026-06-15T14:00:00+03:00,14:00,4923.45,0.0,0,-4896.94,-342.59
2026-06-15T15:00:00+03:00,15:00,5715.5,0.0,0,-5700.49,-55.83
2026-06-15T16:00:00+03:00,16:00,6741.52,0.0,0,-6683.9,-788.15
2026-06-15T17:00:00+03:00,17:00,6522.33,0.0,0,-6346.13,-327.84
2026-06-15T18:00:00+03:00,18:00,5705.62,0.0,0,-5391.66,256.98
2026-06-15T19:00:00+03:00,19:00,4466.78,0.0,0,-4168.49,609.82
2026-06-15T20:00:00+03:00,20:00,3978.17,0.0,0,-3774.45,567.48
2026-06-15T21:00:00+03:00,21:00,2458.77,204.67,0,-2647.23,1801.05
2026-06-15T22:00:00+03:00,22:00,4155.64,0.0,0,-3620.0,1749.48
2026-06-15T23:00:00+03:00,23:00,4984.85,0.0,0,-4588.35,875.0
2026-06-16T00:00:00+03:00,00:00,4791.35,0.0,0,-4312.02,705.3
2026-06-16T01:00:00+03:00,01:00,4394.67,0.0,0,-4081.27,1028.37
2026-06-16T02:00:00+03:00,02:00,3820.0,0.0,0,-3621.44,367.56
2026-06-16T03:00:00+03:00,03:00,4127.0,0.0,0,-3948.4,3.47
2026-06-16T04:00:00+03:00,04:00,3825.08,0.0,0,-3735.55,473.03
2026-06-16T05:00:00+03:00,05:00,3390.5,0.0,0,-3386.97,857.03
2026-06-16T06:00:00+03:00,06:00,2491.17,0.0,0,-2487.79,351.11
2026-06-16T07:00:00+03:00,07:00,2491.25,0.0,0,-2489.58,-169.58
2026-06-16T08:00:00+03:00,08:00,3938.67,0.0,0,-3936.04,676.42
2026-06-16T09:00:00+03:00,09:00,4123.58,0.0,0,-4119.36,1099.24
2026-06-16T10:00:00+03:00,10:00,4439.0,0.0,0,-4432.62,765.38
2026-06-16T11:00:00+03:00,11:00,4648.0,0.0,0,-4645.07,771.93
2026-06-16T12:00:00+03:00,12:00,4523.83,0.0,0,-4521.79,429.86
2026-06-16T13:00:00+03:00,13:00,4637.67,0.0,0,-4635.34,802.25
2026-06-16T14:00:00+03:00,14:00,5483.83,0.0,0,-5477.72,596.02
2026-06-16T15:00:00+03:00,15:00,6022.92,0.0,0,-5942.47,237.09
2026-06-16T16:00:00+03:00,16:00,5800.0,0.0,0,-5742.39,511.7
2026-06-16T17:00:00+03:00,17:00,5735.58,0.0,0,-5295.93,848.97
2026-06-16T18:00:00+03:00,18:00,5348.42,0.0,0,-4728.83,1218.7
2026-06-16T19:00:00+03:00,19:00,4268.25,0.0,0,-3630.53,1298.13
2026-06-16T20:00:00+03:00,20:00,4538.0,0.0,0,-3977.47,910.43
2026-06-16T21:00:00+03:00,21:00,4847.17,0.0,0,-4474.44,833.56
2026-06-16T22:00:00+03:00,22:00,5861.42,0.0,0,-5406.18,830.34
2026-06-16T23:00:00+03:00,23:00,5830.52,0.0,0,-5275.47,777.58
2026-06-17T00:00:00+03:00,00:00,5420.58,0.0,0,-5002.85,10.91
2026-06-17T01:00:00+03:00,01:00,4422.75,0.0,0,-4312.36,-175.12
2026-06-17T02:00:00+03:00,02:00,3008.17,0.0,0,-3002.6,-118.03
2026-06-17T03:00:00+03:00,03:00,2100.25,0.0,0,-2097.18,169.91
2026-06-17T04:00:00+03:00,04:00,2356.83,0.0,0,-2348.14,-84.12
2026-06-17T05:00:00+03:00,05:00,2489.67,0.0,0,-2479.75,-215.75
2026-06-17T06:00:00+03:00,06:00,2285.92,0.0,0,-2284.24,-135.82
2026-06-17T07:00:00+03:00,07:00,2568.3,0.0,0,-2566.07,243.93
2026-06-17T08:00:00+03:00,08:00,2553.03,0.0,0,-2549.98,1337.97
2026-06-17T09:00:00+03:00,09:00,0.0,0.0,0,0.0,0.0
2026-06-17T10:00:00+03:00,10:00,0.0,0.0,0,0.0,0.0
2026-06-17T11:00:00+03:00,11:00,0.0,0.0,0,0.0,0.0
2026-06-17T12:00:00+03:00,12:00,0.0,0.0,0,0.0,0.0
2026-06-17T13:00:00+03:00,13:00,0.0,0.0,0,0.0,0.0
2026-06-17T14:00:00+03:00,14:00,0.0,0.0,0,0.0,0.0
2026-06-17T15:00:00+03:00,15:00,0.0,0.0,0,0.0,0.0
2026-06-17T16:00:00+03:00,16:00,0.0,0.0,0,0.0,0.0
2026-06-17T17:00:00+03:00,17:00,0.0,0.0,0,0.0,0.0
2026-06-17T18:00:00+03:00,18:00,0.0,0.0,0,0.0,0.0
2026-06-17T19:00:00+03:00,19:00,0.0,0.0,0,0.0,0.0
2026-06-17T20:00:00+03:00,20:00,0.0,0.0,0,0.0,0.0
2026-06-17T21:00:00+03:00,21:00,0.0,0.0,0,0.0,0.0
2026-06-17T22:00:00+03:00,22:00,0.0,0.0,0,0.0,0.0
2026-06-17T23:00:00+03:00,23:00,0.0,0.0,0,0.0,0.0
2026-06-18T00:00:00+03:00,00:00,3423.08,0.0,0,-3102.76,854.55
2026-06-18T01:00:00+03:00,01:00,2874.58,0.0,0,-2865.66,972.2
2026-06-18T02:00:00+03:00,02:00,2340.08,0.0,0,-2337.07,906.17
2026-06-18T03:00:00+03:00,03:00,1856.0,0.0,0,-1855.56,673.66
2026-06-18T04:00:00+03:00,04:00,1669.33,0.0,0,-1668.89,369.11
2026-06-18T05:00:00+03:00,05:00,1714.08,0.0,0,-1712.47,325.53
2026-06-18T06:00:00+03:00,06:00,1598.17,0.0,0,-1595.55,442.45
2026-06-18T07:00:00+03:00,07:00,3010.32,0.0,0,-2987.63,-23.73
2026-06-18T08:00:00+03:00,08:00,3767.75,0.0,0,-3760.93,733.78
2026-06-18T09:00:00+03:00,09:00,4324.67,0.0,0,-4323.67,643.55
2026-06-18T10:00:00+03:00,10:00,3784.47,0.0,0,-3774.25,883.45
2026-06-18T11:00:00+03:00,11:00,4092.0,0.0,0,-4090.01,956.1
2026-06-18T12:00:00+03:00,12:00,4488.47,0.0,0,-4472.75,80.25
2026-06-18T13:00:00+03:00,13:00,3982.0,0.0,0,-3944.29,405.29
2026-06-18T14:00:00+03:00,14:00,3593.0,0.0,0,-3592.25,945.62
2026-06-18T15:00:00+03:00,15:00,3838.37,0.0,0,-3831.43,338.72
2026-06-18T16:00:00+03:00,16:00,3809.37,0.0,0,-3805.15,261.36
2026-06-18T17:00:00+03:00,17:00,4289.42,0.0,0,-4273.12,341.82
2026-06-18T18:00:00+03:00,18:00,4427.75,0.0,0,-4355.14,93.61
2026-06-18T19:00:00+03:00,19:00,3204.33,0.0,0,-3075.83,113.07
2026-06-18T20:00:00+03:00,20:00,3414.42,0.0,0,-3179.61,-582.94
2026-06-18T21:00:00+03:00,21:00,3053.25,0.0,0,-2942.48,-636.48
2026-06-18T22:00:00+03:00,22:00,2738.0,0.0,0,-2733.14,-422.14
2026-06-18T23:00:00+03:00,23:00,2447.67,0.0,0,-2446.24,-948.24
2026-06-19T00:00:00+03:00,00:00,1674.2,0.0,0,-1673.55,-1189.93
2026-06-19T01:00:00+03:00,01:00,1510.5,0.0,0,-1510.47,-1386.39
2026-06-19T02:00:00+03:00,02:00,1277.05,0.0,0,-1275.22,-1222.15
2026-06-19T03:00:00+03:00,03:00,1532.33,0.0,0,-1528.46,-1401.54
2026-06-19T04:00:00+03:00,04:00,1368.42,0.0,0,-1368.42,-1338.75
2026-06-19T05:00:00+03:00,05:00,1208.55,0.0,0,-1190.16,-1138.24
2026-06-19T06:00:00+03:00,06:00,1428.5,0.0,0,-1428.5,-1385.5
2026-06-19T07:00:00+03:00,07:00,1742.92,0.0,0,-1742.01,-483.51
2026-06-19T08:00:00+03:00,08:00,786.38,0.0,0,-759.51,518.07
2026-06-19T09:00:00+03:00,09:00,569.03,186.83,0,-719.05,1501.23
2026-06-19T10:00:00+03:00,10:00,2004.83,0.0,0,-2000.53,1037.27
2026-06-19T11:00:00+03:00,11:00,1859.83,0.0,0,-1850.73,1390.96
2026-06-19T12:00:00+03:00,12:00,2122.08,0.0,0,-2096.83,1264.01
2026-06-19T13:00:00+03:00,13:00,2571.58,0.0,0,-2565.66,-588.8
2026-06-19T14:00:00+03:00,14:00,3187.65,0.0,0,-3148.87,169.28
2026-06-19T15:00:00+03:00,15:00,3471.0,0.0,0,-3465.83,-538.63
2026-06-19T16:00:00+03:00,16:00,3517.42,0.0,0,-3512.96,-825.36
2026-06-19T17:00:00+03:00,17:00,4126.0,0.0,0,-4124.1,-1025.62
2026-06-19T18:00:00+03:00,18:00,4919.53,0.0,0,-4809.24,-1436.59
2026-06-19T19:00:00+03:00,19:00,4612.78,0.0,0,-4516.01,-1369.38
2026-06-19T20:00:00+03:00,20:00,3679.68,0.0,0,-3480.51,-886.43
2026-06-19T21:00:00+03:00,21:00,3071.35,0.0,0,-2774.01,-599.39
2026-06-19T22:00:00+03:00,22:00,2887.75,0.0,0,-2670.17,-1690.17
2026-06-19T23:00:00+03:00,23:00,2686.33,0.0,0,-2580.82,-1044.33
2026-06-20T00:00:00+03:00,00:00,2317.47,0.0,0,-2312.24,-914.44
2026-06-20T01:00:00+03:00,01:00,1906.07,0.0,0,-1904.98,-951.06
2026-06-20T02:00:00+03:00,02:00,1818.1,0.0,0,-1800.56,-1060.56
2026-06-20T03:00:00+03:00,03:00,1918.83,0.0,0,-1909.08,-1111.52
2026-06-20T04:00:00+03:00,04:00,1719.25,0.0,0,-1719.25,-844.25
2026-06-20T05:00:00+03:00,05:00,1902.03,0.0,0,-1894.53,-1042.03
2026-06-20T06:00:00+03:00,06:00,1972.6,0.0,0,-1943.55,-1145.2
2026-06-20T07:00:00+03:00,07:00,1923.25,0.0,0,-1916.35,-500.35
2026-06-20T08:00:00+03:00,08:00,2349.75,0.0,0,-2346.75,-820.75
2026-06-20T09:00:00+03:00,09:00,2367.08,0.0,0,-2366.58,-706.65
2026-06-20T10:00:00+03:00,10:00,2321.27,0.0,0,-2315.77,-607.57
2026-06-20T11:00:00+03:00,11:00,2312.67,0.0,0,-2310.17,-606.05
2026-06-20T12:00:00+03:00,12:00,2256.58,0.0,0,-2255.58,-554.96
2026-06-20T13:00:00+03:00,13:00,2319.83,0.0,0,-2319.33,-284.85
2026-06-20T14:00:00+03:00,14:00,3409.83,0.0,0,-3407.33,-562.87
2026-06-20T15:00:00+03:00,15:00,3419.0,0.0,0,-3417.0,-541.61
2026-06-20T16:00:00+03:00,16:00,3510.85,0.0,0,-3509.34,-632.13
2026-06-20T17:00:00+03:00,17:00,3642.05,0.0,0,-3630.41,-1152.66
2026-06-20T18:00:00+03:00,18:00,2819.1,0.0,0,-2813.49,-97.01
2026-06-20T19:00:00+03:00,19:00,2900.17,0.0,0,-2863.67,740.62
2026-06-20T20:00:00+03:00,20:00,3223.33,0.0,0,-3103.36,-37.09
2026-06-20T21:00:00+03:00,21:00,2836.17,0.0,0,-2705.13,540.07
2026-06-20T22:00:00+03:00,22:00,2994.88,0.0,0,-2938.84,-41.18
2026-06-20T23:00:00+03:00,23:00,2693.07,0.0,0,-2680.29,-367.25
2026-06-21T00:00:00+03:00,00:00,1570.58,0.0,0,-1570.3,398.44
2026-06-21T01:00:00+03:00,01:00,1195.75,0.0,0,-1195.61,265.16
2026-06-21T02:00:00+03:00,02:00,1186.25,0.0,0,-1168.03,256.64
2026-06-21T03:00:00+03:00,03:00,1147.37,0.0,0,-1147.11,-210.38
2026-06-21T04:00:00+03:00,04:00,703.6,0.0,0,-703.59,-301.87
2026-06-21T05:00:00+03:00,05:00,550.63,0.0,0,-536.96,-296.96
2026-06-21T06:00:00+03:00,06:00,1224.2,0.0,0,-1179.87,-741.59
2026-06-21T07:00:00+03:00,07:00,1102.25,0.0,0,-1085.42,-732.25
2026-06-21T08:00:00+03:00,08:00,3033.57,0.0,0,-3020.57,-3020.57
2026-06-21T09:00:00+03:00,09:00,4901.02,0.0,0,-4900.96,-4900.96
2026-06-21T10:00:00+03:00,10:00,5785.0,0.0,0,-5785.0,-5785.0
2026-06-21T11:00:00+03:00,11:00,5889.0,0.0,0,-5889.0,-5889.0
2026-06-21T12:00:00+03:00,12:00,5891.1,0.0,0,-5891.1,-5891.1
2026-06-21T13:00:00+03:00,13:00,5327.52,0.0,0,-5327.14,-5327.14
2026-06-21T14:00:00+03:00,14:00,4080.1,0.0,0,-4079.01,-4079.01
2026-06-21T15:00:00+03:00,15:00,1932.45,0.0,0,-1932.45,-1892.12
2026-06-21T16:00:00+03:00,16:00,145.13,0.0,0,-98.51,407.6
2026-06-21T17:00:00+03:00,17:00,1275.23,0.0,0,-1260.25,-129.93
2026-06-21T18:00:00+03:00,18:00,1220.35,0.0,0,-1217.35,518.03
2026-06-21T19:00:00+03:00,19:00,1893.38,0.0,0,-1812.66,902.83
2026-06-21T20:00:00+03:00,20:00,2730.58,0.0,0,-2686.04,616.69
2026-06-21T21:00:00+03:00,21:00,2408.75,0.0,0,-2392.72,431.28
2026-06-21T22:00:00+03:00,22:00,2487.17,0.0,0,-2483.54,323.46
2026-06-21T23:00:00+03:00,23:00,2365.52,0.0,0,-2362.7,188.25
2026-06-22T00:00:00+03:00,00:00,2177.33,0.0,0,-2173.69,319.88
2026-06-22T01:00:00+03:00,01:00,1992.75,0.0,0,-1992.75,-268.85
2026-06-22T02:00:00+03:00,02:00,1371.05,0.0,0,-1370.65,77.13
2026-06-22T03:00:00+03:00,03:00,1154.0,0.0,0,-1153.6,-374.35
2026-06-22T04:00:00+03:00,04:00,874.12,0.0,0,-873.71,-601.56
2026-06-22T05:00:00+03:00,05:00,291.72,0.0,0,-290.0,-26.66
2026-06-22T06:00:00+03:00,06:00,223.07,0.0,0,-208.74,262.7
2026-06-22T07:00:00+03:00,07:00,618.33,0.0,0,-613.62,174.38
2026-06-22T08:00:00+03:00,08:00,1341.0,40.52,0,-1381.45,465.03
2026-06-22T09:00:00+03:00,09:00,1931.05,52.43,0,-1978.1,1406.95
2026-06-22T10:00:00+03:00,10:00,2992.83,0.0,0,-2980.22,395.78
2026-06-22T11:00:00+03:00,11:00,2981.78,0.0,0,-2940.16,452.84
2026-06-22T12:00:00+03:00,12:00,3725.0,0.0,0,-3584.89,-572.72
2026-06-22T13:00:00+03:00,13:00,3216.32,0.0,0,-3212.0,211.84
2026-06-22T14:00:00+03:00,14:00,2711.0,0.0,0,-2710.5,1014.27
2026-06-22T15:00:00+03:00,15:00,3383.18,0.0,0,-3346.03,713.49
2026-06-22T16:00:00+03:00,16:00,3336.67,0.0,0,-3248.16,1088.69
2026-06-22T17:00:00+03:00,17:00,3497.4,0.0,0,-3416.26,1368.45
2026-06-22T18:00:00+03:00,18:00,2307.17,417.58,0,-2613.25,1338.01
2026-06-22T19:00:00+03:00,19:00,0.0,1538.2,0,-1534.53,1383.49
2026-06-22T20:00:00+03:00,20:00,0.0,1330.83,0,-1324.23,1350.69
2026-06-22T21:00:00+03:00,21:00,23.8,1226.05,0,-1249.53,1454.54
2026-06-22T22:00:00+03:00,22:00,463.8,711.0,0,-1140.2,1471.95
2026-06-22T23:00:00+03:00,23:00,988.23,198.0,0,-1060.63,1872.52
2026-06-23T00:00:00+03:00,00:00,2707.22,0.0,0,-2278.05,1350.76
2026-06-23T01:00:00+03:00,01:00,2667.26,0.0,0,-2318.21,891.53
2026-06-23T02:00:00+03:00,02:00,2680.0,0.0,0,-2352.28,554.59
2026-06-23T03:00:00+03:00,03:00,2295.05,0.0,0,-2274.96,322.93
2026-06-23T04:00:00+03:00,04:00,1149.43,0.0,0,-1148.43,510.75
2026-06-23T05:00:00+03:00,05:00,449.98,0.0,0,-443.98,199.6
2026-06-23T06:00:00+03:00,06:00,220.93,0.0,0,-220.93,3.87
2026-06-23T07:00:00+03:00,07:00,1063.29,0.0,0,-1058.05,626.06
2026-06-23T08:00:00+03:00,08:00,1577.83,281.75,0,-1834.01,1133.09
2026-06-23T09:00:00+03:00,09:00,1464.23,401.92,0,-1861.05,2168.93
2026-06-23T10:00:00+03:00,10:00,2567.0,0.0,0,-2549.22,1308.77
2026-06-23T11:00:00+03:00,11:00,2498.83,0.0,0,-2497.65,1357.42
2026-06-23T12:00:00+03:00,12:00,2669.0,0.0,0,-2667.0,-685.09
2026-06-23T13:00:00+03:00,13:00,3032.12,0.0,0,-3030.45,314.94
2026-06-23T14:00:00+03:00,14:00,3712.17,0.0,0,-3695.19,-359.75
2026-06-23T15:00:00+03:00,15:00,3705.05,0.0,0,-3646.39,-721.98
2026-06-23T16:00:00+03:00,16:00,3821.53,0.0,0,-3753.94,-194.48
2026-06-23T17:00:00+03:00,17:00,4471.58,0.0,0,-4014.08,75.41
2026-06-23T18:00:00+03:00,18:00,3527.85,0.0,0,-3168.32,257.24
2026-06-23T19:00:00+03:00,19:00,1508.9,0.0,0,-1508.86,875.86
2026-06-23T20:00:00+03:00,20:00,3443.39,0.0,0,-2516.58,-261.95
2026-06-23T21:00:00+03:00,21:00,2587.1,0.0,0,-2567.81,82.46
2026-06-23T22:00:00+03:00,22:00,2314.97,0.0,0,-2299.46,324.86
2026-06-23T23:00:00+03:00,23:00,2496.58,0.0,0,-2463.39,-269.89
2026-06-24T00:00:00+03:00,00:00,1710.5,0.0,0,-1686.02,-489.68
2026-06-24T01:00:00+03:00,01:00,1769.9,0.0,0,-1738.45,-998.45
2026-06-24T02:00:00+03:00,02:00,1315.0,0.0,0,-1314.99,-630.99
2026-06-24T03:00:00+03:00,03:00,1219.0,0.0,0,-1219.0,-719.0
2026-06-24T04:00:00+03:00,04:00,1336.83,0.0,0,-1333.43,-867.77
2026-06-24T05:00:00+03:00,05:00,398.97,0.0,0,-398.97,-268.55
2026-06-24T06:00:00+03:00,06:00,246.1,0.0,0,-181.98,2.77
2026-06-24T07:00:00+03:00,07:00,1304.82,0.0,0,-1290.39,-443.72
2026-06-24T08:00:00+03:00,08:00,2071.53,0.0,0,-2060.43,-594.96
2026-06-24T09:00:00+03:00,09:00,2482.42,0.0,0,-2458.7,-624.94
2026-06-24T10:00:00+03:00,10:00,3217.1,0.0,0,-3206.58,-1572.95
2026-06-24T11:00:00+03:00,11:00,2938.0,0.0,0,-2929.88,-1248.52
2026-06-24T12:00:00+03:00,12:00,2669.0,0.0,0,-2665.98,-1147.48
2026-06-24T13:00:00+03:00,13:00,2811.1,0.0,0,-2809.87,-1212.55
2026-06-24T14:00:00+03:00,14:00,3014.0,0.0,0,-3010.07,-718.03
2026-06-24T15:00:00+03:00,15:00,3177.72,0.0,0,-3150.64,-668.14
2026-06-24T16:00:00+03:00,16:00,2873.25,0.0,0,-2871.33,-485.43
2026-06-24T17:00:00+03:00,17:00,3021.5,0.0,0,-3018.54,1137.31
2026-06-24T18:00:00+03:00,18:00,2795.5,0.0,0,-2791.94,547.71
2026-06-24T19:00:00+03:00,19:00,1629.47,0.0,0,-1628.69,474.13
2026-06-24T20:00:00+03:00,20:00,1935.07,0.0,0,-1736.15,778.86
2026-06-24T21:00:00+03:00,21:00,1480.37,0.0,0,-1474.16,1079.63
2026-06-24T22:00:00+03:00,22:00,796.47,0.0,0,-766.44,923.56
2026-06-24T23:00:00+03:00,23:00,1218.78,0.0,0,-1051.22,88.78
2026-06-25T00:00:00+03:00,00:00,894.43,0.0,0,-893.06,339.51
2026-06-25T01:00:00+03:00,01:00,272.9,0.0,0,-272.31,507.69
2026-06-25T02:00:00+03:00,02:00,0.0,0.0,0,0.0,212.5
2026-06-25T03:00:00+03:00,03:00,91.83,0.0,0,-91.83,268.72
2026-06-25T04:00:00+03:00,04:00,59.42,0.0,0,-58.17,599.54
2026-06-25T05:00:00+03:00,05:00,190.48,0.0,0,-110.88,300.15
2026-06-25T06:00:00+03:00,06:00,494.88,0.0,0,-414.79,-385.46
2026-06-25T07:00:00+03:00,07:00,543.37,0.0,0,-528.26,267.18
2026-06-25T08:00:00+03:00,08:00,1234.27,0.0,0,-1223.04,614.09
2026-06-25T09:00:00+03:00,09:00,2168.52,0.0,0,-2088.19,827.17
2026-06-25T10:00:00+03:00,10:00,2826.5,0.0,0,-2582.54,755.37
2026-06-25T11:00:00+03:00,11:00,3129.87,0.0,0,-2898.02,951.62
2026-06-25T12:00:00+03:00,12:00,2544.92,0.0,0,-2249.85,659.15
2026-06-25T13:00:00+03:00,13:00,2412.75,0.0,0,-2217.24,1528.51
2026-06-25T14:00:00+03:00,14:00,1828.65,0.0,0,-1826.5,2768.39
2026-06-25T15:00:00+03:00,15:00,2213.43,0.0,0,-2202.51,2272.75
2026-06-25T16:00:00+03:00,16:00,2259.97,0.0,0,-2187.97,2107.86
2026-06-25T17:00:00+03:00,17:00,1313.33,0.0,0,-1305.2,2420.72
2026-06-25T18:00:00+03:00,18:00,1073.97,0.0,0,-1073.87,1692.64
2026-06-25T19:00:00+03:00,19:00,0.0,686.67,0,-685.93,2481.99
2026-06-25T20:00:00+03:00,20:00,0.0,460.55,0,-457.2,2160.08
2026-06-25T21:00:00+03:00,21:00,0.0,102.67,0,-102.67,2359.98
2026-06-25T22:00:00+03:00,22:00,145.25,0.0,0,-145.25,2178.26
2026-06-25T23:00:00+03:00,23:00,124.25,0.0,0,-122.25,2062.72
2026-06-26T00:00:00+03:00,00:00,167.5,0.0,0,-167.38,1360.76
2026-06-26T01:00:00+03:00,01:00,174.5,0.0,0,-174.37,690.12
2026-06-26T02:00:00+03:00,02:00,58.5,0.0,0,-58.5,304.67
2026-06-26T03:00:00+03:00,03:00,0.0,0.0,0,0.0,266.54
2026-06-26T04:00:00+03:00,04:00,0.0,0.0,0,0.0,305.3
2026-06-26T05:00:00+03:00,05:00,0.0,0.0,0,0.0,0.0
2026-06-26T06:00:00+03:00,06:00,738.17,0.0,0,-530.17,-525.17
2026-06-26T07:00:00+03:00,07:00,1087.73,0.0,0,-1065.61,426.42
2026-06-26T08:00:00+03:00,08:00,2345.0,0.0,0,-2341.39,369.06
2026-06-26T09:00:00+03:00,09:00,2272.37,0.0,0,-2268.22,578.26
2026-06-26T10:00:00+03:00,10:00,2397.47,0.0,0,-2390.59,578.43
2026-06-26T11:00:00+03:00,11:00,2356.25,0.0,0,-2352.91,842.51
2026-06-26T12:00:00+03:00,12:00,2560.58,0.0,0,-2558.89,178.08
2026-06-26T13:00:00+03:00,13:00,2245.17,0.0,0,-2243.58,581.58
2026-06-26T14:00:00+03:00,14:00,2263.73,0.0,0,-2248.01,1121.72
2026-06-26T15:00:00+03:00,15:00,1667.0,0.0,0,-1666.96,1682.75
2026-06-26T16:00:00+03:00,16:00,2318.25,0.0,0,-2292.53,798.63
2026-06-26T17:00:00+03:00,17:00,1175.4,0.0,0,-1175.39,1831.87
2026-06-26T18:00:00+03:00,18:00,656.1,0.0,0,-654.32,1377.83
2026-06-26T19:00:00+03:00,19:00,0.0,0.0,0,0.0,1959.28
2026-06-26T20:00:00+03:00,20:00,85.75,0.0,0,-85.75,1390.23
2026-06-26T21:00:00+03:00,21:00,88.0,0.0,0,-87.84,1253.21
2026-06-26T22:00:00+03:00,22:00,706.72,0.0,0,-645.57,537.1
2026-06-26T23:00:00+03:00,23:00,891.3,0.0,0,-843.98,-186.1
2026-06-27T00:00:00+03:00,00:00,539.42,0.0,0,-539.16,428.35
2026-06-27T01:00:00+03:00,01:00,629.58,0.0,0,-628.8,301.2
2026-06-27T02:00:00+03:00,02:00,328.17,0.0,0,-259.17,220.83
2026-06-27T03:00:00+03:00,03:00,312.0,0.0,0,-303.0,21.75
2026-06-27T04:00:00+03:00,04:00,360.07,0.0,0,-360.07,-120.07
2026-06-27T05:00:00+03:00,05:00,304.0,0.0,0,-304.0,-64.0
2026-06-27T06:00:00+03:00,06:00,18.67,0.0,0,-8.77,580.04
2026-06-27T07:00:00+03:00,07:00,311.37,0.0,0,-290.03,-107.28
2026-06-27T08:00:00+03:00,08:00,164.72,36.75,0,-197.93,301.23
2026-06-27T09:00:00+03:00,09:00,111.3,147.0,0,-233.73,741.56
2026-06-27T10:00:00+03:00,10:00,110.33,147.0,0,-257.33,587.07
2026-06-27T11:00:00+03:00,11:00,309.78,107.8,0,-406.18,854.74
2026-06-27T12:00:00+03:00,12:00,745.48,95.55,0,-837.46,1076.21
2026-06-27T13:00:00+03:00,13:00,1937.48,0.0,0,-1936.98,426.44
2026-06-27T14:00:00+03:00,14:00,1933.0,0.0,0,-1930.5,-546.63
2026-06-27T15:00:00+03:00,15:00,1949.0,0.0,0,-1947.99,-659.63
2026-06-27T16:00:00+03:00,16:00,2667.4,0.0,0,-2564.09,-1411.63
2026-06-27T17:00:00+03:00,17:00,2231.67,0.0,0,-2230.34,-688.37
2026-06-27T18:00:00+03:00,18:00,1826.02,53.9,0,-1877.43,-255.06
2026-06-27T19:00:00+03:00,19:00,288.53,147.0,0,-410.12,739.85
2026-06-27T20:00:00+03:00,20:00,596.73,159.25,0,-604.93,660.67
2026-06-27T21:00:00+03:00,21:00,266.43,294.0,0,-554.98,816.54
2026-06-27T22:00:00+03:00,22:00,1173.62,294.0,0,-1217.3,-17.3
2026-06-27T23:00:00+03:00,23:00,985.52,294.0,0,-1259.68,55.16
2026-06-28T00:00:00+03:00,00:00,529.95,294.0,0,-822.59,85.3
2026-06-28T01:00:00+03:00,01:00,224.25,178.85,0,-401.51,374.97
2026-06-28T02:00:00+03:00,02:00,233.5,147.0,0,-377.4,373.1
2026-06-28T03:00:00+03:00,03:00,529.52,147.0,0,-590.37,-148.44
2026-06-28T04:00:00+03:00,04:00,664.3,112.7,0,-777.0,-740.25
2026-06-28T05:00:00+03:00,05:00,438.07,0.0,0,-392.52,-293.37
2026-06-28T06:00:00+03:00,06:00,376.75,0.0,0,-357.67,-89.28
2026-06-28T07:00:00+03:00,07:00,603.59,0.0,0,-588.73,-51.87
2026-06-28T08:00:00+03:00,08:00,1124.15,0.0,0,-1080.14,-1080.14
2026-06-28T09:00:00+03:00,09:00,3498.35,0.0,0,-3095.13,-3095.13
2026-06-28T10:00:00+03:00,10:00,4855.4,0.0,0,-4358.31,-4358.31
2026-06-28T11:00:00+03:00,11:00,5320.0,0.0,0,-4855.46,-4855.46
2026-06-28T12:00:00+03:00,12:00,5116.88,0.0,0,-4737.63,-4737.63
2026-06-28T13:00:00+03:00,13:00,4342.92,0.0,0,-4200.0,-4200.0
2026-06-28T14:00:00+03:00,14:00,3177.67,0.0,0,-3177.67,-3096.1
2026-06-28T15:00:00+03:00,15:00,2018.1,0.0,0,-2017.5,-1952.54
2026-06-28T16:00:00+03:00,16:00,2505.78,0.0,0,-2498.32,-2055.41
2026-06-28T17:00:00+03:00,17:00,1450.5,0.0,0,-1446.97,-842.82
2026-06-28T18:00:00+03:00,18:00,1013.38,63.7,0,-1069.38,-355.45
2026-06-28T19:00:00+03:00,19:00,635.77,294.0,0,-829.12,780.66
2026-06-28T20:00:00+03:00,20:00,1053.74,294.0,0,-1215.65,418.35
2026-06-28T21:00:00+03:00,21:00,437.33,294.0,0,-731.28,568.72
2026-06-28T22:00:00+03:00,22:00,938.0,259.7,0,-947.32,413.61
2026-06-28T23:00:00+03:00,23:00,1070.33,147.0,0,-1216.33,407.25
2026-06-29T00:00:00+03:00,00:00,944.89,147.0,0,-1055.99,557.79
2026-06-29T01:00:00+03:00,01:00,896.5,147.0,0,-1036.67,204.4
2026-06-29T02:00:00+03:00,02:00,654.35,29.4,0,-670.56,290.17
2026-06-29T03:00:00+03:00,03:00,222.77,0.0,0,-220.44,270.19
2026-06-29T04:00:00+03:00,04:00,7.0,14.7,0,-21.7,779.15
2026-06-29T05:00:00+03:00,05:00,115.03,147.0,0,-257.0,593.56
2026-06-29T06:00:00+03:00,06:00,42.5,147.0,0,-189.5,408.96
2026-06-29T07:00:00+03:00,07:00,719.38,98.0,0,-803.37,-164.54
2026-06-29T08:00:00+03:00,08:00,1757.38,0.0,0,-1704.27,156.52
2026-06-29T09:00:00+03:00,09:00,0.0,0.0,0,0.0,0.0
2026-06-29T10:00:00+03:00,10:00,0.0,0.0,0,0.0,0.0
2026-06-29T11:00:00+03:00,11:00,0.0,0.0,0,0.0,0.0
2026-06-29T12:00:00+03:00,12:00,0.0,0.0,0,0.0,0.0
2026-06-29T13:00:00+03:00,13:00,0.0,0.0,0,0.0,0.0
2026-06-29T14:00:00+03:00,14:00,0.0,0.0,0,0.0,0.0
2026-06-29T15:00:00+03:00,15:00,0.0,0.0,0,0.0,0.0
2026-06-29T16:00:00+03:00,16:00,0.0,0.0,0,0.0,0.0
2026-06-29T17:00:00+03:00,17:00,0.0,0.0,0,0.0,0.0
2026-06-29T18:00:00+03:00,18:00,0.0,0.0,0,0.0,0.0
2026-06-29T19:00:00+03:00,19:00,0.0,0.0,0,0.0,0.0
2026-06-29T20:00:00+03:00,20:00,0.0,0.0,0,0.0,0.0
2026-06-29T21:00:00+03:00,21:00,0.0,0.0,0,0.0,0.0
2026-06-29T22:00:00+03:00,22:00,0.0,0.0,0,0.0,0.0
2026-06-29T23:00:00+03:00,23:00,0.0,0.0,0,0.0,0.0
2026-06-30T00:00:00+03:00,00:00,133.17,0.0,0,-133.17,1494.61
2026-06-30T01:00:00+03:00,01:00,145.25,0.0,0,-145.25,1451.09
2026-06-30T02:00:00+03:00,02:00,0.0,0.0,0,0.0,1278.76
2026-06-30T03:00:00+03:00,03:00,94.5,0.0,0,-94.5,1309.17
2026-06-30T04:00:00+03:00,04:00,94.5,0.0,0,-94.5,826.73
2026-06-30T05:00:00+03:00,05:00,122.08,0.0,0,-122.08,710.81
2026-06-30T06:00:00+03:00,06:00,0.0,0.0,0,0.0,57.5
2026-06-30T07:00:00+03:00,07:00,893.2,0.0,0,-505.76,308.57
2026-06-30T08:00:00+03:00,08:00,2250.25,0.0,0,-2153.33,683.52
2026-06-30T09:00:00+03:00,09:00,2999.2,0.0,0,-2855.03,620.78
2026-06-30T10:00:00+03:00,10:00,2897.67,0.0,0,-2852.34,-591.82
2026-06-30T11:00:00+03:00,11:00,2981.52,0.0,0,-2923.58,709.47
2026-06-30T12:00:00+03:00,12:00,2970.68,0.0,0,-2945.2,290.61
2026-06-30T13:00:00+03:00,13:00,3063.2,0.0,0,-3015.18,795.78
2026-06-30T14:00:00+03:00,14:00,3478.18,0.0,0,-3448.49,1346.96
2026-06-30T15:00:00+03:00,15:00,3524.17,0.0,0,-3491.72,431.34
2026-06-30T16:00:00+03:00,16:00,2035.48,138.67,0,-2122.22,1105.29
2026-06-30T17:00:00+03:00,17:00,971.28,160.0,0,-1124.11,1664.94
2026-06-30T18:00:00+03:00,18:00,967.75,66.67,0,-1019.65,1106.99
2026-06-30T19:00:00+03:00,19:00,0.0,307.03,0,-307.03,1426.7
2026-06-30T20:00:00+03:00,20:00,0.0,267.33,0,-267.33,1368.15
2026-06-30T21:00:00+03:00,21:00,0.0,0.0,0,0.0,1720.71
2026-06-30T22:00:00+03:00,22:00,67.75,0.0,0,-65.75,1560.69
2026-06-30T23:00:00+03:00,23:00,257.57,0.0,0,-255.41,1548.89
2026-07-01T00:00:00+03:00,00:00,180.88,0.0,0,-169.24,1161.01
2026-07-01T01:00:00+03:00,01:00,184.53,0.0,0,-184.53,1156.78
2026-07-01T02:00:00+03:00,02:00,85.85,0.0,0,-85.85,1334.29
2026-07-01T03:00:00+03:00,03:00,72.83,0.0,0,-72.83,676.17
2026-07-01T04:00:00+03:00,04:00,62.52,0.0,0,-62.52,691.05
2026-07-01T05:00:00+03:00,05:00,213.63,0.0,0,-213.63,277.31
2026-07-01T06:00:00+03:00,06:00,1156.63,0.0,0,-494.44,0.62
2026-07-01T07:00:00+03:00,07:00,1149.21,0.0,0,-923.42,-553.42
2026-07-01T08:00:00+03:00,08:00,1633.02,250.92,0,-1720.06,-726.57
2026-07-01T09:00:00+03:00,09:00,1289.67,567.67,0,-1717.44,222.84
2026-07-01T10:00:00+03:00,10:00,3224.43,69.33,0,-2668.42,-228.43
2026-07-01T11:00:00+03:00,11:00,3088.8,0.0,0,-2557.49,-270.73
2026-07-01T12:00:00+03:00,12:00,3620.58,0.0,0,-3060.93,-304.54
2026-07-01T13:00:00+03:00,13:00,3863.42,0.0,0,-3361.44,-374.16
2026-07-01T14:00:00+03:00,14:00,2674.82,232.33,0,-2807.08,-106.69
2026-07-01T15:00:00+03:00,15:00,2337.32,848.67,0,-3164.61,-251.01
2026-07-01T16:00:00+03:00,16:00,852.08,1505.53,0,-2357.62,668.16
2026-07-01T17:00:00+03:00,17:00,41.93,1348.07,0,-1380.78,659.2
2026-07-01T18:00:00+03:00,18:00,932.7,286.9,0,-1217.48,761.31
2026-07-01T19:00:00+03:00,19:00,690.92,0.0,0,-690.92,663.92
2026-07-01T20:00:00+03:00,20:00,1101.08,83.2,0,-1100.0,13.34
2026-07-01T21:00:00+03:00,21:00,99.25,350.0,0,-349.92,1113.21
2026-07-01T22:00:00+03:00,22:00,0.0,350.0,0,-350.0,1232.18
2026-07-01T23:00:00+03:00,23:00,168.9,329.17,0,-480.86,1127.45
2026-07-02T00:00:00+03:00,00:00,275.17,262.5,0,-537.45,335.33
2026-07-02T01:00:00+03:00,01:00,184.57,87.5,0,-272.07,426.78
2026-07-02T02:00:00+03:00,02:00,0.0,0.0,0,0.0,304.45
2026-07-02T03:00:00+03:00,03:00,0.0,0.0,0,0.0,159.0
2026-07-02T04:00:00+03:00,04:00,0.0,0.0,0,0.0,77.0
2026-07-02T05:00:00+03:00,05:00,119.67,0.0,0,-119.32,-26.48
2026-07-02T06:00:00+03:00,06:00,517.2,0.0,0,-511.49,-511.49
2026-07-02T07:00:00+03:00,07:00,760.33,0.0,0,-683.36,-41.6
2026-07-02T08:00:00+03:00,08:00,1238.12,0.0,0,-1229.27,-249.27
2026-07-02T09:00:00+03:00,09:00,404.92,0.0,0,-404.72,1185.93
2026-07-02T10:00:00+03:00,10:00,346.5,0.0,0,-346.5,1810.35
2026-07-02T11:00:00+03:00,11:00,1445.31,0.0,0,-1220.7,1341.15
2026-07-02T12:00:00+03:00,12:00,1677.52,0.0,0,-1659.41,737.91
2026-07-02T13:00:00+03:00,13:00,2057.73,0.0,0,-2032.13,364.8
2026-07-02T14:00:00+03:00,14:00,2242.68,234.67,0,-2472.09,571.72
2026-07-02T15:00:00+03:00,15:00,2532.43,197.33,0,-2721.89,662.01
2026-07-02T16:00:00+03:00,16:00,1924.8,222.97,0,-2141.58,1105.01
2026-07-02T17:00:00+03:00,17:00,949.25,517.0,0,-1460.09,1315.52
2026-07-02T18:00:00+03:00,18:00,1200.85,84.3,0,-1277.22,1683.5
2026-07-02T19:00:00+03:00,19:00,351.78,0.0,0,-351.78,789.88
2026-07-02T20:00:00+03:00,20:00,910.27,0.0,0,-906.57,53.43
2026-07-02T21:00:00+03:00,21:00,460.78,0.0,0,-447.8,-223.46
2026-07-02T22:00:00+03:00,22:00,0.0,0.0,0,0.0,135.25
2026-07-02T23:00:00+03:00,23:00,192.43,0.0,0,-190.43,528.2
2026-07-03T00:00:00+03:00,00:00,5.57,0.0,0,-5.57,194.7
2026-07-03T01:00:00+03:00,01:00,0.0,0.0,0,0.0,191.7
2026-07-03T02:00:00+03:00,02:00,132.08,0.0,0,-105.25,178.33
2026-07-03T03:00:00+03:00,03:00,496.53,0.0,0,-478.04,-478.04
2026-07-03T04:00:00+03:00,04:00,1043.93,0.0,0,-1024.05,-929.55
2026-07-03T05:00:00+03:00,05:00,545.4,0.0,0,-535.48,-535.48
2026-07-03T06:00:00+03:00,06:00,431.4,0.0,0,-425.74,-392.66
2026-07-03T07:00:00+03:00,07:00,721.13,0.0,0,-452.5,-174.0
2026-07-03T08:00:00+03:00,08:00,0.0,0.0,0,0.0,0.0
2026-07-03T09:00:00+03:00,09:00,0.0,0.0,0,0.0,0.0
2026-07-03T10:00:00+03:00,10:00,0.0,0.0,0,0.0,0.0
2026-07-03T11:00:00+03:00,11:00,0.0,0.0,0,0.0,0.0
2026-07-03T12:00:00+03:00,12:00,0.0,0.0,0,0.0,0.0
2026-07-03T13:00:00+03:00,13:00,0.0,0.0,0,0.0,0.0
2026-07-03T14:00:00+03:00,14:00,0.0,0.0,0,0.0,0.0
2026-07-03T15:00:00+03:00,15:00,0.0,0.0,0,0.0,0.0
2026-07-03T16:00:00+03:00,16:00,0.0,0.0,0,0.0,0.0
2026-07-03T17:00:00+03:00,17:00,0.0,0.0,0,0.0,0.0
2026-07-03T18:00:00+03:00,18:00,0.0,0.0,0,0.0,0.0
2026-07-03T19:00:00+03:00,19:00,0.0,0.0,0,0.0,0.0
2026-07-03T20:00:00+03:00,20:00,0.0,0.0,0,0.0,0.0
2026-07-03T21:00:00+03:00,21:00,0.0,0.0,0,0.0,0.0
2026-07-03T22:00:00+03:00,22:00,0.0,0.0,0,0.0,0.0
2026-07-03T23:00:00+03:00,23:00,0.0,0.0,0,0.0,0.0
2026-07-04T00:00:00+03:00,00:00,163.9,0.0,0,-163.9,242.57
2026-07-04T01:00:00+03:00,01:00,178.17,0.0,0,-178.1,768.13
2026-07-04T02:00:00+03:00,02:00,169.33,0.0,0,-169.33,297.13
2026-07-04T03:00:00+03:00,03:00,272.28,0.0,0,-224.28,-224.28
2026-07-04T04:00:00+03:00,04:00,447.5,0.0,0,-440.91,-440.91
2026-07-04T05:00:00+03:00,05:00,318.08,0.0,0,-314.25,-232.0
2026-07-04T06:00:00+03:00,06:00,501.71,0.0,0,-340.01,-340.01
2026-07-04T07:00:00+03:00,07:00,158.2,0.0,0,-117.43,470.37
2026-07-04T08:00:00+03:00,08:00,310.75,0.0,0,-220.75,199.43
2026-07-04T09:00:00+03:00,09:00,0.0,0.0,0,0.0,1133.37
2026-07-04T10:00:00+03:00,10:00,0.0,0.0,0,0.0,476.86
2026-07-04T11:00:00+03:00,11:00,67.67,0.0,0,-67.64,1257.03
2026-07-04T12:00:00+03:00,12:00,0.0,0.0,0,0.0,481.82
2026-07-04T13:00:00+03:00,13:00,0.0,0.0,0,0.0,787.57
2026-07-04T14:00:00+03:00,14:00,59.25,0.0,0,-59.25,1091.88
2026-07-04T15:00:00+03:00,15:00,218.13,0.0,0,-218.13,768.34
2026-07-04T16:00:00+03:00,16:00,328.43,0.0,0,-320.74,246.61
2026-07-04T17:00:00+03:00,17:00,338.6,0.0,0,-297.46,57.11
2026-07-04T18:00:00+03:00,18:00,71.33,0.0,0,-71.33,626.76
2026-07-04T19:00:00+03:00,19:00,0.0,0.0,0,0.0,1178.75
2026-07-04T20:00:00+03:00,20:00,0.0,0.0,0,0.0,1985.15
2026-07-04T21:00:00+03:00,21:00,36.17,0.0,0,-36.17,2208.85
2026-07-04T22:00:00+03:00,22:00,25.83,0.0,0,-25.83,1853.59
2026-07-04T23:00:00+03:00,23:00,310.43,0.0,0,-309.53,1270.23
2026-07-05T00:00:00+03:00,00:00,265.0,0.0,0,-265.0,-14.32
2026-07-05T01:00:00+03:00,01:00,236.75,0.0,0,-236.75,-169.52
2026-07-05T02:00:00+03:00,02:00,446.23,0.0,0,-427.23,-400.23
2026-07-05T03:00:00+03:00,03:00,665.32,0.0,0,-607.79,-607.79
2026-07-05T04:00:00+03:00,04:00,778.0,0.0,0,-778.0,-731.85
2026-07-05T05:00:00+03:00,05:00,994.32,0.0,0,-976.05,-891.22
2026-07-05T06:00:00+03:00,06:00,739.83,0.0,0,-731.24,-390.77
2026-07-05T07:00:00+03:00,07:00,262.12,0.0,0,-217.39,103.24
2026-07-05T08:00:00+03:00,08:00,579.25,0.0,0,-510.01,-254.52
2026-07-05T09:00:00+03:00,09:00,1421.22,0.0,0,-1335.07,-1335.07
2026-07-05T10:00:00+03:00,10:00,1933.0,0.0,0,-1887.5,-1887.5
2026-07-05T11:00:00+03:00,11:00,1024.32,0.0,0,-988.13,-988.13
2026-07-05T12:00:00+03:00,12:00,172.92,0.0,0,-163.9,-163.9
2026-07-05T13:00:00+03:00,13:00,359.43,0.0,0,-333.79,-206.49
2026-07-05T14:00:00+03:00,14:00,704.24,0.0,0,-674.94,-613.19
2026-07-05T15:00:00+03:00,15:00,836.5,0.0,0,-729.02,-633.35
2026-07-05T16:00:00+03:00,16:00,812.15,0.0,0,-738.45,-596.7
2026-07-05T17:00:00+03:00,17:00,914.2,171.05,0,-1052.4,-340.43
2026-07-05T18:00:00+03:00,18:00,754.97,234.35,0,-969.71,-293.12
2026-07-05T19:00:00+03:00,19:00,0.0,0.0,0,0.0,61.66
2026-07-05T20:00:00+03:00,20:00,0.0,0.0,0,0.0,93.4
2026-07-05T21:00:00+03:00,21:00,0.0,0.0,0,0.0,276.41
2026-07-05T22:00:00+03:00,22:00,100.75,0.0,0,-100.57,144.49
2026-07-05T23:00:00+03:00,23:00,243.0,0.0,0,-243.0,-243.0
2026-07-06T00:00:00+03:00,00:00,312.5,0.0,0,-312.5,-312.5
2026-07-06T01:00:00+03:00,01:00,284.7,0.0,0,-283.38,-283.38
2026-07-06T02:00:00+03:00,02:00,319.02,0.0,0,-317.01,-317.01
2026-07-06T03:00:00+03:00,03:00,609.0,0.0,0,-595.95,-595.95
2026-07-06T04:00:00+03:00,04:00,392.0,0.0,0,-391.18,-391.18
2026-07-06T05:00:00+03:00,05:00,614.73,0.0,0,-614.73,-614.73
2026-07-06T06:00:00+03:00,06:00,723.33,0.0,0,-649.48,-649.48
2026-07-06T07:00:00+03:00,07:00,1049.27,0.0,0,-903.36,-403.36
2026-07-06T08:00:00+03:00,08:00,710.16,0.0,0,-701.11,-201.11
2026-07-06T09:00:00+03:00,09:00,1220.2,0.0,0,-813.79,-313.79
2026-07-06T10:00:00+03:00,10:00,1609.52,0.0,0,-1415.69,-915.69
2026-07-06T11:00:00+03:00,11:00,1453.95,0.0,0,-1349.34,-587.14
2026-07-06T12:00:00+03:00,12:00,2221.0,0.0,0,-1700.75,-577.75
2026-07-06T13:00:00+03:00,13:00,1338.02,0.0,0,-1116.56,-346.85
2026-07-06T14:00:00+03:00,14:00,2218.07,0.0,0,-1635.36,-577.02
2026-07-06T15:00:00+03:00,15:00,1032.17,0.0,0,-974.89,416.11
2026-07-06T16:00:00+03:00,16:00,1925.9,0.0,0,-1707.39,-735.71
2026-07-06T17:00:00+03:00,17:00,1690.75,0.0,0,-1478.11,-461.51
2026-07-06T18:00:00+03:00,18:00,1284.72,0.0,0,-1279.65,150.0
2026-07-06T19:00:00+03:00,19:00,0.0,0.0,0,0.0,1511.62
2026-07-06T20:00:00+03:00,20:00,337.48,0.0,0,-329.9,363.71
2026-07-06T21:00:00+03:00,21:00,488.0,0.0,0,-488.0,-22.0
2026-07-06T22:00:00+03:00,22:00,535.08,0.0,0,-523.18,-217.36
2026-07-06T23:00:00+03:00,23:00,1113.92,0.0,0,-1110.96,-1110.96
2026-07-07T00:00:00+03:00,00:00,1134.92,0.0,0,-1131.96,-1131.96
2026-07-07T01:00:00+03:00,01:00,1345.75,0.0,0,-1342.64,-1342.64
2026-07-07T02:00:00+03:00,02:00,860.67,0.0,0,-860.39,-860.39
2026-07-07T03:00:00+03:00,03:00,908.13,0.0,0,-907.91,-907.91
2026-07-07T04:00:00+03:00,04:00,731.08,0.0,0,-731.08,-731.08
2026-07-07T05:00:00+03:00,05:00,747.43,0.0,0,-746.75,-746.75
2026-07-07T06:00:00+03:00,06:00,645.4,0.0,0,-623.03,-588.5
2026-07-07T07:00:00+03:00,07:00,1233.8,0.0,0,-995.33,-995.33
2026-07-07T08:00:00+03:00,08:00,1299.09,0.0,0,-1068.3,-754.97
2026-07-07T09:00:00+03:00,09:00,2370.0,0.0,0,-1575.37,-1335.37
2026-07-07T10:00:00+03:00,10:00,1791.72,0.0,0,-1381.5,-1008.33
2026-07-07T11:00:00+03:00,11:00,853.18,0.0,0,-812.78,-369.53
2026-07-07T12:00:00+03:00,12:00,1588.0,0.0,0,-1300.73,-792.73
2026-07-07T13:00:00+03:00,13:00,1040.85,0.0,0,-1001.34,-219.27
2026-07-07T14:00:00+03:00,14:00,281.83,0.0,0,-280.16,256.54
2026-07-07T15:00:00+03:00,15:00,1290.84,0.0,0,-981.48,-511.57
2026-07-07T16:00:00+03:00,16:00,651.95,0.0,0,-650.26,479.78
2026-07-07T17:00:00+03:00,17:00,138.5,0.0,0,-138.5,1103.53
2026-07-07T18:00:00+03:00,18:00,311.0,0.0,0,-310.54,1161.95
2026-07-07T19:00:00+03:00,19:00,534.02,0.0,0,-533.36,1236.21
2026-07-07T20:00:00+03:00,20:00,931.9,0.0,0,-931.9,343.8
2026-07-07T21:00:00+03:00,21:00,692.0,0.0,0,-692.0,189.13
2026-07-07T22:00:00+03:00,22:00,502.62,0.0,0,-501.32,26.9
2026-07-07T23:00:00+03:00,23:00,336.83,0.0,0,-336.83,33.38
2026-07-08T00:00:00+03:00,00:00,65.3,0.0,0,-65.3,391.8
2026-07-08T01:00:00+03:00,01:00,125.03,0.0,0,-123.99,559.24
2026-07-08T02:00:00+03:00,02:00,147.05,0.0,0,-146.8,483.07
2026-07-08T03:00:00+03:00,03:00,56.62,0.0,0,-53.3,726.1
2026-07-08T04:00:00+03:00,04:00,0.0,0.0,0,0.0,587.64
2026-07-08T05:00:00+03:00,05:00,68.75,0.0,0,-68.25,194.61
2026-07-08T06:00:00+03:00,06:00,45.93,0.0,0,-45.93,266.19
2026-07-08T07:00:00+03:00,07:00,465.77,0.0,0,-224.96,-100.89
2026-07-08T08:00:00+03:00,08:00,71.28,0.0,0,-71.28,952.26
2026-07-08T09:00:00+03:00,09:00,294.95,0.0,0,-261.31,803.32
2026-07-08T10:00:00+03:00,10:00,656.23,0.0,0,-644.19,414.65
2026-07-08T11:00:00+03:00,11:00,811.4,0.0,0,-661.77,371.47
2026-07-08T12:00:00+03:00,12:00,1318.05,0.0,0,-1122.7,-55.8
2026-07-08T13:00:00+03:00,13:00,590.26,0.0,0,-587.76,672.27
2026-07-08T14:00:00+03:00,14:00,548.27,0.0,0,-495.66,900.75
2026-07-08T15:00:00+03:00,15:00,1280.0,0.0,0,-1159.81,269.94
2026-07-08T16:00:00+03:00,16:00,1151.18,0.0,0,-1149.08,433.36
2026-07-08T17:00:00+03:00,17:00,283.35,0.0,0,-278.91,1548.81
2026-07-08T18:00:00+03:00,18:00,124.67,0.0,0,-124.67,1499.62
2026-07-08T19:00:00+03:00,19:00,0.0,0.0,0,0.0,1017.0
2026-07-08T20:00:00+03:00,20:00,0.0,0.0,0,0.0,1597.07
2026-07-08T21:00:00+03:00,21:00,0.0,0.0,0,0.0,2195.32
2026-07-08T22:00:00+03:00,22:00,0.0,0.0,0,0.0,1036.34
2026-07-08T23:00:00+03:00,23:00,176.67,0.0,0,-176.49,876.83
2026-07-09T00:00:00+03:00,00:00,303.83,0.0,0,-300.88,260.87
2026-07-09T01:00:00+03:00,01:00,168.22,0.0,0,-163.67,330.18
2026-07-09T02:00:00+03:00,02:00,119.03,0.0,0,-118.58,396.44
2026-07-09T03:00:00+03:00,03:00,59.1,0.0,0,-57.5,38.52
2026-07-09T04:00:00+03:00,04:00,81.83,0.0,0,-81.51,63.99
2026-07-09T05:00:00+03:00,05:00,205.3,0.0,0,-205.07,208.81
2026-07-09T06:00:00+03:00,06:00,175.23,0.0,0,-168.37,-82.5
2026-07-09T07:00:00+03:00,07:00,490.4,0.0,0,-478.63,-430.36
2026-07-09T08:00:00+03:00,08:00,676.86,0.0,0,-661.94,88.06
2026-07-09T09:00:00+03:00,09:00,870.3,0.0,0,-582.85,167.15
2026-07-09T10:00:00+03:00,10:00,1579.53,0.0,0,-1461.32,-711.32
2026-07-09T11:00:00+03:00,11:00,1443.67,0.0,0,-1368.6,-628.6
2026-07-09T12:00:00+03:00,12:00,1294.0,0.0,0,-1203.06,-463.06
2026-07-09T13:00:00+03:00,13:00,547.35,0.0,0,-546.82,542.17
2026-07-09T14:00:00+03:00,14:00,0.0,0.0,0,0.0,1581.83
2026-07-09T15:00:00+03:00,15:00,264.6,0.0,0,-255.41,726.51
2026-07-09T16:00:00+03:00,16:00,872.8,0.0,0,-790.85,204.49
2026-07-09T17:00:00+03:00,17:00,548.42,0.0,0,-548.42,-182.08
2026-07-09T18:00:00+03:00,18:00,152.87,0.0,0,-150.24,109.9
2026-07-09T19:00:00+03:00,19:00,0.0,0.0,0,0.0,421.75
2026-07-09T20:00:00+03:00,20:00,0.0,0.0,0,0.0,627.65
2026-07-09T21:00:00+03:00,21:00,0.0,0.0,0,0.0,719.88
2026-07-09T22:00:00+03:00,22:00,108.33,0.0,0,-105.04,638.55
2026-07-09T23:00:00+03:00,23:00,153.99,0.0,0,-153.68,474.28
2026-07-10T00:00:00+03:00,00:00,258.88,0.0,0,-258.88,-110.26
2026-07-10T01:00:00+03:00,01:00,264.08,0.0,0,-263.77,-172.27
2026-07-10T02:00:00+03:00,02:00,228.5,0.0,0,-224.51,-214.72
2026-07-10T03:00:00+03:00,03:00,618.0,0.0,0,-617.95,-617.95
2026-07-10T04:00:00+03:00,04:00,608.08,0.0,0,-604.67,-549.56
2026-07-10T05:00:00+03:00,05:00,175.67,0.0,0,-175.67,-175.67
2026-07-10T06:00:00+03:00,06:00,0.0,0.0,0,0.0,66.52
2026-07-10T07:00:00+03:00,07:00,0.0,0.0,0,0.0,81.92
2026-07-10T08:00:00+03:00,08:00,33.95,0.0,0,-33.39,507.99
2026-07-10T09:00:00+03:00,09:00,50.68,0.0,0,-46.89,868.42
2026-07-10T10:00:00+03:00,10:00,538.27,0.0,0,-472.86,178.5
2026-07-10T11:00:00+03:00,11:00,2290.5,0.0,0,-1766.33,-524.99
2026-07-10T12:00:00+03:00,12:00,2031.0,0.0,0,-1518.5,-1038.5
2026-07-10T13:00:00+03:00,13:00,1749.85,0.0,0,-1226.58,-615.66
2026-07-10T14:00:00+03:00,14:00,0.0,0.0,0,0.0,1192.31
2026-07-10T15:00:00+03:00,15:00,232.87,0.0,0,-231.86,1001.35
2026-07-10T16:00:00+03:00,16:00,146.73,0.0,0,-146.73,1050.75
2026-07-10T17:00:00+03:00,17:00,453.95,0.0,0,-448.51,-5.72
2026-07-10T18:00:00+03:00,18:00,0.0,0.0,0,0.0,722.46
2026-07-10T19:00:00+03:00,19:00,0.0,0.0,0,0.0,862.36
2026-07-10T20:00:00+03:00,20:00,185.77,0.0,0,-185.26,-15.42
2026-07-10T21:00:00+03:00,21:00,181.77,0.0,0,-171.34,71.09
2026-07-10T22:00:00+03:00,22:00,0.0,0.0,0,0.0,152.79
2026-07-10T23:00:00+03:00,23:00,140.67,0.0,0,-138.68,287.93
2026-07-11T00:00:00+03:00,00:00,112.37,0.0,0,-112.23,320.15
2026-07-11T01:00:00+03:00,01:00,269.5,0.0,0,-268.58,-65.17
2026-07-11T02:00:00+03:00,02:00,50.27,0.0,0,-50.27,460.35
2026-07-11T03:00:00+03:00,03:00,62.0,0.0,0,-60.59,680.83
2026-07-11T04:00:00+03:00,04:00,0.0,0.0,0,0.0,457.48
2026-07-11T05:00:00+03:00,05:00,0.0,0.0,0,0.0,323.5
2026-07-11T06:00:00+03:00,06:00,0.0,0.0,0,0.0,375.55
2026-07-11T07:00:00+03:00,07:00,242.37,0.0,0,-81.85,197.57
2026-07-11T08:00:00+03:00,08:00,387.87,0.0,0,-386.97,-350.03
2026-07-11T09:00:00+03:00,09:00,537.23,0.0,0,-459.47,82.47
2026-07-11T10:00:00+03:00,10:00,1064.27,0.0,0,-923.2,-401.62
2026-07-11T11:00:00+03:00,11:00,1314.33,0.0,0,-1240.03,-799.03
2026-07-11T12:00:00+03:00,12:00,1527.0,0.0,0,-1505.02,-1228.02
2026-07-11T13:00:00+03:00,13:00,1416.42,0.0,0,-1388.24,-1044.99
2026-07-11T14:00:00+03:00,14:00,1304.0,0.0,0,-1303.02,-795.02
2026-07-11T15:00:00+03:00,15:00,1179.8,0.0,0,-1172.0,-768.32
2026-07-11T16:00:00+03:00,16:00,803.0,0.0,0,-802.95,-295.0
2026-07-11T17:00:00+03:00,17:00,934.7,0.0,0,-930.51,-271.53
2026-07-11T18:00:00+03:00,18:00,0.0,0.0,0,0.0,1021.32
2026-07-11T19:00:00+03:00,19:00,0.0,0.0,0,0.0,1544.69
2026-07-11T20:00:00+03:00,20:00,0.0,0.0,0,0.0,1572.35
2026-07-11T21:00:00+03:00,21:00,0.0,0.0,0,0.0,1802.65
2026-07-11T22:00:00+03:00,22:00,0.0,0.0,0,0.0,1029.84
2026-07-11T23:00:00+03:00,23:00,172.87,0.0,0,-169.88,691.04
2026-07-12T00:00:00+03:00,00:00,131.33,0.0,0,-130.35,342.14
2026-07-12T01:00:00+03:00,01:00,340.82,0.0,0,-338.32,188.23
2026-07-12T02:00:00+03:00,02:00,501.73,0.0,0,-479.81,-148.39
2026-07-12T03:00:00+03:00,03:00,400.17,0.0,0,-380.22,-380.22
2026-07-12T04:00:00+03:00,04:00,304.2,0.0,0,-281.61,-202.61
2026-07-12T05:00:00+03:00,05:00,502.07,0.0,0,-432.26,-390.92
2026-07-12T06:00:00+03:00,06:00,684.17,0.0,0,-603.31,-521.81
2026-07-12T07:00:00+03:00,07:00,1183.1,0.0,0,-1059.48,-1059.48
2026-07-12T08:00:00+03:00,08:00,1505.18,0.0,0,-1389.7,-1389.7
2026-07-12T09:00:00+03:00,09:00,1558.62,0.0,0,-1503.43,-1503.43
2026-07-12T10:00:00+03:00,10:00,2102.37,0.0,0,-2055.2,-2055.2
2026-07-12T11:00:00+03:00,11:00,2123.5,0.0,0,-2076.94,-2076.94
2026-07-12T12:00:00+03:00,12:00,2191.0,0.0,0,-2137.93,-2137.93
2026-07-12T13:00:00+03:00,13:00,1952.0,0.0,0,-1897.39,-1897.39
2026-07-12T14:00:00+03:00,14:00,1827.85,0.0,0,-1770.33,-1770.33
2026-07-12T15:00:00+03:00,15:00,2098.42,0.0,0,-2042.72,-2011.22
2026-07-12T16:00:00+03:00,16:00,1562.95,0.0,0,-1340.93,-1266.16
2026-07-12T17:00:00+03:00,17:00,579.78,0.0,0,-579.38,-340.41
2026-07-12T18:00:00+03:00,18:00,48.13,0.0,0,-48.13,551.77
2026-07-12T19:00:00+03:00,19:00,0.0,0.0,0,0.0,670.04
2026-07-12T20:00:00+03:00,20:00,0.0,0.0,0,0.0,101.57
2026-07-12T21:00:00+03:00,21:00,38.75,0.0,0,-38.75,268.83
2026-07-12T22:00:00+03:00,22:00,282.2,0.0,0,-280.45,-76.07
2026-07-12T23:00:00+03:00,23:00,178.0,0.0,0,-175.84,53.1
2026-07-13T00:00:00+03:00,00:00,77.67,0.0,0,-74.17,134.4
2026-07-13T01:00:00+03:00,01:00,86.1,0.0,0,-81.63,273.69
2026-07-13T02:00:00+03:00,02:00,90.0,0.0,0,-87.97,41.53
2026-07-13T03:00:00+03:00,03:00,96.07,0.0,0,-95.15,-20.86
2026-07-13T04:00:00+03:00,04:00,525.28,0.0,0,-396.0,-352.55
2026-07-13T05:00:00+03:00,05:00,1761.31,0.0,0,-1364.44,-1305.03
2026-07-13T06:00:00+03:00,06:00,2382.5,0.0,0,-1608.66,-1091.41
2026-07-13T07:00:00+03:00,07:00,2015.0,0.0,0,-1486.52,-986.52
2026-07-13T08:00:00+03:00,08:00,813.4,0.0,0,-802.45,55.07
2026-07-13T09:00:00+03:00,09:00,268.4,0.0,0,-219.62,633.96
2026-07-13T10:00:00+03:00,10:00,977.67,0.0,0,-718.15,25.87
2026-07-13T11:00:00+03:00,11:00,916.07,0.0,0,-895.46,557.98
2026-07-13T12:00:00+03:00,12:00,1374.93,0.0,0,-1354.95,70.25
2026-07-13T13:00:00+03:00,13:00,799.12,0.0,0,-794.52,857.27
2026-07-13T14:00:00+03:00,14:00,1115.6,0.0,0,-958.53,1126.22
2026-07-13T15:00:00+03:00,15:00,1691.0,0.0,0,-1583.38,371.37
2026-07-13T16:00:00+03:00,16:00,983.11,0.0,0,-860.88,927.0
2026-07-13T17:00:00+03:00,17:00,985.77,0.0,0,-972.18,681.18
2026-07-13T18:00:00+03:00,18:00,129.67,0.0,0,-129.49,694.08
2026-07-13T19:00:00+03:00,19:00,0.0,0.0,0,0.0,1257.31
2026-07-13T20:00:00+03:00,20:00,0.0,0.0,0,0.0,1594.84
2026-07-13T21:00:00+03:00,21:00,0.0,0.0,0,0.0,1517.57
2026-07-13T22:00:00+03:00,22:00,0.0,0.0,0,0.0,877.87
2026-07-13T23:00:00+03:00,23:00,129.57,0.0,0,-126.87,633.61
2026-07-14T00:00:00+03:00,00:00,174.03,0.0,0,-172.92,413.27
2026-07-14T01:00:00+03:00,01:00,131.58,0.0,0,-128.79,324.4
2026-07-14T02:00:00+03:00,02:00,310.4,0.0,0,-310.4,-310.4
2026-07-14T03:00:00+03:00,03:00,379.33,0.0,0,-379.33,-291.08
2026-07-14T04:00:00+03:00,04:00,555.85,0.0,0,-550.47,-509.14
2026-07-14T05:00:00+03:00,05:00,625.45,0.0,0,-512.73,-497.48
2026-07-14T06:00:00+03:00,06:00,988.88,0.0,0,-810.13,-810.13
2026-07-14T07:00:00+03:00,07:00,414.0,0.0,0,-414.0,99.03
2026-07-14T08:00:00+03:00,08:00,397.53,0.0,0,-394.56,341.44
2026-07-14T09:00:00+03:00,09:00,352.03,0.0,0,-302.29,807.51
2026-07-14T10:00:00+03:00,10:00,1226.98,0.0,0,-1036.72,85.28
2026-07-14T11:00:00+03:00,11:00,1080.73,0.0,0,-1066.11,350.44
2026-07-14T12:00:00+03:00,12:00,1486.0,0.0,0,-1485.63,-363.63
2026-07-14T13:00:00+03:00,13:00,1605.77,0.0,0,-1605.13,130.76
2026-07-14T14:00:00+03:00,14:00,1689.58,0.0,0,-1673.12,53.34
2026-07-14T15:00:00+03:00,15:00,813.8,0.0,0,-804.96,-26.46
2026-07-14T16:00:00+03:00,16:00,960.98,0.0,0,-689.71,0.62
2026-07-14T17:00:00+03:00,17:00,56.67,0.0,0,-56.67,557.73
2026-07-14T18:00:00+03:00,18:00,14.0,0.0,0,-14.0,944.99
2026-07-14T19:00:00+03:00,19:00,0.0,0.0,0,0.0,657.55
2026-07-14T20:00:00+03:00,20:00,0.0,0.0,0,0.0,297.35
2026-07-14T21:00:00+03:00,21:00,0.0,0.0,0,0.0,82.55
2026-07-14T22:00:00+03:00,22:00,21.27,0.0,0,-16.27,71.89
2026-07-14T23:00:00+03:00,23:00,151.75,0.0,0,-151.75,-110.42
2026-07-15T00:00:00+03:00,00:00,0.0,0.0,0,0.0,421.89
2026-07-15T01:00:00+03:00,01:00,203.95,0.0,0,-201.35,1228.07
2026-07-15T02:00:00+03:00,02:00,51.58,0.0,0,-51.58,1311.47
2026-07-15T03:00:00+03:00,03:00,121.97,0.0,0,-121.38,1525.8
2026-07-15T04:00:00+03:00,04:00,0.0,0.0,0,0.0,1755.54
2026-07-15T05:00:00+03:00,05:00,168.43,0.0,0,-168.43,1702.47
2026-07-15T06:00:00+03:00,06:00,23.83,0.0,0,-23.83,1774.96
2026-07-15T07:00:00+03:00,07:00,0.0,0.0,0,0.0,519.66
2026-07-15T08:00:00+03:00,08:00,94.9,0.0,0,-94.9,-94.9
2026-07-15T09:00:00+03:00,09:00,127.22,0.0,0,-50.22,-50.22
2026-07-15T10:00:00+03:00,10:00,611.0,0.0,0,-513.0,-500.44
2026-07-15T11:00:00+03:00,11:00,1045.05,0.0,0,-923.26,-923.26
2026-07-15T12:00:00+03:00,12:00,901.0,0.0,0,-900.93,-900.93
2026-07-15T13:00:00+03:00,13:00,339.6,0.0,0,-339.6,-23.34
2026-07-15T14:00:00+03:00,14:00,0.0,0.0,0,0.0,179.11
2026-07-15T15:00:00+03:00,15:00,97.92,0.0,0,-97.92,278.28
2026-07-15T16:00:00+03:00,16:00,713.0,0.0,0,-439.18,-177.76
2026-07-15T17:00:00+03:00,17:00,0.0,0.0,0,0.0,724.94
2026-07-15T18:00:00+03:00,18:00,0.0,0.0,0,0.0,1384.94
2026-07-15T19:00:00+03:00,19:00,0.0,0.0,0,0.0,1548.69
2026-07-15T20:00:00+03:00,20:00,0.0,0.0,0,0.0,1231.45
2026-07-15T21:00:00+03:00,21:00,0.0,0.0,0,0.0,1495.83
2026-07-15T22:00:00+03:00,22:00,0.0,0.0,0,0.0,1260.63
2026-07-15T23:00:00+03:00,23:00,383.88,0.0,0,-383.57,875.38
2026-07-16T00:00:00+03:00,00:00,0.0,0.0,0,0.0,0.0
2026-07-16T01:00:00+03:00,01:00,0.0,0.0,0,0.0,0.0
2026-07-16T02:00:00+03:00,02:00,0.0,0.0,0,0.0,0.0
2026-07-16T03:00:00+03:00,03:00,0.0,0.0,0,0.0,0.0
2026-07-16T04:00:00+03:00,04:00,279.0,0.0,0,-279.0,-279.0
2026-07-16T05:00:00+03:00,05:00,334.43,0.0,0,-334.43,-334.43
2026-07-16T06:00:00+03:00,06:00,163.92,0.0,0,-162.53,-122.7
2026-07-16T07:00:00+03:00,07:00,0.0,0.0,0,0.0,0.0
2026-07-16T08:00:00+03:00,08:00,0.0,0.0,0,0.0,0.0
2026-07-16T09:00:00+03:00,09:00,0.0,0.0,0,0.0,0.0
2026-07-16T10:00:00+03:00,10:00,0.0,0.0,0,0.0,0.0
2026-07-16T11:00:00+03:00,11:00,0.0,0.0,0,0.0,0.0
2026-07-16T12:00:00+03:00,12:00,0.0,0.0,0,0.0,0.0
2026-07-16T13:00:00+03:00,13:00,0.0,0.0,0,0.0,0.0
2026-07-16T14:00:00+03:00,14:00,0.0,0.0,0,0.0,0.0
2026-07-16T15:00:00+03:00,15:00,0.0,0.0,0,0.0,0.0
2026-07-16T16:00:00+03:00,16:00,0.0,0.0,0,0.0,0.0
2026-07-16T17:00:00+03:00,17:00,0.0,0.0,0,0.0,0.0
2026-07-16T18:00:00+03:00,18:00,0.0,0.0,0,0.0,0.0
2026-07-16T19:00:00+03:00,19:00,0.0,0.0,0,0.0,0.0
2026-07-16T20:00:00+03:00,20:00,0.0,0.0,0,0.0,0.0
2026-07-16T21:00:00+03:00,21:00,0.0,0.0,0,0.0,0.0
2026-07-16T22:00:00+03:00,22:00,0.0,0.0,0,0.0,0.0
2026-07-16T23:00:00+03:00,23:00,0.0,0.0,0,0.0,0.0
2026-07-17T00:00:00+03:00,00:00,134.07,0.0,0,-134.07,508.96
2026-07-17T01:00:00+03:00,01:00,255.68,0.0,0,-252.92,610.0
2026-07-17T02:00:00+03:00,02:00,113.0,0.0,0,-113.0,437.16
2026-07-17T03:00:00+03:00,03:00,0.0,0.0,0,0.0,313.0
2026-07-17T04:00:00+03:00,04:00,462.33,0.0,0,-456.25,-456.25
2026-07-17T05:00:00+03:00,05:00,321.58,0.0,0,-321.58,-321.58
2026-07-17T06:00:00+03:00,06:00,160.3,0.0,0,-154.01,-103.01
2026-07-17T07:00:00+03:00,07:00,14.0,0.0,0,-14.0,-14.0
2026-07-17T08:00:00+03:00,08:00,172.58,0.0,0,-171.99,115.85
2026-07-17T09:00:00+03:00,09:00,0.0,0.0,0,0.0,550.85
2026-07-17T10:00:00+03:00,10:00,350.12,0.0,0,-322.63,-93.04
2026-07-17T11:00:00+03:00,11:00,80.83,0.0,0,-80.83,-47.5
2026-07-17T12:00:00+03:00,12:00,94.93,0.0,0,-94.93,-48.03
2026-07-17T13:00:00+03:00,13:00,730.99,0.0,0,-597.82,-315.34
2026-07-17T14:00:00+03:00,14:00,0.0,0.0,0,0.0,351.32
2026-07-17T15:00:00+03:00,15:00,1543.63,0.0,0,-1367.8,-975.26
2026-07-17T16:00:00+03:00,16:00,635.33,0.0,0,-635.33,-387.48
2026-07-17T17:00:00+03:00,17:00,0.0,0.0,0,0.0,431.11
2026-07-17T18:00:00+03:00,18:00,493.47,0.0,0,-440.92,-126.61
2026-07-17T19:00:00+03:00,19:00,0.0,0.0,0,0.0,1185.01
2026-07-17T20:00:00+03:00,20:00,0.0,0.0,0,0.0,1158.4
2026-07-17T21:00:00+03:00,21:00,82.67,0.0,0,-82.55,966.08
2026-07-17T22:00:00+03:00,22:00,0.0,0.0,0,0.0,831.89
2026-07-17T23:00:00+03:00,23:00,163.33,0.0,0,-158.11,795.43
2026-07-18T00:00:00+03:00,00:00,143.4,0.0,0,-143.4,480.99
2026-07-18T01:00:00+03:00,01:00,162.87,0.0,0,-162.87,491.69
2026-07-18T02:00:00+03:00,02:00,171.25,0.0,0,-171.25,169.23
2026-07-18T03:00:00+03:00,03:00,53.42,0.0,0,-52.82,496.97
2026-07-18T04:00:00+03:00,04:00,124.45,0.0,0,-124.45,878.04
2026-07-18T05:00:00+03:00,05:00,142.58,0.0,0,-142.43,485.08
2026-07-18T06:00:00+03:00,06:00,151.77,0.0,0,-103.12,642.3
2026-07-18T07:00:00+03:00,07:00,390.0,0.0,0,-361.69,-333.09
2026-07-18T08:00:00+03:00,08:00,309.12,0.0,0,-308.82,-308.82
2026-07-18T09:00:00+03:00,09:00,1219.83,0.0,0,-786.63,-786.63
2026-07-18T10:00:00+03:00,10:00,439.0,0.0,0,-400.97,-400.97
2026-07-18T11:00:00+03:00,11:00,415.33,0.0,0,-412.34,-412.34
2026-07-18T12:00:00+03:00,12:00,455.0,0.0,0,-448.83,-448.83
2026-07-18T13:00:00+03:00,13:00,337.62,0.0,0,-336.98,108.81
2026-07-18T14:00:00+03:00,14:00,439.12,0.0,0,-348.9,347.96
2026-07-18T15:00:00+03:00,15:00,278.55,155.0,0,-411.9,425.13
2026-07-18T16:00:00+03:00,16:00,727.9,155.0,0,-500.5,-106.77
2026-07-18T17:00:00+03:00,17:00,0.0,115.15,0,-115.15,694.06
2026-07-18T18:00:00+03:00,18:00,136.73,61.25,0,-194.81,520.37
2026-07-18T19:00:00+03:00,19:00,0.0,0.0,0,0.0,1420.92
2026-07-18T20:00:00+03:00,20:00,28.42,0.0,0,-28.12,1013.82
2026-07-18T21:00:00+03:00,21:00,85.25,0.0,0,-84.58,727.29
2026-07-18T22:00:00+03:00,22:00,77.7,0.0,0,-74.7,341.31
2026-07-18T23:00:00+03:00,23:00,53.33,0.0,0,-50.33,57.38
2026-07-19T00:00:00+03:00,00:00,186.83,0.0,0,-186.83,119.36
2026-07-19T01:00:00+03:00,01:00,135.87,0.0,0,-135.87,185.14
2026-07-19T02:00:00+03:00,02:00,135.0,0.0,0,-135.0,102.66
2026-07-19T03:00:00+03:00,03:00,0.0,0.0,0,0.0,452.24
2026-07-19T04:00:00+03:00,04:00,9.15,0.0,0,-9.15,290.48
2026-07-19T05:00:00+03:00,05:00,165.73,0.0,0,-165.03,60.75
2026-07-19T06:00:00+03:00,06:00,553.93,0.0,0,-234.73,86.43
2026-07-19T07:00:00+03:00,07:00,399.07,0.0,0,-326.12,-47.12
2026-07-19T08:00:00+03:00,08:00,644.12,0.0,0,-625.8,-497.47
2026-07-19T09:00:00+03:00,09:00,13.08,0.0,0,-13.08,1.0
2026-07-19T10:00:00+03:00,10:00,0.0,0.0,0,0.0,0.0
2026-07-19T11:00:00+03:00,11:00,0.0,0.0,0,0.0,0.0
2026-07-19T12:00:00+03:00,12:00,0.0,0.0,0,0.0,0.0
2026-07-19T13:00:00+03:00,13:00,540.95,0.0,0,-490.04,-315.63
2026-07-19T14:00:00+03:00,14:00,470.0,0.0,0,-459.16,-358.46
2026-07-19T15:00:00+03:00,15:00,686.9,0.0,0,-599.14,-376.86
2026-07-19T16:00:00+03:00,16:00,0.0,0.0,0,0.0,1445.27
2026-07-19T17:00:00+03:00,17:00,374.33,0.0,0,-374.33,186.38
2026-07-19T18:00:00+03:00,18:00,0.0,0.0,0,0.0,834.11
2026-07-19T19:00:00+03:00,19:00,0.0,0.0,0,0.0,675.75
2026-07-19T20:00:00+03:00,20:00,0.0,0.0,0,0.0,196.78
2026-07-19T21:00:00+03:00,21:00,0.0,0.0,0,0.0,492.15
2026-07-19T22:00:00+03:00,22:00,0.0,0.0,0,0.0,830.15
2026-07-19T23:00:00+03:00,23:00,245.92,0.0,0,-233.31,636.17
2026-07-20T00:00:00+03:00,00:00,75.73,0.0,0,-73.73,139.74
2026-07-20T01:00:00+03:00,01:00,259.83,0.0,0,-255.41,861.26
2026-07-20T02:00:00+03:00,02:00,117.52,0.0,0,-117.52,165.05
2026-07-20T03:00:00+03:00,03:00,70.0,0.0,0,-70.0,-53.33
2026-07-20T04:00:00+03:00,04:00,262.17,0.0,0,-259.6,-233.6
2026-07-20T05:00:00+03:00,05:00,152.05,0.0,0,-137.05,-137.05
2026-07-20T06:00:00+03:00,06:00,196.25,0.0,0,-195.96,-115.89
2026-07-20T07:00:00+03:00,07:00,546.98,0.0,0,-468.13,-372.79
2026-07-20T08:00:00+03:00,08:00,260.29,0.0,0,-256.95,176.32
2026-07-20T09:00:00+03:00,09:00,0.0,0.0,0,0.0,869.97
2026-07-20T10:00:00+03:00,10:00,0.0,0.0,0,0.0,789.05
2026-07-20T11:00:00+03:00,11:00,1642.52,0.0,0,-1045.56,895.11
2026-07-20T12:00:00+03:00,12:00,1554.15,0.0,0,-1497.29,94.62
2026-07-20T13:00:00+03:00,13:00,448.7,0.0,0,-448.7,805.72
2026-07-20T14:00:00+03:00,14:00,0.0,0.0,0,0.0,1669.68
2026-07-20T15:00:00+03:00,15:00,0.0,0.0,0,0.0,1742.99
2026-07-20T16:00:00+03:00,16:00,0.0,0.0,0,0.0,1900.69
2026-07-20T17:00:00+03:00,17:00,12.5,0.0,0,-12.5,1662.02
2026-07-20T18:00:00+03:00,18:00,22.5,0.0,0,-22.5,1261.79
2026-07-20T19:00:00+03:00,19:00,0.0,0.0,0,0.0,1767.93
2026-07-20T20:00:00+03:00,20:00,0.0,0.0,0,0.0,2276.85
2026-07-20T21:00:00+03:00,21:00,0.0,0.0,0,0.0,2342.36
2026-07-20T22:00:00+03:00,22:00,74.92,0.0,0,-74.79,1324.41
2026-07-20T23:00:00+03:00,23:00,53.42,0.0,0,-53.01,951.63
2026-07-21T00:00:00+03:00,00:00,85.87,0.0,0,-85.87,42.1
2026-07-21T01:00:00+03:00,01:00,164.83,0.0,0,-164.42,170.63
2026-07-21T02:00:00+03:00,02:00,407.43,0.0,0,-382.0,-382.0
2026-07-21T03:00:00+03:00,03:00,953.85,0.0,0,-953.85,-922.35
2026-07-21T04:00:00+03:00,04:00,792.33,0.0,0,-791.99,-755.59
2026-07-21T05:00:00+03:00,05:00,540.0,0.0,0,-471.78,-409.03
2026-07-21T06:00:00+03:00,06:00,0.0,0.0,0,0.0,373.07
2026-07-21T07:00:00+03:00,07:00,0.0,0.0,0,0.0,959.71
2026-07-21T08:00:00+03:00,08:00,51.33,0.0,0,-51.18,1079.4
2026-07-21T09:00:00+03:00,09:00,0.0,0.0,0,0.0,1551.59
2026-07-21T10:00:00+03:00,10:00,0.0,0.0,0,0.0,1768.93
2026-07-21T11:00:00+03:00,11:00,0.0,0.0,0,0.0,1943.98
2026-07-21T12:00:00+03:00,12:00,652.65,0.0,0,-347.96,1348.05
2026-07-21T13:00:00+03:00,13:00,410.15,0.0,0,-408.39,1107.71
2026-07-21T14:00:00+03:00,14:00,295.4,0.0,0,-292.22,859.69
2026-07-21T15:00:00+03:00,15:00,1238.87,0.0,0,-893.19,209.95
2026-07-21T16:00:00+03:00,16:00,542.48,0.0,0,-542.08,552.27
2026-07-21T17:00:00+03:00,17:00,126.0,0.0,0,-126.0,1282.49
2026-07-21T18:00:00+03:00,18:00,0.0,0.0,0,0.0,1372.89
2026-07-21T19:00:00+03:00,19:00,0.0,0.0,0,0.0,1655.39
2026-07-21T20:00:00+03:00,20:00,0.0,0.0,0,0.0,1854.5
2026-07-21T21:00:00+03:00,21:00,0.0,0.0,0,0.0,1987.77
2026-07-21T22:00:00+03:00,22:00,80.33,0.0,0,-80.33,1058.91
2026-07-21T23:00:00+03:00,23:00,210.83,0.0,0,-209.5,621.74
2026-07-22T00:00:00+03:00,00:00,48.13,0.0,0,-48.13,190.08
2026-07-22T01:00:00+03:00,01:00,75.4,0.0,0,-74.73,269.89
2026-07-22T02:00:00+03:00,02:00,49.5,0.0,0,-49.5,141.04
2026-07-22T03:00:00+03:00,03:00,0.0,0.0,0,0.0,167.92
2026-07-22T04:00:00+03:00,04:00,0.0,0.0,0,0.0,304.0
2026-07-22T05:00:00+03:00,05:00,0.0,0.0,0,0.0,593.98
2026-07-22T06:00:00+03:00,06:00,64.4,0.0,0,-64.4,668.64
2026-07-22T07:00:00+03:00,07:00,0.0,0.0,0,0.0,0.0
2026-07-22T08:00:00+03:00,08:00,97.0,0.0,0,-96.49,790.98
2026-07-22T09:00:00+03:00,09:00,372.37,0.0,0,-312.89,1121.75
2026-07-22T10:00:00+03:00,10:00,769.85,0.0,0,-745.27,71.25
2026-07-22T11:00:00+03:00,11:00,781.0,0.0,0,-779.96,239.32
2026-07-22T12:00:00+03:00,12:00,1385.33,0.0,0,-1107.51,-350.55
2026-07-22T13:00:00+03:00,13:00,1164.77,0.0,0,-1133.51,-253.57
2026-07-22T14:00:00+03:00,14:00,488.0,0.0,0,-486.59,564.04
2026-07-22T15:00:00+03:00,15:00,497.0,0.0,0,-496.46,241.48
2026-07-22T16:00:00+03:00,16:00,0.0,0.0,0,0.0,441.88
2026-07-22T17:00:00+03:00,17:00,0.0,0.0,0,0.0,1228.47
2026-07-22T18:00:00+03:00,18:00,100.2,0.0,0,-100.2,415.74
2026-07-22T19:00:00+03:00,19:00,0.0,0.0,0,0.0,1274.15
2026-07-22T20:00:00+03:00,20:00,0.0,0.0,0,0.0,1522.26
2026-07-22T21:00:00+03:00,21:00,259.27,0.0,0,-258.3,1254.47
2026-07-22T22:00:00+03:00,22:00,154.25,0.0,0,-141.94,-141.94
2026-07-22T23:00:00+03:00,23:00,505.67,0.0,0,-455.31,-111.91
2026-07-23T00:00:00+03:00,00:00,440.88,0.0,0,-440.7,234.13
2026-07-23T01:00:00+03:00,01:00,175.07,0.0,0,-174.26,667.87
2026-07-23T02:00:00+03:00,02:00,309.07,0.0,0,-292.92,-121.82
2026-07-23T03:00:00+03:00,03:00,112.43,0.0,0,-104.6,68.94
2026-07-23T04:00:00+03:00,04:00,282.13,0.0,0,-281.9,-232.0
2026-07-23T05:00:00+03:00,05:00,126.4,0.0,0,-126.4,-53.15
2026-07-23T06:00:00+03:00,06:00,0.0,0.0,0,0.0,346.99
2026-07-23T07:00:00+03:00,07:00,0.0,0.0,0,0.0,0.0
2026-07-23T08:00:00+03:00,08:00,0.0,0.0,0,0.0,0.0
2026-07-23T09:00:00+03:00,09:00,0.0,0.0,0,0.0,0.0
2026-07-23T10:00:00+03:00,10:00,0.0,0.0,0,0.0,0.0
2026-07-23T11:00:00+03:00,11:00,0.0,0.0,0,0.0,0.0
2026-07-23T12:00:00+03:00,12:00,0.0,0.0,0,0.0,0.0
2026-07-23T13:00:00+03:00,13:00,0.0,0.0,0,0.0,0.0
2026-07-23T14:00:00+03:00,14:00,0.0,0.0,0,0.0,0.0
2026-07-23T15:00:00+03:00,15:00,0.0,0.0,0,0.0,0.0
2026-07-23T16:00:00+03:00,16:00,0.0,0.0,0,0.0,0.0
2026-07-23T17:00:00+03:00,17:00,0.0,0.0,0,0.0,0.0
2026-07-23T18:00:00+03:00,18:00,0.0,0.0,0,0.0,0.0
2026-07-23T19:00:00+03:00,19:00,0.0,0.0,0,0.0,0.0
2026-07-23T20:00:00+03:00,20:00,0.0,0.0,0,0.0,0.0
2026-07-23T21:00:00+03:00,21:00,0.0,0.0,0,0.0,0.0
2026-07-23T22:00:00+03:00,22:00,0.0,0.0,0,0.0,0.0
2026-07-23T23:00:00+03:00,23:00,0.0,0.0,0,0.0,0.0
2026-07-25T00:00:00+03:00,00:00,1384.65,0.0,0,-1301.06,-1204.72
2026-07-25T01:00:00+03:00,01:00,161.63,0.0,0,-161.53,-34.7
2026-07-25T02:00:00+03:00,02:00,69.1,0.0,0,-69.1,-69.1
2026-07-25T03:00:00+03:00,03:00,197.98,0.0,0,-195.48,-195.48
2026-07-25T04:00:00+03:00,04:00,681.52,0.0,0,-443.41,-443.41
2026-07-25T05:00:00+03:00,05:00,378.48,0.0,0,-376.62,-376.62
2026-07-25T06:00:00+03:00,06:00,443.43,0.0,0,-238.45,-238.45
2026-07-25T07:00:00+03:00,07:00,1052.47,0.0,0,-889.43,-889.43
2026-07-25T08:00:00+03:00,08:00,1474.57,0.0,0,-1437.47,-1437.47
2026-07-25T09:00:00+03:00,09:00,1349.45,0.0,0,-1343.18,-1343.18
2026-07-25T10:00:00+03:00,10:00,1453.67,0.0,0,-1328.7,-1328.7
2026-07-25T11:00:00+03:00,11:00,807.0,0.0,0,-803.65,-803.65
2026-07-25T12:00:00+03:00,12:00,977.0,0.0,0,-972.55,-972.55
2026-07-25T13:00:00+03:00,13:00,572.32,0.0,0,-565.11,-341.98
2026-07-25T14:00:00+03:00,14:00,1595.18,0.0,0,-1584.73,-1584.73
2026-07-25T15:00:00+03:00,15:00,2238.45,0.0,0,-2220.22,-2122.8
2026-07-25T16:00:00+03:00,16:00,1486.55,0.0,0,-1446.19,-1306.96
2026-07-25T17:00:00+03:00,17:00,1279.62,0.0,0,-1274.93,-1143.24
2026-07-25T18:00:00+03:00,18:00,745.28,0.0,0,-745.28,-668.86
2026-07-25T19:00:00+03:00,19:00,494.53,0.0,0,-494.39,-441.5
2026-07-25T20:00:00+03:00,20:00,0.0,0.0,0,0.0,0.0
2026-07-25T21:00:00+03:00,21:00,77.5,0.0,0,-75.96,-75.96
2026-07-25T22:00:00+03:00,22:00,102.4,0.0,0,-102.0,-102.0
2026-07-25T23:00:00+03:00,23:00,445.12,0.0,0,-417.86,-417.86
2026-07-26T00:00:00+03:00,00:00,269.0,0.0,0,-269.0,-269.0
2026-07-26T01:00:00+03:00,01:00,558.62,0.0,0,-558.62,-558.62
2026-07-26T02:00:00+03:00,02:00,804.83,0.0,0,-796.72,-796.72
2026-07-26T03:00:00+03:00,03:00,918.27,0.0,0,-917.34,-917.34
2026-07-26T04:00:00+03:00,04:00,787.87,0.0,0,-787.61,-787.61
2026-07-26T05:00:00+03:00,05:00,376.47,0.0,0,-376.47,-376.47
2026-07-26T06:00:00+03:00,06:00,303.43,0.0,0,-282.89,-256.64
2026-07-26T07:00:00+03:00,07:00,1053.9,0.0,0,-740.04,-740.04
2026-07-26T08:00:00+03:00,08:00,2094.5,0.0,0,-1725.99,-1725.99
2026-07-26T09:00:00+03:00,09:00,2223.2,0.0,0,-2160.83,-2160.83
2026-07-26T10:00:00+03:00,10:00,2757.1,0.0,0,-2704.57,-2704.57
2026-07-26T11:00:00+03:00,11:00,2409.0,0.0,0,-2345.86,-2345.86
2026-07-26T12:00:00+03:00,12:00,2053.07,0.0,0,-2005.25,-2005.25
2026-07-26T13:00:00+03:00,13:00,1468.38,0.0,0,-1414.62,-1414.62
2026-07-26T14:00:00+03:00,14:00,1237.67,0.0,0,-1230.91,-1230.91
2026-07-26T15:00:00+03:00,15:00,1986.5,0.0,0,-1876.62,-1876.62
2026-07-26T16:00:00+03:00,16:00,2583.0,0.0,0,-2540.44,-2431.61
2026-07-26T17:00:00+03:00,17:00,2459.85,0.0,0,-2426.96,-2132.05
2026-07-26T18:00:00+03:00,18:00,202.52,0.0,0,-200.13,317.96
2026-07-26T19:00:00+03:00,19:00,612.82,0.0,0,-610.65,-507.15
2026-07-26T20:00:00+03:00,20:00,0.0,0.0,0,0.0,0.0
2026-07-26T21:00:00+03:00,21:00,0.0,0.0,0,0.0,0.0
2026-07-26T22:00:00+03:00,22:00,0.0,0.0,0,0.0,0.0
2026-07-26T23:00:00+03:00,23:00,234.13,0.0,0,-234.13,-234.13
2026-07-27T00:00:00+03:00,00:00,115.43,0.0,0,-114.54,-114.54
2026-07-27T01:00:00+03:00,01:00,97.03,0.0,0,-96.47,-96.47
2026-07-27T02:00:00+03:00,02:00,249.2,0.0,0,-235.23,-235.23
2026-07-27T03:00:00+03:00,03:00,656.92,0.0,0,-618.69,-618.69
2026-07-27T04:00:00+03:00,04:00,860.25,0.0,0,-815.65,-815.65
2026-07-27T05:00:00+03:00,05:00,1006.78,0.0,0,-1006.43,-1006.43
2026-07-27T06:00:00+03:00,06:00,880.17,0.0,0,-812.48,-812.48
2026-07-27T07:00:00+03:00,07:00,1267.97,0.0,0,-1249.72,-1249.72
2026-07-27T08:00:00+03:00,08:00,1178.48,0.0,0,-1178.0,-1178.0
2026-07-27T09:00:00+03:00,09:00,1172.2,0.0,0,-1044.4,-1044.4
2026-07-27T10:00:00+03:00,10:00,1818.03,0.0,0,-1774.44,-1774.44
2026-07-27T11:00:00+03:00,11:00,1202.57,13.6,0,-1117.57,-1109.77
2026-07-27T12:00:00+03:00,12:00,2270.25,99.0,0,-2088.12,-2088.12
2026-07-27T13:00:00+03:00,13:00,1360.67,139.0,0,-1493.61,-1136.82
2026-07-27T14:00:00+03:00,14:00,2024.7,137.0,0,-2026.56,-429.78
2026-07-27T15:00:00+03:00,15:00,1521.0,140.0,0,-1658.8,-998.25
2026-07-27T16:00:00+03:00,16:00,1009.63,99.0,0,-953.53,-557.56
2026-07-27T17:00:00+03:00,17:00,0.0,44.25,0,-44.25,468.6
2026-07-27T18:00:00+03:00,18:00,156.78,0.0,0,-156.78,630.17
2026-07-27T19:00:00+03:00,19:00,0.0,0.0,0,0.0,333.38
2026-07-27T20:00:00+03:00,20:00,0.0,0.0,0,0.0,265.87
2026-07-27T21:00:00+03:00,21:00,203.83,0.0,0,-199.3,76.21
2026-07-27T22:00:00+03:00,22:00,341.83,0.0,0,-339.63,-298.29
2026-07-27T23:00:00+03:00,23:00,534.6,0.0,0,-534.6,-534.6
2026-07-28T00:00:00+03:00,00:00,474.3,0.0,0,-463.63,-463.63
2026-07-28T01:00:00+03:00,01:00,553.85,0.0,0,-440.37,-298.07
2026-07-28T02:00:00+03:00,02:00,494.82,0.0,0,-441.91,-441.91
2026-07-28T03:00:00+03:00,03:00,362.15,0.0,0,-358.77,-317.94
2026-07-28T04:00:00+03:00,04:00,737.63,0.0,0,-736.13,-689.32
2026-07-28T05:00:00+03:00,05:00,635.32,0.0,0,-633.92,-507.9
2026-07-28T06:00:00+03:00,06:00,412.32,0.0,0,-412.16,-412.16
2026-07-28T07:00:00+03:00,07:00,103.0,0.0,0,-103.0,-64.8
2026-07-28T08:00:00+03:00,08:00,434.12,0.0,0,-425.44,-94.62
2026-07-28T09:00:00+03:00,09:00,874.63,0.0,0,-480.45,250.97
2026-07-28T10:00:00+03:00,10:00,243.73,32.6,0,-261.27,-261.27
2026-07-28T11:00:00+03:00,11:00,498.1,75.0,0,-534.15,304.99
2026-07-28T12:00:00+03:00,12:00,308.98,90.0,0,-398.93,587.07
2026-07-28T13:00:00+03:00,13:00,200.22,90.0,0,-238.0,1238.65
2026-07-28T14:00:00+03:00,14:00,397.18,90.0,0,-413.93,1521.21
2026-07-28T15:00:00+03:00,15:00,256.38,131.0,0,-387.31,970.53
2026-07-28T16:00:00+03:00,16:00,798.15,100.0,0,-670.89,528.4
2026-07-28T17:00:00+03:00,17:00,0.0,16.8,0,-16.8,1007.88
2026-07-28T18:00:00+03:00,18:00,0.0,0.0,0,0.0,728.29
2026-07-28T19:00:00+03:00,19:00,0.0,0.0,0,0.0,765.45
2026-07-28T20:00:00+03:00,20:00,0.0,0.0,0,0.0,831.46
2026-07-28T21:00:00+03:00,21:00,168.1,0.0,0,-118.45,592.34
2026-07-28T22:00:00+03:00,22:00,120.4,0.0,0,-120.4,-6.0
2026-07-28T23:00:00+03:00,23:00,182.7,0.0,0,-181.56,940.65
2026-07-29T00:00:00+03:00,00:00,37.33,0.0,0,-33.83,530.93
2026-07-29T01:00:00+03:00,01:00,220.42,0.0,0,-220.42,1258.72
2026-07-29T02:00:00+03:00,02:00,193.23,0.0,0,-193.23,1463.64
2026-07-29T03:00:00+03:00,03:00,0.0,0.0,0,0.0,738.8
2026-07-29T04:00:00+03:00,04:00,21.0,0.0,0,-21.0,333.14
2026-07-29T05:00:00+03:00,05:00,115.33,0.0,0,-115.33,296.14
2026-07-29T06:00:00+03:00,06:00,29.37,0.0,0,-14.45,325.14
2026-07-29T07:00:00+03:00,07:00,0.0,0.0,0,0.0,880.07
2026-07-29T08:00:00+03:00,08:00,190.5,0.0,0,-189.64,773.49
2026-07-29T09:00:00+03:00,09:00,197.1,0.0,0,-189.18,372.88
2026-07-29T10:00:00+03:00,10:00,922.0,0.0,0,-906.25,-372.36
2026-07-29T11:00:00+03:00,11:00,1284.83,0.0,0,-1275.07,-441.85
2026-07-29T12:00:00+03:00,12:00,1789.58,0.0,0,-1787.7,-1035.7
2026-07-29T13:00:00+03:00,13:00,1525.47,0.0,0,-1510.56,-782.88
2026-07-29T14:00:00+03:00,14:00,1202.97,180.0,0,-1372.32,-625.37
2026-07-29T15:00:00+03:00,15:00,1786.65,180.0,0,-1908.24,-1108.65
2026-07-29T16:00:00+03:00,16:00,978.42,180.0,0,-1133.9,-292.9
2026-07-29T17:00:00+03:00,17:00,604.52,180.0,0,-592.62,96.97
2026-07-29T18:00:00+03:00,18:00,667.4,83.33,0,-746.0,-329.06
2026-07-29T19:00:00+03:00,19:00,0.0,181.0,0,-181.0,271.88
2026-07-29T20:00:00+03:00,20:00,0.0,240.0,0,-240.0,179.86
2026-07-29T21:00:00+03:00,21:00,54.5,240.0,0,-294.5,-32.43
2026-07-29T22:00:00+03:00,22:00,0.0,116.5,0,-116.5,458.67
2026-07-29T23:00:00+03:00,23:00,100.0,75.0,0,-174.87,163.62
2026-07-30T00:00:00+03:00,00:00,82.92,80.0,0,-160.65,341.73
2026-07-30T01:00:00+03:00,01:00,122.0,80.0,0,-201.07,247.77
2026-07-30T02:00:00+03:00,02:00,54.0,80.0,0,-134.0,-31.39
2026-07-30T03:00:00+03:00,03:00,140.67,80.0,0,-217.1,-217.1
2026-07-30T04:00:00+03:00,04:00,78.67,80.0,0,-158.1,-158.1
2026-07-30T05:00:00+03:00,05:00,123.5,80.0,0,-203.5,-203.5
2026-07-30T06:00:00+03:00,06:00,0.0,80.0,0,-80.0,3.14
2026-07-30T07:00:00+03:00,07:00,0.0,80.0,0,-80.0,-67.17
2026-07-30T08:00:00+03:00,08:00,0.0,80.0,0,-79.98,567.63
2026-07-30T09:00:00+03:00,09:00,0.0,81.42,0,-81.42,684.73
2026-07-30T10:00:00+03:00,10:00,104.23,128.0,0,-173.36,-94.51
2026-07-30T11:00:00+03:00,11:00,437.92,98.13,0,-515.46,-470.46
2026-07-30T12:00:00+03:00,12:00,645.0,86.67,0,-712.73,-667.73
2026-07-30T13:00:00+03:00,13:00,873.55,62.9,0,-880.25,-522.07
2026-07-30T14:00:00+03:00,14:00,381.07,238.0,0,-610.95,-547.62
2026-07-30T15:00:00+03:00,15:00,0.0,231.0,0,-229.6,-58.72
2026-07-30T16:00:00+03:00,16:00,467.78,157.8,0,-619.13,-168.62
2026-07-30T17:00:00+03:00,17:00,776.78,0.0,0,-643.0,-469.25
2026-07-30T18:00:00+03:00,18:00,265.3,0.0,0,-259.82,0.19
2026-07-30T19:00:00+03:00,19:00,0.0,0.0,0,0.0,407.25
2026-07-30T20:00:00+03:00,20:00,0.0,0.0,0,0.0,432.49
2026-07-30T21:00:00+03:00,21:00,49.33,0.0,0,-47.31,645.13
2026-07-30T22:00:00+03:00,22:00,311.0,0.0,0,-310.63,-310.63
2026-07-30T23:00:00+03:00,23:00,328.03,0.0,0,-288.23,-259.9
2026-07-31T00:00:00+03:00,00:00,399.92,0.0,0,-389.41,-242.87
2026-07-31T01:00:00+03:00,01:00,304.33,0.0,0,-301.36,-174.04
2026-07-31T02:00:00+03:00,02:00,54.0,0.0,0,-54.0,6.02
2026-07-31T03:00:00+03:00,03:00,72.0,0.0,0,-72.0,2.25
2026-07-31T04:00:00+03:00,04:00,0.0,0.0,0,0.0,0.0
2026-07-31T05:00:00+03:00,05:00,111.5,0.0,0,-111.5,-29.35
2026-07-31T06:00:00+03:00,06:00,87.4,0.0,0,-86.95,4.27
2026-07-31T07:00:00+03:00,07:00,0.0,0.0,0,0.0,0.0
2026-07-31T08:00:00+03:00,08:00,0.0,0.0,0,0.0,49.52
2026-07-31T09:00:00+03:00,09:00,14.88,0.0,0,-11.5,432.23
2026-07-31T10:00:00+03:00,10:00,496.82,0.0,0,-447.93,-317.53
2026-07-31T11:00:00+03:00,11:00,0.0,0.0,0,0.0,668.96
2026-07-31T12:00:00+03:00,12:00,120.0,0.0,0,-80.0,-80.0
2026-07-31T13:00:00+03:00,13:00,855.92,0.0,0,-845.05,-845.05
2026-07-31T14:00:00+03:00,14:00,32.0,0.0,0,-30.85,413.26
2026-07-31T15:00:00+03:00,15:00,43.33,0.0,0,-42.54,299.44
2026-07-31T16:00:00+03:00,16:00,52.58,0.0,0,-52.58,290.23
2026-07-31T17:00:00+03:00,17:00,0.0,0.0,0,0.0,326.19
2026-07-31T18:00:00+03:00,18:00,0.0,0.0,0,0.0,259.0
2026-07-31T19:00:00+03:00,19:00,0.0,0.0,0,0.0,451.55
2026-07-31T20:00:00+03:00,20:00,0.0,0.0,0,0.0,542.93
2026-07-31T21:00:00+03:00,21:00,0.0,0.0,0,0.0,339.53
2026-07-31T22:00:00+03:00,22:00,0.0,0.0,0,0.0,310.09
2026-07-31T23:00:00+03:00,23:00,49.08,0.0,0,-48.68,322.08
2026-08-01T00:00:00+03:00,00:00,340.0,0.0,0,-337.0,-231.77
2026-08-01T01:00:00+03:00,01:00,356.67,0.0,0,-355.54,-292.43
2026-08-01T02:00:00+03:00,02:00,479.0,0.0,0,-479.0,-430.08
2026-08-01T03:00:00+03:00,03:00,335.67,0.0,0,-334.93,-299.03
2026-08-01T04:00:00+03:00,04:00,239.58,0.0,0,-234.77,-234.77
2026-08-01T05:00:00+03:00,05:00,409.33,0.0,0,-377.23,-377.23
2026-08-01T06:00:00+03:00,06:00,720.83,0.0,0,-702.82,-431.37
2026-08-01T07:00:00+03:00,07:00,395.12,0.0,0,-334.17,-266.78
2026-08-01T08:00:00+03:00,08:00,179.01,0.0,0,-141.44,-141.44
2026-08-01T09:00:00+03:00,09:00,415.22,0.0,0,-379.68,-379.68
2026-08-01T10:00:00+03:00,10:00,1079.0,0.0,0,-1073.58,-1073.58
2026-08-01T11:00:00+03:00,11:00,640.0,0.0,0,-633.45,-633.45
2026-08-01T12:00:00+03:00,12:00,1063.0,0.0,0,-1057.64,-1057.64
2026-08-01T13:00:00+03:00,13:00,913.78,0.0,0,-899.5,-899.5
2026-08-01T14:00:00+03:00,14:00,940.0,0.0,0,-923.58,-923.58
2026-08-01T15:00:00+03:00,15:00,658.08,0.0,0,-643.79,-643.79
2026-08-01T16:00:00+03:00,16:00,761.45,0.0,0,-736.44,-661.86
2026-08-01T17:00:00+03:00,17:00,590.53,0.0,0,-590.53,-174.87
2026-08-01T18:00:00+03:00,18:00,0.0,0.0,0,0.0,837.52
2026-08-01T19:00:00+03:00,19:00,0.0,0.0,0,0.0,1132.37
2026-08-01T20:00:00+03:00,20:00,0.0,0.0,0,0.0,778.0
2026-08-01T21:00:00+03:00,21:00,0.0,0.0,0,0.0,750.92
2026-08-01T22:00:00+03:00,22:00,0.0,0.0,0,0.0,183.49
2026-08-01T23:00:00+03:00,23:00,0.0,0.0,0,0.0,524.86
2026-08-02T00:00:00+03:00,00:00,0.0,0.0,0,0.0,167.28
2026-08-02T01:00:00+03:00,01:00,0.0,0.0,0,0.0,287.43
2026-08-02T02:00:00+03:00,02:00,0.0,0.0,0,0.0,324.8
2026-08-02T03:00:00+03:00,03:00,0.0,0.0,0,0.0,170.99
2026-08-02T04:00:00+03:00,04:00,0.0,0.0,0,0.0,142.5
2026-08-02T05:00:00+03:00,05:00,0.0,0.0,0,0.0,209.63
2026-08-02T06:00:00+03:00,06:00,38.83,0.0,0,-30.83,322.02
2026-08-02T07:00:00+03:00,07:00,356.08,0.0,0,-356.08,492.0
2026-08-02T08:00:00+03:00,08:00,369.4,0.0,0,-291.22,-291.22
2026-08-02T09:00:00+03:00,09:00,957.93,0.0,0,-867.65,-867.65
2026-08-02T10:00:00+03:00,10:00,1501.35,0.0,0,-1274.21,-1274.21
2026-08-02T11:00:00+03:00,11:00,1690.13,0.0,0,-1501.92,-1501.92
2026-08-02T12:00:00+03:00,12:00,1728.67,0.0,0,-1529.51,-1529.51
2026-08-02T13:00:00+03:00,13:00,1272.43,0.0,0,-1218.97,-1218.97
2026-08-02T14:00:00+03:00,14:00,915.87,0.0,0,-885.66,-885.66
2026-08-02T15:00:00+03:00,15:00,1425.5,0.0,0,-1408.63,-1165.49
2026-08-02T16:00:00+03:00,16:00,1269.15,0.0,0,-1246.42,-918.94
2026-08-02T17:00:00+03:00,17:00,1203.68,0.0,0,-933.13,-427.37
2026-08-02T18:00:00+03:00,18:00,0.0,0.0,0,0.0,786.89
2026-08-02T19:00:00+03:00,19:00,77.33,0.0,0,-77.15,891.85
2026-08-02T20:00:00+03:00,20:00,75.5,0.0,0,-75.5,416.29
2026-08-02T21:00:00+03:00,21:00,0.0,0.0,0,0.0,395.54
2026-08-02T22:00:00+03:00,22:00,0.0,0.0,0,0.0,207.33
2026-08-02T23:00:00+03:00,23:00,0.0,0.0,0,0.0,93.37
2026-08-03T00:00:00+03:00,00:00,0.0,0.0,0,0.0,130.24
2026-08-03T01:00:00+03:00,01:00,209.67,0.0,0,-209.67,654.78
2026-08-03T02:00:00+03:00,02:00,45.0,0.0,0,-45.0,424.34
2026-08-03T03:00:00+03:00,03:00,135.0,0.0,0,-135.0,-53.25
2026-08-03T04:00:00+03:00,04:00,36.63,0.0,0,-36.63,25.11
2026-08-03T05:00:00+03:00,05:00,159.25,0.0,0,-159.25,-107.92
2026-08-03T06:00:00+03:00,06:00,114.6,0.0,0,-110.93,-110.93
2026-08-03T07:00:00+03:00,07:00,38.33,0.0,0,-38.33,90.03
2026-08-03T08:00:00+03:00,08:00,197.83,0.0,0,-195.3,-22.38
2026-08-03T09:00:00+03:00,09:00,136.3,0.0,0,-136.14,330.34
2026-08-03T10:00:00+03:00,10:00,219.63,0.0,0,-219.63,-187.49
2026-08-03T11:00:00+03:00,11:00,0.0,0.0,0,0.0,243.2
2026-08-03T12:00:00+03:00,12:00,314.98,0.0,0,-268.68,-167.54
2026-08-03T13:00:00+03:00,13:00,0.0,0.0,0,0.0,222.45
2026-08-03T14:00:00+03:00,14:00,26.67,0.0,0,-26.67,180.44
2026-08-03T15:00:00+03:00,15:00,190.77,0.0,0,-189.7,574.95
2026-08-03T16:00:00+03:00,16:00,72.0,0.0,0,-72.0,1060.1
2026-08-03T17:00:00+03:00,17:00,77.83,0.0,0,-77.83,701.25
2026-08-03T18:00:00+03:00,18:00,0.0,0.0,0,0.0,653.78
2026-08-03T19:00:00+03:00,19:00,0.0,0.0,0,0.0,819.6
2026-08-03T20:00:00+03:00,20:00,0.0,0.0,0,0.0,476.2
2026-08-03T21:00:00+03:00,21:00,67.05,0.0,0,-66.82,346.99
2026-08-03T22:00:00+03:00,22:00,0.0,0.0,0,0.0,51.83
2026-08-03T23:00:00+03:00,23:00,139.42,0.0,0,-121.2,-97.4
2026-08-04T00:00:00+03:00,00:00,275.7,0.0,0,-268.0,-259.34
2026-08-04T01:00:00+03:00,01:00,387.63,0.0,0,-387.17,-387.17
2026-08-04T02:00:00+03:00,02:00,148.48,0.0,0,-143.48,-143.48
2026-08-04T03:00:00+03:00,03:00,258.55,0.0,0,-257.18,-257.18
2026-08-04T04:00:00+03:00,04:00,69.0,0.0,0,-69.0,-35.94
2026-08-04T05:00:00+03:00,05:00,33.25,0.0,0,-33.25,3.14
2026-08-04T06:00:00+03:00,06:00,0.0,0.0,0,0.0,245.59
2026-08-04T07:00:00+03:00,07:00,0.0,0.0,0,0.0,666.62
2026-08-04T08:00:00+03:00,08:00,111.02,0.0,0,-110.84,511.8
2026-08-04T09:00:00+03:00,09:00,0.0,0.0,0,0.0,1859.01
2026-08-04T10:00:00+03:00,10:00,0.0,0.0,0,0.0,709.34
2026-08-04T11:00:00+03:00,11:00,0.0,0.0,0,0.0,934.72
2026-08-04T12:00:00+03:00,12:00,0.0,0.0,0,0.0,500.0
2026-08-04T13:00:00+03:00,13:00,18.33,0.0,0,-17.15,443.76
2026-08-04T14:00:00+03:00,14:00,53.67,0.0,0,-53.67,865.07
2026-08-04T15:00:00+03:00,15:00,162.0,0.0,0,-162.0,919.53
2026-08-04T16:00:00+03:00,16:00,107.5,0.0,0,-107.5,635.12
2026-08-04T17:00:00+03:00,17:00,0.0,0.0,0,0.0,865.74
2026-08-04T18:00:00+03:00,18:00,99.0,0.0,0,-96.49,695.68
2026-08-04T19:00:00+03:00,19:00,76.0,0.0,0,-76.0,85.0
2026-08-04T20:00:00+03:00,20:00,0.0,0.0,0,0.0,32.0
2026-08-04T21:00:00+03:00,21:00,111.08,0.0,0,-110.79,10.7
2026-08-04T22:00:00+03:00,22:00,0.0,0.0,0,0.0,0.0
2026-08-04T23:00:00+03:00,23:00,119.0,0.0,0,-119.0,-119.0
2026-08-05T00:00:00+03:00,00:00,44.42,0.0,0,-44.42,84.38
2026-08-05T01:00:00+03:00,01:00,155.23,0.0,0,-154.42,17.5
2026-08-05T02:00:00+03:00,02:00,0.0,0.0,0,0.0,22.92
2026-08-05T03:00:00+03:00,03:00,200.83,0.0,0,-200.26,-86.01
2026-08-05T04:00:00+03:00,04:00,0.0,0.0,0,0.0,0.0
2026-08-05T05:00:00+03:00,05:00,249.03,0.0,0,-249.03,-249.03
2026-08-05T06:00:00+03:00,06:00,56.0,0.0,0,-56.0,-56.0
2026-08-05T07:00:00+03:00,07:00,0.0,0.0,0,0.0,25.99
2026-08-05T08:00:00+03:00,08:00,171.45,0.0,0,-171.45,276.18
2026-08-05T09:00:00+03:00,09:00,67.07,0.0,0,-57.07,1030.88
2026-08-05T10:00:00+03:00,10:00,302.21,0.0,0,-300.65,199.35
2026-08-05T11:00:00+03:00,11:00,361.73,0.0,0,-357.73,142.27
2026-08-05T12:00:00+03:00,12:00,940.18,0.0,0,-920.5,-473.5
2026-08-05T13:00:00+03:00,13:00,461.07,0.0,0,-460.51,267.63
2026-08-05T14:00:00+03:00,14:00,0.0,0.0,0,0.0,449.14
2026-08-05T15:00:00+03:00,15:00,0.0,0.0,0,0.0,337.01
2026-08-05T16:00:00+03:00,16:00,0.0,0.0,0,0.0,284.33
2026-08-05T17:00:00+03:00,17:00,0.0,0.0,0,0.0,788.21
2026-08-05T18:00:00+03:00,18:00,0.0,0.0,0,0.0,756.92
2026-08-05T19:00:00+03:00,19:00,0.0,0.0,0,0.0,211.9
2026-08-05T20:00:00+03:00,20:00,0.0,0.0,0,0.0,119.0
2026-08-05T21:00:00+03:00,21:00,0.0,0.0,0,0.0,161.37
2026-08-05T22:00:00+03:00,22:00,0.0,0.0,0,0.0,590.55
2026-08-05T23:00:00+03:00,23:00,106.45,0.0,0,-106.45,514.57
2026-08-06T00:00:00+03:00,00:00,196.58,0.0,0,-196.01,-142.01
2026-08-06T01:00:00+03:00,01:00,194.18,0.0,0,-193.95,-193.95
2026-08-06T02:00:00+03:00,02:00,151.5,0.0,0,-151.5,-151.5
2026-08-06T03:00:00+03:00,03:00,179.25,0.0,0,-179.25,-179.25
2026-08-06T04:00:00+03:00,04:00,58.5,0.0,0,-58.5,-58.5
2026-08-06T05:00:00+03:00,05:00,0.0,0.0,0,0.0,0.0
2026-08-06T06:00:00+03:00,06:00,57.12,0.0,0,-49.56,-49.56
2026-08-06T07:00:00+03:00,07:00,381.0,0.0,0,-381.0,-361.75
2026-08-06T08:00:00+03:00,08:00,107.93,0.0,0,-107.05,354.24
2026-08-06T09:00:00+03:00,09:00,0.0,0.0,0,0.0,904.82
2026-08-06T10:00:00+03:00,10:00,451.75,0.0,0,-388.27,116.98
2026-08-06T11:00:00+03:00,11:00,432.33,0.0,0,-432.33,234.92
2026-08-06T12:00:00+03:00,12:00,1534.4,0.0,0,-1159.95,-477.31
2026-08-06T13:00:00+03:00,13:00,922.53,0.0,0,-920.92,-106.05
2026-08-06T14:00:00+03:00,14:00,417.26,0.0,0,-406.34,-45.25
2026-08-06T15:00:00+03:00,15:00,568.3,0.0,0,-489.56,-184.09
2026-08-06T16:00:00+03:00,16:00,514.33,0.0,0,-513.4,-339.81
2026-08-06T17:00:00+03:00,17:00,0.0,0.0,0,0.0,254.48
2026-08-06T18:00:00+03:00,18:00,74.92,0.0,0,-74.73,348.47
2026-08-06T19:00:00+03:00,19:00,0.0,0.0,0,0.0,1127.09
2026-08-06T20:00:00+03:00,20:00,0.0,0.0,0,0.0,1241.6
2026-08-06T21:00:00+03:00,21:00,69.75,0.0,0,-69.75,948.38
2026-08-06T22:00:00+03:00,22:00,0.0,0.0,0,0.0,781.98
2026-08-06T23:00:00+03:00,23:00,63.73,0.0,0,-63.73,598.63
2026-08-07T00:00:00+03:00,00:00,224.25,0.0,0,-224.1,595.43
2026-08-07T01:00:00+03:00,01:00,86.08,0.0,0,-86.08,45.97
2026-08-07T02:00:00+03:00,02:00,168.23,0.0,0,-167.39,-73.23
2026-08-07T03:00:00+03:00,03:00,0.0,0.0,0,0.0,15.15
2026-08-07T04:00:00+03:00,04:00,90.0,0.0,0,-90.0,308.85
2026-08-07T05:00:00+03:00,05:00,138.17,0.0,0,-138.12,501.42
2026-08-07T06:00:00+03:00,06:00,0.0,0.0,0,0.0,0.0
2026-08-07T07:00:00+03:00,07:00,0.0,0.0,0,0.0,0.0
2026-08-07T08:00:00+03:00,08:00,0.0,0.0,0,0.0,0.0
2026-08-07T09:00:00+03:00,09:00,0.0,0.0,0,0.0,0.0
2026-08-07T10:00:00+03:00,10:00,0.0,0.0,0,0.0,0.0
2026-08-07T11:00:00+03:00,11:00,0.0,0.0,0,0.0,0.0
2026-08-07T12:00:00+03:00,12:00,0.0,0.0,0,0.0,0.0
2026-08-07T13:00:00+03:00,13:00,0.0,0.0,0,0.0,0.0
2026-08-07T14:00:00+03:00,14:00,0.0,0.0,0,0.0,0.0
2026-08-07T15:00:00+03:00,15:00,0.0,0.0,0,0.0,0.0
2026-08-07T16:00:00+03:00,16:00,0.0,0.0,0,0.0,0.0
2026-08-07T17:00:00+03:00,17:00,0.0,0.0,0,0.0,0.0
2026-08-07T18:00:00+03:00,18:00,0.0,0.0,0,0.0,0.0
2026-08-07T19:00:00+03:00,19:00,0.0,0.0,0,0.0,0.0
2026-08-07T20:00:00+03:00,20:00,0.0,0.0,0,0.0,0.0
2026-08-07T21:00:00+03:00,21:00,0.0,0.0,0,0.0,0.0
2026-08-07T22:00:00+03:00,22:00,0.0,0.0,0,0.0,0.0
2026-08-07T23:00:00+03:00,23:00,0.0,0.0,0,0.0,0.0
2026-08-08T00:00:00+03:00,00:00,96.67,0.0,0,-96.67,1262.22
2026-08-08T01:00:00+03:00,01:00,151.75,0.0,0,-151.75,1482.51
2026-08-08T02:00:00+03:00,02:00,105.0,0.0,0,-103.42,1258.59
2026-08-08T03:00:00+03:00,03:00,0.0,0.0,0,0.0,711.81
2026-08-08T04:00:00+03:00,04:00,95.67,0.0,0,-95.57,775.38
2026-08-08T05:00:00+03:00,05:00,157.75,0.0,0,-157.75,755.78
2026-08-08T06:00:00+03:00,06:00,108.53,0.0,0,-108.53,755.84
2026-08-08T07:00:00+03:00,07:00,0.0,0.0,0,0.0,1171.27
2026-08-08T08:00:00+03:00,08:00,60.75,0.0,0,-60.75,919.72
2026-08-08T09:00:00+03:00,09:00,0.0,0.0,0,0.0,1294.07
2026-08-08T10:00:00+03:00,10:00,0.0,0.0,0,0.0,856.67
2026-08-08T11:00:00+03:00,11:00,0.0,0.0,0,0.0,1216.81
2026-08-08T12:00:00+03:00,12:00,42.67,0.0,0,-42.67,178.38
2026-08-08T13:00:00+03:00,13:00,0.0,0.0,0,0.0,242.03
2026-08-08T14:00:00+03:00,14:00,0.0,0.0,0,0.0,788.04
2026-08-08T15:00:00+03:00,15:00,90.0,0.0,0,-90.0,656.64
2026-08-08T16:00:00+03:00,16:00,70.33,0.0,0,-70.33,636.82
2026-08-08T17:00:00+03:00,17:00,0.0,0.0,0,0.0,679.59
2026-08-08T18:00:00+03:00,18:00,0.0,0.0,0,0.0,1349.01
2026-08-08T19:00:00+03:00,19:00,0.0,0.0,0,0.0,1592.2
2026-08-08T20:00:00+03:00,20:00,0.0,0.0,0,0.0,1562.94
2026-08-08T21:00:00+03:00,21:00,48.25,0.0,0,-48.25,813.4
2026-08-08T22:00:00+03:00,22:00,0.0,0.0,0,0.0,609.32
2026-08-08T23:00:00+03:00,23:00,439.43,0.0,0,-421.61,-179.71
2026-08-09T00:00:00+03:00,00:00,810.17,0.0,0,-810.17,-747.17
2026-08-09T01:00:00+03:00,01:00,288.27,0.0,0,-280.58,-239.41
2026-08-09T02:00:00+03:00,02:00,0.0,0.0,0,0.0,172.95
2026-08-09T03:00:00+03:00,03:00,77.92,0.0,0,-77.92,-2.26
2026-08-09T04:00:00+03:00,04:00,239.83,0.0,0,-239.59,-239.59
2026-08-09T05:00:00+03:00,05:00,130.0,0.0,0,-130.0,-130.0
2026-08-09T06:00:00+03:00,06:00,505.23,0.0,0,-223.62,-54.88
2026-08-09T07:00:00+03:00,07:00,234.37,0.0,0,-227.37,334.01
2026-08-09T08:00:00+03:00,08:00,673.53,0.0,0,-669.12,-669.12
2026-08-09T09:00:00+03:00,09:00,362.68,0.0,0,-324.43,-299.93
2026-08-09T10:00:00+03:00,10:00,353.0,0.0,0,-331.15,-331.15
2026-08-09T11:00:00+03:00,11:00,463.0,0.0,0,-442.0,-442.0
2026-08-09T12:00:00+03:00,12:00,492.0,0.0,0,-483.31,-483.31
2026-08-09T13:00:00+03:00,13:00,1157.47,0.0,0,-1152.46,-1035.68
2026-08-09T14:00:00+03:00,14:00,1154.75,0.0,0,-1153.43,-1153.43
2026-08-09T15:00:00+03:00,15:00,476.47,0.0,0,-476.18,-252.28
2026-08-09T16:00:00+03:00,16:00,31.4,0.0,0,-31.4,321.0
2026-08-09T17:00:00+03:00,17:00,0.0,0.0,0,0.0,405.68
2026-08-09T18:00:00+03:00,18:00,0.0,0.0,0,0.0,535.07
2026-08-09T19:00:00+03:00,19:00,0.0,0.0,0,0.0,546.6
2026-08-09T20:00:00+03:00,20:00,65.0,0.0,0,-64.69,429.25
2026-08-09T21:00:00+03:00,21:00,50.0,0.0,0,-50.0,168.55
2026-08-09T22:00:00+03:00,22:00,0.0,0.0,0,0.0,39.0
2026-08-09T23:00:00+03:00,23:00,0.0,0.0,0,0.0,388.87
2026-08-10T00:00:00+03:00,00:00,44.07,0.0,0,-44.07,-2.2
2026-08-10T01:00:00+03:00,01:00,120.85,0.0,0,-120.18,286.63
2026-08-10T02:00:00+03:00,02:00,107.08,0.0,0,-107.08,-107.08
2026-08-10T03:00:00+03:00,03:00,39.5,0.0,0,-39.47,-22.34
2026-08-10T04:00:00+03:00,04:00,0.0,0.0,0,0.0,86.93
2026-08-10T05:00:00+03:00,05:00,57.1,0.0,0,-56.95,101.88
2026-08-10T06:00:00+03:00,06:00,11.0,0.0,0,-10.54,1085.22
2026-08-10T07:00:00+03:00,07:00,0.0,0.0,0,0.0,406.0
2026-08-10T08:00:00+03:00,08:00,0.0,0.0,0,0.0,797.97
2026-08-10T09:00:00+03:00,09:00,0.0,0.0,0,0.0,995.26
2026-08-10T10:00:00+03:00,10:00,0.0,0.0,0,0.0,1164.32
2026-08-10T11:00:00+03:00,11:00,0.0,0.0,0,0.0,422.58
2026-08-10T12:00:00+03:00,12:00,0.0,0.0,0,0.0,334.07
2026-08-10T13:00:00+03:00,13:00,0.0,0.0,0,0.0,785.53
2026-08-10T14:00:00+03:00,14:00,0.0,0.0,0,0.0,1762.06
2026-08-10T15:00:00+03:00,15:00,196.33,0.0,0,-195.78,1148.89
2026-08-10T16:00:00+03:00,16:00,113.33,0.0,0,-112.88,802.75
2026-08-10T17:00:00+03:00,17:00,110.53,0.0,0,-108.71,1263.02
2026-08-10T18:00:00+03:00,18:00,41.33,0.0,0,-41.33,1508.93
2026-08-10T19:00:00+03:00,19:00,0.0,0.0,0,0.0,1177.87
2026-08-10T20:00:00+03:00,20:00,0.0,0.0,0,0.0,1276.45
2026-08-10T21:00:00+03:00,21:00,103.33,0.0,0,-102.25,921.05
2026-08-10T22:00:00+03:00,22:00,22.0,0.0,0,-21.0,862.85
2026-08-10T23:00:00+03:00,23:00,14.4,0.0,0,-13.07,419.18
2026-08-11T00:00:00+03:00,00:00,176.27,0.0,0,-176.27,122.22
2026-08-11T01:00:00+03:00,01:00,0.0,0.0,0,0.0,416.44
2026-08-11T02:00:00+03:00,02:00,0.0,0.0,0,0.0,223.0
2026-08-11T03:00:00+03:00,03:00,0.0,0.0,0,0.0,111.3
2026-08-11T04:00:00+03:00,04:00,0.0,0.0,0,0.0,131.7
2026-08-11T05:00:00+03:00,05:00,32.08,0.0,0,-32.08,86.16
2026-08-11T06:00:00+03:00,06:00,167.58,0.0,0,-160.53,-72.82
2026-08-11T07:00:00+03:00,07:00,151.22,0.0,0,-151.22,-93.75
2026-08-11T08:00:00+03:00,08:00,0.0,0.0,0,0.0,126.83
2026-08-11T09:00:00+03:00,09:00,0.0,0.0,0,0.0,481.2
2026-08-11T10:00:00+03:00,10:00,0.0,0.0,0,0.0,18.67
2026-08-11T11:00:00+03:00,11:00,23.33,0.0,0,-22.82,-22.82
2026-08-11T12:00:00+03:00,12:00,0.0,0.0,0,0.0,57.33
2026-08-11T13:00:00+03:00,13:00,0.0,0.0,0,0.0,523.6
2026-08-11T14:00:00+03:00,14:00,0.0,0.0,0,0.0,764.31
2026-08-11T15:00:00+03:00,15:00,216.67,0.0,0,-216.67,937.07
2026-08-11T16:00:00+03:00,16:00,150.13,0.0,0,-149.26,1235.1
2026-08-11T17:00:00+03:00,17:00,190.3,0.0,0,-185.37,42.0
2026-08-11T18:00:00+03:00,18:00,68.15,0.0,0,-68.15,665.34
2026-08-11T19:00:00+03:00,19:00,0.0,0.0,0,0.0,1025.33
2026-08-11T20:00:00+03:00,20:00,0.0,0.0,0,0.0,869.73
2026-08-11T21:00:00+03:00,21:00,69.75,0.0,0,-69.08,322.72
2026-08-11T22:00:00+03:00,22:00,0.0,0.0,0,0.0,56.0
2026-08-11T23:00:00+03:00,23:00,0.0,0.0,0,0.0,35.27
2026-08-12T00:00:00+03:00,00:00,0.0,0.0,0,0.0,588.35
2026-08-12T01:00:00+03:00,01:00,0.0,0.0,0,0.0,329.68
2026-08-12T02:00:00+03:00,02:00,45.83,0.0,0,-45.33,859.97
2026-08-12T03:00:00+03:00,03:00,0.0,0.0,0,0.0,0.0
2026-08-12T04:00:00+03:00,04:00,0.0,0.0,0,0.0,133.92
2026-08-12T05:00:00+03:00,05:00,0.0,0.0,0,0.0,177.79
2026-08-12T06:00:00+03:00,06:00,111.12,0.0,0,-100.17,95.31
2026-08-12T07:00:00+03:00,07:00,0.0,0.0,0,0.0,22.91
2026-08-12T08:00:00+03:00,08:00,15.0,0.0,0,-15.0,609.06
2026-08-12T09:00:00+03:00,09:00,59.33,0.0,0,-59.33,1110.62
2026-08-12T10:00:00+03:00,10:00,58.27,0.0,0,-57.06,-54.06
2026-08-12T11:00:00+03:00,11:00,0.0,0.0,0,0.0,0.0
2026-08-12T12:00:00+03:00,12:00,383.45,0.0,0,-278.33,-278.33
2026-08-12T13:00:00+03:00,13:00,0.0,0.0,0,0.0,289.47
2026-08-12T14:00:00+03:00,14:00,32.0,0.0,0,-31.1,188.22
2026-08-12T15:00:00+03:00,15:00,222.0,0.0,0,-222.0,17.54
2026-08-12T16:00:00+03:00,16:00,116.33,0.0,0,-107.79,219.33
2026-08-12T17:00:00+03:00,17:00,0.0,0.0,0,0.0,706.88
2026-08-12T18:00:00+03:00,18:00,0.0,0.0,0,0.0,1071.95
2026-08-12T19:00:00+03:00,19:00,0.0,0.0,0,0.0,834.44
2026-08-12T20:00:00+03:00,20:00,0.0,0.0,0,0.0,689.22
2026-08-12T21:00:00+03:00,21:00,75.87,0.0,0,-75.87,248.44
2026-08-12T22:00:00+03:00,22:00,0.0,0.0,0,0.0,41.33
2026-08-12T23:00:00+03:00,23:00,0.0,0.0,0,0.0,252.25
2026-08-13T00:00:00+03:00,00:00,0.0,0.0,0,0.0,60.21
2026-08-13T01:00:00+03:00,01:00,0.0,0.0,0,0.0,256.77
2026-08-13T02:00:00+03:00,02:00,127.83,0.0,0,-126.54,-44.04
2026-08-13T03:00:00+03:00,03:00,171.25,0.0,0,-171.25,-41.31
2026-08-13T04:00:00+03:00,04:00,36.0,0.0,0,-36.0,19.5
2026-08-13T05:00:00+03:00,05:00,168.15,0.0,0,-166.15,-75.69
2026-08-13T06:00:00+03:00,06:00,316.17,0.0,0,-295.25,-150.73
2026-08-13T07:00:00+03:00,07:00,0.0,0.0,0,0.0,21.9
2026-08-13T08:00:00+03:00,08:00,132.0,0.0,0,-132.0,420.61
2026-08-13T09:00:00+03:00,09:00,98.4,0.0,0,-91.05,976.72
2026-08-13T10:00:00+03:00,10:00,205.5,0.0,0,-204.86,160.94
2026-08-13T11:00:00+03:00,11:00,0.0,0.0,0,0.0,963.46
2026-08-13T12:00:00+03:00,12:00,0.0,0.0,0,0.0,675.29
2026-08-13T13:00:00+03:00,13:00,0.0,0.0,0,0.0,1283.77
2026-08-13T14:00:00+03:00,14:00,0.0,10.0,0,-10.0,941.75
2026-08-13T15:00:00+03:00,15:00,252.18,60.0,0,-312.0,777.16
2026-08-13T16:00:00+03:00,16:00,381.05,60.0,0,-440.95,475.08
2026-08-13T17:00:00+03:00,17:00,104.68,60.0,0,-160.55,1005.79
2026-08-13T18:00:00+03:00,18:00,33.58,60.0,0,-93.43,1320.6
2026-08-13T19:00:00+03:00,19:00,103.3,21.0,0,-124.3,939.36
2026-08-13T20:00:00+03:00,20:00,0.0,0.0,0,0.0,1172.95
2026-08-13T21:00:00+03:00,21:00,125.95,0.0,0,-125.3,436.07
2026-08-13T22:00:00+03:00,22:00,13.33,0.0,0,-13.33,-13.33
2026-08-13T23:00:00+03:00,23:00,0.0,0.0,0,0.0,92.95
2026-08-14T00:00:00+03:00,00:00,0.0,0.0,0,0.0,132.48
2026-08-14T01:00:00+03:00,01:00,0.0,0.0,0,0.0,129.6
2026-08-14T02:00:00+03:00,02:00,0.0,0.0,0,0.0,53.38
2026-08-14T03:00:00+03:00,03:00,21.0,0.0,0,-21.0,35.0
2026-08-14T04:00:00+03:00,04:00,101.0,0.0,0,-100.48,-37.48
2026-08-14T05:00:00+03:00,05:00,233.78,0.0,0,-233.78,81.22
2026-08-14T06:00:00+03:00,06:00,158.7,133.83,0,-256.5,182.04
2026-08-14T07:00:00+03:00,07:00,12.75,0.0,0,-12.69,248.68
2026-08-14T08:00:00+03:00,08:00,0.0,0.0,0,0.0,653.76
2026-08-14T09:00:00+03:00,09:00,106.53,0.0,0,-98.57,308.03
2026-08-14T10:00:00+03:00,10:00,546.58,0.0,0,-512.26,-512.26
2026-08-14T11:00:00+03:00,11:00,311.53,0.0,0,-268.68,-220.51
2026-08-14T12:00:00+03:00,12:00,210.88,0.0,0,-159.85,-49.77
2026-08-14T13:00:00+03:00,13:00,1087.25,0.0,0,-1002.79,-797.48
2026-08-14T14:00:00+03:00,14:00,147.17,25.0,0,-161.11,-78.28
2026-08-14T15:00:00+03:00,15:00,403.08,17.67,0,-406.76,-130.52
2026-08-14T16:00:00+03:00,16:00,235.92,0.0,0,-235.68,0.65
2026-08-14T17:00:00+03:00,17:00,577.5,0.0,0,-573.14,-504.89
2026-08-14T18:00:00+03:00,18:00,1229.45,0.0,0,-1227.9,-710.73
2026-08-14T19:00:00+03:00,19:00,1122.67,0.0,0,-1120.55,-190.55
2026-08-14T20:00:00+03:00,20:00,1371.7,0.0,0,-1371.25,-441.25
2026-08-14T21:00:00+03:00,21:00,2331.4,0.0,0,-2313.31,-1383.31
2026-08-14T22:00:00+03:00,22:00,1653.33,0.0,0,-1650.71,-1470.71
2026-08-14T23:00:00+03:00,23:00,1133.85,0.0,0,-1126.2,-1126.2
2026-08-15T00:00:00+03:00,00:00,746.33,0.0,0,-737.87,-622.26
2026-08-15T01:00:00+03:00,01:00,226.0,0.0,0,-225.62,-225.62
2026-08-15T02:00:00+03:00,02:00,237.7,0.0,0,-206.62,-160.07
2026-08-15T03:00:00+03:00,03:00,459.67,0.0,0,-403.6,-403.6
2026-08-15T04:00:00+03:00,04:00,563.53,0.0,0,-436.55,-436.55
2026-08-15T05:00:00+03:00,05:00,636.18,0.0,0,-567.13,-567.13
2026-08-15T06:00:00+03:00,06:00,308.0,0.0,0,-236.88,-236.88
2026-08-15T07:00:00+03:00,07:00,393.2,0.0,0,-386.89,-386.89
2026-08-15T08:00:00+03:00,08:00,250.97,0.0,0,-247.71,9.59
2026-08-15T09:00:00+03:00,09:00,952.95,0.0,0,-946.72,-946.72
2026-08-15T10:00:00+03:00,10:00,982.0,0.0,0,-981.77,-981.77
2026-08-15T11:00:00+03:00,11:00,1044.0,0.0,0,-1039.53,-1012.03
2026-08-15T12:00:00+03:00,12:00,1004.0,0.0,0,-1003.78,-978.78
2026-08-15T13:00:00+03:00,13:00,1270.25,0.0,0,-1270.06,-1257.81
2026-08-15T14:00:00+03:00,14:00,1486.0,0.0,0,-1439.9,-1239.74
2026-08-15T15:00:00+03:00,15:00,1676.48,0.0,0,-1674.44,-1527.59
2026-08-15T16:00:00+03:00,16:00,1976.48,0.0,0,-1960.93,-1565.51
2026-08-15T17:00:00+03:00,17:00,880.07,0.0,0,-832.88,-645.41
2026-08-15T18:00:00+03:00,18:00,990.13,0.0,0,-858.12,163.54
2026-08-15T19:00:00+03:00,19:00,1720.27,0.0,0,-1687.93,-757.93
2026-08-15T20:00:00+03:00,20:00,1932.6,0.0,0,-1906.49,-976.49
2026-08-15T21:00:00+03:00,21:00,502.0,0.0,0,-500.91,-50.91
2026-08-15T22:00:00+03:00,22:00,495.0,0.0,0,-490.12,37.38
2026-08-15T23:00:00+03:00,23:00,207.77,0.0,0,-207.52,-149.92
2026-08-16T00:00:00+03:00,00:00,0.0,0.0,0,0.0,0.0
2026-08-16T01:00:00+03:00,01:00,0.0,0.0,0,0.0,326.71
2026-08-16T02:00:00+03:00,02:00,0.0,0.0,0,0.0,505.64
2026-08-16T03:00:00+03:00,03:00,0.0,0.0,0,0.0,553.93
2026-08-16T04:00:00+03:00,04:00,0.0,0.0,0,0.0,565.96
2026-08-16T05:00:00+03:00,05:00,86.0,0.0,0,-86.0,317.84
2026-08-16T06:00:00+03:00,06:00,228.95,0.0,0,-216.25,225.03
2026-08-16T07:00:00+03:00,07:00,47.5,0.0,0,-47.5,29.25
2026-08-16T08:00:00+03:00,08:00,634.76,0.0,0,-582.75,-582.75
2026-08-16T09:00:00+03:00,09:00,1197.32,0.0,0,-1051.1,-1051.1
2026-08-16T10:00:00+03:00,10:00,1270.12,0.0,0,-1220.46,-1220.46
2026-08-16T11:00:00+03:00,11:00,1086.33,0.0,0,-1076.18,-1076.18
2026-08-16T12:00:00+03:00,12:00,635.07,0.0,0,-631.05,-631.05
2026-08-16T13:00:00+03:00,13:00,409.6,0.0,0,-338.37,-206.76
2026-08-16T14:00:00+03:00,14:00,1154.48,0.0,0,-1080.96,-1080.96
2026-08-16T15:00:00+03:00,15:00,1227.02,0.0,0,-1220.02,-1220.02
2026-08-16T16:00:00+03:00,16:00,1316.6,0.0,0,-1270.0,-1158.14
2026-08-16T17:00:00+03:00,17:00,707.38,0.0,0,-703.19,-421.35
2026-08-16T18:00:00+03:00,18:00,354.67,0.0,0,-353.45,373.98
2026-08-16T19:00:00+03:00,19:00,0.0,0.0,0,0.0,678.6
2026-08-16T20:00:00+03:00,20:00,0.0,0.0,0,0.0,839.89
2026-08-16T21:00:00+03:00,21:00,226.52,0.0,0,-191.97,-49.18
2026-08-16T22:00:00+03:00,22:00,566.0,0.0,0,-538.0,-538.0
2026-08-16T23:00:00+03:00,23:00,663.73,0.0,0,-633.11,-633.11
2026-08-17T00:00:00+03:00,00:00,0.0,0.0,0,0.0,278.88
2026-08-17T01:00:00+03:00,01:00,40.0,0.0,0,-40.0,98.2
2026-08-17T02:00:00+03:00,02:00,66.5,0.0,0,-66.5,11.08
2026-08-17T03:00:00+03:00,03:00,81.67,0.0,0,-81.67,71.61
2026-08-17T04:00:00+03:00,04:00,58.5,0.0,0,-58.5,-58.5
2026-08-17T05:00:00+03:00,05:00,161.87,0.0,0,-161.87,-161.87
2026-08-17T06:00:00+03:00,06:00,126.05,0.0,0,-108.95,4.64
2026-08-17T07:00:00+03:00,07:00,0.0,66.67,0,-66.67,146.25
2026-08-17T08:00:00+03:00,08:00,75.83,69.33,0,-137.16,455.88
2026-08-17T09:00:00+03:00,09:00,71.92,46.67,0,-115.76,318.94
2026-08-17T10:00:00+03:00,10:00,779.82,80.0,0,-798.94,-730.97
2026-08-17T11:00:00+03:00,11:00,69.17,80.0,0,-148.07,-25.84
2026-08-17T12:00:00+03:00,12:00,128.22,114.2,0,-237.75,-171.4
2026-08-17T13:00:00+03:00,13:00,97.33,101.6,0,-196.84,211.31
2026-08-17T14:00:00+03:00,14:00,91.2,80.0,0,-164.92,690.28
2026-08-17T15:00:00+03:00,15:00,182.45,80.0,0,-261.39,-114.14
2026-08-17T16:00:00+03:00,16:00,120.73,48.0,0,-155.73,297.28
2026-08-17T17:00:00+03:00,17:00,53.67,0.0,0,-34.35,1339.83
2026-08-17T18:00:00+03:00,18:00,1945.73,0.0,0,-1711.15,562.69
2026-08-17T19:00:00+03:00,19:00,2173.2,0.0,0,-2169.87,485.45
2026-08-17T20:00:00+03:00,20:00,871.32,0.0,0,-871.32,484.82
2026-08-17T21:00:00+03:00,21:00,303.68,0.0,0,-298.1,-298.1
2026-08-17T22:00:00+03:00,22:00,691.0,0.0,0,-691.0,-644.56
2026-08-17T23:00:00+03:00,23:00,286.97,0.0,0,-286.97,-286.97
2026-08-18T00:00:00+03:00,00:00,172.88,0.0,0,-172.88,-130.67
2026-08-18T01:00:00+03:00,01:00,29.6,0.0,0,-29.6,159.74
2026-08-18T02:00:00+03:00,02:00,39.58,0.0,0,-39.58,71.48
2026-08-18T03:00:00+03:00,03:00,21.0,0.0,0,-21.0,101.93
2026-08-18T04:00:00+03:00,04:00,94.5,0.0,0,-94.5,-94.5
2026-08-18T05:00:00+03:00,05:00,143.75,0.0,0,-143.75,-143.75
2026-08-18T06:00:00+03:00,06:00,61.83,0.0,0,-61.83,-61.83
2026-08-18T07:00:00+03:00,07:00,152.83,0.0,0,-152.33,-115.3
2026-08-18T08:00:00+03:00,08:00,556.85,0.0,0,-556.46,-556.46
2026-08-18T09:00:00+03:00,09:00,320.58,0.0,0,-309.75,-309.75
2026-08-18T10:00:00+03:00,10:00,14.0,0.0,0,-10.91,-10.91
2026-08-18T11:00:00+03:00,11:00,649.97,0.0,0,-269.25,-44.1
2026-08-18T12:00:00+03:00,12:00,479.48,0.0,0,-420.84,-154.59
2026-08-18T13:00:00+03:00,13:00,0.0,0.0,0,0.0,595.52
2026-08-18T14:00:00+03:00,14:00,158.07,0.0,0,-158.07,639.41
2026-08-18T15:00:00+03:00,15:00,535.77,0.0,0,-507.45,373.84
2026-08-18T16:00:00+03:00,16:00,370.17,0.0,0,-366.04,310.34
2026-08-18T17:00:00+03:00,17:00,0.0,0.0,0,0.0,254.28
2026-08-18T18:00:00+03:00,18:00,0.0,0.0,0,0.0,1018.25
2026-08-18T19:00:00+03:00,19:00,169.12,0.0,0,-169.12,1732.07
2026-08-18T20:00:00+03:00,20:00,408.48,0.0,0,-397.79,1397.06
2026-08-18T21:00:00+03:00,21:00,1072.35,0.0,0,-1072.34,370.72
2026-08-18T22:00:00+03:00,22:00,78.55,0.0,0,-77.3,105.53
2026-08-18T23:00:00+03:00,23:00,118.5,0.0,0,-118.18,449.93
2026-08-19T00:00:00+03:00,00:00,103.92,0.0,0,-92.05,25.33
2026-08-19T01:00:00+03:00,01:00,66.83,0.0,0,-66.83,906.61
2026-08-19T02:00:00+03:00,02:00,0.0,0.0,0,0.0,615.43
2026-08-19T03:00:00+03:00,03:00,0.0,0.0,0,0.0,767.95
2026-08-19T04:00:00+03:00,04:00,0.0,0.0,0,0.0,664.58
2026-08-19T05:00:00+03:00,05:00,18.0,0.0,0,-18.0,75.0
2026-08-19T06:00:00+03:00,06:00,62.18,0.0,0,-62.18,488.15
2026-08-19T07:00:00+03:00,07:00,23.73,0.0,0,-23.73,395.38
2026-08-19T08:00:00+03:00,08:00,139.47,0.0,0,-138.6,-138.6
2026-08-19T09:00:00+03:00,09:00,92.83,0.0,0,-88.25,-88.25
2026-08-19T10:00:00+03:00,10:00,0.0,0.0,0,0.0,500.0
2026-08-19T11:00:00+03:00,11:00,79.75,0.0,0,-79.3,701.0
2026-08-19T12:00:00+03:00,12:00,608.08,0.0,0,-500.03,45.64
2026-08-19T13:00:00+03:00,13:00,14.67,0.0,0,-14.53,711.54
2026-08-19T14:00:00+03:00,14:00,222.83,0.0,0,-222.0,618.87
2026-08-19T15:00:00+03:00,15:00,198.72,0.0,0,-198.62,784.56
2026-08-19T16:00:00+03:00,16:00,155.74,0.0,0,-155.5,205.23
2026-08-19T17:00:00+03:00,17:00,0.0,0.0,0,0.0,339.65
2026-08-19T18:00:00+03:00,18:00,67.67,0.0,0,-67.67,551.75
2026-08-19T19:00:00+03:00,19:00,0.0,0.0,0,0.0,388.75
2026-08-19T20:00:00+03:00,20:00,0.0,0.0,0,0.0,913.35
2026-08-19T21:00:00+03:00,21:00,97.07,0.0,0,-97.07,747.0
2026-08-19T22:00:00+03:00,22:00,0.0,0.0,0,0.0,75.44
2026-08-19T23:00:00+03:00,23:00,48.0,0.0,0,-48.0,302.98
2026-08-20T00:00:00+03:00,00:00,85.33,0.0,0,-84.0,-34.5
2026-08-20T01:00:00+03:00,01:00,13.33,0.0,0,-13.33,56.87
2026-08-20T02:00:00+03:00,02:00,76.8,0.0,0,-75.59,14.2
2026-08-20T03:00:00+03:00,03:00,74.58,0.0,0,-74.58,-49.98
2026-08-20T04:00:00+03:00,04:00,99.0,0.0,0,-99.0,-99.0
2026-08-20T05:00:00+03:00,05:00,172.25,0.0,0,-172.25,-172.25
2026-08-20T06:00:00+03:00,06:00,141.68,0.0,0,-141.07,12.12
2026-08-20T07:00:00+03:00,07:00,42.17,0.0,0,-42.17,50.6
2026-08-20T08:00:00+03:00,08:00,174.63,0.0,0,-170.82,-170.82
2026-08-20T09:00:00+03:00,09:00,0.0,0.0,0,0.0,500.0
2026-08-20T10:00:00+03:00,10:00,233.32,0.0,0,-231.31,893.46
2026-08-20T11:00:00+03:00,11:00,1039.25,0.0,0,-1039.17,705.13
2026-08-20T12:00:00+03:00,12:00,1108.0,0.0,0,-1107.85,412.25
2026-08-20T13:00:00+03:00,13:00,1043.5,0.0,0,-1043.34,-78.66
2026-08-20T14:00:00+03:00,14:00,701.6,0.0,0,-699.98,49.86
2026-08-20T15:00:00+03:00,15:00,160.83,0.0,0,-129.27,496.25
2026-08-20T16:00:00+03:00,16:00,127.13,0.0,0,-127.13,386.81
2026-08-20T17:00:00+03:00,17:00,160.75,0.0,0,-160.75,707.91
2026-08-20T18:00:00+03:00,18:00,0.0,0.0,0,0.0,1120.67
2026-08-20T19:00:00+03:00,19:00,0.0,0.0,0,0.0,1027.08
2026-08-20T20:00:00+03:00,20:00,0.0,0.0,0,0.0,943.34
2026-08-20T21:00:00+03:00,21:00,24.67,0.0,0,-24.34,122.83
2026-08-20T22:00:00+03:00,22:00,32.97,0.0,0,-32.38,720.25
2026-08-20T23:00:00+03:00,23:00,360.4,0.0,0,-339.71,-86.28
2026-08-21T00:00:00+03:00,00:00,0.0,0.0,0,0.0,159.55
2026-08-21T01:00:00+03:00,01:00,19.2,0.0,0,-19.2,408.9
2026-08-21T02:00:00+03:00,02:00,0.0,0.0,0,0.0,344.98
2026-08-21T03:00:00+03:00,03:00,0.0,0.0,0,0.0,249.16
2026-08-21T04:00:00+03:00,04:00,0.0,0.0,0,0.0,136.78
2026-08-21T05:00:00+03:00,05:00,0.0,0.0,0,0.0,478.15
2026-08-21T06:00:00+03:00,06:00,0.0,0.0,0,0.0,765.98
2026-08-21T07:00:00+03:00,07:00,60.0,0.0,0,-59.24,654.44
2026-08-21T08:00:00+03:00,08:00,36.27,0.0,0,-34.06,-2.8
2026-08-21T09:00:00+03:00,09:00,118.88,0.0,0,-117.86,-117.86
2026-08-21T10:00:00+03:00,10:00,157.0,0.0,0,-157.0,-157.0
2026-08-21T11:00:00+03:00,11:00,216.0,0.0,0,-216.0,-216.0
2026-08-21T12:00:00+03:00,12:00,110.58,9.15,0,-119.58,-27.92
2026-08-21T13:00:00+03:00,13:00,0.0,48.0,0,-48.0,195.44
2026-08-21T14:00:00+03:00,14:00,0.0,49.0,0,-48.98,1161.08
2026-08-21T15:00:00+03:00,15:00,205.05,24.0,0,-228.53,1385.06
2026-08-21T16:00:00+03:00,16:00,0.0,0.0,0,0.0,1377.38
2026-08-21T17:00:00+03:00,17:00,0.0,0.0,0,0.0,1289.79
2026-08-21T18:00:00+03:00,18:00,0.0,0.0,0,0.0,1406.12
2026-08-21T19:00:00+03:00,19:00,0.0,0.0,0,0.0,1313.57
2026-08-21T20:00:00+03:00,20:00,0.0,0.0,0,0.0,1717.27
2026-08-21T21:00:00+03:00,21:00,0.0,0.0,0,0.0,1337.77
2026-08-21T22:00:00+03:00,22:00,0.0,0.0,0,0.0,917.01
2026-08-21T23:00:00+03:00,23:00,32.0,0.0,0,-22.46,604.17
2026-08-22T00:00:00+03:00,00:00,0.0,0.0,0,0.0,239.25
2026-08-22T01:00:00+03:00,01:00,0.0,0.0,0,0.0,85.17
2026-08-22T02:00:00+03:00,02:00,0.0,0.0,0,0.0,197.85
2026-08-22T03:00:00+03:00,03:00,0.0,0.0,0,0.0,83.0
2026-08-22T04:00:00+03:00,04:00,0.0,0.0,0,0.0,99.17
2026-08-22T05:00:00+03:00,05:00,18.32,0.0,0,-18.32,371.77
2026-08-22T06:00:00+03:00,06:00,89.85,0.0,0,-85.35,686.64
2026-08-22T07:00:00+03:00,07:00,275.75,0.0,0,-275.75,-275.75
2026-08-22T08:00:00+03:00,08:00,488.33,0.0,0,-486.85,-436.18
2026-08-22T09:00:00+03:00,09:00,82.92,0.0,0,-82.92,-49.42
2026-08-22T10:00:00+03:00,10:00,299.38,0.0,0,-289.72,29.26
2026-08-22T11:00:00+03:00,11:00,0.0,0.0,0,0.0,872.07
2026-08-22T12:00:00+03:00,12:00,0.0,0.0,0,0.0,417.99
2026-08-22T13:00:00+03:00,13:00,7.9,0.0,0,-7.9,465.43
2026-08-22T14:00:00+03:00,14:00,0.0,0.0,0,0.0,589.16
2026-08-22T15:00:00+03:00,15:00,86.7,0.0,0,-86.7,807.55
2026-08-22T16:00:00+03:00,16:00,96.47,0.0,0,-95.36,934.41
2026-08-22T17:00:00+03:00,17:00,299.03,0.0,0,-269.89,656.55
2026-08-22T18:00:00+03:00,18:00,11.0,0.0,0,-11.0,1931.28
2026-08-22T19:00:00+03:00,19:00,22.8,0.0,0,-22.8,2187.09
2026-08-22T20:00:00+03:00,20:00,0.0,0.0,0,0.0,1972.85
2026-08-22T21:00:00+03:00,21:00,0.0,0.0,0,0.0,18.5
2026-08-22T22:00:00+03:00,22:00,111.13,0.0,0,-100.09,-100.09
2026-08-22T23:00:00+03:00,23:00,0.0,0.0,0,0.0,376.5
2026-08-23T00:00:00+03:00,00:00,71.8,0.0,0,-71.8,775.7
2026-08-23T01:00:00+03:00,01:00,88.0,0.0,0,-87.39,788.01
2026-08-23T02:00:00+03:00,02:00,30.8,0.0,0,-30.8,286.74
2026-08-23T03:00:00+03:00,03:00,80.5,0.0,0,-80.5,-48.26
2026-08-23T04:00:00+03:00,04:00,132.5,0.0,0,-132.5,-132.5
2026-08-23T05:00:00+03:00,05:00,191.23,0.0,0,-191.23,-137.68
2026-08-23T06:00:00+03:00,06:00,194.55,0.0,0,-190.69,140.91
2026-08-23T07:00:00+03:00,07:00,31.0,0.0,0,-31.0,159.94
2026-08-23T08:00:00+03:00,08:00,948.52,0.0,0,-619.47,-619.47
2026-08-23T09:00:00+03:00,09:00,1106.47,0.0,0,-958.2,-958.2
2026-08-23T10:00:00+03:00,10:00,649.78,0.0,0,-647.5,-647.5
2026-08-23T11:00:00+03:00,11:00,616.0,0.0,0,-611.57,-611.57
2026-08-23T12:00:00+03:00,12:00,497.0,0.0,0,-495.4,-486.58
2026-08-23T13:00:00+03:00,13:00,405.3,0.0,0,-400.44,-364.28
2026-08-23T14:00:00+03:00,14:00,205.9,0.0,0,-204.9,-84.03
2026-08-23T15:00:00+03:00,15:00,277.65,0.0,0,-277.65,34.99
2026-08-23T16:00:00+03:00,16:00,995.27,0.0,0,-915.02,-431.27
2026-08-23T17:00:00+03:00,17:00,130.92,0.0,0,-130.48,520.73
2026-08-23T18:00:00+03:00,18:00,92.37,0.0,0,-89.37,505.87
2026-08-23T19:00:00+03:00,19:00,0.0,0.0,0,0.0,859.62
2026-08-23T20:00:00+03:00,20:00,0.0,0.0,0,0.0,246.9
2026-08-23T21:00:00+03:00,21:00,226.97,0.0,0,-219.94,-219.94
2026-08-23T22:00:00+03:00,22:00,259.0,0.0,0,-259.0,-259.0
2026-08-23T23:00:00+03:00,23:00,502.15,0.0,0,-484.94,-484.94
2026-08-24T00:00:00+03:00,00:00,164.08,0.0,0,-163.51,-87.56
2026-08-24T01:00:00+03:00,01:00,184.87,0.0,0,-182.88,-182.88
2026-08-24T02:00:00+03:00,02:00,575.0,0.0,0,-515.09,-515.09
2026-08-24T03:00:00+03:00,03:00,724.52,0.0,0,-711.97,-699.47
2026-08-24T04:00:00+03:00,04:00,792.17,0.0,0,-788.13,-788.13
2026-08-24T05:00:00+03:00,05:00,790.33,0.0,0,-785.95,-785.95
2026-08-24T06:00:00+03:00,06:00,678.73,0.0,0,-659.13,-659.13
2026-08-24T07:00:00+03:00,07:00,635.0,0.0,0,-633.23,-633.23
2026-08-24T08:00:00+03:00,08:00,229.92,0.0,0,-229.92,446.04
2026-08-24T09:00:00+03:00,09:00,214.17,0.0,0,-209.92,122.09
2026-08-24T10:00:00+03:00,10:00,92.5,0.0,0,-92.5,328.62
2026-08-24T11:00:00+03:00,11:00,73.42,0.0,0,-72.05,-48.1
2026-08-24T12:00:00+03:00,12:00,0.0,0.0,0,0.0,373.39
2026-08-24T13:00:00+03:00,13:00,0.0,0.0,0,0.0,1112.29
2026-08-24T14:00:00+03:00,14:00,37.67,0.0,0,-37.6,1326.82
2026-08-24T15:00:00+03:00,15:00,57.0,0.0,0,-57.0,1383.91
2026-08-24T16:00:00+03:00,16:00,0.0,0.0,0,0.0,1284.89
2026-08-24T17:00:00+03:00,17:00,86.67,0.0,0,-86.67,941.42
2026-08-24T18:00:00+03:00,18:00,84.68,0.0,0,-82.54,594.13
2026-08-24T19:00:00+03:00,19:00,0.0,0.0,0,0.0,766.35
2026-08-24T20:00:00+03:00,20:00,0.0,0.0,0,0.0,801.38
2026-08-24T21:00:00+03:00,21:00,0.0,0.0,0,0.0,821.67
2026-08-24T22:00:00+03:00,22:00,0.0,0.0,0,0.0,899.08
2026-08-24T23:00:00+03:00,23:00,0.0,0.0,0,0.0,612.2
2026-08-25T00:00:00+03:00,00:00,0.0,0.0,0,0.0,791.22
2026-08-25T01:00:00+03:00,01:00,198.33,0.0,0,-186.3,948.18
2026-08-25T02:00:00+03:00,02:00,23.33,0.0,0,-23.1,1187.96
2026-08-25T03:00:00+03:00,03:00,0.0,0.0,0,0.0,1324.0
2026-08-25T04:00:00+03:00,04:00,166.0,0.0,0,-166.0,1559.5
2026-08-25T05:00:00+03:00,05:00,129.73,0.0,0,-129.73,812.27
2026-08-25T06:00:00+03:00,06:00,43.42,0.0,0,-19.25,1144.7
2026-08-25T07:00:00+03:00,07:00,0.0,0.0,0,0.0,1135.46
2026-08-25T08:00:00+03:00,08:00,42.0,0.0,0,-40.64,954.68
2026-08-25T09:00:00+03:00,09:00,57.0,0.0,0,-57.0,1389.41
2026-08-25T10:00:00+03:00,10:00,0.0,0.0,0,0.0,1260.35
2026-08-25T11:00:00+03:00,11:00,0.0,0.0,0,0.0,1288.52
2026-08-25T12:00:00+03:00,12:00,0.0,0.0,0,0.0,1923.28
2026-08-25T13:00:00+03:00,13:00,31.17,0.0,0,-31.17,1261.53
2026-08-25T14:00:00+03:00,14:00,149.67,0.0,0,-149.67,1275.73
2026-08-25T15:00:00+03:00,15:00,151.63,0.0,0,-151.63,1639.46
2026-08-25T16:00:00+03:00,16:00,114.77,0.0,0,-114.36,1425.94
2026-08-25T17:00:00+03:00,17:00,0.0,0.0,0,0.0,2067.73
2026-08-25T18:00:00+03:00,18:00,0.0,0.0,0,0.0,1689.8
2026-08-25T19:00:00+03:00,19:00,0.0,0.0,0,0.0,949.05
2026-08-25T20:00:00+03:00,20:00,0.0,0.0,0,0.0,970.42
2026-08-25T21:00:00+03:00,21:00,69.33,0.0,0,-69.33,1021.45
2026-08-25T22:00:00+03:00,22:00,0.0,0.0,0,0.0,852.84
2026-08-25T23:00:00+03:00,23:00,7.7,0.0,0,-7.7,322.0
2026-08-26T00:00:00+03:00,00:00,0.0,0.0,0,0.0,0.0
2026-08-26T01:00:00+03:00,01:00,86.95,0.0,0,-84.44,22.09
2026-08-26T02:00:00+03:00,02:00,23.33,0.0,0,-23.33,-23.33
2026-08-26T03:00:00+03:00,03:00,45.5,0.0,0,-45.5,-45.5
2026-08-26T04:00:00+03:00,04:00,40.5,0.0,0,-40.5,-40.5
2026-08-26T05:00:00+03:00,05:00,120.08,0.0,0,-95.77,-95.77
2026-08-26T06:00:00+03:00,06:00,12.4,0.0,0,-12.4,39.3
2026-08-26T07:00:00+03:00,07:00,0.0,0.0,0,0.0,54.48
2026-08-26T08:00:00+03:00,08:00,38.27,0.0,0,-35.4,651.78
2026-08-26T09:00:00+03:00,09:00,0.0,0.0,0,0.0,1353.98
2026-08-26T10:00:00+03:00,10:00,0.0,0.0,0,0.0,899.64
2026-08-26T11:00:00+03:00,11:00,0.0,0.0,0,0.0,1035.71
2026-08-26T12:00:00+03:00,12:00,0.0,0.0,0,0.0,494.48
2026-08-26T13:00:00+03:00,13:00,170.47,12.5,0,-177.75,752.07
2026-08-26T14:00:00+03:00,14:00,193.13,51.0,0,-244.13,612.11
2026-08-26T15:00:00+03:00,15:00,268.82,25.0,0,-292.81,-84.72
2026-08-26T16:00:00+03:00,16:00,947.93,0.0,0,-943.32,-771.01
2026-08-26T17:00:00+03:00,17:00,770.03,0.0,0,-768.55,-504.23
2026-08-26T18:00:00+03:00,18:00,695.25,0.0,0,-693.63,-179.63
2026-08-26T19:00:00+03:00,19:00,947.77,0.0,0,-947.68,94.32
2026-08-26T20:00:00+03:00,20:00,1183.25,0.0,0,-1183.25,-153.25
2026-08-26T21:00:00+03:00,21:00,1094.97,0.0,0,-1086.67,-507.59
2026-08-26T22:00:00+03:00,22:00,186.73,0.0,0,-178.9,28.53
2026-08-26T23:00:00+03:00,23:00,203.73,0.0,0,-201.66,385.44
2026-08-27T00:00:00+03:00,00:00,101.0,0.0,0,-101.0,408.21
2026-08-27T01:00:00+03:00,01:00,78.83,0.0,0,-77.51,246.19
2026-08-27T02:00:00+03:00,02:00,470.5,0.0,0,-459.36,-459.36
2026-08-27T03:00:00+03:00,03:00,172.0,0.0,0,-166.17,-166.17
2026-08-27T04:00:00+03:00,04:00,516.05,0.0,0,-481.74,-463.47
2026-08-27T05:00:00+03:00,05:00,191.73,0.0,0,-190.87,-61.5
2026-08-27T06:00:00+03:00,06:00,220.75,0.0,0,-220.75,-149.45
2026-08-27T07:00:00+03:00,07:00,64.42,0.0,0,-64.24,-29.56
2026-08-27T08:00:00+03:00,08:00,173.82,0.0,0,-171.11,304.2
2026-08-27T09:00:00+03:00,09:00,0.0,0.0,0,0.0,699.87
2026-08-27T10:00:00+03:00,10:00,0.0,0.0,0,0.0,876.56
2026-08-27T11:00:00+03:00,11:00,0.0,0.0,0,0.0,1054.14
2026-08-27T12:00:00+03:00,12:00,28.08,0.0,0,-28.08,499.78
2026-08-27T13:00:00+03:00,13:00,208.87,0.0,0,-188.67,630.02
2026-08-27T14:00:00+03:00,14:00,156.15,0.0,0,-156.15,881.02
2026-08-27T15:00:00+03:00,15:00,115.02,0.0,0,-109.71,753.91
2026-08-27T16:00:00+03:00,16:00,479.02,0.0,0,-452.78,97.04
2026-08-27T17:00:00+03:00,17:00,118.45,0.0,0,-114.19,1028.25
2026-08-27T18:00:00+03:00,18:00,0.0,0.0,0,0.0,1101.16
2026-08-27T19:00:00+03:00,19:00,0.0,0.0,0,0.0,1749.96
2026-08-27T20:00:00+03:00,20:00,0.0,0.0,0,0.0,1714.48
2026-08-27T21:00:00+03:00,21:00,95.92,0.0,0,-95.92,1221.06
2026-08-27T22:00:00+03:00,22:00,0.0,0.0,0,0.0,1260.51
2026-08-27T23:00:00+03:00,23:00,0.0,0.0,0,0.0,453.2
2026-08-28T00:00:00+03:00,00:00,63.0,0.0,0,-63.0,177.02
2026-08-28T01:00:00+03:00,01:00,81.25,0.0,0,-80.67,230.02
2026-08-28T02:00:00+03:00,02:00,0.0,0.0,0,0.0,84.0
2026-08-28T03:00:00+03:00,03:00,0.0,0.0,0,0.0,402.44
2026-08-28T04:00:00+03:00,04:00,103.47,0.0,0,-103.47,607.32
2026-08-28T05:00:00+03:00,05:00,70.8,0.0,0,-66.8,407.82
2026-08-28T06:00:00+03:00,06:00,58.67,0.0,0,-58.67,571.66
2026-08-28T07:00:00+03:00,07:00,0.0,0.0,0,0.0,640.42
2026-08-28T08:00:00+03:00,08:00,32.77,0.0,0,-32.03,561.95
2026-08-28T09:00:00+03:00,09:00,0.0,0.0,0,0.0,1002.56
2026-08-28T10:00:00+03:00,10:00,0.0,13.0,0,-7.5,672.86
2026-08-28T11:00:00+03:00,11:00,0.0,40.0,0,-39.22,229.27
2026-08-28T12:00:00+03:00,12:00,553.0,24.0,0,-464.41,-464.41
2026-08-28T13:00:00+03:00,13:00,364.55,16.9,0,-380.8,-173.61
2026-08-28T14:00:00+03:00,14:00,84.5,0.0,0,-84.5,712.99
2026-08-28T15:00:00+03:00,15:00,76.65,0.0,0,-75.93,425.37
2026-08-28T16:00:00+03:00,16:00,0.0,0.0,0,0.0,265.47
2026-08-28T17:00:00+03:00,17:00,387.62,0.0,0,-385.71,-296.46
2026-08-28T18:00:00+03:00,18:00,423.53,0.0,0,-410.32,-410.32
2026-08-28T19:00:00+03:00,19:00,401.7,0.0,0,-399.23,-399.23
2026-08-28T20:00:00+03:00,20:00,819.82,0.0,0,-819.78,-819.78
2026-08-28T21:00:00+03:00,21:00,1039.93,0.0,0,-1034.76,-1034.76
2026-08-28T22:00:00+03:00,22:00,1207.63,0.0,0,-1192.73,-1192.73
2026-08-28T23:00:00+03:00,23:00,1283.31,0.0,0,-1128.48,-1084.79
2026-08-29T00:00:00+03:00,00:00,2010.5,0.0,0,-1926.24,-1887.74
2026-08-29T01:00:00+03:00,01:00,1678.75,0.0,0,-1664.76,-1581.64
2026-08-29T02:00:00+03:00,02:00,1183.83,0.0,0,-1169.95,-1116.61
2026-08-29T03:00:00+03:00,03:00,284.83,0.0,0,-284.83,-284.83
2026-08-29T04:00:00+03:00,04:00,130.83,0.0,0,-130.83,-82.83
2026-08-29T05:00:00+03:00,05:00,127.33,0.0,0,-125.33,-3.21
2026-08-29T06:00:00+03:00,06:00,87.75,0.0,0,-87.26,75.93
2026-08-29T07:00:00+03:00,07:00,0.0,0.0,0,0.0,290.2
2026-08-29T08:00:00+03:00,08:00,0.0,0.0,0,0.0,406.27
2026-08-29T09:00:00+03:00,09:00,120.5,0.0,0,-120.5,348.27
2026-08-29T10:00:00+03:00,10:00,0.0,0.0,0,0.0,27.5
2026-08-29T11:00:00+03:00,11:00,0.0,0.0,0,0.0,0.0
2026-08-29T12:00:00+03:00,12:00,928.03,0.0,0,-555.12,-555.12
2026-08-29T13:00:00+03:00,13:00,1148.0,0.0,0,-1140.27,-1140.27
2026-08-29T14:00:00+03:00,14:00,1071.61,0.0,0,-947.99,-947.99
2026-08-29T15:00:00+03:00,15:00,1378.48,0.0,0,-1278.19,-1230.98
2026-08-29T16:00:00+03:00,16:00,1705.77,0.0,0,-1705.77,-1662.91
2026-08-29T17:00:00+03:00,17:00,1319.47,0.0,0,-1316.17,-1265.43
2026-08-29T18:00:00+03:00,18:00,551.82,0.0,0,-550.82,-203.52
2026-08-29T19:00:00+03:00,19:00,400.88,0.0,0,-397.45,-287.67
2026-08-29T20:00:00+03:00,20:00,26.2,0.0,0,-26.12,42.58
2026-08-29T21:00:00+03:00,21:00,566.83,0.0,0,-565.94,-565.94
2026-08-29T22:00:00+03:00,22:00,626.33,0.0,0,-626.3,-626.3
2026-08-29T23:00:00+03:00,23:00,593.43,0.0,0,-536.18,-536.18
2026-08-30T00:00:00+03:00,00:00,1460.71,0.0,0,-1364.74,-1364.74
2026-08-30T01:00:00+03:00,01:00,1036.48,0.0,0,-1035.53,-1035.53
2026-08-30T02:00:00+03:00,02:00,904.23,0.0,0,-904.11,-904.11
2026-08-30T03:00:00+03:00,03:00,223.6,0.0,0,-138.87,-138.87
2026-08-30T04:00:00+03:00,04:00,960.45,0.0,0,-788.19,-788.19
2026-08-30T05:00:00+03:00,05:00,535.72,0.0,0,-517.1,12.41
2026-08-30T06:00:00+03:00,06:00,392.07,0.0,0,-389.57,43.65
2026-08-30T07:00:00+03:00,07:00,198.13,0.0,0,-190.4,430.9
2026-08-30T08:00:00+03:00,08:00,94.13,0.0,0,-94.13,750.34
2026-08-30T09:00:00+03:00,09:00,0.0,0.0,0,0.0,795.9
2026-08-30T10:00:00+03:00,10:00,0.0,0.0,0,0.0,171.65
2026-08-30T11:00:00+03:00,11:00,0.0,0.0,0,0.0,322.67
2026-08-30T12:00:00+03:00,12:00,0.0,0.0,0,0.0,337.57
2026-08-30T13:00:00+03:00,13:00,72.1,0.0,0,-69.0,38.58
2026-08-30T14:00:00+03:00,14:00,196.93,0.0,0,-191.93,-191.93
2026-08-30T15:00:00+03:00,15:00,805.8,0.0,0,-780.66,-752.16
2026-08-30T16:00:00+03:00,16:00,1168.92,0.0,0,-1136.93,-778.08
2026-08-30T17:00:00+03:00,17:00,696.63,0.0,0,-696.13,-207.8
2026-08-30T18:00:00+03:00,18:00,90.97,0.0,0,-90.97,364.64
2026-08-30T19:00:00+03:00,19:00,0.0,0.0,0,0.0,938.91
2026-08-30T20:00:00+03:00,20:00,0.0,0.0,0,0.0,1384.72
2026-08-30T21:00:00+03:00,21:00,0.0,0.0,0,0.0,1288.11
2026-08-30T22:00:00+03:00,22:00,0.0,0.0,0,0.0,1206.06
2026-08-30T23:00:00+03:00,23:00,88.67,0.0,0,-87.7,1008.57
2026-08-31T00:00:00+03:00,00:00,54.18,0.0,0,-52.18,545.64
2026-08-31T01:00:00+03:00,01:00,107.2,0.0,0,-106.79,758.33
2026-08-31T02:00:00+03:00,02:00,0.0,0.0,0,0.0,514.01
2026-08-31T03:00:00+03:00,03:00,0.0,0.0,0,0.0,650.99
2026-08-31T04:00:00+03:00,04:00,0.0,0.0,0,0.0,641.28
2026-08-31T05:00:00+03:00,05:00,9.5,0.0,0,-9.5,642.17
2026-08-31T06:00:00+03:00,06:00,0.0,0.0,0,0.0,813.97
2026-08-31T07:00:00+03:00,07:00,0.0,0.0,0,0.0,1141.23
2026-08-31T08:00:00+03:00,08:00,285.28,0.0,0,-284.42,1114.76
2026-08-31T09:00:00+03:00,09:00,0.0,66.0,0,-64.1,2149.9
2026-08-31T10:00:00+03:00,10:00,52.5,100.0,0,-152.12,1321.81
2026-08-31T11:00:00+03:00,11:00,106.92,96.0,0,-202.92,1379.33
2026-08-31T12:00:00+03:00,12:00,0.0,96.0,0,-96.0,953.82
2026-08-31T13:00:00+03:00,13:00,0.0,98.0,0,-98.0,432.65
2026-08-31T14:00:00+03:00,14:00,84.93,81.0,0,-165.37,850.81
2026-08-31T15:00:00+03:00,15:00,235.18,68.0,0,-300.96,904.42
2026-08-31T16:00:00+03:00,16:00,0.0,72.0,0,-71.4,790.96
2026-08-31T17:00:00+03:00,17:00,0.0,70.0,0,-69.99,1449.35
2026-08-31T18:00:00+03:00,18:00,0.0,0.0,0,0.0,1076.9
2026-08-31T19:00:00+03:00,19:00,0.0,0.0,0,0.0,860.28
2026-08-31T20:00:00+03:00,20:00,0.0,0.0,0,0.0,994.87
2026-08-31T21:00:00+03:00,21:00,178.6,0.0,0,-177.19,249.96
2026-08-31T22:00:00+03:00,22:00,141.0,0.0,0,-140.89,-60.85
2026-08-31T23:00:00+03:00,23:00,43.75,0.0,0,-43.75,770.45
2026-09-01T00:00:00+03:00,00:00,165.07,0.0,0,-160.7,352.35
2026-09-01T01:00:00+03:00,01:00,38.0,0.0,0,-38.0,835.1
2026-09-01T02:00:00+03:00,02:00,77.98,0.0,0,-77.97,87.63
2026-09-01T03:00:00+03:00,03:00,240.9,0.0,0,-231.83,-215.17
2026-09-01T04:00:00+03:00,04:00,244.22,0.0,0,-240.95,-222.03
2026-09-01T05:00:00+03:00,05:00,0.0,0.0,0,0.0,7.0
2026-09-01T06:00:00+03:00,06:00,37.33,0.0,0,-35.92,379.14
2026-09-01T07:00:00+03:00,07:00,0.0,0.0,0,0.0,673.23
2026-09-01T08:00:00+03:00,08:00,57.5,0.0,0,-57.5,325.33
2026-09-01T09:00:00+03:00,09:00,55.83,0.0,0,-55.83,880.15
2026-09-01T10:00:00+03:00,10:00,249.0,0.0,0,-236.14,415.87
2026-09-01T11:00:00+03:00,11:00,0.0,0.0,0,0.0,899.86
2026-09-01T12:00:00+03:00,12:00,0.0,0.0,0,0.0,1060.4
2026-09-01T13:00:00+03:00,13:00,53.33,0.0,0,-53.33,762.84
2026-09-01T14:00:00+03:00,14:00,212.2,0.0,0,-211.35,1026.61
2026-09-01T15:00:00+03:00,15:00,220.18,0.0,0,-220.18,600.11
2026-09-01T16:00:00+03:00,16:00,61.87,0.0,0,-60.46,206.37
2026-09-01T17:00:00+03:00,17:00,0.0,0.0,0,0.0,724.41
2026-09-01T18:00:00+03:00,18:00,0.0,0.0,0,0.0,799.12
2026-09-01T19:00:00+03:00,19:00,0.0,0.0,0,0.0,984.0
2026-09-01T20:00:00+03:00,20:00,0.0,0.0,0,0.0,540.56
2026-09-01T21:00:00+03:00,21:00,0.0,0.0,0,0.0,493.7
2026-09-01T22:00:00+03:00,22:00,0.0,0.0,0,0.0,0.0
2026-09-01T23:00:00+03:00,23:00,101.67,0.0,0,-101.67,-101.67
2026-09-02T00:00:00+03:00,00:00,80.17,0.0,0,-79.95,-2.04
2026-09-02T01:00:00+03:00,01:00,27.5,0.0,0,-27.2,43.72
2026-09-02T02:00:00+03:00,02:00,174.23,0.0,0,-154.33,-135.06
2026-09-02T03:00:00+03:00,03:00,457.67,0.0,0,-454.48,-454.48
2026-09-02T04:00:00+03:00,04:00,144.0,0.0,0,-144.0,-144.0
2026-09-02T05:00:00+03:00,05:00,249.03,0.0,0,-249.03,-249.03
2026-09-02T06:00:00+03:00,06:00,527.87,0.0,0,-382.42,-330.51
2026-09-02T07:00:00+03:00,07:00,1191.37,0.0,0,-1085.93,-1085.93
2026-09-02T08:00:00+03:00,08:00,616.12,0.0,0,-607.13,-607.13
2026-09-02T09:00:00+03:00,09:00,576.47,0.0,0,-539.54,-539.54
2026-09-02T10:00:00+03:00,10:00,925.63,0.0,0,-861.06,-361.06
2026-09-02T11:00:00+03:00,11:00,104.9,0.0,0,-88.25,451.14
2026-09-02T12:00:00+03:00,12:00,980.45,0.0,0,-832.5,-287.5
2026-09-02T13:00:00+03:00,13:00,384.1,0.0,0,-384.1,-32.98
2026-09-02T14:00:00+03:00,14:00,0.0,0.0,0,0.0,449.8
2026-09-02T15:00:00+03:00,15:00,0.0,0.0,0,0.0,568.48
2026-09-02T16:00:00+03:00,16:00,331.33,0.0,0,-331.33,167.35
2026-09-02T17:00:00+03:00,17:00,111.88,0.0,0,-109.43,543.79
2026-09-02T18:00:00+03:00,18:00,0.0,0.0,0,0.0,506.35
2026-09-02T19:00:00+03:00,19:00,0.0,0.0,0,0.0,141.43
2026-09-02T20:00:00+03:00,20:00,72.67,0.0,0,-72.67,118.26
2026-09-02T21:00:00+03:00,21:00,0.0,0.0,0,0.0,357.36
2026-09-02T22:00:00+03:00,22:00,0.0,0.0,0,0.0,98.17
2026-09-02T23:00:00+03:00,23:00,76.5,0.0,0,-76.5,711.18
2026-09-03T00:00:00+03:00,00:00,20.58,0.0,0,-19.58,239.33
2026-09-03T01:00:00+03:00,01:00,55.6,0.0,0,-54.82,694.99
2026-09-03T02:00:00+03:00,02:00,0.0,0.0,0,0.0,635.45
2026-09-03T03:00:00+03:00,03:00,328.67,0.0,0,-328.67,-237.27
2026-09-03T04:00:00+03:00,04:00,0.0,0.0,0,0.0,0.0
2026-09-03T05:00:00+03:00,05:00,156.27,0.0,0,-156.27,-156.27
2026-09-03T06:00:00+03:00,06:00,311.12,0.0,0,-298.12,-252.82
2026-09-03T07:00:00+03:00,07:00,142.75,0.0,0,-142.04,61.33
2026-09-03T08:00:00+03:00,08:00,115.5,0.0,0,-114.7,145.48
2026-09-03T09:00:00+03:00,09:00,348.4,0.0,0,-193.4,-193.4
2026-09-03T10:00:00+03:00,10:00,466.93,0.0,0,-466.93,-166.93
2026-09-03T11:00:00+03:00,11:00,686.53,0.0,0,-556.27,-91.8
2026-09-03T12:00:00+03:00,12:00,1411.48,0.0,0,-1274.94,-875.48
2026-09-03T13:00:00+03:00,13:00,1607.33,0.0,0,-1577.51,-999.68
2026-09-03T14:00:00+03:00,14:00,428.6,0.0,0,-428.6,85.03
2026-09-03T15:00:00+03:00,15:00,2167.85,0.0,0,-1930.57,-833.38
2026-09-03T16:00:00+03:00,16:00,774.15,0.0,0,-773.54,250.71
2026-09-03T17:00:00+03:00,17:00,187.62,0.0,0,-185.6,630.61
2026-09-03T18:00:00+03:00,18:00,216.52,0.0,0,-214.35,534.14
2026-09-03T19:00:00+03:00,19:00,0.0,0.0,0,0.0,602.74
2026-09-03T20:00:00+03:00,20:00,0.0,0.0,0,0.0,499.67
2026-09-03T21:00:00+03:00,21:00,186.42,0.0,0,-175.58,-29.13
2026-09-03T22:00:00+03:00,22:00,0.0,0.0,0,0.0,0.0
2026-09-03T23:00:00+03:00,23:00,67.5,0.0,0,-67.5,-67.5
2026-09-04T00:00:00+03:00,00:00,0.0,0.0,0,0.0,0.0
2026-09-04T01:00:00+03:00,01:00,0.0,0.0,0,0.0,84.57
2026-09-04T02:00:00+03:00,02:00,22.5,0.0,0,-16.98,-16.98
2026-09-04T03:00:00+03:00,03:00,490.0,0.0,0,-451.52,-451.52
2026-09-04T04:00:00+03:00,04:00,548.0,0.0,0,-530.19,-400.92
2026-09-04T05:00:00+03:00,05:00,726.67,0.0,0,-708.94,-708.94
2026-09-04T06:00:00+03:00,06:00,697.08,0.0,0,-695.0,-695.0
2026-09-04T07:00:00+03:00,07:00,381.93,0.0,0,-381.55,-341.11
2026-09-04T08:00:00+03:00,08:00,74.33,0.0,0,-73.07,230.38
2026-09-04T09:00:00+03:00,09:00,0.0,0.0,0,0.0,0.0
2026-09-04T10:00:00+03:00,10:00,0.0,0.0,0,0.0,0.0
2026-09-04T11:00:00+03:00,11:00,0.0,0.0,0,0.0,0.0
2026-09-04T12:00:00+03:00,12:00,0.0,0.0,0,0.0,0.0
2026-09-04T13:00:00+03:00,13:00,0.0,0.0,0,0.0,0.0
2026-09-04T14:00:00+03:00,14:00,0.0,0.0,0,0.0,0.0
2026-09-04T15:00:00+03:00,15:00,0.0,0.0,0,0.0,0.0
2026-09-04T16:00:00+03:00,16:00,0.0,0.0,0,0.0,0.0
2026-09-04T17:00:00+03:00,17:00,0.0,0.0,0,0.0,0.0
2026-09-04T18:00:00+03:00,18:00,0.0,0.0,0,0.0,0.0
2026-09-04T19:00:00+03:00,19:00,0.0,0.0,0,0.0,0.0
2026-09-04T20:00:00+03:00,20:00,0.0,0.0,0,0.0,0.0
2026-09-04T21:00:00+03:00,21:00,0.0,0.0,0,0.0,0.0
2026-09-04T22:00:00+03:00,22:00,0.0,0.0,0,0.0,0.0
2026-09-04T23:00:00+03:00,23:00,0.0,0.0,0,0.0,0.0
