date,time,ptf,smf,positiveImbalance,negativeImbalance,systemStatus
2026-03-14T00:00:00+03:00,2026-03-14T00:00:00+03:00,2999.93,3399.6,2909.9321,3603.576,Enerji Açığı
2026-03-14T01:00:00+03:00,2026-03-14T01:00:00+03:00,2894.0,3399.22,2807.18,3603.1732,Enerji Açığı
2026-03-14T02:00:00+03:00,2026-03-14T02:00:00+03:00,2789.7,3399.21,2706.009,3603.1626,Enerji Açığı
2026-03-14T03:00:00+03:00,2026-03-14T03:00:00+03:00,2456.0,3000.0,2382.32,3180.0,Enerji Açığı
2026-03-14T04:00:00+03:00,2026-03-14T04:00:00+03:00,3090.0,3300.0,2997.3,3498.0,Enerji Açığı
2026-03-14T05:00:00+03:00,2026-03-14T05:00:00+03:00,3213.0,3300.0,3116.61,3498.0,Enerji Açığı
2026-03-14T06:00:00+03:00,2026-03-14T06:00:00+03:00,2989.99,1490.0,1400.6,3079.6897,Enerji Fazlası
2026-03-14T07:00:00+03:00,2026-03-14T07:00:00+03:00,2136.88,699.99,657.9906,2200.9864,Enerji Fazlası
2026-03-14T08:00:00+03:00,2026-03-14T08:00:00+03:00,1750.0,3399.21,1697.5,3603.1626,Enerji Açığı
2026-03-14T09:00:00+03:00,2026-03-14T09:00:00+03:00,2347.7,3399.23,2277.269,3603.1838,Enerji Açığı
2026-03-14T10:00:00+03:00,2026-03-14T10:00:00+03:00,1670.0,3399.23,1619.9,3603.1838,Enerji Açığı
2026-03-14T11:00:00+03:00,2026-03-14T11:00:00+03:00,1500.0,3399.23,1455.0,3603.1838,Enerji Açığı
2026-03-14T12:00:00+03:00,2026-03-14T12:00:00+03:00,1201.01,3399.22,1164.9797,3603.1732,Enerji Açığı
2026-03-14T13:00:00+03:00,2026-03-14T13:00:00+03:00,1429.01,3399.24,1386.1397,3603.1944,Enerji Açığı
2026-03-14T14:00:00+03:00,2026-03-14T14:00:00+03:00,2300.01,3399.28,2231.0097,3603.2368,Enerji Açığı
2026-03-14T15:00:00+03:00,2026-03-14T15:00:00+03:00,2197.99,3399.27,2132.0503,3603.2262,Enerji Açığı
2026-03-14T16:00:00+03:00,2026-03-14T16:00:00+03:00,2300.0,3399.32,2231.0,3603.2792,Enerji Açığı
2026-03-14T17:00:00+03:00,2026-03-14T17:00:00+03:00,2989.98,3399.4,2900.2806,3603.364,Enerji Açığı
2026-03-14T18:00:00+03:00,2026-03-14T18:00:00+03:00,2989.98,3399.92,2900.2806,3603.9152,Enerji Açığı
2026-03-14T19:00:00+03:00,2026-03-14T19:00:00+03:00,3199.47,2257.0,2121.58,3295.4541,Enerji Fazlası
2026-03-14T20:00:00+03:00,2026-03-14T20:00:00+03:00,3300.0,3399.41,3201.0,3603.3746,Enerji Açığı
2026-03-14T21:00:00+03:00,2026-03-14T21:00:00+03:00,2900.01,2257.0,2121.58,2987.0103,Enerji Fazlası
2026-03-14T22:00:00+03:00,2026-03-14T22:00:00+03:00,3009.56,2257.0,2121.58,3099.8468,Enerji Fazlası
2026-03-14T23:00:00+03:00,2026-03-14T23:00:00+03:00,2907.11,1001.0,940.94,2994.3233,Enerji Fazlası
2026-03-15T00:00:00+03:00,2026-03-15T00:00:00+03:00,2800.0,3089.0,2716.0,3274.34,Enerji Açığı
2026-03-15T01:00:00+03:00,2026-03-15T01:00:00+03:00,2399.99,3388.0,2327.9903,3591.28,Enerji Açığı
2026-03-15T02:00:00+03:00,2026-03-15T02:00:00+03:00,1500.0,1500.0,1455.0,1590.0,Enerji Açığı
2026-03-15T03:00:00+03:00,2026-03-15T03:00:00+03:00,1300.0,2271.0,1261.0,2407.26,Enerji Açığı
2026-03-15T04:00:00+03:00,2026-03-15T04:00:00+03:00,1709.2,2271.0,1657.924,2407.26,Enerji Açığı
2026-03-15T05:00:00+03:00,2026-03-15T05:00:00+03:00,1743.99,1743.99,1639.3506,1796.3097,Enerji Fazlası
2026-03-15T06:00:00+03:00,2026-03-15T06:00:00+03:00,1900.0,799.99,751.9906,1957.0,Enerji Fazlası
2026-03-15T07:00:00+03:00,2026-03-15T07:00:00+03:00,1590.0,500.0,470.0,1637.7,Enerji Fazlası
2026-03-15T08:00:00+03:00,2026-03-15T08:00:00+03:00,1600.0,5.0,-106.0,1648.0,Enerji Fazlası
2026-03-15T09:00:00+03:00,2026-03-15T09:00:00+03:00,1600.01,500.0,470.0,1648.0103,Enerji Fazlası
2026-03-15T10:00:00+03:00,2026-03-15T10:00:00+03:00,1201.0,650.0,611.0,1237.03,Enerji Fazlası
2026-03-15T11:00:00+03:00,2026-03-15T11:00:00+03:00,999.99,650.0,611.0,1029.9897,Enerji Fazlası
2026-03-15T12:00:00+03:00,2026-03-15T12:00:00+03:00,1000.01,650.0,611.0,1030.0103,Enerji Fazlası
2026-03-15T13:00:00+03:00,2026-03-15T13:00:00+03:00,1300.0,2082.0,1261.0,2206.92,Enerji Açığı
2026-03-15T14:00:00+03:00,2026-03-15T14:00:00+03:00,1743.99,3100.0,1691.6703,3286.0,Enerji Açığı
2026-03-15T15:00:00+03:00,2026-03-15T15:00:00+03:00,1554.1,2500.0,1507.477,2650.0,Enerji Açığı
2026-03-15T16:00:00+03:00,2026-03-15T16:00:00+03:00,1244.0,2500.0,1206.68,2650.0,Enerji Açığı
2026-03-15T17:00:00+03:00,2026-03-15T17:00:00+03:00,1744.01,1744.01,1639.3694,1796.3303,Enerji Fazlası
2026-03-15T18:00:00+03:00,2026-03-15T18:00:00+03:00,2468.54,1001.0,940.94,2542.5962,Enerji Fazlası
2026-03-15T19:00:00+03:00,2026-03-15T19:00:00+03:00,3199.48,800.0,752.0,3295.4644,Enerji Fazlası
2026-03-15T20:00:00+03:00,2026-03-15T20:00:00+03:00,3400.0,799.99,751.9906,3677.1,Enerji Fazlası
2026-03-15T21:00:00+03:00,2026-03-15T21:00:00+03:00,2946.0,400.0,376.0,3034.38,Enerji Fazlası
2026-03-15T22:00:00+03:00,2026-03-15T22:00:00+03:00,2500.0,400.0,376.0,2575.0,Enerji Fazlası
2026-03-15T23:00:00+03:00,2026-03-15T23:00:00+03:00,1749.99,800.0,752.0,1802.4897,Enerji Fazlası
2026-03-16T00:00:00+03:00,2026-03-16T00:00:00+03:00,1744.01,3000.0,1691.6897,3180.0,Enerji Açığı
2026-03-16T01:00:00+03:00,2026-03-16T01:00:00+03:00,1719.09,1719.09,1667.5173,1822.2354,Enerji Açığı
2026-03-16T02:00:00+03:00,2026-03-16T02:00:00+03:00,1498.01,1715.0,1453.0697,1817.9,Enerji Açığı
2026-03-16T03:00:00+03:00,2026-03-16T03:00:00+03:00,1418.0,1418.0,1375.46,1460.54,Dengede
2026-03-16T04:00:00+03:00,2026-03-16T04:00:00+03:00,1744.0,1744.0,1691.68,1796.32,Dengede
2026-03-16T05:00:00+03:00,2026-03-16T05:00:00+03:00,1744.0,1744.0,1691.68,1796.32,Dengede
2026-03-16T06:00:00+03:00,2026-03-16T06:00:00+03:00,1744.0,1744.0,1639.36,1796.32,Enerji Fazlası
2026-03-16T07:00:00+03:00,2026-03-16T07:00:00+03:00,2400.0,750.0,705.0,2472.0,Enerji Fazlası
2026-03-16T08:00:00+03:00,2026-03-16T08:00:00+03:00,3400.0,3400.0,3298.0,3784.2,Enerji Açığı
2026-03-16T09:00:00+03:00,2026-03-16T09:00:00+03:00,3400.0,3400.0,3298.0,3784.2,Enerji Açığı
2026-03-16T10:00:00+03:00,2026-03-16T10:00:00+03:00,3400.0,3400.0,3298.0,3784.2,Enerji Açığı
2026-03-16T11:00:00+03:00,2026-03-16T11:00:00+03:00,3400.0,3400.0,3298.0,3784.2,Enerji Açığı
2026-03-16T12:00:00+03:00,2026-03-16T12:00:00+03:00,2300.0,1800.0,1692.0,2369.0,Enerji Fazlası
2026-03-16T13:00:00+03:00,2026-03-16T13:00:00+03:00,2797.99,800.0,752.0,2881.9297,Enerji Fazlası
2026-03-16T14:00:00+03:00,2026-03-16T14:00:00+03:00,3219.58,700.0,658.0,3316.1674,Enerji Fazlası
2026-03-16T15:00:00+03:00,2026-03-16T15:00:00+03:00,3200.0,700.0,658.0,3296.0,Enerji Fazlası
2026-03-16T16:00:00+03:00,2026-03-16T16:00:00+03:00,2900.01,400.0,376.0,2987.0103,Enerji Fazlası
2026-03-16T17:00:00+03:00,2026-03-16T17:00:00+03:00,3088.02,800.0,752.0,3180.6606,Enerji Fazlası
2026-03-16T18:00:00+03:00,2026-03-16T18:00:00+03:00,3400.0,2400.0,2256.0,3677.1,Enerji Fazlası
2026-03-16T19:00:00+03:00,2026-03-16T19:00:00+03:00,3400.0,2500.0,2350.0,3677.1,Enerji Fazlası
2026-03-16T20:00:00+03:00,2026-03-16T20:00:00+03:00,3400.0,2500.0,2350.0,3677.1,Enerji Fazlası
2026-03-16T21:00:00+03:00,2026-03-16T21:00:00+03:00,2999.99,2099.99,1973.9906,3089.9897,Enerji Fazlası
2026-03-16T22:00:00+03:00,2026-03-16T22:00:00+03:00,2874.95,2874.95,2788.7015,2961.1985,Dengede
2026-03-16T23:00:00+03:00,2026-03-16T23:00:00+03:00,2200.0,2200.0,2134.0,2266.0,Dengede
2026-03-17T00:00:00+03:00,2026-03-17T00:00:00+03:00,2988.88,2999.0,2899.2136,3178.94,Enerji Açığı
2026-03-17T01:00:00+03:00,2026-03-17T01:00:00+03:00,2900.01,2900.01,2813.0097,3074.0106,Enerji Açığı
2026-03-17T02:00:00+03:00,2026-03-17T02:00:00+03:00,1891.99,993.99,934.3506,1948.7497,Enerji Fazlası
2026-03-17T03:00:00+03:00,2026-03-17T03:00:00+03:00,1743.99,1791.99,1691.6703,1899.5094,Enerji Açığı
2026-03-17T04:00:00+03:00,2026-03-17T04:00:00+03:00,2199.99,2199.99,2133.9903,2265.9897,Dengede
2026-03-17T05:00:00+03:00,2026-03-17T05:00:00+03:00,2200.0,800.0,752.0,2266.0,Enerji Fazlası
2026-03-17T06:00:00+03:00,2026-03-17T06:00:00+03:00,1744.01,800.0,752.0,1796.3303,Enerji Fazlası
2026-03-17T07:00:00+03:00,2026-03-17T07:00:00+03:00,1743.99,5.0,-106.0,1796.3097,Enerji Fazlası
2026-03-17T08:00:00+03:00,2026-03-17T08:00:00+03:00,1891.99,100.0,-106.0,1948.7497,Enerji Fazlası
2026-03-17T09:00:00+03:00,2026-03-17T09:00:00+03:00,1744.01,100.0,-106.0,1796.3303,Enerji Fazlası
2026-03-17T10:00:00+03:00,2026-03-17T10:00:00+03:00,1050.0,5.0,-106.0,1081.5,Enerji Fazlası
2026-03-17T11:00:00+03:00,2026-03-17T11:00:00+03:00,1000.0,0.0,-106.0,1030.0,Enerji Fazlası
2026-03-17T12:00:00+03:00,2026-03-17T12:00:00+03:00,241.41,0.0,-106.0,248.6523,Enerji Fazlası
2026-03-17T13:00:00+03:00,2026-03-17T13:00:00+03:00,300.0,0.0,-106.0,309.0,Enerji Fazlası
2026-03-17T14:00:00+03:00,2026-03-17T14:00:00+03:00,1000.0,0.0,-106.0,1030.0,Enerji Fazlası
2026-03-17T15:00:00+03:00,2026-03-17T15:00:00+03:00,1000.01,800.0,752.0,1030.0103,Enerji Fazlası
2026-03-17T16:00:00+03:00,2026-03-17T16:00:00+03:00,1744.0,744.0,699.36,1796.32,Enerji Fazlası
2026-03-17T17:00:00+03:00,2026-03-17T17:00:00+03:00,2789.7,800.0,752.0,2873.391,Enerji Fazlası
2026-03-17T18:00:00+03:00,2026-03-17T18:00:00+03:00,2988.89,3399.5,2899.2233,3603.47,Enerji Açığı
2026-03-17T19:00:00+03:00,2026-03-17T19:00:00+03:00,3000.01,3399.9,2910.0097,3603.894,Enerji Açığı
2026-03-17T20:00:00+03:00,2026-03-17T20:00:00+03:00,3227.0,3399.31,3130.19,3603.2686,Enerji Açığı
2026-03-17T21:00:00+03:00,2026-03-17T21:00:00+03:00,2900.0,3399.5,2813.0,3603.47,Enerji Açığı
2026-03-17T22:00:00+03:00,2026-03-17T22:00:00+03:00,2784.0,2784.0,2700.48,2867.52,Dengede
2026-03-17T23:00:00+03:00,2026-03-17T23:00:00+03:00,1833.71,833.71,783.6874,1888.7213,Enerji Fazlası
2026-03-18T00:00:00+03:00,2026-03-18T00:00:00+03:00,2047.61,2050.0,1986.1817,2173.0,Enerji Açığı
2026-03-18T01:00:00+03:00,2026-03-18T01:00:00+03:00,1744.0,799.99,751.9906,1796.32,Enerji Fazlası
2026-03-18T02:00:00+03:00,2026-03-18T02:00:00+03:00,1699.99,715.0,672.1,1750.9897,Enerji Fazlası
2026-03-18T03:00:00+03:00,2026-03-18T03:00:00+03:00,1600.01,1110.12,1043.5128,1648.0103,Enerji Fazlası
2026-03-18T04:00:00+03:00,2026-03-18T04:00:00+03:00,1800.01,1805.01,1746.0097,1913.3106,Enerji Açığı
2026-03-18T05:00:00+03:00,2026-03-18T05:00:00+03:00,2199.99,2199.99,2133.9903,2265.9897,Dengede
2026-03-18T06:00:00+03:00,2026-03-18T06:00:00+03:00,1743.99,754.1,708.854,1796.3097,Enerji Fazlası
2026-03-18T07:00:00+03:00,2026-03-18T07:00:00+03:00,1300.0,80.0,-106.0,1339.0,Enerji Fazlası
2026-03-18T08:00:00+03:00,2026-03-18T08:00:00+03:00,1743.99,0.0,-106.0,1796.3097,Enerji Fazlası
2026-03-18T09:00:00+03:00,2026-03-18T09:00:00+03:00,1719.09,80.0,-106.0,1770.6627,Enerji Fazlası
2026-03-18T10:00:00+03:00,2026-03-18T10:00:00+03:00,1744.0,100.0,-106.0,1796.32,Enerji Fazlası
2026-03-18T11:00:00+03:00,2026-03-18T11:00:00+03:00,1429.0,0.0,-106.0,1471.87,Enerji Fazlası
2026-03-18T12:00:00+03:00,2026-03-18T12:00:00+03:00,900.0,0.0,-106.0,927.0,Enerji Fazlası
2026-03-18T13:00:00+03:00,2026-03-18T13:00:00+03:00,999.99,1430.0,969.9903,1515.8,Enerji Açığı
2026-03-18T14:00:00+03:00,2026-03-18T14:00:00+03:00,1743.99,2800.0,1691.6703,2968.0,Enerji Açığı
2026-03-18T15:00:00+03:00,2026-03-18T15:00:00+03:00,1499.99,1730.0,1454.9903,1833.8,Enerji Açığı
2026-03-18T16:00:00+03:00,2026-03-18T16:00:00+03:00,1743.99,500.0,470.0,1796.3097,Enerji Fazlası
2026-03-18T17:00:00+03:00,2026-03-18T17:00:00+03:00,1743.99,3200.01,1691.6703,3392.0106,Enerji Açığı
2026-03-18T18:00:00+03:00,2026-03-18T18:00:00+03:00,1999.99,3288.0,1939.9903,3485.28,Enerji Açığı
2026-03-18T19:00:00+03:00,2026-03-18T19:00:00+03:00,1891.99,3200.0,1835.2303,3392.0,Enerji Açığı
2026-03-18T20:00:00+03:00,2026-03-18T20:00:00+03:00,1744.01,1716.01,1613.0494,1796.3303,Enerji Fazlası
2026-03-18T21:00:00+03:00,2026-03-18T21:00:00+03:00,2199.99,890.0,836.6,2265.9897,Enerji Fazlası
2026-03-18T22:00:00+03:00,2026-03-18T22:00:00+03:00,1429.0,100.0,-106.0,1471.87,Enerji Fazlası
2026-03-18T23:00:00+03:00,2026-03-18T23:00:00+03:00,700.0,80.0,-106.0,721.0,Enerji Fazlası
2026-03-19T00:00:00+03:00,2026-03-19T00:00:00+03:00,859.12,2500.0,833.3464,2650.0,Enerji Açığı
2026-03-19T01:00:00+03:00,2026-03-19T01:00:00+03:00,355.99,2500.0,345.3103,2650.0,Enerji Açığı
2026-03-19T02:00:00+03:00,2026-03-19T02:00:00+03:00,263.0,2500.0,255.11,2650.0,Enerji Açığı
2026-03-19T03:00:00+03:00,2026-03-19T03:00:00+03:00,236.99,2450.0,229.8803,2597.0,Enerji Açığı
2026-03-19T04:00:00+03:00,2026-03-19T04:00:00+03:00,240.01,2450.0,232.8097,2597.0,Enerji Açığı
2026-03-19T05:00:00+03:00,2026-03-19T05:00:00+03:00,235.01,235.01,220.9094,242.0603,Enerji Fazlası
2026-03-19T06:00:00+03:00,2026-03-19T06:00:00+03:00,230.0,0.0,-106.0,236.9,Enerji Fazlası
2026-03-19T07:00:00+03:00,2026-03-19T07:00:00+03:00,171.39,0.0,-106.0,176.5317,Enerji Fazlası
2026-03-19T08:00:00+03:00,2026-03-19T08:00:00+03:00,189.99,0.0,-106.0,195.6897,Enerji Fazlası
2026-03-19T09:00:00+03:00,2026-03-19T09:00:00+03:00,189.99,0.0,-106.0,195.6897,Enerji Fazlası
2026-03-19T10:00:00+03:00,2026-03-19T10:00:00+03:00,171.4,0.0,-106.0,176.542,Enerji Fazlası
2026-03-19T11:00:00+03:00,2026-03-19T11:00:00+03:00,171.39,0.0,-106.0,176.5317,Enerji Fazlası
2026-03-19T12:00:00+03:00,2026-03-19T12:00:00+03:00,171.01,0.0,-106.0,176.1403,Enerji Fazlası
2026-03-19T13:00:00+03:00,2026-03-19T13:00:00+03:00,171.02,0.0,-106.0,176.1506,Enerji Fazlası
2026-03-19T14:00:00+03:00,2026-03-19T14:00:00+03:00,171.4,0.0,-106.0,176.542,Enerji Fazlası
2026-03-19T15:00:00+03:00,2026-03-19T15:00:00+03:00,194.49,984.38,188.6553,1043.4428,Enerji Açığı
2026-03-19T16:00:00+03:00,2026-03-19T16:00:00+03:00,235.0,2450.0,227.95,2597.0,Enerji Açığı
2026-03-19T17:00:00+03:00,2026-03-19T17:00:00+03:00,600.01,2500.0,582.0097,2650.0,Enerji Açığı
2026-03-19T18:00:00+03:00,2026-03-19T18:00:00+03:00,1275.0,2500.0,1236.75,2650.0,Enerji Açığı
2026-03-19T19:00:00+03:00,2026-03-19T19:00:00+03:00,1600.0,1600.0,1504.0,1648.0,Enerji Fazlası
2026-03-19T20:00:00+03:00,2026-03-19T20:00:00+03:00,1743.99,1743.99,1639.3506,1796.3097,Enerji Fazlası
2026-03-19T21:00:00+03:00,2026-03-19T21:00:00+03:00,1489.0,2500.0,1444.33,2650.0,Enerji Açığı
2026-03-19T22:00:00+03:00,2026-03-19T22:00:00+03:00,230.0,2500.0,223.1,2650.0,Enerji Açığı
2026-03-19T23:00:00+03:00,2026-03-19T23:00:00+03:00,175.0,2500.0,169.75,2650.0,Enerji Açığı
2026-03-20T00:00:00+03:00,2026-03-20T00:00:00+03:00,171.02,2880.0,165.8894,3052.8,Enerji Açığı
2026-03-20T01:00:00+03:00,2026-03-20T01:00:00+03:00,139.99,3100.0,-103.0,3286.0,Enerji Açığı
2026-03-20T02:00:00+03:00,2026-03-20T02:00:00+03:00,0.0,2249.0,-103.0,2383.94,Enerji Açığı
2026-03-20T03:00:00+03:00,2026-03-20T03:00:00+03:00,0.0,2249.0,-103.0,2383.94,Enerji Açığı
2026-03-20T04:00:00+03:00,2026-03-20T04:00:00+03:00,0.0,1855.85,-103.0,1967.201,Enerji Açığı
2026-03-20T05:00:00+03:00,2026-03-20T05:00:00+03:00,0.02,1000.0,-103.0,1060.0,Enerji Açığı
2026-03-20T06:00:00+03:00,2026-03-20T06:00:00+03:00,164.91,2400.0,159.9627,2544.0,Enerji Açığı
2026-03-20T07:00:00+03:00,2026-03-20T07:00:00+03:00,160.01,2900.0,155.2097,3074.0,Enerji Açığı
2026-03-20T08:00:00+03:00,2026-03-20T08:00:00+03:00,155.11,2249.0,150.4567,2383.94,Enerji Açığı
2026-03-20T09:00:00+03:00,2026-03-20T09:00:00+03:00,163.35,1700.0,158.4495,1802.0,Enerji Açığı
2026-03-20T10:00:00+03:00,2026-03-20T10:00:00+03:00,100.01,100.01,-106.0,154.5,Enerji Fazlası
2026-03-20T11:00:00+03:00,2026-03-20T11:00:00+03:00,0.0,0.0,-106.0,154.5,Enerji Fazlası
2026-03-20T12:00:00+03:00,2026-03-20T12:00:00+03:00,0.0,0.0,-106.0,154.5,Enerji Fazlası
2026-03-20T13:00:00+03:00,2026-03-20T13:00:00+03:00,0.0,0.0,-106.0,154.5,Enerji Fazlası
2026-03-20T14:00:00+03:00,2026-03-20T14:00:00+03:00,0.0,0.0,-106.0,154.5,Enerji Fazlası
2026-03-20T15:00:00+03:00,2026-03-20T15:00:00+03:00,0.0,0.0,-106.0,154.5,Enerji Fazlası
2026-03-20T16:00:00+03:00,2026-03-20T16:00:00+03:00,164.9,0.0,-106.0,169.847,Enerji Fazlası
2026-03-20T17:00:00+03:00,2026-03-20T17:00:00+03:00,189.99,0.0,-106.0,195.6897,Enerji Fazlası
2026-03-20T18:00:00+03:00,2026-03-20T18:00:00+03:00,240.01,1000.0,232.8097,1060.0,Enerji Açığı
2026-03-20T19:00:00+03:00,2026-03-20T19:00:00+03:00,250.0,2249.0,242.5,2383.94,Enerji Açığı
2026-03-20T20:00:00+03:00,2026-03-20T20:00:00+03:00,300.01,2249.0,291.0097,2383.94,Enerji Açığı
2026-03-20T21:00:00+03:00,2026-03-20T21:00:00+03:00,250.0,2249.0,242.5,2383.94,Enerji Açığı
2026-03-20T22:00:00+03:00,2026-03-20T22:00:00+03:00,174.99,1855.85,169.7403,1967.201,Enerji Açığı
2026-03-20T23:00:00+03:00,2026-03-20T23:00:00+03:00,170.0,1429.0,164.9,1514.74,Enerji Açığı
2026-03-21T00:00:00+03:00,2026-03-21T00:00:00+03:00,240.0,239.0,224.66,247.2,Enerji Fazlası
2026-03-21T01:00:00+03:00,2026-03-21T01:00:00+03:00,200.0,0.0,-106.0,206.0,Enerji Fazlası
2026-03-21T02:00:00+03:00,2026-03-21T02:00:00+03:00,171.01,1000.0,165.8797,1060.0,Enerji Açığı
2026-03-21T03:00:00+03:00,2026-03-21T03:00:00+03:00,170.01,1690.0,164.9097,1791.4,Enerji Açığı
2026-03-21T04:00:00+03:00,2026-03-21T04:00:00+03:00,164.95,1400.0,160.0015,1484.0,Enerji Açığı
2026-03-21T05:00:00+03:00,2026-03-21T05:00:00+03:00,170.0,1684.0,164.9,1785.04,Enerji Açığı
2026-03-21T06:00:00+03:00,2026-03-21T06:00:00+03:00,171.0,2900.0,165.87,3074.0,Enerji Açığı
2026-03-21T07:00:00+03:00,2026-03-21T07:00:00+03:00,171.0,71.0,-106.0,176.13,Enerji Fazlası
2026-03-21T08:00:00+03:00,2026-03-21T08:00:00+03:00,171.01,0.0,-106.0,176.1403,Enerji Fazlası
2026-03-21T09:00:00+03:00,2026-03-21T09:00:00+03:00,170.01,0.0,-106.0,175.1103,Enerji Fazlası
2026-03-21T10:00:00+03:00,2026-03-21T10:00:00+03:00,170.01,0.0,-106.0,175.1103,Enerji Fazlası
2026-03-21T11:00:00+03:00,2026-03-21T11:00:00+03:00,170.0,0.0,-106.0,175.1,Enerji Fazlası
2026-03-21T12:00:00+03:00,2026-03-21T12:00:00+03:00,164.91,0.0,-106.0,169.8573,Enerji Fazlası
2026-03-21T13:00:00+03:00,2026-03-21T13:00:00+03:00,170.0,0.0,-106.0,175.1,Enerji Fazlası
2026-03-21T14:00:00+03:00,2026-03-21T14:00:00+03:00,164.91,0.0,-106.0,169.8573,Enerji Fazlası
2026-03-21T15:00:00+03:00,2026-03-21T15:00:00+03:00,171.0,0.0,-106.0,176.13,Enerji Fazlası
2026-03-21T16:00:00+03:00,2026-03-21T16:00:00+03:00,200.01,0.0,-106.0,206.0103,Enerji Fazlası
2026-03-21T17:00:00+03:00,2026-03-21T17:00:00+03:00,300.01,0.0,-106.0,309.0103,Enerji Fazlası
2026-03-21T18:00:00+03:00,2026-03-21T18:00:00+03:00,900.0,0.0,-106.0,927.0,Enerji Fazlası
2026-03-21T19:00:00+03:00,2026-03-21T19:00:00+03:00,1000.0,1.0,-106.0,1030.0,Enerji Fazlası
2026-03-21T20:00:00+03:00,2026-03-21T20:00:00+03:00,1891.99,1666.99,1566.9706,1948.7497,Enerji Fazlası
2026-03-21T21:00:00+03:00,2026-03-21T21:00:00+03:00,1499.99,1499.99,1454.9903,1589.9894,Enerji Açığı
2026-03-21T22:00:00+03:00,2026-03-21T22:00:00+03:00,271.0,271.0,254.74,279.13,Enerji Fazlası
2026-03-21T23:00:00+03:00,2026-03-21T23:00:00+03:00,250.0,250.0,235.0,257.5,Enerji Fazlası
2026-03-22T00:00:00+03:00,2026-03-22T00:00:00+03:00,356.0,1062.0,345.32,1125.72,Enerji Açığı
2026-03-22T01:00:00+03:00,2026-03-22T01:00:00+03:00,249.99,0.0,-106.0,257.4897,Enerji Fazlası
2026-03-22T02:00:00+03:00,2026-03-22T02:00:00+03:00,200.0,0.0,-106.0,206.0,Enerji Fazlası
2026-03-22T03:00:00+03:00,2026-03-22T03:00:00+03:00,189.99,0.0,-106.0,195.6897,Enerji Fazlası
2026-03-22T04:00:00+03:00,2026-03-22T04:00:00+03:00,175.0,0.0,-106.0,180.25,Enerji Fazlası
2026-03-22T05:00:00+03:00,2026-03-22T05:00:00+03:00,189.99,0.0,-106.0,195.6897,Enerji Fazlası
2026-03-22T06:00:00+03:00,2026-03-22T06:00:00+03:00,240.0,0.0,-106.0,247.2,Enerji Fazlası
2026-03-22T07:00:00+03:00,2026-03-22T07:00:00+03:00,227.0,0.0,-106.0,233.81,Enerji Fazlası
2026-03-22T08:00:00+03:00,2026-03-22T08:00:00+03:00,180.07,0.0,-106.0,185.4721,Enerji Fazlası
2026-03-22T09:00:00+03:00,2026-03-22T09:00:00+03:00,171.01,0.0,-106.0,176.1403,Enerji Fazlası
2026-03-22T10:00:00+03:00,2026-03-22T10:00:00+03:00,171.0,0.0,-106.0,176.13,Enerji Fazlası
2026-03-22T11:00:00+03:00,2026-03-22T11:00:00+03:00,171.01,1429.0,165.8797,1514.74,Enerji Açığı
2026-03-22T12:00:00+03:00,2026-03-22T12:00:00+03:00,174.99,3250.0,169.7403,3445.0,Enerji Açığı
2026-03-22T13:00:00+03:00,2026-03-22T13:00:00+03:00,190.0,3200.02,184.3,3392.0212,Enerji Açığı
2026-03-22T14:00:00+03:00,2026-03-22T14:00:00+03:00,200.01,1855.85,194.0097,1967.201,Enerji Açığı
2026-03-22T15:00:00+03:00,2026-03-22T15:00:00+03:00,251.0,0.0,-106.0,258.53,Enerji Fazlası
2026-03-22T16:00:00+03:00,2026-03-22T16:00:00+03:00,1000.0,0.0,-106.0,1030.0,Enerji Fazlası
2026-03-22T17:00:00+03:00,2026-03-22T17:00:00+03:00,2390.01,0.0,-106.0,2461.7103,Enerji Fazlası
2026-03-22T18:00:00+03:00,2026-03-22T18:00:00+03:00,2595.01,900.0,846.0,2672.8603,Enerji Fazlası
2026-03-22T19:00:00+03:00,2026-03-22T19:00:00+03:00,2399.99,3250.0,2327.9903,3445.0,Enerji Açığı
2026-03-22T20:00:00+03:00,2026-03-22T20:00:00+03:00,1499.93,3000.0,1454.9321,3180.0,Enerji Açığı
2026-03-22T21:00:00+03:00,2026-03-22T21:00:00+03:00,1499.99,2800.0,1454.9903,2968.0,Enerji Açığı
2026-03-22T22:00:00+03:00,2026-03-22T22:00:00+03:00,1700.0,2041.43,1649.0,2163.9158,Enerji Açığı
2026-03-22T23:00:00+03:00,2026-03-22T23:00:00+03:00,1200.0,1855.85,1164.0,1967.201,Enerji Açığı
2026-03-23T00:00:00+03:00,2026-03-23T00:00:00+03:00,300.01,0.0,-106.0,309.0103,Enerji Fazlası
2026-03-23T01:00:00+03:00,2026-03-23T01:00:00+03:00,251.0,0.0,-106.0,258.53,Enerji Fazlası
2026-03-23T02:00:00+03:00,2026-03-23T02:00:00+03:00,237.0,1.0,-106.0,244.11,Enerji Fazlası
2026-03-23T03:00:00+03:00,2026-03-23T03:00:00+03:00,231.01,0.0,-106.0,237.9403,Enerji Fazlası
2026-03-23T04:00:00+03:00,2026-03-23T04:00:00+03:00,234.99,0.0,-106.0,242.0397,Enerji Fazlası
2026-03-23T05:00:00+03:00,2026-03-23T05:00:00+03:00,250.1,9.0,-106.0,257.603,Enerji Fazlası
2026-03-23T06:00:00+03:00,2026-03-23T06:00:00+03:00,251.01,1200.0,243.4797,1272.0,Enerji Açığı
2026-03-23T07:00:00+03:00,2026-03-23T07:00:00+03:00,371.31,1855.85,360.1707,1967.201,Enerji Açığı
2026-03-23T08:00:00+03:00,2026-03-23T08:00:00+03:00,2300.0,3399.24,2231.0,3603.1944,Enerji Açığı
2026-03-23T09:00:00+03:00,2026-03-23T09:00:00+03:00,1892.0,3399.42,1835.24,3603.3852,Enerji Açığı
2026-03-23T10:00:00+03:00,2026-03-23T10:00:00+03:00,2489.61,3399.27,2414.9217,3603.2262,Enerji Açığı
2026-03-23T11:00:00+03:00,2026-03-23T11:00:00+03:00,3129.99,3399.25,3036.0903,3603.205,Enerji Açığı
2026-03-23T12:00:00+03:00,2026-03-23T12:00:00+03:00,2489.61,3399.21,2414.9217,3603.1626,Enerji Açığı
2026-03-23T13:00:00+03:00,2026-03-23T13:00:00+03:00,3000.0,3399.2,2910.0,3603.152,Enerji Açığı
2026-03-23T14:00:00+03:00,2026-03-23T14:00:00+03:00,2989.01,3399.23,2899.3397,3603.1838,Enerji Açığı
2026-03-23T15:00:00+03:00,2026-03-23T15:00:00+03:00,2199.99,2199.99,2067.9906,2265.9897,Enerji Fazlası
2026-03-23T16:00:00+03:00,2026-03-23T16:00:00+03:00,2589.0,3399.22,2511.33,3603.1732,Enerji Açığı
2026-03-23T17:00:00+03:00,2026-03-23T17:00:00+03:00,3112.01,3399.6,3018.6497,3603.576,Enerji Açığı
2026-03-23T18:00:00+03:00,2026-03-23T18:00:00+03:00,3199.47,3399.5,3103.4859,3603.47,Enerji Açığı
2026-03-23T19:00:00+03:00,2026-03-23T19:00:00+03:00,3400.0,3400.0,3298.0,3784.2,Enerji Açığı
2026-03-23T20:00:00+03:00,2026-03-23T20:00:00+03:00,3400.0,3400.0,3298.0,3784.2,Enerji Açığı
2026-03-23T21:00:00+03:00,2026-03-23T21:00:00+03:00,2600.0,3399.93,2522.0,3603.9258,Enerji Açığı
2026-03-23T22:00:00+03:00,2026-03-23T22:00:00+03:00,1799.01,3399.91,1745.0397,3603.9046,Enerji Açığı
2026-03-23T23:00:00+03:00,2026-03-23T23:00:00+03:00,1744.0,3399.21,1691.68,3603.1626,Enerji Açığı
2026-03-24T00:00:00+03:00,2026-03-24T00:00:00+03:00,1850.01,3388.0,1794.5097,3591.28,Enerji Açığı
2026-03-24T01:00:00+03:00,2026-03-24T01:00:00+03:00,1719.08,3200.03,1667.5076,3392.0318,Enerji Açığı
2026-03-24T02:00:00+03:00,2026-03-24T02:00:00+03:00,1499.99,3200.01,1454.9903,3392.0106,Enerji Açığı
2026-03-24T03:00:00+03:00,2026-03-24T03:00:00+03:00,1719.09,800.0,752.0,1770.6627,Enerji Fazlası
2026-03-24T04:00:00+03:00,2026-03-24T04:00:00+03:00,1400.0,2899.0,1358.0,3072.94,Enerji Açığı
2026-03-24T05:00:00+03:00,2026-03-24T05:00:00+03:00,1499.99,1705.0,1454.9903,1807.3,Enerji Açığı
2026-03-24T06:00:00+03:00,2026-03-24T06:00:00+03:00,1499.99,1705.0,1454.9903,1807.3,Enerji Açığı
2026-03-24T07:00:00+03:00,2026-03-24T07:00:00+03:00,1000.0,700.0,658.0,1030.0,Enerji Fazlası
2026-03-24T08:00:00+03:00,2026-03-24T08:00:00+03:00,2196.72,3399.22,2130.8184,3603.1732,Enerji Açığı
2026-03-24T09:00:00+03:00,2026-03-24T09:00:00+03:00,2153.0,3399.24,2088.41,3603.1944,Enerji Açığı
2026-03-24T10:00:00+03:00,2026-03-24T10:00:00+03:00,1719.09,3390.0,1667.5173,3593.4,Enerji Açığı
2026-03-24T11:00:00+03:00,2026-03-24T11:00:00+03:00,1719.08,3390.0,1667.5076,3593.4,Enerji Açığı
2026-03-24T12:00:00+03:00,2026-03-24T12:00:00+03:00,1201.01,2500.0,1164.9797,2650.0,Enerji Açığı
2026-03-24T13:00:00+03:00,2026-03-24T13:00:00+03:00,1429.01,1705.0,1386.1397,1807.3,Enerji Açığı
2026-03-24T14:00:00+03:00,2026-03-24T14:00:00+03:00,1719.09,500.0,470.0,1770.6627,Enerji Fazlası
2026-03-24T15:00:00+03:00,2026-03-24T15:00:00+03:00,800.0,1200.0,776.0,1272.0,Enerji Açığı
2026-03-24T16:00:00+03:00,2026-03-24T16:00:00+03:00,1719.09,1719.09,1667.5173,1822.2354,Enerji Açığı
2026-03-24T17:00:00+03:00,2026-03-24T17:00:00+03:00,2532.17,3200.0,2456.2049,3392.0,Enerji Açığı
2026-03-24T18:00:00+03:00,2026-03-24T18:00:00+03:00,1719.09,1001.0,940.94,1770.6627,Enerji Fazlası
2026-03-24T19:00:00+03:00,2026-03-24T19:00:00+03:00,2200.0,3399.5,2134.0,3603.47,Enerji Açığı
2026-03-24T20:00:00+03:00,2026-03-24T20:00:00+03:00,1719.09,3390.0,1667.5173,3593.4,Enerji Açığı
2026-03-24T21:00:00+03:00,2026-03-24T21:00:00+03:00,2124.99,2124.99,2061.2403,2252.4894,Enerji Açığı
2026-03-24T22:00:00+03:00,2026-03-24T22:00:00+03:00,1429.01,1705.0,1386.1397,1807.3,Enerji Açığı
2026-03-24T23:00:00+03:00,2026-03-24T23:00:00+03:00,439.47,439.47,413.1018,452.6541,Enerji Fazlası
2026-03-25T00:00:00+03:00,2026-03-25T00:00:00+03:00,1222.01,1.0,-106.0,1258.6703,Enerji Fazlası
2026-03-25T01:00:00+03:00,2026-03-25T01:00:00+03:00,800.01,0.0,-106.0,824.0103,Enerji Fazlası
2026-03-25T02:00:00+03:00,2026-03-25T02:00:00+03:00,1000.0,0.0,-106.0,1030.0,Enerji Fazlası
2026-03-25T03:00:00+03:00,2026-03-25T03:00:00+03:00,500.01,0.0,-106.0,515.0103,Enerji Fazlası
2026-03-25T04:00:00+03:00,2026-03-25T04:00:00+03:00,484.99,0.0,-106.0,499.5397,Enerji Fazlası
2026-03-25T05:00:00+03:00,2026-03-25T05:00:00+03:00,485.0,0.0,-106.0,499.55,Enerji Fazlası
2026-03-25T06:00:00+03:00,2026-03-25T06:00:00+03:00,1000.0,0.0,-106.0,1030.0,Enerji Fazlası
2026-03-25T07:00:00+03:00,2026-03-25T07:00:00+03:00,1200.0,1.0,-106.0,1236.0,Enerji Fazlası
2026-03-25T08:00:00+03:00,2026-03-25T08:00:00+03:00,2047.6,90.0,-106.0,2109.028,Enerji Fazlası
2026-03-25T09:00:00+03:00,2026-03-25T09:00:00+03:00,1700.0,80.0,-106.0,1751.0,Enerji Fazlası
2026-03-25T10:00:00+03:00,2026-03-25T10:00:00+03:00,1000.01,0.0,-106.0,1030.0103,Enerji Fazlası
2026-03-25T11:00:00+03:00,2026-03-25T11:00:00+03:00,800.0,0.0,-106.0,824.0,Enerji Fazlası
2026-03-25T12:00:00+03:00,2026-03-25T12:00:00+03:00,485.0,0.0,-106.0,499.55,Enerji Fazlası
2026-03-25T13:00:00+03:00,2026-03-25T13:00:00+03:00,783.9,0.0,-106.0,807.417,Enerji Fazlası
2026-03-25T14:00:00+03:00,2026-03-25T14:00:00+03:00,251.01,0.0,-106.0,258.5403,Enerji Fazlası
2026-03-25T15:00:00+03:00,2026-03-25T15:00:00+03:00,601.0,0.0,-106.0,619.03,Enerji Fazlası
2026-03-25T16:00:00+03:00,2026-03-25T16:00:00+03:00,500.01,0.0,-106.0,515.0103,Enerji Fazlası
2026-03-25T17:00:00+03:00,2026-03-25T17:00:00+03:00,1429.01,1.0,-106.0,1471.8803,Enerji Fazlası
2026-03-25T18:00:00+03:00,2026-03-25T18:00:00+03:00,1500.0,1102.0,1035.88,1545.0,Enerji Fazlası
2026-03-25T19:00:00+03:00,2026-03-25T19:00:00+03:00,2990.01,3399.92,2900.3097,3603.9152,Enerji Açığı
2026-03-25T20:00:00+03:00,2026-03-25T20:00:00+03:00,2858.01,3399.0,2772.2697,3602.94,Enerji Açığı
2026-03-25T21:00:00+03:00,2026-03-25T21:00:00+03:00,1999.01,3210.0,1939.0397,3402.6,Enerji Açığı
2026-03-25T22:00:00+03:00,2026-03-25T22:00:00+03:00,1595.99,1705.0,1548.1103,1807.3,Enerji Açığı
2026-03-25T23:00:00+03:00,2026-03-25T23:00:00+03:00,1200.0,500.0,470.0,1236.0,Enerji Fazlası
2026-03-26T00:00:00+03:00,2026-03-26T00:00:00+03:00,1200.01,200.01,188.0094,1236.0103,Enerji Fazlası
2026-03-26T01:00:00+03:00,2026-03-26T01:00:00+03:00,1000.0,500.0,470.0,1030.0,Enerji Fazlası
2026-03-26T02:00:00+03:00,2026-03-26T02:00:00+03:00,1000.01,950.0,893.0,1030.0103,Enerji Fazlası
2026-03-26T03:00:00+03:00,2026-03-26T03:00:00+03:00,1200.0,1200.0,1164.0,1272.0,Enerji Açığı
2026-03-26T04:00:00+03:00,2026-03-26T04:00:00+03:00,1200.01,1200.01,1164.0097,1236.0103,Dengede
2026-03-26T05:00:00+03:00,2026-03-26T05:00:00+03:00,1349.99,1349.99,1309.4903,1390.4897,Dengede
2026-03-26T06:00:00+03:00,2026-03-26T06:00:00+03:00,1499.99,1500.0,1454.9903,1590.0,Enerji Açığı
2026-03-26T07:00:00+03:00,2026-03-26T07:00:00+03:00,1499.99,800.0,752.0,1544.9897,Enerji Fazlası
2026-03-26T08:00:00+03:00,2026-03-26T08:00:00+03:00,1720.01,3399.52,1668.4097,3603.4912,Enerji Açığı
2026-03-26T09:00:00+03:00,2026-03-26T09:00:00+03:00,2200.0,3399.93,2134.0,3603.9258,Enerji Açığı
2026-03-26T10:00:00+03:00,2026-03-26T10:00:00+03:00,900.0,3199.0,873.0,3390.94,Enerji Açığı
2026-03-26T11:00:00+03:00,2026-03-26T11:00:00+03:00,1200.0,2034.0,1164.0,2156.04,Enerji Açığı
2026-03-26T12:00:00+03:00,2026-03-26T12:00:00+03:00,1200.01,1300.0,1164.0097,1378.0,Enerji Açığı
2026-03-26T13:00:00+03:00,2026-03-26T13:00:00+03:00,1298.04,798.0,750.12,1336.9812,Enerji Fazlası
2026-03-26T14:00:00+03:00,2026-03-26T14:00:00+03:00,1200.01,200.01,188.0094,1236.0103,Enerji Fazlası
2026-03-26T15:00:00+03:00,2026-03-26T15:00:00+03:00,397.99,0.0,-106.0,409.9297,Enerji Fazlası
2026-03-26T16:00:00+03:00,2026-03-26T16:00:00+03:00,1499.99,1.0,-106.0,1544.9897,Enerji Fazlası
2026-03-26T17:00:00+03:00,2026-03-26T17:00:00+03:00,3100.0,800.0,752.0,3193.0,Enerji Fazlası
2026-03-26T18:00:00+03:00,2026-03-26T18:00:00+03:00,3400.0,3400.0,3298.0,3784.2,Enerji Açığı
2026-03-26T19:00:00+03:00,2026-03-26T19:00:00+03:00,3400.0,3400.0,3298.0,3784.2,Enerji Açığı
2026-03-26T20:00:00+03:00,2026-03-26T20:00:00+03:00,3400.0,3400.0,3298.0,3784.2,Enerji Açığı
2026-03-26T21:00:00+03:00,2026-03-26T21:00:00+03:00,3400.0,3400.0,3298.0,3784.2,Enerji Açığı
2026-03-26T22:00:00+03:00,2026-03-26T22:00:00+03:00,2977.01,3390.0,2887.6997,3593.4,Enerji Açığı
2026-03-26T23:00:00+03:00,2026-03-26T23:00:00+03:00,1649.98,3236.0,1600.4806,3430.16,Enerji Açığı
2026-03-27T00:00:00+03:00,2026-03-27T00:00:00+03:00,2199.99,2199.99,2067.9906,2265.9897,Enerji Fazlası
2026-03-27T01:00:00+03:00,2026-03-27T01:00:00+03:00,1200.0,2475.0,1164.0,2623.5,Enerji Açığı
2026-03-27T02:00:00+03:00,2026-03-27T02:00:00+03:00,500.01,2047.35,485.0097,2170.191,Enerji Açığı
2026-03-27T03:00:00+03:00,2026-03-27T03:00:00+03:00,500.01,2047.35,485.0097,2170.191,Enerji Açığı
2026-03-27T04:00:00+03:00,2026-03-27T04:00:00+03:00,251.01,1861.23,243.4797,1972.9038,Enerji Açığı
2026-03-27T05:00:00+03:00,2026-03-27T05:00:00+03:00,300.01,1890.0,291.0097,2003.4,Enerji Açığı
2026-03-27T06:00:00+03:00,2026-03-27T06:00:00+03:00,490.0,2047.35,475.3,2170.191,Enerji Açığı
2026-03-27T07:00:00+03:00,2026-03-27T07:00:00+03:00,355.99,2000.0,345.3103,2120.0,Enerji Açığı
2026-03-27T08:00:00+03:00,2026-03-27T08:00:00+03:00,1499.99,2475.0,1454.9903,2623.5,Enerji Açığı
2026-03-27T09:00:00+03:00,2026-03-27T09:00:00+03:00,240.01,1861.23,232.8097,1972.9038,Enerji Açığı
2026-03-27T10:00:00+03:00,2026-03-27T10:00:00+03:00,171.0,0.0,-106.0,176.13,Enerji Fazlası
2026-03-27T11:00:00+03:00,2026-03-27T11:00:00+03:00,164.91,0.0,-106.0,169.8573,Enerji Fazlası
2026-03-27T12:00:00+03:00,2026-03-27T12:00:00+03:00,0.0,0.0,-106.0,154.5,Enerji Fazlası
2026-03-27T13:00:00+03:00,2026-03-27T13:00:00+03:00,0.0,0.0,-106.0,154.5,Enerji Fazlası
2026-03-27T14:00:00+03:00,2026-03-27T14:00:00+03:00,100.0,0.0,-106.0,154.5,Enerji Fazlası
2026-03-27T15:00:00+03:00,2026-03-27T15:00:00+03:00,164.91,0.0,-106.0,169.8573,Enerji Fazlası
2026-03-27T16:00:00+03:00,2026-03-27T16:00:00+03:00,249.99,0.0,-106.0,257.4897,Enerji Fazlası
2026-03-27T17:00:00+03:00,2026-03-27T17:00:00+03:00,699.99,125.0,-106.0,720.9897,Enerji Fazlası
2026-03-27T18:00:00+03:00,2026-03-27T18:00:00+03:00,1200.01,200.0,188.0,1236.0103,Enerji Fazlası
2026-03-27T19:00:00+03:00,2026-03-27T19:00:00+03:00,3199.47,3390.0,3103.4859,3593.4,Enerji Açığı
2026-03-27T20:00:00+03:00,2026-03-27T20:00:00+03:00,2500.01,3390.0,2425.0097,3593.4,Enerji Açığı
2026-03-27T21:00:00+03:00,2026-03-27T21:00:00+03:00,2897.99,500.0,470.0,2984.9297,Enerji Fazlası
2026-03-27T22:00:00+03:00,2026-03-27T22:00:00+03:00,1429.0,9.0,-106.0,1471.87,Enerji Fazlası
2026-03-27T23:00:00+03:00,2026-03-27T23:00:00+03:00,601.0,0.0,-106.0,619.03,Enerji Fazlası
2026-03-28T00:00:00+03:00,2026-03-28T00:00:00+03:00,1499.98,0.0,-106.0,1544.9794,Enerji Fazlası
2026-03-28T01:00:00+03:00,2026-03-28T01:00:00+03:00,1000.0,0.0,-106.0,1030.0,Enerji Fazlası
2026-03-28T02:00:00+03:00,2026-03-28T02:00:00+03:00,700.0,0.0,-106.0,721.0,Enerji Fazlası
2026-03-28T03:00:00+03:00,2026-03-28T03:00:00+03:00,415.1,0.0,-106.0,427.553,Enerji Fazlası
2026-03-28T04:00:00+03:00,2026-03-28T04:00:00+03:00,300.01,0.0,-106.0,309.0103,Enerji Fazlası
2026-03-28T05:00:00+03:00,2026-03-28T05:00:00+03:00,800.01,0.0,-106.0,824.0103,Enerji Fazlası
2026-03-28T06:00:00+03:00,2026-03-28T06:00:00+03:00,1200.0,0.0,-106.0,1236.0,Enerji Fazlası
2026-03-28T07:00:00+03:00,2026-03-28T07:00:00+03:00,171.0,0.0,-106.0,176.13,Enerji Fazlası
2026-03-28T08:00:00+03:00,2026-03-28T08:00:00+03:00,170.01,0.0,-106.0,175.1103,Enerji Fazlası
2026-03-28T09:00:00+03:00,2026-03-28T09:00:00+03:00,170.01,1900.0,164.9097,2014.0,Enerji Açığı
2026-03-28T10:00:00+03:00,2026-03-28T10:00:00+03:00,164.91,2047.74,159.9627,2170.6044,Enerji Açığı
2026-03-28T11:00:00+03:00,2026-03-28T11:00:00+03:00,171.01,2500.0,165.8797,2650.0,Enerji Açığı
2026-03-28T12:00:00+03:00,2026-03-28T12:00:00+03:00,171.0,2047.74,165.87,2170.6044,Enerji Açığı
2026-03-28T13:00:00+03:00,2026-03-28T13:00:00+03:00,189.99,1990.0,184.2903,2109.4,Enerji Açığı
2026-03-28T14:00:00+03:00,2026-03-28T14:00:00+03:00,243.53,1800.0,236.2241,1908.0,Enerji Açığı
2026-03-28T15:00:00+03:00,2026-03-28T15:00:00+03:00,231.0,0.0,-106.0,237.93,Enerji Fazlası
2026-03-28T16:00:00+03:00,2026-03-28T16:00:00+03:00,500.01,0.0,-106.0,515.0103,Enerji Fazlası
2026-03-28T17:00:00+03:00,2026-03-28T17:00:00+03:00,1200.01,500.0,470.0,1236.0103,Enerji Fazlası
2026-03-28T18:00:00+03:00,2026-03-28T18:00:00+03:00,2700.01,700.0,658.0,2781.0103,Enerji Fazlası
2026-03-28T19:00:00+03:00,2026-03-28T19:00:00+03:00,3400.0,3400.0,3298.0,3784.2,Enerji Açığı
2026-03-28T20:00:00+03:00,2026-03-28T20:00:00+03:00,3400.0,3400.0,3298.0,3784.2,Enerji Açığı
2026-03-28T21:00:00+03:00,2026-03-28T21:00:00+03:00,2789.7,3220.0,2706.009,3413.2,Enerji Açığı
2026-03-28T22:00:00+03:00,2026-03-28T22:00:00+03:00,1499.99,2850.0,1454.9903,3021.0,Enerji Açığı
2026-03-28T23:00:00+03:00,2026-03-28T23:00:00+03:00,700.01,1990.0,679.0097,2109.4,Enerji Açığı
2026-03-29T00:00:00+03:00,2026-03-29T00:00:00+03:00,2451.0,2900.0,2377.47,3074.0,Enerji Açığı
2026-03-29T01:00:00+03:00,2026-03-29T01:00:00+03:00,1450.0,2500.0,1406.5,2650.0,Enerji Açığı
2026-03-29T02:00:00+03:00,2026-03-29T02:00:00+03:00,500.0,1861.8,485.0,1973.508,Enerji Açığı
2026-03-29T03:00:00+03:00,2026-03-29T03:00:00+03:00,500.01,1861.8,485.0097,1973.508,Enerji Açığı
2026-03-29T04:00:00+03:00,2026-03-29T04:00:00+03:00,300.01,1129.0,291.0097,1196.74,Enerji Açığı
2026-03-29T05:00:00+03:00,2026-03-29T05:00:00+03:00,500.0,1200.0,485.0,1272.0,Enerji Açığı
2026-03-29T06:00:00+03:00,2026-03-29T06:00:00+03:00,490.0,1029.0,475.3,1090.74,Enerji Açığı
2026-03-29T07:00:00+03:00,2026-03-29T07:00:00+03:00,251.0,0.0,-106.0,258.53,Enerji Fazlası
2026-03-29T08:00:00+03:00,2026-03-29T08:00:00+03:00,237.01,0.0,-106.0,244.1203,Enerji Fazlası
2026-03-29T09:00:00+03:00,2026-03-29T09:00:00+03:00,200.0,0.0,-106.0,206.0,Enerji Fazlası
2026-03-29T10:00:00+03:00,2026-03-29T10:00:00+03:00,186.0,0.0,-106.0,191.58,Enerji Fazlası
2026-03-29T11:00:00+03:00,2026-03-29T11:00:00+03:00,174.99,1861.8,169.7403,1973.508,Enerji Açığı
2026-03-29T12:00:00+03:00,2026-03-29T12:00:00+03:00,100.0,2047.98,-103.0,2170.8588,Enerji Açığı
2026-03-29T13:00:00+03:00,2026-03-29T13:00:00+03:00,79.99,2047.98,-103.0,2170.8588,Enerji Açığı
2026-03-29T14:00:00+03:00,2026-03-29T14:00:00+03:00,161.91,2498.0,157.0527,2647.88,Enerji Açığı
2026-03-29T15:00:00+03:00,2026-03-29T15:00:00+03:00,200.0,2047.98,194.0,2170.8588,Enerji Açığı
2026-03-29T16:00:00+03:00,2026-03-29T16:00:00+03:00,251.0,490.0,243.47,519.4,Enerji Açığı
2026-03-29T17:00:00+03:00,2026-03-29T17:00:00+03:00,1200.0,200.0,188.0,1236.0,Enerji Fazlası
2026-03-29T18:00:00+03:00,2026-03-29T18:00:00+03:00,1499.99,180.0,169.2,1544.9897,Enerji Fazlası
2026-03-29T19:00:00+03:00,2026-03-29T19:00:00+03:00,3299.99,3390.0,3200.9903,3593.4,Enerji Açığı
2026-03-29T20:00:00+03:00,2026-03-29T20:00:00+03:00,3200.0,3390.0,3104.0,3593.4,Enerji Açığı
2026-03-29T21:00:00+03:00,2026-03-29T21:00:00+03:00,2500.0,800.0,752.0,2575.0,Enerji Fazlası
2026-03-29T22:00:00+03:00,2026-03-29T22:00:00+03:00,1499.01,800.0,752.0,1543.9803,Enerji Fazlası
2026-03-29T23:00:00+03:00,2026-03-29T23:00:00+03:00,799.99,799.99,751.9906,823.9897,Enerji Fazlası
2026-03-30T00:00:00+03:00,2026-03-30T00:00:00+03:00,600.0,600.0,564.0,618.0,Enerji Fazlası
2026-03-30T01:00:00+03:00,2026-03-30T01:00:00+03:00,356.0,1000.0,345.32,1060.0,Enerji Açığı
2026-03-30T02:00:00+03:00,2026-03-30T02:00:00+03:00,251.01,1200.0,243.4797,1272.0,Enerji Açığı
2026-03-30T03:00:00+03:00,2026-03-30T03:00:00+03:00,251.0,299.0,243.47,316.94,Enerji Açığı
2026-03-30T04:00:00+03:00,2026-03-30T04:00:00+03:00,249.99,9.0,-106.0,257.4897,Enerji Fazlası
2026-03-30T05:00:00+03:00,2026-03-30T05:00:00+03:00,251.01,0.0,-106.0,258.5403,Enerji Fazlası
2026-03-30T06:00:00+03:00,2026-03-30T06:00:00+03:00,500.0,0.0,-106.0,515.0,Enerji Fazlası
2026-03-30T07:00:00+03:00,2026-03-30T07:00:00+03:00,1200.0,0.0,-106.0,1236.0,Enerji Fazlası
2026-03-30T08:00:00+03:00,2026-03-30T08:00:00+03:00,1740.1,1240.1,1165.694,1792.303,Enerji Fazlası
2026-03-30T09:00:00+03:00,2026-03-30T09:00:00+03:00,1820.0,3200.0,1765.4,3392.0,Enerji Açığı
2026-03-30T10:00:00+03:00,2026-03-30T10:00:00+03:00,1200.01,3200.0,1164.0097,3392.0,Enerji Açığı
2026-03-30T11:00:00+03:00,2026-03-30T11:00:00+03:00,1249.99,3100.0,1212.4903,3286.0,Enerji Açığı
2026-03-30T12:00:00+03:00,2026-03-30T12:00:00+03:00,800.0,2498.0,776.0,2647.88,Enerji Açığı
2026-03-30T13:00:00+03:00,2026-03-30T13:00:00+03:00,1200.0,2498.0,1164.0,2647.88,Enerji Açığı
2026-03-30T14:00:00+03:00,2026-03-30T14:00:00+03:00,1499.99,3000.0,1454.9903,3180.0,Enerji Açığı
2026-03-30T15:00:00+03:00,2026-03-30T15:00:00+03:00,1060.3,2900.0,1028.491,3074.0,Enerji Açığı
2026-03-30T16:00:00+03:00,2026-03-30T16:00:00+03:00,2000.01,3250.0,1940.0097,3445.0,Enerji Açığı
2026-03-30T17:00:00+03:00,2026-03-30T17:00:00+03:00,3094.01,3399.91,3001.1897,3603.9046,Enerji Açığı
2026-03-30T18:00:00+03:00,2026-03-30T18:00:00+03:00,3325.0,3399.91,3225.25,3603.9046,Enerji Açığı
2026-03-30T19:00:00+03:00,2026-03-30T19:00:00+03:00,3400.0,3400.0,3298.0,3784.2,Enerji Açığı
2026-03-30T20:00:00+03:00,2026-03-30T20:00:00+03:00,3400.0,3400.0,3298.0,3784.2,Enerji Açığı
2026-03-30T21:00:00+03:00,2026-03-30T21:00:00+03:00,3325.0,3400.0,3225.25,3784.2,Enerji Açığı
2026-03-30T22:00:00+03:00,2026-03-30T22:00:00+03:00,2999.99,3390.0,2909.9903,3593.4,Enerji Açığı
2026-03-30T23:00:00+03:00,2026-03-30T23:00:00+03:00,2000.0,3250.0,1940.0,3445.0,Enerji Açığı
2026-03-31T00:00:00+03:00,2026-03-31T00:00:00+03:00,2390.0,2540.0,2318.3,2692.4,Enerji Açığı
2026-03-31T01:00:00+03:00,2026-03-31T01:00:00+03:00,1350.0,3200.0,1309.5,3392.0,Enerji Açığı
2026-03-31T02:00:00+03:00,2026-03-31T02:00:00+03:00,699.99,2500.0,678.9903,2650.0,Enerji Açığı
2026-03-31T03:00:00+03:00,2026-03-31T03:00:00+03:00,899.99,800.0,752.0,926.9897,Enerji Fazlası
2026-03-31T04:00:00+03:00,2026-03-31T04:00:00+03:00,500.01,1900.0,485.0097,2014.0,Enerji Açığı
2026-03-31T05:00:00+03:00,2026-03-31T05:00:00+03:00,899.99,2100.0,872.9903,2226.0,Enerji Açığı
2026-03-31T06:00:00+03:00,2026-03-31T06:00:00+03:00,1200.01,2100.0,1164.0097,2226.0,Enerji Açığı
2026-03-31T07:00:00+03:00,2026-03-31T07:00:00+03:00,1200.0,100.0,-106.0,1236.0,Enerji Fazlası
2026-03-31T08:00:00+03:00,2026-03-31T08:00:00+03:00,1645.01,2500.0,1595.6597,2650.0,Enerji Açığı
2026-03-31T09:00:00+03:00,2026-03-31T09:00:00+03:00,1200.0,200.0,188.0,1236.0,Enerji Fazlası
2026-03-31T10:00:00+03:00,2026-03-31T10:00:00+03:00,499.99,0.0,-106.0,514.9897,Enerji Fazlası
2026-03-31T11:00:00+03:00,2026-03-31T11:00:00+03:00,400.01,0.0,-106.0,412.0103,Enerji Fazlası
2026-03-31T12:00:00+03:00,2026-03-31T12:00:00+03:00,231.0,0.0,-106.0,237.93,Enerji Fazlası
2026-03-31T13:00:00+03:00,2026-03-31T13:00:00+03:00,249.99,0.0,-106.0,257.4897,Enerji Fazlası
2026-03-31T14:00:00+03:00,2026-03-31T14:00:00+03:00,500.0,0.0,-106.0,515.0,Enerji Fazlası
2026-03-31T15:00:00+03:00,2026-03-31T15:00:00+03:00,300.0,0.0,-106.0,309.0,Enerji Fazlası
2026-03-31T16:00:00+03:00,2026-03-31T16:00:00+03:00,948.79,1000.0,920.3263,1060.0,Enerji Açığı
2026-03-31T17:00:00+03:00,2026-03-31T17:00:00+03:00,2200.0,3200.0,2134.0,3392.0,Enerji Açığı
2026-03-31T18:00:00+03:00,2026-03-31T18:00:00+03:00,3000.01,1750.01,1645.0094,3090.0103,Enerji Fazlası
2026-03-31T19:00:00+03:00,2026-03-31T19:00:00+03:00,3400.0,1900.0,1786.0,3677.1,Enerji Fazlası
2026-03-31T20:00:00+03:00,2026-03-31T20:00:00+03:00,3400.0,3400.0,3298.0,3784.2,Enerji Açığı
2026-03-31T21:00:00+03:00,2026-03-31T21:00:00+03:00,2941.78,2941.78,2853.5266,3118.2868,Enerji Açığı
2026-03-31T22:00:00+03:00,2026-03-31T22:00:00+03:00,1744.01,800.0,752.0,1796.3303,Enerji Fazlası
2026-03-31T23:00:00+03:00,2026-03-31T23:00:00+03:00,999.99,1861.8,969.9903,1973.508,Enerji Açığı
2026-04-01T00:00:00+03:00,2026-04-01T00:00:00+03:00,1499.99,100.0,-106.0,1544.9897,Enerji Fazlası
2026-04-01T01:00:00+03:00,2026-04-01T01:00:00+03:00,800.0,100.0,-106.0,824.0,Enerji Fazlası
2026-04-01T02:00:00+03:00,2026-04-01T02:00:00+03:00,500.0,0.0,-106.0,515.0,Enerji Fazlası
2026-04-01T03:00:00+03:00,2026-04-01T03:00:00+03:00,500.51,0.0,-106.0,515.5253,Enerji Fazlası
2026-04-01T04:00:00+03:00,2026-04-01T04:00:00+03:00,835.01,0.0,-106.0,860.0603,Enerji Fazlası
2026-04-01T05:00:00+03:00,2026-04-01T05:00:00+03:00,1200.0,11.0,-106.0,1236.0,Enerji Fazlası
2026-04-01T06:00:00+03:00,2026-04-01T06:00:00+03:00,1200.0,100.0,-106.0,1236.0,Enerji Fazlası
2026-04-01T07:00:00+03:00,2026-04-01T07:00:00+03:00,500.03,1200.0,485.0291,1272.0,Enerji Açığı
2026-04-01T08:00:00+03:00,2026-04-01T08:00:00+03:00,999.0,0.0,-106.0,1028.97,Enerji Fazlası
2026-04-01T09:00:00+03:00,2026-04-01T09:00:00+03:00,404.49,0.0,-106.0,416.6247,Enerji Fazlası
2026-04-01T10:00:00+03:00,2026-04-01T10:00:00+03:00,300.01,0.0,-106.0,309.0103,Enerji Fazlası
2026-04-01T11:00:00+03:00,2026-04-01T11:00:00+03:00,300.0,0.0,-106.0,309.0,Enerji Fazlası
2026-04-01T12:00:00+03:00,2026-04-01T12:00:00+03:00,181.0,0.0,-106.0,186.43,Enerji Fazlası
2026-04-01T13:00:00+03:00,2026-04-01T13:00:00+03:00,200.01,200.01,194.0097,212.0106,Enerji Açığı
2026-04-01T14:00:00+03:00,2026-04-01T14:00:00+03:00,250.0,1900.0,242.5,2014.0,Enerji Açığı
2026-04-01T15:00:00+03:00,2026-04-01T15:00:00+03:00,250.01,2200.0,242.5097,2332.0,Enerji Açığı
2026-04-01T16:00:00+03:00,2026-04-01T16:00:00+03:00,500.01,2700.0,485.0097,2862.0,Enerji Açığı
2026-04-01T17:00:00+03:00,2026-04-01T17:00:00+03:00,1200.01,2400.0,1164.0097,2544.0,Enerji Açığı
2026-04-01T18:00:00+03:00,2026-04-01T18:00:00+03:00,1300.01,1.0,-106.0,1339.0103,Enerji Fazlası
2026-04-01T19:00:00+03:00,2026-04-01T19:00:00+03:00,2098.48,100.0,-106.0,2161.4344,Enerji Fazlası
2026-04-01T20:00:00+03:00,2026-04-01T20:00:00+03:00,1699.01,100.0,-106.0,1749.9803,Enerji Fazlası
2026-04-01T21:00:00+03:00,2026-04-01T21:00:00+03:00,1499.98,0.0,-106.0,1544.9794,Enerji Fazlası
2026-04-01T22:00:00+03:00,2026-04-01T22:00:00+03:00,600.01,0.0,-106.0,618.0103,Enerji Fazlası
2026-04-01T23:00:00+03:00,2026-04-01T23:00:00+03:00,250.0,250.0,235.0,257.5,Enerji Fazlası
2026-04-02T00:00:00+03:00,2026-04-02T00:00:00+03:00,249.99,249.99,234.9906,257.4897,Enerji Fazlası
2026-04-02T01:00:00+03:00,2026-04-02T01:00:00+03:00,240.0,8.0,-106.0,247.2,Enerji Fazlası
2026-04-02T02:00:00+03:00,2026-04-02T02:00:00+03:00,201.01,0.0,-106.0,207.0403,Enerji Fazlası
2026-04-02T03:00:00+03:00,2026-04-02T03:00:00+03:00,200.0,0.0,-106.0,206.0,Enerji Fazlası
2026-04-02T04:00:00+03:00,2026-04-02T04:00:00+03:00,199.99,0.0,-106.0,205.9897,Enerji Fazlası
2026-04-02T05:00:00+03:00,2026-04-02T05:00:00+03:00,201.0,0.0,-106.0,207.03,Enerji Fazlası
2026-04-02T06:00:00+03:00,2026-04-02T06:00:00+03:00,201.01,0.0,-106.0,207.0403,Enerji Fazlası
2026-04-02T07:00:00+03:00,2026-04-02T07:00:00+03:00,250.01,0.0,-106.0,257.5103,Enerji Fazlası
2026-04-02T08:00:00+03:00,2026-04-02T08:00:00+03:00,1000.0,0.0,-106.0,1030.0,Enerji Fazlası
2026-04-02T09:00:00+03:00,2026-04-02T09:00:00+03:00,1200.01,100.0,-106.0,1236.0103,Enerji Fazlası
2026-04-02T10:00:00+03:00,2026-04-02T10:00:00+03:00,1249.99,100.0,-106.0,1287.4897,Enerji Fazlası
2026-04-02T11:00:00+03:00,2026-04-02T11:00:00+03:00,1200.01,2400.0,1164.0097,2544.0,Enerji Açığı
2026-04-02T12:00:00+03:00,2026-04-02T12:00:00+03:00,499.99,2200.0,484.9903,2332.0,Enerji Açığı
2026-04-02T13:00:00+03:00,2026-04-02T13:00:00+03:00,499.99,0.0,-106.0,514.9897,Enerji Fazlası
2026-04-02T14:00:00+03:00,2026-04-02T14:00:00+03:00,500.0,0.0,-106.0,515.0,Enerji Fazlası
2026-04-02T15:00:00+03:00,2026-04-02T15:00:00+03:00,260.0,0.0,-106.0,267.8,Enerji Fazlası
2026-04-02T16:00:00+03:00,2026-04-02T16:00:00+03:00,300.01,0.0,-106.0,309.0103,Enerji Fazlası
2026-04-02T17:00:00+03:00,2026-04-02T17:00:00+03:00,500.01,0.0,-106.0,515.0103,Enerji Fazlası
2026-04-02T18:00:00+03:00,2026-04-02T18:00:00+03:00,899.0,100.0,-106.0,925.97,Enerji Fazlası
2026-04-02T19:00:00+03:00,2026-04-02T19:00:00+03:00,2450.0,2850.0,2376.5,3021.0,Enerji Açığı
2026-04-02T20:00:00+03:00,2026-04-02T20:00:00+03:00,2047.61,3350.0,1986.1817,3551.0,Enerji Açığı
2026-04-02T21:00:00+03:00,2026-04-02T21:00:00+03:00,2000.0,2000.0,1940.0,2120.0,Enerji Açığı
2026-04-02T22:00:00+03:00,2026-04-02T22:00:00+03:00,1000.01,2200.0,970.0097,2332.0,Enerji Açığı
2026-04-02T23:00:00+03:00,2026-04-02T23:00:00+03:00,355.99,1900.0,345.3103,2014.0,Enerji Açığı
2026-04-03T00:00:00+03:00,2026-04-03T00:00:00+03:00,237.0,2200.0,229.89,2332.0,Enerji Açığı
2026-04-03T01:00:00+03:00,2026-04-03T01:00:00+03:00,201.01,2200.0,194.9797,2332.0,Enerji Açığı
2026-04-03T02:00:00+03:00,2026-04-03T02:00:00+03:00,200.0,0.0,-106.0,206.0,Enerji Fazlası
2026-04-03T03:00:00+03:00,2026-04-03T03:00:00+03:00,174.99,0.0,-106.0,180.2397,Enerji Fazlası
2026-04-03T04:00:00+03:00,2026-04-03T04:00:00+03:00,171.02,0.0,-106.0,176.1506,Enerji Fazlası
2026-04-03T05:00:00+03:00,2026-04-03T05:00:00+03:00,189.99,0.0,-106.0,195.6897,Enerji Fazlası
2026-04-03T06:00:00+03:00,2026-04-03T06:00:00+03:00,190.01,1590.0,184.3097,1685.4,Enerji Açığı
2026-04-03T07:00:00+03:00,2026-04-03T07:00:00+03:00,174.99,1200.0,169.7403,1272.0,Enerji Açığı
2026-04-03T08:00:00+03:00,2026-04-03T08:00:00+03:00,260.01,3150.0,252.2097,3339.0,Enerji Açığı
2026-04-03T09:00:00+03:00,2026-04-03T09:00:00+03:00,250.01,3150.0,242.5097,3339.0,Enerji Açığı
2026-04-03T10:00:00+03:00,2026-04-03T10:00:00+03:00,200.01,2800.0,194.0097,2968.0,Enerji Açığı
2026-04-03T11:00:00+03:00,2026-04-03T11:00:00+03:00,175.0,2900.0,169.75,3074.0,Enerji Açığı
2026-04-03T12:00:00+03:00,2026-04-03T12:00:00+03:00,170.01,3000.01,164.9097,3180.0106,Enerji Açığı
2026-04-03T13:00:00+03:00,2026-04-03T13:00:00+03:00,167.38,0.0,-106.0,172.4014,Enerji Fazlası
2026-04-03T14:00:00+03:00,2026-04-03T14:00:00+03:00,179.0,2400.0,173.63,2544.0,Enerji Açığı
2026-04-03T15:00:00+03:00,2026-04-03T15:00:00+03:00,175.0,2200.0,169.75,2332.0,Enerji Açığı
2026-04-03T16:00:00+03:00,2026-04-03T16:00:00+03:00,240.0,2400.0,232.8,2544.0,Enerji Açığı
2026-04-03T17:00:00+03:00,2026-04-03T17:00:00+03:00,999.0,100.0,-106.0,1028.97,Enerji Fazlası
2026-04-03T18:00:00+03:00,2026-04-03T18:00:00+03:00,1200.01,3000.01,1164.0097,3180.0106,Enerji Açığı
2026-04-03T19:00:00+03:00,2026-04-03T19:00:00+03:00,3000.01,3390.0,2910.0097,3593.4,Enerji Açığı
2026-04-03T20:00:00+03:00,2026-04-03T20:00:00+03:00,3000.01,3399.0,2910.0097,3602.94,Enerji Açığı
2026-04-03T21:00:00+03:00,2026-04-03T21:00:00+03:00,2587.01,3350.0,2509.3997,3551.0,Enerji Açığı
2026-04-03T22:00:00+03:00,2026-04-03T22:00:00+03:00,1499.99,800.0,752.0,1544.9897,Enerji Fazlası
2026-04-03T23:00:00+03:00,2026-04-03T23:00:00+03:00,999.0,1200.0,969.03,1272.0,Enerji Açığı
2026-04-04T00:00:00+03:00,2026-04-04T00:00:00+03:00,1200.01,700.01,658.0094,1236.0103,Enerji Fazlası
2026-04-04T01:00:00+03:00,2026-04-04T01:00:00+03:00,999.0,200.0,188.0,1028.97,Enerji Fazlası
2026-04-04T02:00:00+03:00,2026-04-04T02:00:00+03:00,875.99,650.99,611.9306,902.2697,Enerji Fazlası
2026-04-04T03:00:00+03:00,2026-04-04T03:00:00+03:00,610.0,110.0,-106.0,628.3,Enerji Fazlası
2026-04-04T04:00:00+03:00,2026-04-04T04:00:00+03:00,699.99,699.99,678.9903,741.9894,Enerji Açığı
2026-04-04T05:00:00+03:00,2026-04-04T05:00:00+03:00,999.99,999.99,969.9903,1059.9894,Enerji Açığı
2026-04-04T06:00:00+03:00,2026-04-04T06:00:00+03:00,900.01,900.01,873.0097,954.0106,Enerji Açığı
2026-04-04T07:00:00+03:00,2026-04-04T07:00:00+03:00,250.01,0.0,-106.0,257.5103,Enerji Fazlası
2026-04-04T08:00:00+03:00,2026-04-04T08:00:00+03:00,207.0,0.0,-106.0,213.21,Enerji Fazlası
2026-04-04T09:00:00+03:00,2026-04-04T09:00:00+03:00,199.01,0.0,-106.0,204.9803,Enerji Fazlası
2026-04-04T10:00:00+03:00,2026-04-04T10:00:00+03:00,199.01,0.0,-106.0,204.9803,Enerji Fazlası
2026-04-04T11:00:00+03:00,2026-04-04T11:00:00+03:00,199.99,0.0,-106.0,205.9897,Enerji Fazlası
2026-04-04T12:00:00+03:00,2026-04-04T12:00:00+03:00,175.0,0.0,-106.0,180.25,Enerji Fazlası
2026-04-04T13:00:00+03:00,2026-04-04T13:00:00+03:00,199.99,0.0,-106.0,205.9897,Enerji Fazlası
2026-04-04T14:00:00+03:00,2026-04-04T14:00:00+03:00,200.01,0.0,-106.0,206.0103,Enerji Fazlası
2026-04-04T15:00:00+03:00,2026-04-04T15:00:00+03:00,249.99,0.0,-106.0,257.4897,Enerji Fazlası
2026-04-04T16:00:00+03:00,2026-04-04T16:00:00+03:00,456.0,0.0,-106.0,469.68,Enerji Fazlası
2026-04-04T17:00:00+03:00,2026-04-04T17:00:00+03:00,1499.99,0.0,-106.0,1544.9897,Enerji Fazlası
2026-04-04T18:00:00+03:00,2026-04-04T18:00:00+03:00,3945.0,800.0,752.0,4063.35,Enerji Fazlası
2026-04-04T19:00:00+03:00,2026-04-04T19:00:00+03:00,4500.0,4500.0,4365.0,5008.5,Enerji Açığı
2026-04-04T20:00:00+03:00,2026-04-04T20:00:00+03:00,4499.98,4500.0,4364.9806,5008.5,Enerji Açığı
2026-04-04T21:00:00+03:00,2026-04-04T21:00:00+03:00,3600.0,3600.0,3492.0,3816.0,Enerji Açığı
2026-04-04T22:00:00+03:00,2026-04-04T22:00:00+03:00,1725.0,1725.0,1673.25,1828.5,Enerji Açığı
2026-04-04T23:00:00+03:00,2026-04-04T23:00:00+03:00,1090.48,1090.48,1057.7656,1155.9088,Enerji Açığı
2026-04-05T00:00:00+03:00,2026-04-05T00:00:00+03:00,1350.0,100.0,-106.0,1390.5,Enerji Fazlası
2026-04-05T01:00:00+03:00,2026-04-05T01:00:00+03:00,999.99,2000.0,969.9903,2120.0,Enerji Açığı
2026-04-05T02:00:00+03:00,2026-04-05T02:00:00+03:00,500.0,1600.0,485.0,1696.0,Enerji Açığı
2026-04-05T03:00:00+03:00,2026-04-05T03:00:00+03:00,300.0,1500.0,291.0,1590.0,Enerji Açığı
2026-04-05T04:00:00+03:00,2026-04-05T04:00:00+03:00,299.99,1200.0,290.9903,1272.0,Enerji Açığı
2026-04-05T05:00:00+03:00,2026-04-05T05:00:00+03:00,299.2,150.0,141.0,308.176,Enerji Fazlası
2026-04-05T06:00:00+03:00,2026-04-05T06:00:00+03:00,234.08,200.0,188.0,241.1024,Enerji Fazlası
2026-04-05T07:00:00+03:00,2026-04-05T07:00:00+03:00,120.0,0.0,-106.0,154.5,Enerji Fazlası
2026-04-05T08:00:00+03:00,2026-04-05T08:00:00+03:00,0.0,0.0,-106.0,154.5,Enerji Fazlası
2026-04-05T09:00:00+03:00,2026-04-05T09:00:00+03:00,0.0,0.0,-106.0,154.5,Enerji Fazlası
2026-04-05T10:00:00+03:00,2026-04-05T10:00:00+03:00,0.0,0.0,-106.0,154.5,Enerji Fazlası
2026-04-05T11:00:00+03:00,2026-04-05T11:00:00+03:00,0.0,0.0,-106.0,154.5,Enerji Fazlası
2026-04-05T12:00:00+03:00,2026-04-05T12:00:00+03:00,0.0,0.0,-106.0,154.5,Enerji Fazlası
2026-04-05T13:00:00+03:00,2026-04-05T13:00:00+03:00,0.0,0.0,-106.0,154.5,Enerji Fazlası
2026-04-05T14:00:00+03:00,2026-04-05T14:00:00+03:00,0.0,0.0,-106.0,154.5,Enerji Fazlası
2026-04-05T15:00:00+03:00,2026-04-05T15:00:00+03:00,0.0,0.0,-106.0,154.5,Enerji Fazlası
2026-04-05T16:00:00+03:00,2026-04-05T16:00:00+03:00,0.0,0.0,-106.0,154.5,Enerji Fazlası
2026-04-05T17:00:00+03:00,2026-04-05T17:00:00+03:00,171.01,0.0,-106.0,176.1403,Enerji Fazlası
2026-04-05T18:00:00+03:00,2026-04-05T18:00:00+03:00,700.02,0.0,-106.0,721.0206,Enerji Fazlası
2026-04-05T19:00:00+03:00,2026-04-05T19:00:00+03:00,1899.0,800.0,752.0,1955.97,Enerji Fazlası
2026-04-05T20:00:00+03:00,2026-04-05T20:00:00+03:00,2000.01,3400.0,1940.0097,3604.0,Enerji Açığı
2026-04-05T21:00:00+03:00,2026-04-05T21:00:00+03:00,1899.01,100.0,-106.0,1955.9803,Enerji Fazlası
2026-04-05T22:00:00+03:00,2026-04-05T22:00:00+03:00,1090.48,350.0,329.0,1123.1944,Enerji Fazlası
2026-04-05T23:00:00+03:00,2026-04-05T23:00:00+03:00,500.01,200.0,188.0,515.0103,Enerji Fazlası
2026-04-06T00:00:00+03:00,2026-04-06T00:00:00+03:00,288.59,0.0,-106.0,297.2477,Enerji Fazlası
2026-04-06T01:00:00+03:00,2026-04-06T01:00:00+03:00,250.01,0.0,-106.0,257.5103,Enerji Fazlası
2026-04-06T02:00:00+03:00,2026-04-06T02:00:00+03:00,250.0,0.0,-106.0,257.5,Enerji Fazlası
2026-04-06T03:00:00+03:00,2026-04-06T03:00:00+03:00,249.99,0.0,-106.0,257.4897,Enerji Fazlası
2026-04-06T04:00:00+03:00,2026-04-06T04:00:00+03:00,249.99,0.0,-106.0,257.4897,Enerji Fazlası
2026-04-06T05:00:00+03:00,2026-04-06T05:00:00+03:00,300.01,0.0,-106.0,309.0103,Enerji Fazlası
2026-04-06T06:00:00+03:00,2026-04-06T06:00:00+03:00,310.99,0.0,-106.0,320.3197,Enerji Fazlası
2026-04-06T07:00:00+03:00,2026-04-06T07:00:00+03:00,252.01,0.0,-106.0,259.5703,Enerji Fazlası
2026-04-06T08:00:00+03:00,2026-04-06T08:00:00+03:00,252.01,0.0,-106.0,259.5703,Enerji Fazlası
2026-04-06T09:00:00+03:00,2026-04-06T09:00:00+03:00,200.0,0.0,-106.0,206.0,Enerji Fazlası
2026-04-06T10:00:00+03:00,2026-04-06T10:00:00+03:00,149.99,0.0,-106.0,154.5,Enerji Fazlası
2026-04-06T11:00:00+03:00,2026-04-06T11:00:00+03:00,0.0,0.0,-106.0,154.5,Enerji Fazlası
2026-04-06T12:00:00+03:00,2026-04-06T12:00:00+03:00,0.0,0.0,-106.0,154.5,Enerji Fazlası
2026-04-06T13:00:00+03:00,2026-04-06T13:00:00+03:00,0.0,0.0,-106.0,154.5,Enerji Fazlası
2026-04-06T14:00:00+03:00,2026-04-06T14:00:00+03:00,146.51,0.0,-106.0,154.5,Enerji Fazlası
2026-04-06T15:00:00+03:00,2026-04-06T15:00:00+03:00,171.02,0.0,-106.0,176.1506,Enerji Fazlası
2026-04-06T16:00:00+03:00,2026-04-06T16:00:00+03:00,500.0,0.0,-106.0,515.0,Enerji Fazlası
2026-04-06T17:00:00+03:00,2026-04-06T17:00:00+03:00,1990.0,0.0,-106.0,2049.7,Enerji Fazlası
2026-04-06T18:00:00+03:00,2026-04-06T18:00:00+03:00,3249.99,351.0,329.94,3347.4897,Enerji Fazlası
2026-04-06T19:00:00+03:00,2026-04-06T19:00:00+03:00,4400.0,2436.0,2289.84,4532.0,Enerji Fazlası
2026-04-06T20:00:00+03:00,2026-04-06T20:00:00+03:00,4450.01,4499.0,4316.5097,4768.94,Enerji Açığı
2026-04-06T21:00:00+03:00,2026-04-06T21:00:00+03:00,3945.01,4499.0,3826.6597,4768.94,Enerji Açığı
2026-04-06T22:00:00+03:00,2026-04-06T22:00:00+03:00,3323.69,3323.69,3124.2686,3423.4007,Enerji Fazlası
2026-04-06T23:00:00+03:00,2026-04-06T23:00:00+03:00,2750.01,700.0,658.0,2832.5103,Enerji Fazlası
2026-04-07T00:00:00+03:00,2026-04-07T00:00:00+03:00,1729.99,9.0,-106.0,1781.8897,Enerji Fazlası
2026-04-07T01:00:00+03:00,2026-04-07T01:00:00+03:00,1123.45,1200.0,1089.7465,1272.0,Enerji Açığı
2026-04-07T02:00:00+03:00,2026-04-07T02:00:00+03:00,989.99,2300.0,960.2903,2438.0,Enerji Açığı
2026-04-07T03:00:00+03:00,2026-04-07T03:00:00+03:00,999.99,999.99,969.9903,1029.9897,Dengede
2026-04-07T04:00:00+03:00,2026-04-07T04:00:00+03:00,999.98,1550.0,969.9806,1643.0,Enerji Açığı
2026-04-07T05:00:00+03:00,2026-04-07T05:00:00+03:00,1200.01,1550.0,1164.0097,1643.0,Enerji Açığı
2026-04-07T06:00:00+03:00,2026-04-07T06:00:00+03:00,1200.01,1550.0,1164.0097,1643.0,Enerji Açığı
2026-04-07T07:00:00+03:00,2026-04-07T07:00:00+03:00,600.0,0.0,-106.0,618.0,Enerji Fazlası
2026-04-07T08:00:00+03:00,2026-04-07T08:00:00+03:00,582.0,500.0,470.0,599.46,Enerji Fazlası
2026-04-07T09:00:00+03:00,2026-04-07T09:00:00+03:00,235.01,548.0,227.9597,580.88,Enerji Açığı
2026-04-07T10:00:00+03:00,2026-04-07T10:00:00+03:00,168.01,0.0,-106.0,173.0503,Enerji Fazlası
2026-04-07T11:00:00+03:00,2026-04-07T11:00:00+03:00,170.01,0.0,-106.0,175.1103,Enerji Fazlası
2026-04-07T12:00:00+03:00,2026-04-07T12:00:00+03:00,0.0,0.0,-106.0,154.5,Enerji Fazlası
2026-04-07T13:00:00+03:00,2026-04-07T13:00:00+03:00,0.0,0.0,-106.0,154.5,Enerji Fazlası
2026-04-07T14:00:00+03:00,2026-04-07T14:00:00+03:00,137.99,137.99,-106.0,154.5,Enerji Fazlası
2026-04-07T15:00:00+03:00,2026-04-07T15:00:00+03:00,0.0,0.0,-106.0,154.5,Enerji Fazlası
2026-04-07T16:00:00+03:00,2026-04-07T16:00:00+03:00,171.0,0.0,-106.0,176.13,Enerji Fazlası
2026-04-07T17:00:00+03:00,2026-04-07T17:00:00+03:00,749.48,0.0,-106.0,771.9644,Enerji Fazlası
2026-04-07T18:00:00+03:00,2026-04-07T18:00:00+03:00,2699.99,490.0,460.6,2780.9897,Enerji Fazlası
2026-04-07T19:00:00+03:00,2026-04-07T19:00:00+03:00,4500.0,3608.35,3391.849,4866.75,Enerji Fazlası
2026-04-07T20:00:00+03:00,2026-04-07T20:00:00+03:00,4349.99,4499.0,4219.4903,4768.94,Enerji Açığı
2026-04-07T21:00:00+03:00,2026-04-07T21:00:00+03:00,3945.0,3945.0,3826.65,4181.7,Enerji Açığı
2026-04-07T22:00:00+03:00,2026-04-07T22:00:00+03:00,1275.0,2950.0,1236.75,3127.0,Enerji Açığı
2026-04-07T23:00:00+03:00,2026-04-07T23:00:00+03:00,525.87,200.0,188.0,541.6461,Enerji Fazlası
2026-04-08T00:00:00+03:00,2026-04-08T00:00:00+03:00,998.01,0.0,-106.0,1027.9503,Enerji Fazlası
2026-04-08T01:00:00+03:00,2026-04-08T01:00:00+03:00,397.39,0.0,-106.0,409.3117,Enerji Fazlası
2026-04-08T02:00:00+03:00,2026-04-08T02:00:00+03:00,303.0,303.0,284.82,312.09,Enerji Fazlası
2026-04-08T03:00:00+03:00,2026-04-08T03:00:00+03:00,270.0,0.0,-106.0,278.1,Enerji Fazlası
2026-04-08T04:00:00+03:00,2026-04-08T04:00:00+03:00,250.0,0.0,-106.0,257.5,Enerji Fazlası
2026-04-08T05:00:00+03:00,2026-04-08T05:00:00+03:00,260.01,0.0,-106.0,267.8103,Enerji Fazlası
2026-04-08T06:00:00+03:00,2026-04-08T06:00:00+03:00,270.01,0.0,-106.0,278.1103,Enerji Fazlası
2026-04-08T07:00:00+03:00,2026-04-08T07:00:00+03:00,250.0,0.0,-106.0,257.5,Enerji Fazlası
2026-04-08T08:00:00+03:00,2026-04-08T08:00:00+03:00,749.48,2500.0,726.9956,2650.0,Enerji Açığı
2026-04-08T09:00:00+03:00,2026-04-08T09:00:00+03:00,320.02,3150.0,310.4194,3339.0,Enerji Açığı
2026-04-08T10:00:00+03:00,2026-04-08T10:00:00+03:00,260.0,3000.02,252.2,3180.0212,Enerji Açığı
2026-04-08T11:00:00+03:00,2026-04-08T11:00:00+03:00,224.0,2300.0,217.28,2438.0,Enerji Açığı
2026-04-08T12:00:00+03:00,2026-04-08T12:00:00+03:00,170.01,900.0,164.9097,954.0,Enerji Açığı
2026-04-08T13:00:00+03:00,2026-04-08T13:00:00+03:00,171.01,900.0,165.8797,954.0,Enerji Açığı
2026-04-08T14:00:00+03:00,2026-04-08T14:00:00+03:00,200.01,3000.01,194.0097,3180.0106,Enerji Açığı
2026-04-08T15:00:00+03:00,2026-04-08T15:00:00+03:00,199.0,2900.0,193.03,3074.0,Enerji Açığı
2026-04-08T16:00:00+03:00,2026-04-08T16:00:00+03:00,234.99,2300.0,227.9403,2438.0,Enerji Açığı
2026-04-08T17:00:00+03:00,2026-04-08T17:00:00+03:00,749.47,749.47,704.5018,771.9541,Enerji Fazlası
2026-04-08T18:00:00+03:00,2026-04-08T18:00:00+03:00,900.0,450.0,423.0,927.0,Enerji Fazlası
2026-04-08T19:00:00+03:00,2026-04-08T19:00:00+03:00,2037.0,700.0,658.0,2098.11,Enerji Fazlası
2026-04-08T20:00:00+03:00,2026-04-08T20:00:00+03:00,2199.99,700.0,658.0,2265.9897,Enerji Fazlası
2026-04-08T21:00:00+03:00,2026-04-08T21:00:00+03:00,2750.0,700.0,658.0,2832.5,Enerji Fazlası
2026-04-08T22:00:00+03:00,2026-04-08T22:00:00+03:00,1264.37,372.99,350.6106,1302.3011,Enerji Fazlası
2026-04-08T23:00:00+03:00,2026-04-08T23:00:00+03:00,700.02,100.0,-106.0,721.0206,Enerji Fazlası
2026-04-09T00:00:00+03:00,2026-04-09T00:00:00+03:00,492.0,0.0,-106.0,506.76,Enerji Fazlası
2026-04-09T01:00:00+03:00,2026-04-09T01:00:00+03:00,700.0,10.0,-106.0,721.0,Enerji Fazlası
2026-04-09T02:00:00+03:00,2026-04-09T02:00:00+03:00,880.0,10.0,-106.0,906.4,Enerji Fazlası
2026-04-09T03:00:00+03:00,2026-04-09T03:00:00+03:00,876.0,5.0,-106.0,902.28,Enerji Fazlası
2026-04-09T04:00:00+03:00,2026-04-09T04:00:00+03:00,999.99,100.0,-106.0,1029.9897,Enerji Fazlası
2026-04-09T05:00:00+03:00,2026-04-09T05:00:00+03:00,1200.01,1500.0,1164.0097,1590.0,Enerji Açığı
2026-04-09T06:00:00+03:00,2026-04-09T06:00:00+03:00,1499.99,1750.0,1454.9903,1855.0,Enerji Açığı
2026-04-09T07:00:00+03:00,2026-04-09T07:00:00+03:00,1050.0,1891.93,1018.5,2005.4458,Enerji Açığı
2026-04-09T08:00:00+03:00,2026-04-09T08:00:00+03:00,1000.0,3249.0,970.0,3443.94,Enerji Açığı
2026-04-09T09:00:00+03:00,2026-04-09T09:00:00+03:00,499.99,2500.0,484.9903,2650.0,Enerji Açığı
2026-04-09T10:00:00+03:00,2026-04-09T10:00:00+03:00,299.76,1390.0,290.7672,1473.4,Enerji Açığı
2026-04-09T11:00:00+03:00,2026-04-09T11:00:00+03:00,250.0,1891.93,242.5,2005.4458,Enerji Açığı
2026-04-09T12:00:00+03:00,2026-04-09T12:00:00+03:00,189.99,0.0,-106.0,195.6897,Enerji Fazlası
2026-04-09T13:00:00+03:00,2026-04-09T13:00:00+03:00,200.01,1891.93,194.0097,2005.4458,Enerji Açığı
2026-04-09T14:00:00+03:00,2026-04-09T14:00:00+03:00,500.0,3000.01,485.0,3180.0106,Enerji Açığı
2026-04-09T15:00:00+03:00,2026-04-09T15:00:00+03:00,350.0,2200.0,339.5,2332.0,Enerji Açığı
2026-04-09T16:00:00+03:00,2026-04-09T16:00:00+03:00,1000.0,4300.0,970.0,4558.0,Enerji Açığı
2026-04-09T17:00:00+03:00,2026-04-09T17:00:00+03:00,3323.7,4498.91,3223.989,4768.8446,Enerji Açığı
2026-04-09T18:00:00+03:00,2026-04-09T18:00:00+03:00,3696.0,4500.0,3585.12,5008.5,Enerji Açığı
2026-04-09T19:00:00+03:00,2026-04-09T19:00:00+03:00,4500.0,4500.0,4365.0,5008.5,Enerji Açığı
2026-04-09T20:00:00+03:00,2026-04-09T20:00:00+03:00,4500.0,4500.0,4365.0,5008.5,Enerji Açığı
2026-04-09T21:00:00+03:00,2026-04-09T21:00:00+03:00,4400.01,4498.92,4268.0097,4768.8552,Enerji Açığı
2026-04-09T22:00:00+03:00,2026-04-09T22:00:00+03:00,3400.0,4499.0,3298.0,4768.94,Enerji Açığı
2026-04-09T23:00:00+03:00,2026-04-09T23:00:00+03:00,2785.7,4498.9,2702.129,4768.834,Enerji Açığı
2026-04-10T00:00:00+03:00,2026-04-10T00:00:00+03:00,2699.99,800.0,752.0,2780.9897,Enerji Fazlası
2026-04-10T01:00:00+03:00,2026-04-10T01:00:00+03:00,1200.01,700.0,658.0,1236.0103,Enerji Fazlası
2026-04-10T02:00:00+03:00,2026-04-10T02:00:00+03:00,1200.0,800.0,752.0,1236.0,Enerji Fazlası
2026-04-10T03:00:00+03:00,2026-04-10T03:00:00+03:00,1200.01,1200.01,1164.0097,1236.0103,Dengede
2026-04-10T04:00:00+03:00,2026-04-10T04:00:00+03:00,1200.01,1600.0,1164.0097,1696.0,Enerji Açığı
2026-04-10T05:00:00+03:00,2026-04-10T05:00:00+03:00,1695.0,2898.0,1644.15,3071.88,Enerji Açığı
2026-04-10T06:00:00+03:00,2026-04-10T06:00:00+03:00,1200.0,2200.0,1164.0,2332.0,Enerji Açığı
2026-04-10T07:00:00+03:00,2026-04-10T07:00:00+03:00,750.01,2188.3,727.5097,2319.598,Enerji Açığı
2026-04-10T08:00:00+03:00,2026-04-10T08:00:00+03:00,3599.99,4388.0,3491.9903,4651.28,Enerji Açığı
2026-04-10T09:00:00+03:00,2026-04-10T09:00:00+03:00,2100.0,4300.0,2037.0,4558.0,Enerji Açığı
2026-04-10T10:00:00+03:00,2026-04-10T10:00:00+03:00,999.99,2188.3,969.9903,2319.598,Enerji Açığı
2026-04-10T11:00:00+03:00,2026-04-10T11:00:00+03:00,1200.0,3000.02,1164.0,3180.0212,Enerji Açığı
2026-04-10T12:00:00+03:00,2026-04-10T12:00:00+03:00,443.01,50.0,-106.0,456.3003,Enerji Fazlası
2026-04-10T13:00:00+03:00,2026-04-10T13:00:00+03:00,300.01,0.0,-106.0,309.0103,Enerji Fazlası
2026-04-10T14:00:00+03:00,2026-04-10T14:00:00+03:00,1082.64,2188.3,1050.1608,2319.598,Enerji Açığı
2026-04-10T15:00:00+03:00,2026-04-10T15:00:00+03:00,745.0,1989.37,722.65,2108.7322,Enerji Açığı
2026-04-10T16:00:00+03:00,2026-04-10T16:00:00+03:00,999.99,2898.0,969.9903,3071.88,Enerji Açığı
2026-04-10T17:00:00+03:00,2026-04-10T17:00:00+03:00,2080.99,4300.0,2018.5603,4558.0,Enerji Açığı
2026-04-10T18:00:00+03:00,2026-04-10T18:00:00+03:00,2451.0,4300.0,2377.47,4558.0,Enerji Açığı
2026-04-10T19:00:00+03:00,2026-04-10T19:00:00+03:00,4450.0,4500.0,4316.5,5008.5,Enerji Açığı
2026-04-10T20:00:00+03:00,2026-04-10T20:00:00+03:00,4500.0,2801.0,2632.94,4866.75,Enerji Fazlası
2026-04-10T21:00:00+03:00,2026-04-10T21:00:00+03:00,3599.99,4498.9,3491.9903,4768.834,Enerji Açığı
2026-04-10T22:00:00+03:00,2026-04-10T22:00:00+03:00,2660.0,4388.0,2580.2,4651.28,Enerji Açığı
2026-04-10T23:00:00+03:00,2026-04-10T23:00:00+03:00,1650.0,4388.0,1600.5,4651.28,Enerji Açığı
2026-04-11T00:00:00+03:00,2026-04-11T00:00:00+03:00,2499.99,4498.3,2424.9903,4768.198,Enerji Açığı
2026-04-11T01:00:00+03:00,2026-04-11T01:00:00+03:00,1200.01,4300.0,1164.0097,4558.0,Enerji Açığı
2026-04-11T02:00:00+03:00,2026-04-11T02:00:00+03:00,1130.0,4300.0,1096.1,4558.0,Enerji Açığı
2026-04-11T03:00:00+03:00,2026-04-11T03:00:00+03:00,1200.0,3000.0,1164.0,3180.0,Enerji Açığı
2026-04-11T04:00:00+03:00,2026-04-11T04:00:00+03:00,1200.0,3000.0,1164.0,3180.0,Enerji Açığı
2026-04-11T05:00:00+03:00,2026-04-11T05:00:00+03:00,1200.01,2800.0,1164.0097,2968.0,Enerji Açığı
2026-04-11T06:00:00+03:00,2026-04-11T06:00:00+03:00,1150.0,2498.0,1115.5,2647.88,Enerji Açığı
2026-04-11T07:00:00+03:00,2026-04-11T07:00:00+03:00,500.0,1200.0,485.0,1272.0,Enerji Açığı
2026-04-11T08:00:00+03:00,2026-04-11T08:00:00+03:00,999.98,3000.0,969.9806,3180.0,Enerji Açığı
2026-04-11T09:00:00+03:00,2026-04-11T09:00:00+03:00,449.48,2498.0,435.9956,2647.88,Enerji Açığı
2026-04-11T10:00:00+03:00,2026-04-11T10:00:00+03:00,250.0,1490.0,242.5,1579.4,Enerji Açığı
2026-04-11T11:00:00+03:00,2026-04-11T11:00:00+03:00,225.0,1151.0,218.25,1220.06,Enerji Açığı
2026-04-11T12:00:00+03:00,2026-04-11T12:00:00+03:00,171.01,0.0,-106.0,176.1403,Enerji Fazlası
2026-04-11T13:00:00+03:00,2026-04-11T13:00:00+03:00,190.0,0.0,-106.0,195.7,Enerji Fazlası
2026-04-11T14:00:00+03:00,2026-04-11T14:00:00+03:00,250.0,0.0,-106.0,257.5,Enerji Fazlası
2026-04-11T15:00:00+03:00,2026-04-11T15:00:00+03:00,301.0,0.0,-106.0,310.03,Enerji Fazlası
2026-04-11T16:00:00+03:00,2026-04-11T16:00:00+03:00,402.0,0.0,-106.0,414.06,Enerji Fazlası
2026-04-11T17:00:00+03:00,2026-04-11T17:00:00+03:00,1913.01,800.0,752.0,1970.4003,Enerji Fazlası
2026-04-11T18:00:00+03:00,2026-04-11T18:00:00+03:00,3249.99,4498.3,3152.4903,4768.198,Enerji Açığı
2026-04-11T19:00:00+03:00,2026-04-11T19:00:00+03:00,4500.0,4500.0,4365.0,5008.5,Enerji Açığı
2026-04-11T20:00:00+03:00,2026-04-11T20:00:00+03:00,4500.0,4500.0,4365.0,5008.5,Enerji Açığı
2026-04-11T21:00:00+03:00,2026-04-11T21:00:00+03:00,4099.99,4500.0,3976.9903,5008.5,Enerji Açığı
2026-04-11T22:00:00+03:00,2026-04-11T22:00:00+03:00,3100.01,4500.0,3007.0097,5008.5,Enerji Açığı
2026-04-11T23:00:00+03:00,2026-04-11T23:00:00+03:00,3500.01,4498.91,3395.0097,4768.8446,Enerji Açığı
2026-04-12T00:00:00+03:00,2026-04-12T00:00:00+03:00,2699.99,4377.0,2618.9903,4639.62,Enerji Açığı
2026-04-12T01:00:00+03:00,2026-04-12T01:00:00+03:00,1499.98,3000.03,1454.9806,3180.0318,Enerji Açığı
2026-04-12T02:00:00+03:00,2026-04-12T02:00:00+03:00,1200.0,3000.0,1164.0,3180.0,Enerji Açığı
2026-04-12T03:00:00+03:00,2026-04-12T03:00:00+03:00,1200.0,700.0,658.0,1236.0,Enerji Fazlası
2026-04-12T04:00:00+03:00,2026-04-12T04:00:00+03:00,999.99,599.99,563.9906,1029.9897,Enerji Fazlası
2026-04-12T05:00:00+03:00,2026-04-12T05:00:00+03:00,1200.0,1851.0,1164.0,1962.06,Enerji Açığı
2026-04-12T06:00:00+03:00,2026-04-12T06:00:00+03:00,999.98,1957.71,969.9806,2075.1726,Enerji Açığı
2026-04-12T07:00:00+03:00,2026-04-12T07:00:00+03:00,200.01,2153.48,194.0097,2282.6888,Enerji Açığı
2026-04-12T08:00:00+03:00,2026-04-12T08:00:00+03:00,0.0,0.0,-106.0,154.5,Enerji Fazlası
2026-04-12T09:00:00+03:00,2026-04-12T09:00:00+03:00,0.0,0.0,-106.0,154.5,Enerji Fazlası
2026-04-12T10:00:00+03:00,2026-04-12T10:00:00+03:00,0.0,0.0,-106.0,154.5,Enerji Fazlası
2026-04-12T11:00:00+03:00,2026-04-12T11:00:00+03:00,0.0,0.0,-106.0,154.5,Enerji Fazlası
2026-04-12T12:00:00+03:00,2026-04-12T12:00:00+03:00,0.0,0.0,-106.0,154.5,Enerji Fazlası
2026-04-12T13:00:00+03:00,2026-04-12T13:00:00+03:00,0.0,0.0,-106.0,154.5,Enerji Fazlası
2026-04-12T14:00:00+03:00,2026-04-12T14:00:00+03:00,0.0,0.0,-106.0,154.5,Enerji Fazlası
2026-04-12T15:00:00+03:00,2026-04-12T15:00:00+03:00,0.0,0.0,-106.0,154.5,Enerji Fazlası
2026-04-12T16:00:00+03:00,2026-04-12T16:00:00+03:00,0.0,0.0,-106.0,154.5,Enerji Fazlası
2026-04-12T17:00:00+03:00,2026-04-12T17:00:00+03:00,190.0,0.0,-106.0,195.7,Enerji Fazlası
2026-04-12T18:00:00+03:00,2026-04-12T18:00:00+03:00,550.0,0.0,-106.0,566.5,Enerji Fazlası
2026-04-12T19:00:00+03:00,2026-04-12T19:00:00+03:00,3451.53,4377.0,3347.9841,4639.62,Enerji Açığı
2026-04-12T20:00:00+03:00,2026-04-12T20:00:00+03:00,4099.99,4500.0,3976.9903,5008.5,Enerji Açığı
2026-04-12T21:00:00+03:00,2026-04-12T21:00:00+03:00,2799.0,4498.9,2715.03,4768.834,Enerji Açığı
2026-04-12T22:00:00+03:00,2026-04-12T22:00:00+03:00,1249.99,4377.0,1212.4903,4639.62,Enerji Açığı
2026-04-12T23:00:00+03:00,2026-04-12T23:00:00+03:00,745.01,3000.0,722.6597,3180.0,Enerji Açığı
2026-04-13T00:00:00+03:00,2026-04-13T00:00:00+03:00,499.99,2153.48,484.9903,2282.6888,Enerji Açığı
2026-04-13T01:00:00+03:00,2026-04-13T01:00:00+03:00,300.0,2153.48,291.0,2282.6888,Enerji Açığı
2026-04-13T02:00:00+03:00,2026-04-13T02:00:00+03:00,249.99,1340.0,242.4903,1420.4,Enerji Açığı
2026-04-13T03:00:00+03:00,2026-04-13T03:00:00+03:00,250.0,348.0,242.5,368.88,Enerji Açığı
2026-04-13T04:00:00+03:00,2026-04-13T04:00:00+03:00,225.0,225.0,218.25,231.75,Dengede
2026-04-13T05:00:00+03:00,2026-04-13T05:00:00+03:00,300.0,300.0,291.0,309.0,Dengede
2026-04-13T06:00:00+03:00,2026-04-13T06:00:00+03:00,328.82,977.0,318.9554,1035.62,Enerji Açığı
2026-04-13T07:00:00+03:00,2026-04-13T07:00:00+03:00,250.0,0.0,-106.0,257.5,Enerji Fazlası
2026-04-13T08:00:00+03:00,2026-04-13T08:00:00+03:00,453.84,0.0,-106.0,467.4552,Enerji Fazlası
2026-04-13T09:00:00+03:00,2026-04-13T09:00:00+03:00,225.01,0.0,-106.0,231.7603,Enerji Fazlası
2026-04-13T10:00:00+03:00,2026-04-13T10:00:00+03:00,171.01,0.0,-106.0,176.1403,Enerji Fazlası
2026-04-13T11:00:00+03:00,2026-04-13T11:00:00+03:00,171.02,0.0,-106.0,176.1506,Enerji Fazlası
2026-04-13T12:00:00+03:00,2026-04-13T12:00:00+03:00,0.0,0.0,-106.0,154.5,Enerji Fazlası
2026-04-13T13:00:00+03:00,2026-04-13T13:00:00+03:00,50.01,0.0,-106.0,154.5,Enerji Fazlası
2026-04-13T14:00:00+03:00,2026-04-13T14:00:00+03:00,170.0,0.0,-106.0,175.1,Enerji Fazlası
2026-04-13T15:00:00+03:00,2026-04-13T15:00:00+03:00,167.36,0.0,-106.0,172.3808,Enerji Fazlası
2026-04-13T16:00:00+03:00,2026-04-13T16:00:00+03:00,199.0,0.0,-106.0,204.97,Enerji Fazlası
2026-04-13T17:00:00+03:00,2026-04-13T17:00:00+03:00,999.99,800.0,752.0,1029.9897,Enerji Fazlası
2026-04-13T18:00:00+03:00,2026-04-13T18:00:00+03:00,3495.0,2001.0,1880.94,3599.85,Enerji Fazlası
2026-04-13T19:00:00+03:00,2026-04-13T19:00:00+03:00,4500.0,4500.0,4365.0,5008.5,Enerji Açığı
2026-04-13T20:00:00+03:00,2026-04-13T20:00:00+03:00,4500.0,4500.0,4365.0,5008.5,Enerji Açığı
2026-04-13T21:00:00+03:00,2026-04-13T21:00:00+03:00,4500.0,4500.0,4365.0,5008.5,Enerji Açığı
2026-04-13T22:00:00+03:00,2026-04-13T22:00:00+03:00,3639.18,4498.6,3530.0046,4768.516,Enerji Açığı
2026-04-13T23:00:00+03:00,2026-04-13T23:00:00+03:00,3023.6,3650.0,2932.892,3869.0,Enerji Açığı
2026-04-14T00:00:00+03:00,2026-04-14T00:00:00+03:00,2997.99,4422.0,2908.0503,4687.32,Enerji Açığı
2026-04-14T01:00:00+03:00,2026-04-14T01:00:00+03:00,1400.0,3000.0,1358.0,3180.0,Enerji Açığı
2026-04-14T02:00:00+03:00,2026-04-14T02:00:00+03:00,1150.01,3000.01,1115.5097,3180.0106,Enerji Açığı
2026-04-14T03:00:00+03:00,2026-04-14T03:00:00+03:00,1500.0,1677.0,1455.0,1777.62,Enerji Açığı
2026-04-14T04:00:00+03:00,2026-04-14T04:00:00+03:00,1200.0,3000.0,1164.0,3180.0,Enerji Açığı
2026-04-14T05:00:00+03:00,2026-04-14T05:00:00+03:00,1550.0,3000.0,1503.5,3180.0,Enerji Açığı
2026-04-14T06:00:00+03:00,2026-04-14T06:00:00+03:00,1550.0,3000.0,1503.5,3180.0,Enerji Açığı
2026-04-14T07:00:00+03:00,2026-04-14T07:00:00+03:00,800.0,500.0,470.0,824.0,Enerji Fazlası
2026-04-14T08:00:00+03:00,2026-04-14T08:00:00+03:00,850.0,1957.71,824.5,2075.1726,Enerji Açığı
2026-04-14T09:00:00+03:00,2026-04-14T09:00:00+03:00,300.0,300.0,282.0,309.0,Enerji Fazlası
2026-04-14T10:00:00+03:00,2026-04-14T10:00:00+03:00,200.01,0.0,-106.0,206.0103,Enerji Fazlası
2026-04-14T11:00:00+03:00,2026-04-14T11:00:00+03:00,200.0,2.0,-106.0,206.0,Enerji Fazlası
2026-04-14T12:00:00+03:00,2026-04-14T12:00:00+03:00,149.99,0.0,-106.0,154.5,Enerji Fazlası
2026-04-14T13:00:00+03:00,2026-04-14T13:00:00+03:00,170.99,0.0,-106.0,176.1197,Enerji Fazlası
2026-04-14T14:00:00+03:00,2026-04-14T14:00:00+03:00,255.99,9.0,-106.0,263.6697,Enerji Fazlası
2026-04-14T15:00:00+03:00,2026-04-14T15:00:00+03:00,236.99,0.0,-106.0,244.0997,Enerji Fazlası
2026-04-14T16:00:00+03:00,2026-04-14T16:00:00+03:00,500.0,600.0,485.0,636.0,Enerji Açığı
2026-04-14T17:00:00+03:00,2026-04-14T17:00:00+03:00,2900.01,4450.0,2813.0097,4717.0,Enerji Açığı
2026-04-14T18:00:00+03:00,2026-04-14T18:00:00+03:00,2081.0,4498.5,2018.57,4768.41,Enerji Açığı
2026-04-14T19:00:00+03:00,2026-04-14T19:00:00+03:00,4499.98,4500.0,4364.9806,5008.5,Enerji Açığı
2026-04-14T20:00:00+03:00,2026-04-14T20:00:00+03:00,4500.0,4500.0,4365.0,5008.5,Enerji Açığı
2026-04-14T21:00:00+03:00,2026-04-14T21:00:00+03:00,4389.99,4498.92,4258.2903,4768.8552,Enerji Açığı
2026-04-14T22:00:00+03:00,2026-04-14T22:00:00+03:00,3250.0,4450.0,3152.5,4717.0,Enerji Açığı
2026-04-14T23:00:00+03:00,2026-04-14T23:00:00+03:00,3234.39,3988.0,3137.3583,4227.28,Enerji Açığı
2026-04-15T00:00:00+03:00,2026-04-15T00:00:00+03:00,2099.99,4450.0,2036.9903,4717.0,Enerji Açığı
2026-04-15T01:00:00+03:00,2026-04-15T01:00:00+03:00,1898.01,4384.0,1841.0697,4647.04,Enerji Açığı
2026-04-15T02:00:00+03:00,2026-04-15T02:00:00+03:00,1499.99,3719.99,1454.9903,3943.1894,Enerji Açığı
2026-04-15T03:00:00+03:00,2026-04-15T03:00:00+03:00,1500.0,3100.0,1455.0,3286.0,Enerji Açığı
2026-04-15T04:00:00+03:00,2026-04-15T04:00:00+03:00,1295.01,480.0,451.2,1333.8603,Enerji Fazlası
2026-04-15T05:00:00+03:00,2026-04-15T05:00:00+03:00,1500.0,1000.0,940.0,1545.0,Enerji Fazlası
2026-04-15T06:00:00+03:00,2026-04-15T06:00:00+03:00,1450.0,1650.0,1406.5,1749.0,Enerji Açığı
2026-04-15T07:00:00+03:00,2026-04-15T07:00:00+03:00,999.99,380.0,357.2,1029.9897,Enerji Fazlası
2026-04-15T08:00:00+03:00,2026-04-15T08:00:00+03:00,2499.0,800.0,752.0,2573.97,Enerji Fazlası
2026-04-15T09:00:00+03:00,2026-04-15T09:00:00+03:00,1450.01,800.0,752.0,1493.5103,Enerji Fazlası
2026-04-15T10:00:00+03:00,2026-04-15T10:00:00+03:00,880.0,2799.0,853.6,2966.94,Enerji Açığı
2026-04-15T11:00:00+03:00,2026-04-15T11:00:00+03:00,799.01,1963.57,775.0397,2081.3842,Enerji Açığı
2026-04-15T12:00:00+03:00,2026-04-15T12:00:00+03:00,217.64,0.0,-106.0,224.1692,Enerji Fazlası
2026-04-15T13:00:00+03:00,2026-04-15T13:00:00+03:00,250.0,9.0,-106.0,257.5,Enerji Fazlası
2026-04-15T14:00:00+03:00,2026-04-15T14:00:00+03:00,699.99,1590.0,678.9903,1685.4,Enerji Açığı
2026-04-15T15:00:00+03:00,2026-04-15T15:00:00+03:00,453.85,8.0,-106.0,467.4655,Enerji Fazlası
2026-04-15T16:00:00+03:00,2026-04-15T16:00:00+03:00,1226.01,3100.0,1189.2297,3286.0,Enerji Açığı
2026-04-15T17:00:00+03:00,2026-04-15T17:00:00+03:00,2600.0,3100.0,2522.0,3286.0,Enerji Açığı
2026-04-15T18:00:00+03:00,2026-04-15T18:00:00+03:00,2899.99,2799.99,2631.9906,2986.9897,Enerji Fazlası
2026-04-15T19:00:00+03:00,2026-04-15T19:00:00+03:00,4500.0,3550.0,3337.0,4866.75,Enerji Fazlası
2026-04-15T20:00:00+03:00,2026-04-15T20:00:00+03:00,4500.0,4500.0,4365.0,5008.5,Enerji Açığı
2026-04-15T21:00:00+03:00,2026-04-15T21:00:00+03:00,4084.79,4084.79,3962.2463,4329.8774,Enerji Açığı
2026-04-15T22:00:00+03:00,2026-04-15T22:00:00+03:00,3250.0,800.0,752.0,3347.5,Enerji Fazlası
2026-04-15T23:00:00+03:00,2026-04-15T23:00:00+03:00,1619.98,500.0,470.0,1668.5794,Enerji Fazlası
2026-04-16T00:00:00+03:00,2026-04-16T00:00:00+03:00,1200.0,0.0,-106.0,1236.0,Enerji Fazlası
2026-04-16T01:00:00+03:00,2026-04-16T01:00:00+03:00,999.99,0.0,-106.0,1029.9897,Enerji Fazlası
2026-04-16T02:00:00+03:00,2026-04-16T02:00:00+03:00,999.98,1.0,-106.0,1029.9794,Enerji Fazlası
2026-04-16T03:00:00+03:00,2026-04-16T03:00:00+03:00,813.0,563.0,529.22,837.39,Enerji Fazlası
2026-04-16T04:00:00+03:00,2026-04-16T04:00:00+03:00,500.0,0.0,-106.0,515.0,Enerji Fazlası
2026-04-16T05:00:00+03:00,2026-04-16T05:00:00+03:00,700.01,0.0,-106.0,721.0103,Enerji Fazlası
2026-04-16T06:00:00+03:00,2026-04-16T06:00:00+03:00,493.0,0.0,-106.0,507.79,Enerji Fazlası
2026-04-16T07:00:00+03:00,2026-04-16T07:00:00+03:00,299.99,0.0,-106.0,308.9897,Enerji Fazlası
2026-04-16T08:00:00+03:00,2026-04-16T08:00:00+03:00,328.82,0.0,-106.0,338.6846,Enerji Fazlası
2026-04-16T09:00:00+03:00,2026-04-16T09:00:00+03:00,200.01,0.0,-106.0,206.0103,Enerji Fazlası
2026-04-16T10:00:00+03:00,2026-04-16T10:00:00+03:00,189.99,0.0,-106.0,195.6897,Enerji Fazlası
2026-04-16T11:00:00+03:00,2026-04-16T11:00:00+03:00,175.0,0.1,-106.0,180.25,Enerji Fazlası
2026-04-16T12:00:00+03:00,2026-04-16T12:00:00+03:00,0.0,0.0,-103.0,159.0,Enerji Açığı
2026-04-16T13:00:00+03:00,2026-04-16T13:00:00+03:00,100.01,1000.0,-103.0,1060.0,Enerji Açığı
2026-04-16T14:00:00+03:00,2026-04-16T14:00:00+03:00,171.0,2144.59,165.87,2273.2654,Enerji Açığı
2026-04-16T15:00:00+03:00,2026-04-16T15:00:00+03:00,167.36,0.1,-106.0,172.3808,Enerji Fazlası
2026-04-16T16:00:00+03:00,2026-04-16T16:00:00+03:00,199.99,0.0,-106.0,205.9897,Enerji Fazlası
2026-04-16T17:00:00+03:00,2026-04-16T17:00:00+03:00,800.01,1949.63,776.0097,2066.6078,Enerji Açığı
2026-04-16T18:00:00+03:00,2026-04-16T18:00:00+03:00,999.98,500.0,470.0,1029.9794,Enerji Fazlası
2026-04-16T19:00:00+03:00,2026-04-16T19:00:00+03:00,2570.0,800.0,752.0,2647.1,Enerji Fazlası
2026-04-16T20:00:00+03:00,2026-04-16T20:00:00+03:00,2499.99,4417.0,2424.9903,4682.02,Enerji Açığı
2026-04-16T21:00:00+03:00,2026-04-16T21:00:00+03:00,1499.99,1249.99,1174.9906,1544.9897,Enerji Fazlası
2026-04-16T22:00:00+03:00,2026-04-16T22:00:00+03:00,999.38,800.0,752.0,1029.3614,Enerji Fazlası
2026-04-16T23:00:00+03:00,2026-04-16T23:00:00+03:00,500.0,9.0,-106.0,515.0,Enerji Fazlası
2026-04-17T00:00:00+03:00,2026-04-17T00:00:00+03:00,465.2,0.0,-106.0,479.156,Enerji Fazlası
2026-04-17T01:00:00+03:00,2026-04-17T01:00:00+03:00,500.0,0.0,-106.0,515.0,Enerji Fazlası
2026-04-17T02:00:00+03:00,2026-04-17T02:00:00+03:00,349.99,0.0,-106.0,360.4897,Enerji Fazlası
2026-04-17T03:00:00+03:00,2026-04-17T03:00:00+03:00,327.01,0.0,-106.0,336.8203,Enerji Fazlası
2026-04-17T04:00:00+03:00,2026-04-17T04:00:00+03:00,310.0,0.0,-106.0,319.3,Enerji Fazlası
2026-04-17T05:00:00+03:00,2026-04-17T05:00:00+03:00,331.43,0.0,-106.0,341.3729,Enerji Fazlası
2026-04-17T06:00:00+03:00,2026-04-17T06:00:00+03:00,300.01,,,,
2026-04-17T07:00:00+03:00,2026-04-17T07:00:00+03:00,250.01,,,,
2026-04-17T08:00:00+03:00,2026-04-17T08:00:00+03:00,302.99,,,,
2026-04-17T09:00:00+03:00,2026-04-17T09:00:00+03:00,200.01,,,,
2026-04-17T10:00:00+03:00,2026-04-17T10:00:00+03:00,171.01,,,,
2026-04-17T11:00:00+03:00,2026-04-17T11:00:00+03:00,171.0,,,,
2026-04-17T12:00:00+03:00,2026-04-17T12:00:00+03:00,150.0,,,,
2026-04-17T13:00:00+03:00,2026-04-17T13:00:00+03:00,150.0,,,,
2026-04-17T14:00:00+03:00,2026-04-17T14:00:00+03:00,177.0,,,,
2026-04-17T15:00:00+03:00,2026-04-17T15:00:00+03:00,177.0,,,,
2026-04-17T16:00:00+03:00,2026-04-17T16:00:00+03:00,257.01,,,,
2026-04-17T17:00:00+03:00,2026-04-17T17:00:00+03:00,478.99,,,,
2026-04-17T18:00:00+03:00,2026-04-17T18:00:00+03:00,453.84,,,,
2026-04-17T19:00:00+03:00,2026-04-17T19:00:00+03:00,1200.0,,,,
2026-04-17T20:00:00+03:00,2026-04-17T20:00:00+03:00,1275.0,,,,
2026-04-17T21:00:00+03:00,2026-04-17T21:00:00+03:00,999.99,,,,
2026-04-17T22:00:00+03:00,2026-04-17T22:00:00+03:00,398.47,,,,
2026-04-17T23:00:00+03:00,2026-04-17T23:00:00+03:00,250.0,,,,
2026-04-19T00:00:00+03:00,2026-04-19T00:00:00+03:00,270.01,1.0,-106.0,278.1103,Enerji Fazlası
2026-04-19T01:00:00+03:00,2026-04-19T01:00:00+03:00,257.01,1.0,-106.0,264.7203,Enerji Fazlası
2026-04-19T02:00:00+03:00,2026-04-19T02:00:00+03:00,250.0,1.0,-106.0,257.5,Enerji Fazlası
2026-04-19T03:00:00+03:00,2026-04-19T03:00:00+03:00,240.01,0.0,-106.0,247.2103,Enerji Fazlası
2026-04-19T04:00:00+03:00,2026-04-19T04:00:00+03:00,222.99,0.0,-106.0,229.6797,Enerji Fazlası
2026-04-19T05:00:00+03:00,2026-04-19T05:00:00+03:00,237.0,7.0,-106.0,244.11,Enerji Fazlası
2026-04-19T06:00:00+03:00,2026-04-19T06:00:00+03:00,199.01,299.0,193.0397,316.94,Enerji Açığı
2026-04-19T07:00:00+03:00,2026-04-19T07:00:00+03:00,170.0,170.0,159.8,175.1,Enerji Fazlası
2026-04-19T08:00:00+03:00,2026-04-19T08:00:00+03:00,170.0,1190.0,164.9,1261.4,Enerji Açığı
2026-04-19T09:00:00+03:00,2026-04-19T09:00:00+03:00,20.0,1000.0,-103.0,1060.0,Enerji Açığı
2026-04-19T10:00:00+03:00,2026-04-19T10:00:00+03:00,0.0,1149.0,-103.0,1217.94,Enerji Açığı
2026-04-19T11:00:00+03:00,2026-04-19T11:00:00+03:00,0.0,1000.0,-103.0,1060.0,Enerji Açığı
2026-04-19T12:00:00+03:00,2026-04-19T12:00:00+03:00,0.0,1000.0,-103.0,1060.0,Enerji Açığı
2026-04-19T13:00:00+03:00,2026-04-19T13:00:00+03:00,0.0,1449.0,-103.0,1535.94,Enerji Açığı
2026-04-19T14:00:00+03:00,2026-04-19T14:00:00+03:00,0.0,1449.0,-103.0,1535.94,Enerji Açığı
2026-04-19T15:00:00+03:00,2026-04-19T15:00:00+03:00,0.0,0.0,-106.0,154.5,Enerji Fazlası
2026-04-19T16:00:00+03:00,2026-04-19T16:00:00+03:00,0.0,0.0,-106.0,154.5,Enerji Fazlası
2026-04-19T17:00:00+03:00,2026-04-19T17:00:00+03:00,171.0,71.0,-106.0,176.13,Enerji Fazlası
2026-04-19T18:00:00+03:00,2026-04-19T18:00:00+03:00,250.01,7.0,-106.0,257.5103,Enerji Fazlası
2026-04-19T19:00:00+03:00,2026-04-19T19:00:00+03:00,1200.0,1000.0,940.0,1236.0,Enerji Fazlası
2026-04-19T20:00:00+03:00,2026-04-19T20:00:00+03:00,1952.01,2600.0,1893.4497,2756.0,Enerji Açığı
2026-04-19T21:00:00+03:00,2026-04-19T21:00:00+03:00,1414.68,2600.0,1372.2396,2756.0,Enerji Açığı
2026-04-19T22:00:00+03:00,2026-04-19T22:00:00+03:00,999.99,1898.24,969.9903,2012.1344,Enerji Açığı
2026-04-19T23:00:00+03:00,2026-04-19T23:00:00+03:00,482.85,1149.0,468.3645,1217.94,Enerji Açığı
2026-04-20T00:00:00+03:00,2026-04-20T00:00:00+03:00,303.81,1898.24,294.6957,2012.1344,Enerji Açığı
2026-04-20T01:00:00+03:00,2026-04-20T01:00:00+03:00,300.01,1769.0,291.0097,1875.14,Enerji Açığı
2026-04-20T02:00:00+03:00,2026-04-20T02:00:00+03:00,256.0,298.0,248.32,315.88,Enerji Açığı
2026-04-20T03:00:00+03:00,2026-04-20T03:00:00+03:00,267.0,50.0,-106.0,275.01,Enerji Fazlası
2026-04-20T04:00:00+03:00,2026-04-20T04:00:00+03:00,270.0,170.0,159.8,278.1,Enerji Fazlası
2026-04-20T05:00:00+03:00,2026-04-20T05:00:00+03:00,311.0,1200.0,301.67,1272.0,Enerji Açığı
2026-04-20T06:00:00+03:00,2026-04-20T06:00:00+03:00,330.0,1457.0,320.1,1544.42,Enerji Açığı
2026-04-20T07:00:00+03:00,2026-04-20T07:00:00+03:00,300.01,0.1,-106.0,309.0103,Enerji Fazlası
2026-04-20T08:00:00+03:00,2026-04-20T08:00:00+03:00,749.99,100.0,-106.0,772.4897,Enerji Fazlası
2026-04-20T09:00:00+03:00,2026-04-20T09:00:00+03:00,453.84,8.0,-106.0,467.4552,Enerji Fazlası
2026-04-20T10:00:00+03:00,2026-04-20T10:00:00+03:00,235.0,0.0,-106.0,242.05,Enerji Fazlası
2026-04-20T11:00:00+03:00,2026-04-20T11:00:00+03:00,199.99,0.0,-106.0,205.9897,Enerji Fazlası
2026-04-20T12:00:00+03:00,2026-04-20T12:00:00+03:00,149.99,0.0,-106.0,154.5,Enerji Fazlası
2026-04-20T13:00:00+03:00,2026-04-20T13:00:00+03:00,167.34,0.0,-106.0,172.3602,Enerji Fazlası
2026-04-20T14:00:00+03:00,2026-04-20T14:00:00+03:00,171.01,784.0,165.8797,831.04,Enerji Açığı
2026-04-20T15:00:00+03:00,2026-04-20T15:00:00+03:00,171.0,0.0,-106.0,176.13,Enerji Fazlası
2026-04-20T16:00:00+03:00,2026-04-20T16:00:00+03:00,250.0,0.0,-106.0,257.5,Enerji Fazlası
2026-04-20T17:00:00+03:00,2026-04-20T17:00:00+03:00,850.0,0.0,-106.0,875.5,Enerji Fazlası
2026-04-20T18:00:00+03:00,2026-04-20T18:00:00+03:00,3100.01,354.0,332.76,3193.0103,Enerji Fazlası
2026-04-20T19:00:00+03:00,2026-04-20T19:00:00+03:00,4500.0,800.0,752.0,4866.75,Enerji Fazlası
2026-04-20T20:00:00+03:00,2026-04-20T20:00:00+03:00,4500.0,4500.0,4365.0,5008.5,Enerji Açığı
2026-04-20T21:00:00+03:00,2026-04-20T21:00:00+03:00,4211.3,4498.7,4084.961,4768.622,Enerji Açığı
2026-04-20T22:00:00+03:00,2026-04-20T22:00:00+03:00,3323.7,4397.0,3223.989,4660.82,Enerji Açığı
2026-04-20T23:00:00+03:00,2026-04-20T23:00:00+03:00,1727.09,4397.0,1675.2773,4660.82,Enerji Açığı
2026-04-21T00:00:00+03:00,2026-04-21T00:00:00+03:00,1499.98,1898.24,1454.9806,2012.1344,Enerji Açığı
2026-04-21T01:00:00+03:00,2026-04-21T01:00:00+03:00,997.0,1898.24,967.09,2012.1344,Enerji Açığı
2026-04-21T02:00:00+03:00,2026-04-21T02:00:00+03:00,749.98,1500.0,727.4806,1590.0,Enerji Açığı
2026-04-21T03:00:00+03:00,2026-04-21T03:00:00+03:00,500.0,1200.0,485.0,1272.0,Enerji Açığı
2026-04-21T04:00:00+03:00,2026-04-21T04:00:00+03:00,499.99,1200.0,484.9903,1272.0,Enerji Açığı
2026-04-21T05:00:00+03:00,2026-04-21T05:00:00+03:00,700.0,1777.0,679.0,1883.62,Enerji Açığı
2026-04-21T06:00:00+03:00,2026-04-21T06:00:00+03:00,499.99,9.0,-106.0,514.9897,Enerji Fazlası
2026-04-21T07:00:00+03:00,2026-04-21T07:00:00+03:00,300.01,0.0,-106.0,309.0103,Enerji Fazlası
2026-04-21T08:00:00+03:00,2026-04-21T08:00:00+03:00,311.0,0.0,-106.0,320.33,Enerji Fazlası
2026-04-21T09:00:00+03:00,2026-04-21T09:00:00+03:00,175.01,0.0,-106.0,180.2603,Enerji Fazlası
2026-04-21T10:00:00+03:00,2026-04-21T10:00:00+03:00,100.0,0.0,-106.0,154.5,Enerji Fazlası
2026-04-21T11:00:00+03:00,2026-04-21T11:00:00+03:00,0.0,0.0,-106.0,154.5,Enerji Fazlası
2026-04-21T12:00:00+03:00,2026-04-21T12:00:00+03:00,0.0,0.0,-106.0,154.5,Enerji Fazlası
2026-04-21T13:00:00+03:00,2026-04-21T13:00:00+03:00,0.0,0.0,-106.0,154.5,Enerji Fazlası
2026-04-21T14:00:00+03:00,2026-04-21T14:00:00+03:00,0.0,0.0,-106.0,154.5,Enerji Fazlası
2026-04-21T15:00:00+03:00,2026-04-21T15:00:00+03:00,30.0,0.0,-106.0,154.5,Enerji Fazlası
2026-04-21T16:00:00+03:00,2026-04-21T16:00:00+03:00,190.0,0.0,-106.0,195.7,Enerji Fazlası
2026-04-21T17:00:00+03:00,2026-04-21T17:00:00+03:00,500.0,0.0,-106.0,515.0,Enerji Fazlası
2026-04-21T18:00:00+03:00,2026-04-21T18:00:00+03:00,1499.98,9.0,-106.0,1544.9794,Enerji Fazlası
2026-04-21T19:00:00+03:00,2026-04-21T19:00:00+03:00,4500.0,4400.0,4136.0,4866.75,Enerji Fazlası
2026-04-21T20:00:00+03:00,2026-04-21T20:00:00+03:00,4500.0,4500.0,4365.0,5008.5,Enerji Açığı
2026-04-21T21:00:00+03:00,2026-04-21T21:00:00+03:00,3499.0,4450.0,3394.03,4717.0,Enerji Açığı
2026-04-21T22:00:00+03:00,2026-04-21T22:00:00+03:00,1499.99,3950.0,1454.9903,4187.0,Enerji Açığı
2026-04-21T23:00:00+03:00,2026-04-21T23:00:00+03:00,749.98,2700.01,727.4806,2862.0106,Enerji Açığı
2026-04-22T00:00:00+03:00,2026-04-22T00:00:00+03:00,500.01,2900.01,485.0097,3074.0106,Enerji Açığı
2026-04-22T01:00:00+03:00,2026-04-22T01:00:00+03:00,500.01,2600.0,485.0097,2756.0,Enerji Açığı
2026-04-22T02:00:00+03:00,2026-04-22T02:00:00+03:00,400.0,1901.74,388.0,2015.8444,Enerji Açığı
2026-04-22T03:00:00+03:00,2026-04-22T03:00:00+03:00,499.99,1448.0,484.9903,1534.88,Enerji Açığı
2026-04-22T04:00:00+03:00,2026-04-22T04:00:00+03:00,495.01,10.0,-106.0,509.8603,Enerji Fazlası
2026-04-22T05:00:00+03:00,2026-04-22T05:00:00+03:00,732.0,1.0,-106.0,753.96,Enerji Fazlası
2026-04-22T06:00:00+03:00,2026-04-22T06:00:00+03:00,370.0,0.0,-106.0,381.1,Enerji Fazlası
2026-04-22T07:00:00+03:00,2026-04-22T07:00:00+03:00,199.0,50.0,-106.0,204.97,Enerji Fazlası
2026-04-22T08:00:00+03:00,2026-04-22T08:00:00+03:00,180.05,0.1,-106.0,185.4515,Enerji Fazlası
2026-04-22T09:00:00+03:00,2026-04-22T09:00:00+03:00,171.0,19.0,-106.0,176.13,Enerji Fazlası
2026-04-22T10:00:00+03:00,2026-04-22T10:00:00+03:00,100.01,0.0,-106.0,154.5,Enerji Fazlası
2026-04-22T11:00:00+03:00,2026-04-22T11:00:00+03:00,1.0,444.0,-103.0,470.64,Enerji Açığı
2026-04-22T12:00:00+03:00,2026-04-22T12:00:00+03:00,0.0,0.0,-106.0,154.5,Enerji Fazlası
2026-04-22T13:00:00+03:00,2026-04-22T13:00:00+03:00,0.0,0.0,-106.0,154.5,Enerji Fazlası
2026-04-22T14:00:00+03:00,2026-04-22T14:00:00+03:00,65.38,444.0,-103.0,470.64,Enerji Açığı
2026-04-22T15:00:00+03:00,2026-04-22T15:00:00+03:00,120.0,444.0,-103.0,470.64,Enerji Açığı
2026-04-22T16:00:00+03:00,2026-04-22T16:00:00+03:00,177.0,1901.74,171.69,2015.8444,Enerji Açığı
2026-04-22T17:00:00+03:00,2026-04-22T17:00:00+03:00,371.88,2600.0,360.7236,2756.0,Enerji Açığı
2026-04-22T18:00:00+03:00,2026-04-22T18:00:00+03:00,749.99,2700.03,727.4903,2862.0318,Enerji Açığı
2026-04-22T19:00:00+03:00,2026-04-22T19:00:00+03:00,2999.0,2999.01,2909.03,3178.9506,Enerji Açığı
2026-04-22T20:00:00+03:00,2026-04-22T20:00:00+03:00,3600.01,4450.0,3492.0097,4717.0,Enerji Açığı
2026-04-22T21:00:00+03:00,2026-04-22T21:00:00+03:00,2900.01,2900.01,2813.0097,3074.0106,Enerji Açığı
2026-04-22T22:00:00+03:00,2026-04-22T22:00:00+03:00,1001.0,19.0,-106.0,1031.03,Enerji Fazlası
2026-04-22T23:00:00+03:00,2026-04-22T23:00:00+03:00,310.01,19.0,-106.0,319.3103,Enerji Fazlası
2026-04-23T00:00:00+03:00,2026-04-23T00:00:00+03:00,240.01,3.0,-106.0,247.2103,Enerji Fazlası
2026-04-23T01:00:00+03:00,2026-04-23T01:00:00+03:00,209.01,999.0,202.7397,1058.94,Enerji Açığı
2026-04-23T02:00:00+03:00,2026-04-23T02:00:00+03:00,199.0,10.0,-106.0,204.97,Enerji Fazlası
2026-04-23T03:00:00+03:00,2026-04-23T03:00:00+03:00,199.0,8.0,-106.0,204.97,Enerji Fazlası
2026-04-23T04:00:00+03:00,2026-04-23T04:00:00+03:00,175.01,75.01,-106.0,180.2603,Enerji Fazlası
2026-04-23T05:00:00+03:00,2026-04-23T05:00:00+03:00,180.26,999.0,174.8522,1058.94,Enerji Açığı
2026-04-23T06:00:00+03:00,2026-04-23T06:00:00+03:00,170.99,278.0,165.8603,294.68,Enerji Açığı
2026-04-23T07:00:00+03:00,2026-04-23T07:00:00+03:00,0.0,0.0,-106.0,154.5,Enerji Fazlası
2026-04-23T08:00:00+03:00,2026-04-23T08:00:00+03:00,0.0,0.0,-106.0,154.5,Enerji Fazlası
2026-04-23T09:00:00+03:00,2026-04-23T09:00:00+03:00,0.0,0.0,-106.0,154.5,Enerji Fazlası
2026-04-23T10:00:00+03:00,2026-04-23T10:00:00+03:00,0.0,0.0,-106.0,154.5,Enerji Fazlası
2026-04-23T11:00:00+03:00,2026-04-23T11:00:00+03:00,0.0,0.0,-106.0,154.5,Enerji Fazlası
2026-04-23T12:00:00+03:00,2026-04-23T12:00:00+03:00,0.0,0.0,-106.0,154.5,Enerji Fazlası
2026-04-23T13:00:00+03:00,2026-04-23T13:00:00+03:00,0.0,0.0,-106.0,154.5,Enerji Fazlası
2026-04-23T14:00:00+03:00,2026-04-23T14:00:00+03:00,0.0,0.0,-106.0,154.5,Enerji Fazlası
2026-04-23T15:00:00+03:00,2026-04-23T15:00:00+03:00,0.0,0.0,-106.0,154.5,Enerji Fazlası
2026-04-23T16:00:00+03:00,2026-04-23T16:00:00+03:00,0.0,0.0,-106.0,154.5,Enerji Fazlası
2026-04-23T17:00:00+03:00,2026-04-23T17:00:00+03:00,190.0,0.0,-106.0,195.7,Enerji Fazlası
2026-04-23T18:00:00+03:00,2026-04-23T18:00:00+03:00,499.99,1902.28,484.9903,2016.4168,Enerji Açığı
2026-04-23T19:00:00+03:00,2026-04-23T19:00:00+03:00,1500.0,4450.0,1455.0,4717.0,Enerji Açığı
2026-04-23T20:00:00+03:00,2026-04-23T20:00:00+03:00,3250.0,4450.0,3152.5,4717.0,Enerji Açığı
2026-04-23T21:00:00+03:00,2026-04-23T21:00:00+03:00,1784.01,4400.0,1730.4897,4664.0,Enerji Açığı
2026-04-23T22:00:00+03:00,2026-04-23T22:00:00+03:00,759.01,1490.0,736.2397,1579.4,Enerji Açığı
2026-04-23T23:00:00+03:00,2026-04-23T23:00:00+03:00,450.0,1000.0,436.5,1060.0,Enerji Açığı
2026-04-24T00:00:00+03:00,2026-04-24T00:00:00+03:00,600.01,1.0,-106.0,618.0103,Enerji Fazlası
2026-04-24T01:00:00+03:00,2026-04-24T01:00:00+03:00,499.99,50.0,-106.0,514.9897,Enerji Fazlası
2026-04-24T02:00:00+03:00,2026-04-24T02:00:00+03:00,350.31,4.0,-106.0,360.8193,Enerji Fazlası
2026-04-24T03:00:00+03:00,2026-04-24T03:00:00+03:00,389.99,50.0,-106.0,401.6897,Enerji Fazlası
2026-04-24T04:00:00+03:00,2026-04-24T04:00:00+03:00,450.0,10.0,-106.0,463.5,Enerji Fazlası
2026-04-24T05:00:00+03:00,2026-04-24T05:00:00+03:00,750.0,100.0,-106.0,772.5,Enerji Fazlası
2026-04-24T06:00:00+03:00,2026-04-24T06:00:00+03:00,700.0,1.0,-106.0,721.0,Enerji Fazlası
2026-04-24T07:00:00+03:00,2026-04-24T07:00:00+03:00,450.0,0.0,-106.0,463.5,Enerji Fazlası
2026-04-24T08:00:00+03:00,2026-04-24T08:00:00+03:00,749.99,0.0,-106.0,772.4897,Enerji Fazlası
2026-04-24T09:00:00+03:00,2026-04-24T09:00:00+03:00,350.31,0.0,-106.0,360.8193,Enerji Fazlası
2026-04-24T10:00:00+03:00,2026-04-24T10:00:00+03:00,200.01,0.0,-106.0,206.0103,Enerji Fazlası
2026-04-24T11:00:00+03:00,2026-04-24T11:00:00+03:00,199.01,0.0,-106.0,204.9803,Enerji Fazlası
2026-04-24T12:00:00+03:00,2026-04-24T12:00:00+03:00,50.0,0.0,-106.0,154.5,Enerji Fazlası
2026-04-24T13:00:00+03:00,2026-04-24T13:00:00+03:00,0.0,0.0,-106.0,154.5,Enerji Fazlası
2026-04-24T14:00:00+03:00,2026-04-24T14:00:00+03:00,170.0,0.0,-106.0,175.1,Enerji Fazlası
2026-04-24T15:00:00+03:00,2026-04-24T15:00:00+03:00,170.0,0.0,-106.0,175.1,Enerji Fazlası
2026-04-24T16:00:00+03:00,2026-04-24T16:00:00+03:00,209.0,0.0,-106.0,215.27,Enerji Fazlası
2026-04-24T17:00:00+03:00,2026-04-24T17:00:00+03:00,999.99,4.0,-106.0,1029.9897,Enerji Fazlası
2026-04-24T18:00:00+03:00,2026-04-24T18:00:00+03:00,1499.99,1280.0,1203.2,1544.9897,Enerji Fazlası
2026-04-24T19:00:00+03:00,2026-04-24T19:00:00+03:00,4200.0,800.0,752.0,4326.0,Enerji Fazlası
2026-04-24T20:00:00+03:00,2026-04-24T20:00:00+03:00,4400.0,4450.0,4268.0,4717.0,Enerji Açığı
2026-04-24T21:00:00+03:00,2026-04-24T21:00:00+03:00,2900.01,4498.92,2813.0097,4768.8552,Enerji Açığı
2026-04-24T22:00:00+03:00,2026-04-24T22:00:00+03:00,1390.0,4450.0,1348.3,4717.0,Enerji Açığı
2026-04-24T23:00:00+03:00,2026-04-24T23:00:00+03:00,749.98,2900.01,727.4806,3074.0106,Enerji Açığı
2026-04-25T00:00:00+03:00,2026-04-25T00:00:00+03:00,699.99,3000.0,678.9903,3180.0,Enerji Açığı
2026-04-25T01:00:00+03:00,2026-04-25T01:00:00+03:00,699.98,3000.0,678.9806,3180.0,Enerji Açığı
2026-04-25T02:00:00+03:00,2026-04-25T02:00:00+03:00,399.99,1448.0,387.9903,1534.88,Enerji Açığı
2026-04-25T03:00:00+03:00,2026-04-25T03:00:00+03:00,350.3,350.3,329.282,360.809,Enerji Fazlası
2026-04-25T04:00:00+03:00,2026-04-25T04:00:00+03:00,340.01,7.0,-106.0,350.2103,Enerji Fazlası
2026-04-25T05:00:00+03:00,2026-04-25T05:00:00+03:00,334.99,1.0,-106.0,345.0397,Enerji Fazlası
2026-04-25T06:00:00+03:00,2026-04-25T06:00:00+03:00,209.01,0.0,-106.0,215.2803,Enerji Fazlası
2026-04-25T07:00:00+03:00,2026-04-25T07:00:00+03:00,171.0,0.0,-106.0,176.13,Enerji Fazlası
2026-04-25T08:00:00+03:00,2026-04-25T08:00:00+03:00,167.32,0.0,-106.0,172.3396,Enerji Fazlası
2026-04-25T09:00:00+03:00,2026-04-25T09:00:00+03:00,0.0,0.0,-106.0,154.5,Enerji Fazlası
2026-04-25T10:00:00+03:00,2026-04-25T10:00:00+03:00,0.0,0.0,-106.0,154.5,Enerji Fazlası
2026-04-25T11:00:00+03:00,2026-04-25T11:00:00+03:00,0.0,0.0,-106.0,154.5,Enerji Fazlası
2026-04-25T12:00:00+03:00,2026-04-25T12:00:00+03:00,0.0,0.0,-106.0,154.5,Enerji Fazlası
2026-04-25T13:00:00+03:00,2026-04-25T13:00:00+03:00,0.0,0.0,-106.0,154.5,Enerji Fazlası
2026-04-25T14:00:00+03:00,2026-04-25T14:00:00+03:00,0.0,0.0,-106.0,154.5,Enerji Fazlası
2026-04-25T15:00:00+03:00,2026-04-25T15:00:00+03:00,10.0,0.0,-106.0,154.5,Enerji Fazlası
2026-04-25T16:00:00+03:00,2026-04-25T16:00:00+03:00,171.01,0.0,-106.0,176.1403,Enerji Fazlası
2026-04-25T17:00:00+03:00,2026-04-25T17:00:00+03:00,349.99,0.0,-106.0,360.4897,Enerji Fazlası
2026-04-25T18:00:00+03:00,2026-04-25T18:00:00+03:00,1200.01,5.0,-106.0,1236.0103,Enerji Fazlası
2026-04-25T19:00:00+03:00,2026-04-25T19:00:00+03:00,4444.08,100.0,-106.0,4577.4024,Enerji Fazlası
2026-04-25T20:00:00+03:00,2026-04-25T20:00:00+03:00,4500.0,4500.0,4365.0,5008.5,Enerji Açığı
2026-04-25T21:00:00+03:00,2026-04-25T21:00:00+03:00,4264.15,4420.0,4136.2255,4685.2,Enerji Açığı
2026-04-25T22:00:00+03:00,2026-04-25T22:00:00+03:00,1649.99,3750.0,1600.4903,3975.0,Enerji Açığı
2026-04-25T23:00:00+03:00,2026-04-25T23:00:00+03:00,879.99,100.0,-106.0,906.3897,Enerji Fazlası
2026-04-26T00:00:00+03:00,2026-04-26T00:00:00+03:00,900.0,9.0,-106.0,927.0,Enerji Fazlası
2026-04-26T01:00:00+03:00,2026-04-26T01:00:00+03:00,1200.0,50.0,-106.0,1236.0,Enerji Fazlası
2026-04-26T02:00:00+03:00,2026-04-26T02:00:00+03:00,1000.01,290.0,272.6,1030.0103,Enerji Fazlası
2026-04-26T03:00:00+03:00,2026-04-26T03:00:00+03:00,999.99,500.0,470.0,1029.9897,Enerji Fazlası
2026-04-26T04:00:00+03:00,2026-04-26T04:00:00+03:00,899.01,1200.0,872.0397,1272.0,Enerji Açığı
2026-04-26T05:00:00+03:00,2026-04-26T05:00:00+03:00,998.0,71.0,-106.0,1027.94,Enerji Fazlası
2026-04-26T06:00:00+03:00,2026-04-26T06:00:00+03:00,449.01,0.0,-106.0,462.4803,Enerji Fazlası
2026-04-26T07:00:00+03:00,2026-04-26T07:00:00+03:00,99.48,0.0,-106.0,154.5,Enerji Fazlası
2026-04-26T08:00:00+03:00,2026-04-26T08:00:00+03:00,0.0,0.0,-106.0,154.5,Enerji Fazlası
2026-04-26T09:00:00+03:00,2026-04-26T09:00:00+03:00,0.0,0.0,-106.0,154.5,Enerji Fazlası
2026-04-26T10:00:00+03:00,2026-04-26T10:00:00+03:00,0.0,0.0,-106.0,154.5,Enerji Fazlası
2026-04-26T11:00:00+03:00,2026-04-26T11:00:00+03:00,0.0,0.0,-106.0,154.5,Enerji Fazlası
2026-04-26T12:00:00+03:00,2026-04-26T12:00:00+03:00,0.0,0.0,-106.0,154.5,Enerji Fazlası
2026-04-26T13:00:00+03:00,2026-04-26T13:00:00+03:00,0.0,0.0,-106.0,154.5,Enerji Fazlası
2026-04-26T14:00:00+03:00,2026-04-26T14:00:00+03:00,0.0,0.0,-106.0,154.5,Enerji Fazlası
2026-04-26T15:00:00+03:00,2026-04-26T15:00:00+03:00,0.0,0.0,-106.0,154.5,Enerji Fazlası
2026-04-26T16:00:00+03:00,2026-04-26T16:00:00+03:00,0.0,0.0,-106.0,154.5,Enerji Fazlası
2026-04-26T17:00:00+03:00,2026-04-26T17:00:00+03:00,6.0,0.0,-106.0,154.5,Enerji Fazlası
2026-04-26T18:00:00+03:00,2026-04-26T18:00:00+03:00,253.0,0.0,-106.0,260.59,Enerji Fazlası
2026-04-26T19:00:00+03:00,2026-04-26T19:00:00+03:00,1104.0,800.0,752.0,1137.12,Enerji Fazlası
2026-04-26T20:00:00+03:00,2026-04-26T20:00:00+03:00,3800.01,3800.02,3686.0097,4028.0212,Enerji Açığı
2026-04-26T21:00:00+03:00,2026-04-26T21:00:00+03:00,2200.01,2800.01,2134.0097,2968.0106,Enerji Açığı
2026-04-26T22:00:00+03:00,2026-04-26T22:00:00+03:00,800.0,1390.0,776.0,1473.4,Enerji Açığı
2026-04-26T23:00:00+03:00,2026-04-26T23:00:00+03:00,300.0,3.0,-106.0,309.0,Enerji Fazlası
2026-04-27T00:00:00+03:00,2026-04-27T00:00:00+03:00,240.0,0.1,-106.0,247.2,Enerji Fazlası
2026-04-27T01:00:00+03:00,2026-04-27T01:00:00+03:00,199.99,7.0,-106.0,205.9897,Enerji Fazlası
2026-04-27T02:00:00+03:00,2026-04-27T02:00:00+03:00,171.0,0.0,-106.0,176.13,Enerji Fazlası
2026-04-27T03:00:00+03:00,2026-04-27T03:00:00+03:00,161.0,0.0,-106.0,165.83,Enerji Fazlası
2026-04-27T04:00:00+03:00,2026-04-27T04:00:00+03:00,96.08,0.0,-106.0,154.5,Enerji Fazlası
2026-04-27T05:00:00+03:00,2026-04-27T05:00:00+03:00,133.01,0.0,-106.0,154.5,Enerji Fazlası
2026-04-27T06:00:00+03:00,2026-04-27T06:00:00+03:00,100.01,0.0,-106.0,154.5,Enerji Fazlası
2026-04-27T07:00:00+03:00,2026-04-27T07:00:00+03:00,0.0,,,,
2026-04-27T08:00:00+03:00,2026-04-27T08:00:00+03:00,0.0,,,,
2026-04-27T09:00:00+03:00,2026-04-27T09:00:00+03:00,0.0,,,,
2026-04-27T10:00:00+03:00,2026-04-27T10:00:00+03:00,0.0,,,,
2026-04-27T11:00:00+03:00,2026-04-27T11:00:00+03:00,0.0,,,,
2026-04-27T12:00:00+03:00,2026-04-27T12:00:00+03:00,0.0,,,,
2026-04-27T13:00:00+03:00,2026-04-27T13:00:00+03:00,0.0,,,,
2026-04-27T14:00:00+03:00,2026-04-27T14:00:00+03:00,0.0,,,,
2026-04-27T15:00:00+03:00,2026-04-27T15:00:00+03:00,0.0,,,,
2026-04-27T16:00:00+03:00,2026-04-27T16:00:00+03:00,0.0,,,,
2026-04-27T17:00:00+03:00,2026-04-27T17:00:00+03:00,171.01,,,,
2026-04-27T18:00:00+03:00,2026-04-27T18:00:00+03:00,299.99,,,,
2026-04-27T19:00:00+03:00,2026-04-27T19:00:00+03:00,1000.0,,,,
2026-04-27T20:00:00+03:00,2026-04-27T20:00:00+03:00,3299.99,,,,
2026-04-27T21:00:00+03:00,2026-04-27T21:00:00+03:00,1400.01,,,,
2026-04-27T22:00:00+03:00,2026-04-27T22:00:00+03:00,600.0,,,,
2026-04-27T23:00:00+03:00,2026-04-27T23:00:00+03:00,300.0,,,,
2026-04-28T00:00:00+03:00,2026-04-28T00:00:00+03:00,300.0,2900.0,291.0,3074.0,Enerji Açığı
2026-04-28T01:00:00+03:00,2026-04-28T01:00:00+03:00,300.01,2800.0,291.0097,2968.0,Enerji Açığı
2026-04-28T02:00:00+03:00,2026-04-28T02:00:00+03:00,270.01,2800.01,261.9097,2968.0106,Enerji Açığı
2026-04-28T03:00:00+03:00,2026-04-28T03:00:00+03:00,299.99,2800.0,290.9903,2968.0,Enerji Açığı
2026-04-28T04:00:00+03:00,2026-04-28T04:00:00+03:00,299.99,977.0,290.9903,1035.62,Enerji Açığı
2026-04-28T05:00:00+03:00,2026-04-28T05:00:00+03:00,341.0,20.0,-106.0,351.23,Enerji Fazlası
2026-04-28T06:00:00+03:00,2026-04-28T06:00:00+03:00,250.01,0.0,-106.0,257.5103,Enerji Fazlası
2026-04-28T07:00:00+03:00,2026-04-28T07:00:00+03:00,170.01,0.0,-106.0,175.1103,Enerji Fazlası
2026-04-28T08:00:00+03:00,2026-04-28T08:00:00+03:00,139.99,0.0,-106.0,154.5,Enerji Fazlası
2026-04-28T09:00:00+03:00,2026-04-28T09:00:00+03:00,0.0,0.0,-106.0,154.5,Enerji Fazlası
2026-04-28T10:00:00+03:00,2026-04-28T10:00:00+03:00,0.0,0.0,-106.0,154.5,Enerji Fazlası
2026-04-28T11:00:00+03:00,2026-04-28T11:00:00+03:00,0.0,0.0,-106.0,154.5,Enerji Fazlası
2026-04-28T12:00:00+03:00,2026-04-28T12:00:00+03:00,0.0,0.0,-106.0,154.5,Enerji Fazlası
2026-04-28T13:00:00+03:00,2026-04-28T13:00:00+03:00,0.0,0.0,-106.0,154.5,Enerji Fazlası
2026-04-28T14:00:00+03:00,2026-04-28T14:00:00+03:00,0.0,0.0,-106.0,154.5,Enerji Fazlası
2026-04-28T15:00:00+03:00,2026-04-28T15:00:00+03:00,0.0,0.0,-106.0,154.5,Enerji Fazlası
2026-04-28T16:00:00+03:00,2026-04-28T16:00:00+03:00,0.0,1340.0,-103.0,1420.4,Enerji Açığı
2026-04-28T17:00:00+03:00,2026-04-28T17:00:00+03:00,200.0,1700.0,194.0,1802.0,Enerji Açığı
2026-04-28T18:00:00+03:00,2026-04-28T18:00:00+03:00,399.01,2900.01,387.0397,3074.0106,Enerji Açığı
2026-04-28T19:00:00+03:00,2026-04-28T19:00:00+03:00,1499.99,4498.7,1454.9903,4768.622,Enerji Açığı
2026-04-28T20:00:00+03:00,2026-04-28T20:00:00+03:00,3200.0,4450.0,3104.0,4717.0,Enerji Açığı
2026-04-28T21:00:00+03:00,2026-04-28T21:00:00+03:00,1499.99,4498.9,1454.9903,4768.834,Enerji Açığı
2026-04-28T22:00:00+03:00,2026-04-28T22:00:00+03:00,739.99,4450.0,717.7903,4717.0,Enerji Açığı
2026-04-28T23:00:00+03:00,2026-04-28T23:00:00+03:00,310.0,1200.0,300.7,1272.0,Enerji Açığı
2026-04-29T00:00:00+03:00,2026-04-29T00:00:00+03:00,500.17,300.0,282.0,515.1751,Enerji Fazlası
2026-04-29T01:00:00+03:00,2026-04-29T01:00:00+03:00,500.0,20.0,-106.0,515.0,Enerji Fazlası
2026-04-29T02:00:00+03:00,2026-04-29T02:00:00+03:00,398.0,7.0,-106.0,409.94,Enerji Fazlası
2026-04-29T03:00:00+03:00,2026-04-29T03:00:00+03:00,320.0,7.0,-106.0,329.6,Enerji Fazlası
2026-04-29T04:00:00+03:00,2026-04-29T04:00:00+03:00,311.0,7.0,-106.0,320.33,Enerji Fazlası
2026-04-29T05:00:00+03:00,2026-04-29T05:00:00+03:00,398.0,10.0,-106.0,409.94,Enerji Fazlası
2026-04-29T06:00:00+03:00,2026-04-29T06:00:00+03:00,300.0,0.35,-106.0,309.0,Enerji Fazlası
2026-04-29T07:00:00+03:00,2026-04-29T07:00:00+03:00,179.99,0.0,-106.0,185.3897,Enerji Fazlası
2026-04-29T08:00:00+03:00,2026-04-29T08:00:00+03:00,171.01,0.0,-106.0,176.1403,Enerji Fazlası
2026-04-29T09:00:00+03:00,2026-04-29T09:00:00+03:00,6.0,0.0,-106.0,154.5,Enerji Fazlası
2026-04-29T10:00:00+03:00,2026-04-29T10:00:00+03:00,0.0,0.0,-106.0,154.5,Enerji Fazlası
2026-04-29T11:00:00+03:00,2026-04-29T11:00:00+03:00,0.0,0.0,-106.0,154.5,Enerji Fazlası
2026-04-29T12:00:00+03:00,2026-04-29T12:00:00+03:00,0.0,0.0,-106.0,154.5,Enerji Fazlası
2026-04-29T13:00:00+03:00,2026-04-29T13:00:00+03:00,0.0,0.0,-106.0,154.5,Enerji Fazlası
2026-04-29T14:00:00+03:00,2026-04-29T14:00:00+03:00,0.0,0.0,-106.0,154.5,Enerji Fazlası
2026-04-29T15:00:00+03:00,2026-04-29T15:00:00+03:00,0.0,0.0,-106.0,154.5,Enerji Fazlası
2026-04-29T16:00:00+03:00,2026-04-29T16:00:00+03:00,169.91,0.0,-106.0,175.0073,Enerji Fazlası
2026-04-29T17:00:00+03:00,2026-04-29T17:00:00+03:00,398.01,1.0,-106.0,409.9503,Enerji Fazlası
2026-04-29T18:00:00+03:00,2026-04-29T18:00:00+03:00,890.01,799.99,751.9906,916.7103,Enerji Fazlası
2026-04-29T19:00:00+03:00,2026-04-29T19:00:00+03:00,4300.01,800.0,752.0,4429.0103,Enerji Fazlası
2026-04-29T20:00:00+03:00,2026-04-29T20:00:00+03:00,4500.0,4500.0,4365.0,5008.5,Enerji Açığı
2026-04-29T21:00:00+03:00,2026-04-29T21:00:00+03:00,4399.99,4449.0,4267.9903,4715.94,Enerji Açığı
2026-04-29T22:00:00+03:00,2026-04-29T22:00:00+03:00,3000.0,4449.0,2910.0,4715.94,Enerji Açığı
2026-04-29T23:00:00+03:00,2026-04-29T23:00:00+03:00,1104.01,4449.0,1070.8897,4715.94,Enerji Açığı
2026-04-30T00:00:00+03:00,2026-04-30T00:00:00+03:00,899.0,2900.0,872.03,3074.0,Enerji Açığı
2026-04-30T01:00:00+03:00,2026-04-30T01:00:00+03:00,400.97,10.0,-106.0,412.9991,Enerji Fazlası
2026-04-30T02:00:00+03:00,2026-04-30T02:00:00+03:00,699.98,7.0,-106.0,720.9794,Enerji Fazlası
2026-04-30T03:00:00+03:00,2026-04-30T03:00:00+03:00,612.34,1.0,-106.0,630.7102,Enerji Fazlası
2026-04-30T04:00:00+03:00,2026-04-30T04:00:00+03:00,699.98,50.0,-106.0,720.9794,Enerji Fazlası
2026-04-30T05:00:00+03:00,2026-04-30T05:00:00+03:00,888.02,100.0,-106.0,914.6606,Enerji Fazlası
2026-04-30T06:00:00+03:00,2026-04-30T06:00:00+03:00,350.31,250.0,235.0,360.8193,Enerji Fazlası
2026-04-30T07:00:00+03:00,2026-04-30T07:00:00+03:00,249.01,8.0,-106.0,256.4803,Enerji Fazlası
2026-04-30T08:00:00+03:00,2026-04-30T08:00:00+03:00,236.99,0.0,-106.0,244.0997,Enerji Fazlası
2026-04-30T09:00:00+03:00,2026-04-30T09:00:00+03:00,169.9,0.0,-106.0,174.997,Enerji Fazlası
2026-04-30T10:00:00+03:00,2026-04-30T10:00:00+03:00,0.0,0.0,-106.0,154.5,Enerji Fazlası
2026-04-30T11:00:00+03:00,2026-04-30T11:00:00+03:00,0.0,0.0,-106.0,154.5,Enerji Fazlası
2026-04-30T12:00:00+03:00,2026-04-30T12:00:00+03:00,0.0,0.0,-106.0,154.5,Enerji Fazlası
2026-04-30T13:00:00+03:00,2026-04-30T13:00:00+03:00,0.0,0.0,-106.0,154.5,Enerji Fazlası
2026-04-30T14:00:00+03:00,2026-04-30T14:00:00+03:00,0.0,0.0,-106.0,154.5,Enerji Fazlası
2026-04-30T15:00:00+03:00,2026-04-30T15:00:00+03:00,0.0,0.0,-106.0,154.5,Enerji Fazlası
2026-04-30T16:00:00+03:00,2026-04-30T16:00:00+03:00,169.91,0.0,-106.0,175.0073,Enerji Fazlası
2026-04-30T17:00:00+03:00,2026-04-30T17:00:00+03:00,300.0,151.0,141.94,309.0,Enerji Fazlası
2026-04-30T18:00:00+03:00,2026-04-30T18:00:00+03:00,699.98,2900.0,678.9806,3074.0,Enerji Açığı
2026-04-30T19:00:00+03:00,2026-04-30T19:00:00+03:00,2075.81,3750.0,2013.5357,3975.0,Enerji Açığı
2026-04-30T20:00:00+03:00,2026-04-30T20:00:00+03:00,3390.01,4450.0,3288.3097,4717.0,Enerji Açığı
2026-04-30T21:00:00+03:00,2026-04-30T21:00:00+03:00,2000.0,4450.0,1940.0,4717.0,Enerji Açığı
2026-04-30T22:00:00+03:00,2026-04-30T22:00:00+03:00,700.0,896.0,679.0,949.76,Enerji Açığı
2026-04-30T23:00:00+03:00,2026-04-30T23:00:00+03:00,300.0,151.0,141.94,309.0,Enerji Fazlası
2026-05-01T00:00:00+03:00,2026-05-01T00:00:00+03:00,174.99,1439.0,169.7403,1525.34,Enerji Açığı
2026-05-01T01:00:00+03:00,2026-05-01T01:00:00+03:00,171.01,2750.0,165.8797,2915.0,Enerji Açığı
2026-05-01T02:00:00+03:00,2026-05-01T02:00:00+03:00,170.0,2000.0,164.9,2120.0,Enerji Açığı
2026-05-01T03:00:00+03:00,2026-05-01T03:00:00+03:00,170.0,1200.0,164.9,1272.0,Enerji Açığı
2026-05-01T04:00:00+03:00,2026-05-01T04:00:00+03:00,167.99,278.0,162.9503,294.68,Enerji Açığı
2026-05-01T05:00:00+03:00,2026-05-01T05:00:00+03:00,169.9,278.0,164.803,294.68,Enerji Açığı
2026-05-01T06:00:00+03:00,2026-05-01T06:00:00+03:00,0.0,0.0,-106.0,154.5,Enerji Fazlası
2026-05-01T07:00:00+03:00,2026-05-01T07:00:00+03:00,0.0,0.0,-106.0,154.5,Enerji Fazlası
2026-05-01T08:00:00+03:00,2026-05-01T08:00:00+03:00,0.0,0.0,-106.0,154.5,Enerji Fazlası
2026-05-01T09:00:00+03:00,2026-05-01T09:00:00+03:00,0.0,0.0,-106.0,154.5,Enerji Fazlası
2026-05-01T10:00:00+03:00,2026-05-01T10:00:00+03:00,0.0,0.0,-106.0,154.5,Enerji Fazlası
2026-05-01T11:00:00+03:00,2026-05-01T11:00:00+03:00,0.0,0.0,-106.0,154.5,Enerji Fazlası
2026-05-01T12:00:00+03:00,2026-05-01T12:00:00+03:00,0.0,0.0,-106.0,154.5,Enerji Fazlası
2026-05-01T13:00:00+03:00,2026-05-01T13:00:00+03:00,0.0,0.0,-106.0,154.5,Enerji Fazlası
2026-05-01T14:00:00+03:00,2026-05-01T14:00:00+03:00,0.0,0.0,-106.0,154.5,Enerji Fazlası
2026-05-01T15:00:00+03:00,2026-05-01T15:00:00+03:00,0.0,0.0,-106.0,154.5,Enerji Fazlası
2026-05-01T16:00:00+03:00,2026-05-01T16:00:00+03:00,0.0,444.0,-103.0,470.64,Enerji Açığı
2026-05-01T17:00:00+03:00,2026-05-01T17:00:00+03:00,161.0,2900.0,156.17,3074.0,Enerji Açığı
2026-05-01T18:00:00+03:00,2026-05-01T18:00:00+03:00,174.99,4440.0,169.7403,4706.4,Enerji Açığı
2026-05-01T19:00:00+03:00,2026-05-01T19:00:00+03:00,235.0,2000.0,227.95,2120.0,Enerji Açığı
2026-05-01T20:00:00+03:00,2026-05-01T20:00:00+03:00,249.99,2000.0,242.4903,2120.0,Enerji Açığı
2026-05-01T21:00:00+03:00,2026-05-01T21:00:00+03:00,200.01,930.0,194.0097,985.8,Enerji Açığı
2026-05-01T22:00:00+03:00,2026-05-01T22:00:00+03:00,175.0,0.0,-106.0,180.25,Enerji Fazlası
2026-05-01T23:00:00+03:00,2026-05-01T23:00:00+03:00,170.01,0.0,-106.0,175.1103,Enerji Fazlası
2026-05-02T00:00:00+03:00,2026-05-02T00:00:00+03:00,174.99,0.0,-106.0,180.2397,Enerji Fazlası
2026-05-02T01:00:00+03:00,2026-05-02T01:00:00+03:00,171.01,0.0,-106.0,176.1403,Enerji Fazlası
2026-05-02T02:00:00+03:00,2026-05-02T02:00:00+03:00,171.0,0.0,-106.0,176.13,Enerji Fazlası
2026-05-02T03:00:00+03:00,2026-05-02T03:00:00+03:00,171.01,0.0,-106.0,176.1403,Enerji Fazlası
2026-05-02T04:00:00+03:00,2026-05-02T04:00:00+03:00,170.01,0.0,-106.0,175.1103,Enerji Fazlası
2026-05-02T05:00:00+03:00,2026-05-02T05:00:00+03:00,170.99,0.1,-106.0,176.1197,Enerji Fazlası
2026-05-02T06:00:00+03:00,2026-05-02T06:00:00+03:00,167.99,0.0,-106.0,173.0297,Enerji Fazlası
2026-05-02T07:00:00+03:00,2026-05-02T07:00:00+03:00,99.47,0.01,-106.0,154.5,Enerji Fazlası
2026-05-02T08:00:00+03:00,2026-05-02T08:00:00+03:00,149.47,0.0,-106.0,154.5,Enerji Fazlası
2026-05-02T09:00:00+03:00,2026-05-02T09:00:00+03:00,149.48,0.0,-106.0,154.5,Enerji Fazlası
2026-05-02T10:00:00+03:00,2026-05-02T10:00:00+03:00,0.0,584.0,-103.0,619.04,Enerji Açığı
2026-05-02T11:00:00+03:00,2026-05-02T11:00:00+03:00,0.0,931.0,-103.0,986.86,Enerji Açığı
2026-05-02T12:00:00+03:00,2026-05-02T12:00:00+03:00,0.0,984.0,-103.0,1043.04,Enerji Açığı
2026-05-02T13:00:00+03:00,2026-05-02T13:00:00+03:00,0.0,800.0,-103.0,848.0,Enerji Açığı
2026-05-02T14:00:00+03:00,2026-05-02T14:00:00+03:00,0.0,931.0,-103.0,986.86,Enerji Açığı
2026-05-02T15:00:00+03:00,2026-05-02T15:00:00+03:00,0.0,0.0,-106.0,154.5,Enerji Fazlası
2026-05-02T16:00:00+03:00,2026-05-02T16:00:00+03:00,148.99,278.0,-103.0,294.68,Enerji Açığı
2026-05-02T17:00:00+03:00,2026-05-02T17:00:00+03:00,171.01,1200.0,165.8797,1272.0,Enerji Açığı
2026-05-02T18:00:00+03:00,2026-05-02T18:00:00+03:00,189.99,1000.0,184.2903,1060.0,Enerji Açığı
2026-05-02T19:00:00+03:00,2026-05-02T19:00:00+03:00,300.0,10.0,-106.0,309.0,Enerji Fazlası
2026-05-02T20:00:00+03:00,2026-05-02T20:00:00+03:00,740.0,90.0,-106.0,762.2,Enerji Fazlası
2026-05-02T21:00:00+03:00,2026-05-02T21:00:00+03:00,500.01,1.0,-106.0,515.0103,Enerji Fazlası
2026-05-02T22:00:00+03:00,2026-05-02T22:00:00+03:00,240.0,0.0,-106.0,247.2,Enerji Fazlası
2026-05-02T23:00:00+03:00,2026-05-02T23:00:00+03:00,175.0,7.0,-106.0,180.25,Enerji Fazlası
2026-05-03T00:00:00+03:00,2026-05-03T00:00:00+03:00,174.99,3.0,-106.0,180.2397,Enerji Fazlası
2026-05-03T01:00:00+03:00,2026-05-03T01:00:00+03:00,171.0,3.0,-106.0,176.13,Enerji Fazlası
2026-05-03T02:00:00+03:00,2026-05-03T02:00:00+03:00,170.0,1.0,-106.0,175.1,Enerji Fazlası
2026-05-03T03:00:00+03:00,2026-05-03T03:00:00+03:00,170.0,1.0,-106.0,175.1,Enerji Fazlası
2026-05-03T04:00:00+03:00,2026-05-03T04:00:00+03:00,169.91,0.0,-106.0,175.0073,Enerji Fazlası
2026-05-03T05:00:00+03:00,2026-05-03T05:00:00+03:00,169.9,0.0,-106.0,174.997,Enerji Fazlası
2026-05-03T06:00:00+03:00,2026-05-03T06:00:00+03:00,139.99,0.0,-106.0,154.5,Enerji Fazlası
2026-05-03T07:00:00+03:00,2026-05-03T07:00:00+03:00,0.0,0.0,-106.0,154.5,Enerji Fazlası
2026-05-03T08:00:00+03:00,2026-05-03T08:00:00+03:00,0.0,0.0,-106.0,154.5,Enerji Fazlası
2026-05-03T09:00:00+03:00,2026-05-03T09:00:00+03:00,0.0,0.0,-106.0,154.5,Enerji Fazlası
2026-05-03T10:00:00+03:00,2026-05-03T10:00:00+03:00,0.0,0.0,-106.0,154.5,Enerji Fazlası
2026-05-03T11:00:00+03:00,2026-05-03T11:00:00+03:00,0.0,0.0,-106.0,154.5,Enerji Fazlası
2026-05-03T12:00:00+03:00,2026-05-03T12:00:00+03:00,0.0,0.0,-106.0,154.5,Enerji Fazlası
2026-05-03T13:00:00+03:00,2026-05-03T13:00:00+03:00,0.0,278.0,-103.0,294.68,Enerji Açığı
2026-05-03T14:00:00+03:00,2026-05-03T14:00:00+03:00,0.0,1439.0,-103.0,1525.34,Enerji Açığı
2026-05-03T15:00:00+03:00,2026-05-03T15:00:00+03:00,0.0,1200.0,-103.0,1272.0,Enerji Açığı
2026-05-03T16:00:00+03:00,2026-05-03T16:00:00+03:00,6.0,2900.0,-103.0,3074.0,Enerji Açığı
2026-05-03T17:00:00+03:00,2026-05-03T17:00:00+03:00,169.9,4440.0,164.803,4706.4,Enerji Açığı
2026-05-03T18:00:00+03:00,2026-05-03T18:00:00+03:00,170.01,2000.0,164.9097,2120.0,Enerji Açığı
2026-05-03T19:00:00+03:00,2026-05-03T19:00:00+03:00,175.0,2900.01,169.75,3074.0106,Enerji Açığı
2026-05-03T20:00:00+03:00,2026-05-03T20:00:00+03:00,200.0,2900.0,194.0,3074.0,Enerji Açığı
2026-05-03T21:00:00+03:00,2026-05-03T21:00:00+03:00,175.0,2800.0,169.75,2968.0,Enerji Açığı
2026-05-03T22:00:00+03:00,2026-05-03T22:00:00+03:00,171.0,1439.0,165.87,1525.34,Enerji Açığı
2026-05-03T23:00:00+03:00,2026-05-03T23:00:00+03:00,169.9,1700.0,164.803,1802.0,Enerji Açığı
2026-05-04T00:00:00+03:00,2026-05-04T00:00:00+03:00,149.0,1190.0,-103.0,1261.4,Enerji Açığı
2026-05-04T01:00:00+03:00,2026-05-04T01:00:00+03:00,149.0,149.0,-106.0,154.5,Enerji Fazlası
2026-05-04T02:00:00+03:00,2026-05-04T02:00:00+03:00,149.0,149.0,-106.0,154.5,Enerji Fazlası
2026-05-04T03:00:00+03:00,2026-05-04T03:00:00+03:00,149.0,171.0,-103.0,181.26,Enerji Açığı
2026-05-04T04:00:00+03:00,2026-05-04T04:00:00+03:00,140.0,140.0,-106.0,154.5,Enerji Fazlası
2026-05-04T05:00:00+03:00,2026-05-04T05:00:00+03:00,139.99,278.0,-103.0,294.68,Enerji Açığı
2026-05-04T06:00:00+03:00,2026-05-04T06:00:00+03:00,133.01,3.0,-106.0,154.5,Enerji Fazlası
2026-05-04T07:00:00+03:00,2026-05-04T07:00:00+03:00,149.0,16.0,-106.0,154.5,Enerji Fazlası
2026-05-04T08:00:00+03:00,2026-05-04T08:00:00+03:00,189.99,931.0,184.2903,986.86,Enerji Açığı
2026-05-04T09:00:00+03:00,2026-05-04T09:00:00+03:00,200.01,1700.0,194.0097,1802.0,Enerji Açığı
2026-05-04T10:00:00+03:00,2026-05-04T10:00:00+03:00,200.01,16.0,-106.0,206.0103,Enerji Fazlası
2026-05-04T11:00:00+03:00,2026-05-04T11:00:00+03:00,200.01,1440.0,194.0097,1526.4,Enerji Açığı
2026-05-04T12:00:00+03:00,2026-05-04T12:00:00+03:00,177.0,16.0,-106.0,182.31,Enerji Fazlası
2026-05-04T13:00:00+03:00,2026-05-04T13:00:00+03:00,200.0,1444.0,194.0,1530.64,Enerji Açığı
2026-05-04T14:00:00+03:00,2026-05-04T14:00:00+03:00,235.0,2800.0,227.95,2968.0,Enerji Açığı
2026-05-04T15:00:00+03:00,2026-05-04T15:00:00+03:00,231.0,2900.01,224.07,3074.0106,Enerji Açığı
2026-05-04T16:00:00+03:00,2026-05-04T16:00:00+03:00,456.0,3000.0,442.32,3180.0,Enerji Açığı
2026-05-04T17:00:00+03:00,2026-05-04T17:00:00+03:00,1485.0,4450.0,1440.45,4717.0,Enerji Açığı
2026-05-04T18:00:00+03:00,2026-05-04T18:00:00+03:00,2000.0,4450.0,1940.0,4717.0,Enerji Açığı
2026-05-04T19:00:00+03:00,2026-05-04T19:00:00+03:00,4099.99,4300.0,3976.9903,4558.0,Enerji Açığı
2026-05-04T20:00:00+03:00,2026-05-04T20:00:00+03:00,4500.0,4500.0,4365.0,5008.5,Enerji Açığı
2026-05-04T21:00:00+03:00,2026-05-04T21:00:00+03:00,4500.0,4500.0,4365.0,5008.5,Enerji Açığı
2026-05-04T22:00:00+03:00,2026-05-04T22:00:00+03:00,3945.09,4300.0,3826.7373,4558.0,Enerji Açığı
2026-05-04T23:00:00+03:00,2026-05-04T23:00:00+03:00,1649.98,3000.0,1600.4806,3180.0,Enerji Açığı
2026-05-05T00:00:00+03:00,2026-05-05T00:00:00+03:00,700.0,1908.06,679.0,2022.5436,Enerji Açığı
2026-05-05T01:00:00+03:00,2026-05-05T01:00:00+03:00,699.99,2500.0,678.9903,2650.0,Enerji Açığı
2026-05-05T02:00:00+03:00,2026-05-05T02:00:00+03:00,699.98,1908.06,678.9806,2022.5436,Enerji Açığı
2026-05-05T03:00:00+03:00,2026-05-05T03:00:00+03:00,455.99,1908.06,442.3103,2022.5436,Enerji Açığı
2026-05-05T04:00:00+03:00,2026-05-05T04:00:00+03:00,449.99,1200.0,436.4903,1272.0,Enerji Açığı
2026-05-05T05:00:00+03:00,2026-05-05T05:00:00+03:00,583.95,3000.0,566.4315,3180.0,Enerji Açığı
2026-05-05T06:00:00+03:00,2026-05-05T06:00:00+03:00,370.0,16.0,-106.0,381.1,Enerji Fazlası
2026-05-05T07:00:00+03:00,2026-05-05T07:00:00+03:00,310.99,6.0,-106.0,320.3197,Enerji Fazlası
2026-05-05T08:00:00+03:00,2026-05-05T08:00:00+03:00,1200.01,1908.06,1164.0097,2022.5436,Enerji Açığı
2026-05-05T09:00:00+03:00,2026-05-05T09:00:00+03:00,1485.0,3100.0,1440.45,3286.0,Enerji Açığı
2026-05-05T10:00:00+03:00,2026-05-05T10:00:00+03:00,799.99,1700.0,775.9903,1802.0,Enerji Açığı
2026-05-05T11:00:00+03:00,2026-05-05T11:00:00+03:00,499.92,3.0,-106.0,514.9176,Enerji Fazlası
2026-05-05T12:00:00+03:00,2026-05-05T12:00:00+03:00,230.01,0.0,-106.0,236.9103,Enerji Fazlası
2026-05-05T13:00:00+03:00,2026-05-05T13:00:00+03:00,252.01,0.0,-106.0,259.5703,Enerji Fazlası
2026-05-05T14:00:00+03:00,2026-05-05T14:00:00+03:00,310.99,3.0,-106.0,320.3197,Enerji Fazlası
2026-05-05T15:00:00+03:00,2026-05-05T15:00:00+03:00,341.42,0.0,-106.0,351.6626,Enerji Fazlası
2026-05-05T16:00:00+03:00,2026-05-05T16:00:00+03:00,1200.01,8.0,-106.0,1236.0103,Enerji Fazlası
2026-05-05T17:00:00+03:00,2026-05-05T17:00:00+03:00,2900.01,799.99,751.9906,2987.0103,Enerji Fazlası
2026-05-05T18:00:00+03:00,2026-05-05T18:00:00+03:00,3445.4,400.0,376.0,3548.762,Enerji Fazlası
2026-05-05T19:00:00+03:00,2026-05-05T19:00:00+03:00,4200.01,800.0,752.0,4326.0103,Enerji Fazlası
2026-05-05T20:00:00+03:00,2026-05-05T20:00:00+03:00,4390.06,1985.0,1865.9,4521.7618,Enerji Fazlası
2026-05-05T21:00:00+03:00,2026-05-05T21:00:00+03:00,4100.0,4450.0,3977.0,4717.0,Enerji Açığı
2026-05-05T22:00:00+03:00,2026-05-05T22:00:00+03:00,3000.0,4450.0,2910.0,4717.0,Enerji Açığı
2026-05-05T23:00:00+03:00,2026-05-05T23:00:00+03:00,1500.0,3000.0,1455.0,3180.0,Enerji Açığı
2026-05-06T00:00:00+03:00,2026-05-06T00:00:00+03:00,1000.0,100.0,-106.0,1030.0,Enerji Fazlası
2026-05-06T01:00:00+03:00,2026-05-06T01:00:00+03:00,499.67,11.0,-106.0,514.6601,Enerji Fazlası
2026-05-06T02:00:00+03:00,2026-05-06T02:00:00+03:00,453.85,16.0,-106.0,467.4655,Enerji Fazlası
2026-05-06T03:00:00+03:00,2026-05-06T03:00:00+03:00,367.01,1.0,-106.0,378.0203,Enerji Fazlası
2026-05-06T04:00:00+03:00,2026-05-06T04:00:00+03:00,390.0,0.1,-106.0,401.7,Enerji Fazlası
2026-05-06T05:00:00+03:00,2026-05-06T05:00:00+03:00,400.0,4.0,-106.0,412.0,Enerji Fazlası
2026-05-06T06:00:00+03:00,2026-05-06T06:00:00+03:00,303.64,1200.0,294.5308,1272.0,Enerji Açığı
2026-05-06T07:00:00+03:00,2026-05-06T07:00:00+03:00,205.0,10.0,-106.0,211.15,Enerji Fazlası
2026-05-06T08:00:00+03:00,2026-05-06T08:00:00+03:00,230.01,11.0,-106.0,236.9103,Enerji Fazlası
2026-05-06T09:00:00+03:00,2026-05-06T09:00:00+03:00,200.01,10.0,-106.0,206.0103,Enerji Fazlası
2026-05-06T10:00:00+03:00,2026-05-06T10:00:00+03:00,171.0,0.0,-106.0,176.13,Enerji Fazlası
2026-05-06T11:00:00+03:00,2026-05-06T11:00:00+03:00,171.0,1.0,-106.0,176.13,Enerji Fazlası
2026-05-06T12:00:00+03:00,2026-05-06T12:00:00+03:00,0.0,0.0,-106.0,154.5,Enerji Fazlası
2026-05-06T13:00:00+03:00,2026-05-06T13:00:00+03:00,0.0,0.0,-106.0,154.5,Enerji Fazlası
2026-05-06T14:00:00+03:00,2026-05-06T14:00:00+03:00,164.99,0.0,-106.0,169.9397,Enerji Fazlası
2026-05-06T15:00:00+03:00,2026-05-06T15:00:00+03:00,149.01,0.0,-106.0,154.5,Enerji Fazlası
2026-05-06T16:00:00+03:00,2026-05-06T16:00:00+03:00,200.01,0.0,-106.0,206.0103,Enerji Fazlası
2026-05-06T17:00:00+03:00,2026-05-06T17:00:00+03:00,444.01,1.0,-106.0,457.3303,Enerji Fazlası
2026-05-06T18:00:00+03:00,2026-05-06T18:00:00+03:00,1295.0,100.0,-106.0,1333.85,Enerji Fazlası
2026-05-06T19:00:00+03:00,2026-05-06T19:00:00+03:00,3839.99,290.0,272.6,3955.1897,Enerji Fazlası
2026-05-06T20:00:00+03:00,2026-05-06T20:00:00+03:00,4300.01,480.0,451.2,4429.0103,Enerji Fazlası
2026-05-06T21:00:00+03:00,2026-05-06T21:00:00+03:00,4300.0,480.0,451.2,4429.0,Enerji Fazlası
2026-05-06T22:00:00+03:00,2026-05-06T22:00:00+03:00,3250.0,4397.0,3152.5,4660.82,Enerji Açığı
2026-05-06T23:00:00+03:00,2026-05-06T23:00:00+03:00,2200.0,4200.0,2134.0,4452.0,Enerji Açığı
2026-05-07T00:00:00+03:00,2026-05-07T00:00:00+03:00,882.23,100.0,-106.0,908.6969,Enerji Fazlası
2026-05-07T01:00:00+03:00,2026-05-07T01:00:00+03:00,456.0,16.0,-106.0,469.68,Enerji Fazlası
2026-05-07T02:00:00+03:00,2026-05-07T02:00:00+03:00,455.99,1700.0,442.3103,1802.0,Enerji Açığı
2026-05-07T03:00:00+03:00,2026-05-07T03:00:00+03:00,334.99,1.0,-106.0,345.0397,Enerji Fazlası
2026-05-07T04:00:00+03:00,2026-05-07T04:00:00+03:00,303.0,10.0,-106.0,312.09,Enerji Fazlası
2026-05-07T05:00:00+03:00,2026-05-07T05:00:00+03:00,300.0,0.0,-106.0,309.0,Enerji Fazlası
2026-05-07T06:00:00+03:00,2026-05-07T06:00:00+03:00,205.0,0.0,-106.0,211.15,Enerji Fazlası
2026-05-07T07:00:00+03:00,2026-05-07T07:00:00+03:00,189.99,0.0,-106.0,195.6897,Enerji Fazlası
2026-05-07T08:00:00+03:00,2026-05-07T08:00:00+03:00,174.99,0.0,-106.0,180.2397,Enerji Fazlası
2026-05-07T09:00:00+03:00,2026-05-07T09:00:00+03:00,0.0,0.0,-106.0,154.5,Enerji Fazlası
2026-05-07T10:00:00+03:00,2026-05-07T10:00:00+03:00,0.0,0.0,-106.0,154.5,Enerji Fazlası
2026-05-07T11:00:00+03:00,2026-05-07T11:00:00+03:00,0.0,0.0,-106.0,154.5,Enerji Fazlası
2026-05-07T12:00:00+03:00,2026-05-07T12:00:00+03:00,0.0,0.0,-106.0,154.5,Enerji Fazlası
2026-05-07T13:00:00+03:00,2026-05-07T13:00:00+03:00,0.0,0.0,-106.0,154.5,Enerji Fazlası
2026-05-07T14:00:00+03:00,2026-05-07T14:00:00+03:00,0.0,0.0,-106.0,154.5,Enerji Fazlası
2026-05-07T15:00:00+03:00,2026-05-07T15:00:00+03:00,0.0,0.0,-106.0,154.5,Enerji Fazlası
2026-05-07T16:00:00+03:00,2026-05-07T16:00:00+03:00,169.9,0.0,-106.0,174.997,Enerji Fazlası
2026-05-07T17:00:00+03:00,2026-05-07T17:00:00+03:00,310.0,1.0,-106.0,319.3,Enerji Fazlası
2026-05-07T18:00:00+03:00,2026-05-07T18:00:00+03:00,800.0,100.0,-106.0,824.0,Enerji Fazlası
2026-05-07T19:00:00+03:00,2026-05-07T19:00:00+03:00,3799.99,600.0,564.0,3913.9897,Enerji Fazlası
2026-05-07T20:00:00+03:00,2026-05-07T20:00:00+03:00,4300.0,600.0,564.0,4429.0,Enerji Fazlası
2026-05-07T21:00:00+03:00,2026-05-07T21:00:00+03:00,3945.49,600.0,564.0,4063.8547,Enerji Fazlası
2026-05-07T22:00:00+03:00,2026-05-07T22:00:00+03:00,1649.98,100.0,-106.0,1699.4794,Enerji Fazlası
2026-05-07T23:00:00+03:00,2026-05-07T23:00:00+03:00,600.01,5.0,-106.0,618.0103,Enerji Fazlası
2026-05-08T00:00:00+03:00,2026-05-08T00:00:00+03:00,810.01,0.0,-106.0,834.3103,Enerji Fazlası
2026-05-08T01:00:00+03:00,2026-05-08T01:00:00+03:00,327.01,0.0,-106.0,336.8203,Enerji Fazlası
2026-05-08T02:00:00+03:00,2026-05-08T02:00:00+03:00,328.83,1.0,-106.0,338.6949,Enerji Fazlası
2026-05-08T03:00:00+03:00,2026-05-08T03:00:00+03:00,349.67,0.0,-106.0,360.1601,Enerji Fazlası
2026-05-08T04:00:00+03:00,2026-05-08T04:00:00+03:00,349.68,0.0,-106.0,360.1704,Enerji Fazlası
2026-05-08T05:00:00+03:00,2026-05-08T05:00:00+03:00,447.01,7.0,-106.0,460.4203,Enerji Fazlası
2026-05-08T06:00:00+03:00,2026-05-08T06:00:00+03:00,209.0,0.0,-106.0,215.27,Enerji Fazlası
2026-05-08T07:00:00+03:00,2026-05-08T07:00:00+03:00,167.37,0.0,-106.0,172.3911,Enerji Fazlası
2026-05-08T08:00:00+03:00,2026-05-08T08:00:00+03:00,20.0,0.0,-106.0,154.5,Enerji Fazlası
2026-05-08T09:00:00+03:00,2026-05-08T09:00:00+03:00,0.0,0.0,-106.0,154.5,Enerji Fazlası
2026-05-08T10:00:00+03:00,2026-05-08T10:00:00+03:00,0.0,0.0,-106.0,154.5,Enerji Fazlası
2026-05-08T11:00:00+03:00,2026-05-08T11:00:00+03:00,0.0,0.0,-106.0,154.5,Enerji Fazlası
2026-05-08T12:00:00+03:00,2026-05-08T12:00:00+03:00,0.0,0.0,-106.0,154.5,Enerji Fazlası
2026-05-08T13:00:00+03:00,2026-05-08T13:00:00+03:00,0.0,0.0,-106.0,154.5,Enerji Fazlası
2026-05-08T14:00:00+03:00,2026-05-08T14:00:00+03:00,0.0,0.0,-106.0,154.5,Enerji Fazlası
2026-05-08T15:00:00+03:00,2026-05-08T15:00:00+03:00,0.0,0.0,-106.0,154.5,Enerji Fazlası
2026-05-08T16:00:00+03:00,2026-05-08T16:00:00+03:00,167.37,2105.85,162.3489,2232.201,Enerji Açığı
2026-05-08T17:00:00+03:00,2026-05-08T17:00:00+03:00,249.99,3600.0,242.4903,3816.0,Enerji Açığı
2026-05-08T18:00:00+03:00,2026-05-08T18:00:00+03:00,455.99,4367.0,442.3103,4629.02,Enerji Açığı
2026-05-08T19:00:00+03:00,2026-05-08T19:00:00+03:00,2300.0,4440.0,2231.0,4706.4,Enerji Açığı
2026-05-08T20:00:00+03:00,2026-05-08T20:00:00+03:00,2999.0,4367.0,2909.03,4629.02,Enerji Açığı
2026-05-08T21:00:00+03:00,2026-05-08T21:00:00+03:00,2570.01,4367.0,2492.9097,4629.02,Enerji Açığı
2026-05-08T22:00:00+03:00,2026-05-08T22:00:00+03:00,799.99,2105.85,775.9903,2232.201,Enerji Açığı
2026-05-08T23:00:00+03:00,2026-05-08T23:00:00+03:00,350.3,10.0,-106.0,360.809,Enerji Fazlası
2026-05-09T00:00:00+03:00,2026-05-09T00:00:00+03:00,813.64,36.0,-106.0,838.0492,Enerji Fazlası
2026-05-09T01:00:00+03:00,2026-05-09T01:00:00+03:00,499.99,0.0,-106.0,514.9897,Enerji Fazlası
2026-05-09T02:00:00+03:00,2026-05-09T02:00:00+03:00,399.0,5.23,-106.0,410.97,Enerji Fazlası
2026-05-09T03:00:00+03:00,2026-05-09T03:00:00+03:00,310.01,0.0,-106.0,319.3103,Enerji Fazlası
2026-05-09T04:00:00+03:00,2026-05-09T04:00:00+03:00,305.01,0.0,-106.0,314.1603,Enerji Fazlası
2026-05-09T05:00:00+03:00,2026-05-09T05:00:00+03:00,323.0,0.0,-106.0,332.69,Enerji Fazlası
2026-05-09T06:00:00+03:00,2026-05-09T06:00:00+03:00,200.0,0.0,-106.0,206.0,Enerji Fazlası
2026-05-09T07:00:00+03:00,2026-05-09T07:00:00+03:00,138.01,1.0,-106.0,154.5,Enerji Fazlası
2026-05-09T08:00:00+03:00,2026-05-09T08:00:00+03:00,0.0,0.0,-106.0,154.5,Enerji Fazlası
2026-05-09T09:00:00+03:00,2026-05-09T09:00:00+03:00,0.0,0.0,-106.0,154.5,Enerji Fazlası
2026-05-09T10:00:00+03:00,2026-05-09T10:00:00+03:00,0.0,0.0,-106.0,154.5,Enerji Fazlası
2026-05-09T11:00:00+03:00,2026-05-09T11:00:00+03:00,0.0,0.0,-106.0,154.5,Enerji Fazlası
2026-05-09T12:00:00+03:00,2026-05-09T12:00:00+03:00,0.0,0.0,-106.0,154.5,Enerji Fazlası
2026-05-09T13:00:00+03:00,2026-05-09T13:00:00+03:00,0.0,0.0,-106.0,154.5,Enerji Fazlası
2026-05-09T14:00:00+03:00,2026-05-09T14:00:00+03:00,0.0,0.0,-106.0,154.5,Enerji Fazlası
2026-05-09T15:00:00+03:00,2026-05-09T15:00:00+03:00,0.0,0.0,-106.0,154.5,Enerji Fazlası
2026-05-09T16:00:00+03:00,2026-05-09T16:00:00+03:00,6.0,248.0,-103.0,262.88,Enerji Açığı
2026-05-09T17:00:00+03:00,2026-05-09T17:00:00+03:00,205.01,932.0,198.8597,987.92,Enerji Açığı
2026-05-09T18:00:00+03:00,2026-05-09T18:00:00+03:00,500.01,2800.02,485.0097,2968.0212,Enerji Açığı
2026-05-09T19:00:00+03:00,2026-05-09T19:00:00+03:00,1999.0,4366.0,1939.03,4627.96,Enerji Açığı
2026-05-09T20:00:00+03:00,2026-05-09T20:00:00+03:00,4100.0,4440.0,3977.0,4706.4,Enerji Açığı
2026-05-09T21:00:00+03:00,2026-05-09T21:00:00+03:00,3700.0,4440.0,3589.0,4706.4,Enerji Açığı
2026-05-09T22:00:00+03:00,2026-05-09T22:00:00+03:00,1200.0,600.0,564.0,1236.0,Enerji Fazlası
2026-05-09T23:00:00+03:00,2026-05-09T23:00:00+03:00,500.01,2105.85,485.0097,2232.201,Enerji Açığı
2026-05-10T00:00:00+03:00,2026-05-10T00:00:00+03:00,349.99,2800.0,339.4903,2968.0,Enerji Açığı
2026-05-10T01:00:00+03:00,2026-05-10T01:00:00+03:00,695.01,3800.0,674.1597,4028.0,Enerji Açığı
2026-05-10T02:00:00+03:00,2026-05-10T02:00:00+03:00,700.01,1452.0,679.0097,1539.12,Enerji Açığı
2026-05-10T03:00:00+03:00,2026-05-10T03:00:00+03:00,699.98,36.0,-106.0,720.9794,Enerji Fazlası
2026-05-10T04:00:00+03:00,2026-05-10T04:00:00+03:00,670.0,38.0,-106.0,690.1,Enerji Fazlası
2026-05-10T05:00:00+03:00,2026-05-10T05:00:00+03:00,690.0,36.0,-106.0,710.7,Enerji Fazlası
2026-05-10T06:00:00+03:00,2026-05-10T06:00:00+03:00,217.63,0.0,-106.0,224.1589,Enerji Fazlası
2026-05-10T07:00:00+03:00,2026-05-10T07:00:00+03:00,0.0,0.0,-106.0,154.5,Enerji Fazlası
2026-05-10T08:00:00+03:00,2026-05-10T08:00:00+03:00,0.0,0.0,-106.0,154.5,Enerji Fazlası
2026-05-10T09:00:00+03:00,2026-05-10T09:00:00+03:00,0.0,0.0,-106.0,154.5,Enerji Fazlası
2026-05-10T10:00:00+03:00,2026-05-10T10:00:00+03:00,0.0,0.0,-106.0,154.5,Enerji Fazlası
2026-05-10T11:00:00+03:00,2026-05-10T11:00:00+03:00,0.0,0.0,-106.0,154.5,Enerji Fazlası
2026-05-10T12:00:00+03:00,2026-05-10T12:00:00+03:00,0.0,0.0,-106.0,154.5,Enerji Fazlası
2026-05-10T13:00:00+03:00,2026-05-10T13:00:00+03:00,0.0,0.0,-106.0,154.5,Enerji Fazlası
2026-05-10T14:00:00+03:00,2026-05-10T14:00:00+03:00,0.0,0.0,-106.0,154.5,Enerji Fazlası
2026-05-10T15:00:00+03:00,2026-05-10T15:00:00+03:00,0.0,0.0,-106.0,154.5,Enerji Fazlası
2026-05-10T16:00:00+03:00,2026-05-10T16:00:00+03:00,0.0,0.0,-106.0,154.5,Enerji Fazlası
2026-05-10T17:00:00+03:00,2026-05-10T17:00:00+03:00,0.0,0.0,-106.0,154.5,Enerji Fazlası
2026-05-10T18:00:00+03:00,2026-05-10T18:00:00+03:00,200.0,0.0,-106.0,206.0,Enerji Fazlası
2026-05-10T19:00:00+03:00,2026-05-10T19:00:00+03:00,650.01,8.0,-106.0,669.5103,Enerji Fazlası
2026-05-10T20:00:00+03:00,2026-05-10T20:00:00+03:00,2799.01,580.0,545.2,2882.9803,Enerji Fazlası
2026-05-10T21:00:00+03:00,2026-05-10T21:00:00+03:00,3249.99,4366.0,3152.4903,4627.96,Enerji Açığı
2026-05-10T22:00:00+03:00,2026-05-10T22:00:00+03:00,813.63,2107.7,789.2211,2234.162,Enerji Açığı
2026-05-10T23:00:00+03:00,2026-05-10T23:00:00+03:00,350.01,340.0,319.6,360.5103,Enerji Fazlası
2026-05-11T00:00:00+03:00,2026-05-11T00:00:00+03:00,250.01,3800.0,242.5097,4028.0,Enerji Açığı
2026-05-11T01:00:00+03:00,2026-05-11T01:00:00+03:00,223.0,4000.0,216.31,4240.0,Enerji Açığı
2026-05-11T02:00:00+03:00,2026-05-11T02:00:00+03:00,240.01,239.01,224.6694,247.2103,Enerji Fazlası
2026-05-11T03:00:00+03:00,2026-05-11T03:00:00+03:00,299.99,0.1,-106.0,308.9897,Enerji Fazlası
2026-05-11T04:00:00+03:00,2026-05-11T04:00:00+03:00,300.0,0.0,-106.0,309.0,Enerji Fazlası
2026-05-11T05:00:00+03:00,2026-05-11T05:00:00+03:00,303.63,302.63,284.4722,312.7389,Enerji Fazlası
2026-05-11T06:00:00+03:00,2026-05-11T06:00:00+03:00,250.0,0.0,-106.0,257.5,Enerji Fazlası
2026-05-11T07:00:00+03:00,2026-05-11T07:00:00+03:00,189.99,3.23,-106.0,195.6897,Enerji Fazlası
2026-05-11T08:00:00+03:00,2026-05-11T08:00:00+03:00,170.0,169.0,158.86,175.1,Enerji Fazlası
2026-05-11T09:00:00+03:00,2026-05-11T09:00:00+03:00,6.01,177.0,-103.0,187.62,Enerji Açığı
2026-05-11T10:00:00+03:00,2026-05-11T10:00:00+03:00,0.0,0.0,-106.0,154.5,Enerji Fazlası
2026-05-11T11:00:00+03:00,2026-05-11T11:00:00+03:00,0.0,0.0,-106.0,154.5,Enerji Fazlası
2026-05-11T12:00:00+03:00,2026-05-11T12:00:00+03:00,0.0,0.0,-106.0,154.5,Enerji Fazlası
2026-05-11T13:00:00+03:00,2026-05-11T13:00:00+03:00,0.0,0.0,-106.0,154.5,Enerji Fazlası
2026-05-11T14:00:00+03:00,2026-05-11T14:00:00+03:00,0.0,1298.0,-103.0,1375.88,Enerji Açığı
2026-05-11T15:00:00+03:00,2026-05-11T15:00:00+03:00,8.01,1298.0,-103.0,1375.88,Enerji Açığı
2026-05-11T16:00:00+03:00,2026-05-11T16:00:00+03:00,177.01,1298.0,171.6997,1375.88,Enerji Açığı
2026-05-11T17:00:00+03:00,2026-05-11T17:00:00+03:00,304.01,4000.0,294.8897,4240.0,Enerji Açığı
2026-05-11T18:00:00+03:00,2026-05-11T18:00:00+03:00,1200.01,4000.0,1164.0097,4240.0,Enerji Açığı
2026-05-11T19:00:00+03:00,2026-05-11T19:00:00+03:00,3599.99,4000.0,3491.9903,4240.0,Enerji Açığı
2026-05-11T20:00:00+03:00,2026-05-11T20:00:00+03:00,4300.01,4301.0,4171.0097,4559.06,Enerji Açığı
2026-05-11T21:00:00+03:00,2026-05-11T21:00:00+03:00,4300.0,4366.0,4171.0,4627.96,Enerji Açığı
2026-05-11T22:00:00+03:00,2026-05-11T22:00:00+03:00,2567.01,4000.0,2489.9997,4240.0,Enerji Açığı
2026-05-11T23:00:00+03:00,2026-05-11T23:00:00+03:00,863.24,2800.02,837.3428,2968.0212,Enerji Açığı
2026-05-12T00:00:00+03:00,2026-05-12T00:00:00+03:00,1189.0,2.23,-106.0,1224.67,Enerji Fazlası
2026-05-12T01:00:00+03:00,2026-05-12T01:00:00+03:00,800.01,0.0,-106.0,824.0103,Enerji Fazlası
2026-05-12T02:00:00+03:00,2026-05-12T02:00:00+03:00,581.01,0.0,-106.0,598.4403,Enerji Fazlası
2026-05-12T03:00:00+03:00,2026-05-12T03:00:00+03:00,350.0,0.0,-106.0,360.5,Enerji Fazlası
2026-05-12T04:00:00+03:00,2026-05-12T04:00:00+03:00,334.99,0.0,-106.0,345.0397,Enerji Fazlası
2026-05-12T05:00:00+03:00,2026-05-12T05:00:00+03:00,349.01,0.1,-106.0,359.4803,Enerji Fazlası
2026-05-12T06:00:00+03:00,2026-05-12T06:00:00+03:00,253.93,0.0,-106.0,261.5479,Enerji Fazlası
2026-05-12T07:00:00+03:00,2026-05-12T07:00:00+03:00,171.01,2.23,-106.0,176.1403,Enerji Fazlası
2026-05-12T08:00:00+03:00,2026-05-12T08:00:00+03:00,139.99,967.0,-103.0,1025.02,Enerji Açığı
2026-05-12T09:00:00+03:00,2026-05-12T09:00:00+03:00,0.0,1200.0,-103.0,1272.0,Enerji Açığı
2026-05-12T10:00:00+03:00,2026-05-12T10:00:00+03:00,0.0,0.0,-106.0,154.5,Enerji Fazlası
2026-05-12T11:00:00+03:00,2026-05-12T11:00:00+03:00,0.0,0.0,-106.0,154.5,Enerji Fazlası
2026-05-12T12:00:00+03:00,2026-05-12T12:00:00+03:00,0.0,0.0,-106.0,154.5,Enerji Fazlası
2026-05-12T13:00:00+03:00,2026-05-12T13:00:00+03:00,0.0,0.0,-106.0,154.5,Enerji Fazlası
2026-05-12T14:00:00+03:00,2026-05-12T14:00:00+03:00,0.0,0.0,-106.0,154.5,Enerji Fazlası
2026-05-12T15:00:00+03:00,2026-05-12T15:00:00+03:00,0.0,0.0,-106.0,154.5,Enerji Fazlası
2026-05-12T16:00:00+03:00,2026-05-12T16:00:00+03:00,139.99,0.0,-106.0,154.5,Enerji Fazlası
2026-05-12T17:00:00+03:00,2026-05-12T17:00:00+03:00,200.0,0.0,-106.0,206.0,Enerji Fazlası
2026-05-12T18:00:00+03:00,2026-05-12T18:00:00+03:00,303.99,103.0,-106.0,313.1097,Enerji Fazlası
2026-05-12T19:00:00+03:00,2026-05-12T19:00:00+03:00,800.01,2000.0,776.0097,2120.0,Enerji Açığı
2026-05-12T20:00:00+03:00,2026-05-12T20:00:00+03:00,3600.0,700.0,658.0,3708.0,Enerji Fazlası
2026-05-12T21:00:00+03:00,2026-05-12T21:00:00+03:00,2570.0,700.0,658.0,2647.1,Enerji Fazlası
2026-05-12T22:00:00+03:00,2026-05-12T22:00:00+03:00,600.0,600.0,564.0,618.0,Enerji Fazlası
2026-05-12T23:00:00+03:00,2026-05-12T23:00:00+03:00,310.0,10.0,-106.0,319.3,Enerji Fazlası
2026-05-13T00:00:00+03:00,2026-05-13T00:00:00+03:00,200.0,800.0,194.0,848.0,Enerji Açığı
2026-05-13T01:00:00+03:00,2026-05-13T01:00:00+03:00,190.0,2000.0,184.3,2120.0,Enerji Açığı
2026-05-13T02:00:00+03:00,2026-05-13T02:00:00+03:00,199.0,2107.7,193.03,2234.162,Enerji Açığı
2026-05-13T03:00:00+03:00,2026-05-13T03:00:00+03:00,190.0,1498.0,184.3,1587.88,Enerji Açığı
2026-05-13T04:00:00+03:00,2026-05-13T04:00:00+03:00,190.0,50.0,-106.0,195.7,Enerji Fazlası
2026-05-13T05:00:00+03:00,2026-05-13T05:00:00+03:00,199.01,16.0,-106.0,204.9803,Enerji Fazlası
2026-05-13T06:00:00+03:00,2026-05-13T06:00:00+03:00,171.0,0.0,-106.0,176.13,Enerji Fazlası
2026-05-13T07:00:00+03:00,2026-05-13T07:00:00+03:00,150.0,2.23,-106.0,154.5,Enerji Fazlası
2026-05-13T08:00:00+03:00,2026-05-13T08:00:00+03:00,50.0,2.23,-106.0,154.5,Enerji Fazlası
2026-05-13T09:00:00+03:00,2026-05-13T09:00:00+03:00,0.0,0.0,-106.0,154.5,Enerji Fazlası
2026-05-13T10:00:00+03:00,2026-05-13T10:00:00+03:00,0.0,0.0,-106.0,154.5,Enerji Fazlası
2026-05-13T11:00:00+03:00,2026-05-13T11:00:00+03:00,0.0,0.0,-106.0,154.5,Enerji Fazlası
2026-05-13T12:00:00+03:00,2026-05-13T12:00:00+03:00,0.0,0.0,-106.0,154.5,Enerji Fazlası
2026-05-13T13:00:00+03:00,2026-05-13T13:00:00+03:00,0.0,0.0,-106.0,154.5,Enerji Fazlası
2026-05-13T14:00:00+03:00,2026-05-13T14:00:00+03:00,0.0,0.0,-106.0,154.5,Enerji Fazlası
2026-05-13T15:00:00+03:00,2026-05-13T15:00:00+03:00,0.0,0.0,-106.0,154.5,Enerji Fazlası
2026-05-13T16:00:00+03:00,2026-05-13T16:00:00+03:00,170.99,0.0,-106.0,176.1197,Enerji Fazlası
2026-05-13T17:00:00+03:00,2026-05-13T17:00:00+03:00,303.99,800.0,294.8703,848.0,Enerji Açığı
2026-05-13T18:00:00+03:00,2026-05-13T18:00:00+03:00,730.0,151.0,141.94,751.9,Enerji Fazlası
2026-05-13T19:00:00+03:00,2026-05-13T19:00:00+03:00,4100.0,150.0,141.0,4223.0,Enerji Fazlası
2026-05-13T20:00:00+03:00,2026-05-13T20:00:00+03:00,4490.01,500.0,470.0,4624.7103,Enerji Fazlası
2026-05-13T21:00:00+03:00,2026-05-13T21:00:00+03:00,4300.01,500.0,470.0,4429.0103,Enerji Fazlası
2026-05-13T22:00:00+03:00,2026-05-13T22:00:00+03:00,2199.99,100.0,-106.0,2265.9897,Enerji Fazlası
2026-05-13T23:00:00+03:00,2026-05-13T23:00:00+03:00,1200.0,2.23,-106.0,1236.0,Enerji Fazlası
2026-05-14T00:00:00+03:00,2026-05-14T00:00:00+03:00,304.0,0.0,-106.0,313.12,Enerji Fazlası
2026-05-14T01:00:00+03:00,2026-05-14T01:00:00+03:00,256.0,0.0,-106.0,263.68,Enerji Fazlası
2026-05-14T02:00:00+03:00,2026-05-14T02:00:00+03:00,256.0,7.0,-106.0,263.68,Enerji Fazlası
2026-05-14T03:00:00+03:00,2026-05-14T03:00:00+03:00,240.88,50.0,-106.0,248.1064,Enerji Fazlası
2026-05-14T04:00:00+03:00,2026-05-14T04:00:00+03:00,228.99,1466.0,222.1203,1553.96,Enerji Açığı
2026-05-14T05:00:00+03:00,2026-05-14T05:00:00+03:00,250.01,1498.0,242.5097,1587.88,Enerji Açığı
2026-05-14T06:00:00+03:00,2026-05-14T06:00:00+03:00,190.01,0.0,-106.0,195.7103,Enerji Fazlası
2026-05-14T07:00:00+03:00,2026-05-14T07:00:00+03:00,171.0,0.0,-106.0,176.13,Enerji Fazlası
2026-05-14T08:00:00+03:00,2026-05-14T08:00:00+03:00,171.0,0.0,-106.0,176.13,Enerji Fazlası
2026-05-14T09:00:00+03:00,2026-05-14T09:00:00+03:00,6.0,6.0,-106.0,154.5,Enerji Fazlası
2026-05-14T10:00:00+03:00,2026-05-14T10:00:00+03:00,0.0,0.0,-106.0,154.5,Enerji Fazlası
2026-05-14T11:00:00+03:00,2026-05-14T11:00:00+03:00,0.0,0.0,-106.0,154.5,Enerji Fazlası
2026-05-14T12:00:00+03:00,2026-05-14T12:00:00+03:00,0.0,0.0,-106.0,154.5,Enerji Fazlası
2026-05-14T13:00:00+03:00,2026-05-14T13:00:00+03:00,0.0,0.0,-106.0,154.5,Enerji Fazlası
2026-05-14T14:00:00+03:00,2026-05-14T14:00:00+03:00,10.01,3000.0,-103.0,3180.0,Enerji Açığı
2026-05-14T15:00:00+03:00,2026-05-14T15:00:00+03:00,170.01,3200.0,164.9097,3392.0,Enerji Açığı
2026-05-14T16:00:00+03:00,2026-05-14T16:00:00+03:00,220.0,2750.0,213.4,2915.0,Enerji Açığı
2026-05-14T17:00:00+03:00,2026-05-14T17:00:00+03:00,695.0,3000.0,674.15,3180.0,Enerji Açığı
2026-05-14T18:00:00+03:00,2026-05-14T18:00:00+03:00,1499.99,100.0,-106.0,1544.9897,Enerji Fazlası
2026-05-14T19:00:00+03:00,2026-05-14T19:00:00+03:00,3325.0,99.99,-106.0,3424.75,Enerji Fazlası
2026-05-14T20:00:00+03:00,2026-05-14T20:00:00+03:00,4300.01,4300.01,4171.0097,4558.0106,Enerji Açığı
2026-05-14T21:00:00+03:00,2026-05-14T21:00:00+03:00,4300.01,4301.0,4171.0097,4559.06,Enerji Açığı
2026-05-14T22:00:00+03:00,2026-05-14T22:00:00+03:00,3699.0,3700.0,3588.03,3922.0,Enerji Açığı
2026-05-14T23:00:00+03:00,2026-05-14T23:00:00+03:00,2567.0,3200.0,2489.99,3392.0,Enerji Açığı
2026-05-15T00:00:00+03:00,2026-05-15T00:00:00+03:00,899.99,190.0,178.6,926.9897,Enerji Fazlası
2026-05-15T01:00:00+03:00,2026-05-15T01:00:00+03:00,349.99,1700.0,339.4903,1802.0,Enerji Açığı
2026-05-15T02:00:00+03:00,2026-05-15T02:00:00+03:00,500.0,1390.0,485.0,1473.4,Enerji Açığı
2026-05-15T03:00:00+03:00,2026-05-15T03:00:00+03:00,500.0,151.0,141.94,515.0,Enerji Fazlası
2026-05-15T04:00:00+03:00,2026-05-15T04:00:00+03:00,499.0,1467.0,484.03,1555.02,Enerji Açığı
2026-05-15T05:00:00+03:00,2026-05-15T05:00:00+03:00,513.63,1467.0,498.2211,1555.02,Enerji Açığı
2026-05-15T06:00:00+03:00,2026-05-15T06:00:00+03:00,305.0,10.0,-106.0,314.15,Enerji Fazlası
2026-05-15T07:00:00+03:00,2026-05-15T07:00:00+03:00,310.01,3000.01,300.7097,3180.0106,Enerji Açığı
2026-05-15T08:00:00+03:00,2026-05-15T08:00:00+03:00,329.99,3000.01,320.0903,3180.0106,Enerji Açığı
2026-05-15T09:00:00+03:00,2026-05-15T09:00:00+03:00,250.0,1498.0,242.5,1587.88,Enerji Açığı
2026-05-15T10:00:00+03:00,2026-05-15T10:00:00+03:00,175.0,1200.0,169.75,1272.0,Enerji Açığı
2026-05-15T11:00:00+03:00,2026-05-15T11:00:00+03:00,169.99,2107.7,164.8903,2234.162,Enerji Açığı
2026-05-15T12:00:00+03:00,2026-05-15T12:00:00+03:00,0.0,450.0,-103.0,477.0,Enerji Açığı
2026-05-15T13:00:00+03:00,2026-05-15T13:00:00+03:00,0.0,0.0,-106.0,154.5,Enerji Fazlası
2026-05-15T14:00:00+03:00,2026-05-15T14:00:00+03:00,99.0,2107.7,-103.0,2234.162,Enerji Açığı
2026-05-15T15:00:00+03:00,2026-05-15T15:00:00+03:00,171.0,1290.0,165.87,1367.4,Enerji Açığı
2026-05-15T16:00:00+03:00,2026-05-15T16:00:00+03:00,249.99,1498.0,242.4903,1587.88,Enerji Açığı
2026-05-15T17:00:00+03:00,2026-05-15T17:00:00+03:00,909.99,3000.02,882.6903,3180.0212,Enerji Açığı
2026-05-15T18:00:00+03:00,2026-05-15T18:00:00+03:00,1200.01,4300.0,1164.0097,4558.0,Enerji Açığı
2026-05-15T19:00:00+03:00,2026-05-15T19:00:00+03:00,3948.77,4300.0,3830.3069,4558.0,Enerji Açığı
2026-05-15T20:00:00+03:00,2026-05-15T20:00:00+03:00,4500.0,1984.0,1864.96,4866.75,Enerji Fazlası
2026-05-15T21:00:00+03:00,2026-05-15T21:00:00+03:00,4379.99,4450.0,4248.5903,4717.0,Enerji Açığı
2026-05-15T22:00:00+03:00,2026-05-15T22:00:00+03:00,4140.0,4450.0,4015.8,4717.0,Enerji Açığı
2026-05-15T23:00:00+03:00,2026-05-15T23:00:00+03:00,1850.0,4180.0,1794.5,4430.8,Enerji Açığı
2026-05-16T00:00:00+03:00,2026-05-16T00:00:00+03:00,999.99,4180.0,969.9903,4430.8,Enerji Açığı
2026-05-16T01:00:00+03:00,2026-05-16T01:00:00+03:00,899.0,400.0,376.0,925.97,Enerji Fazlası
2026-05-16T02:00:00+03:00,2026-05-16T02:00:00+03:00,593.01,36.0,-106.0,610.8003,Enerji Fazlası
2026-05-16T03:00:00+03:00,2026-05-16T03:00:00+03:00,500.0,7.0,-106.0,515.0,Enerji Fazlası
2026-05-16T04:00:00+03:00,2026-05-16T04:00:00+03:00,350.0,6.0,-106.0,360.5,Enerji Fazlası
2026-05-16T05:00:00+03:00,2026-05-16T05:00:00+03:00,327.93,90.0,-106.0,337.7679,Enerji Fazlası
2026-05-16T06:00:00+03:00,2026-05-16T06:00:00+03:00,199.99,10.0,-106.0,205.9897,Enerji Fazlası
2026-05-16T07:00:00+03:00,2026-05-16T07:00:00+03:00,100.0,1.0,-106.0,154.5,Enerji Fazlası
2026-05-16T08:00:00+03:00,2026-05-16T08:00:00+03:00,0.0,0.0,-106.0,154.5,Enerji Fazlası
2026-05-16T09:00:00+03:00,2026-05-16T09:00:00+03:00,0.0,0.0,-106.0,154.5,Enerji Fazlası
2026-05-16T10:00:00+03:00,2026-05-16T10:00:00+03:00,0.0,0.0,-106.0,154.5,Enerji Fazlası
2026-05-16T11:00:00+03:00,2026-05-16T11:00:00+03:00,0.0,0.0,-106.0,154.5,Enerji Fazlası
2026-05-16T12:00:00+03:00,2026-05-16T12:00:00+03:00,0.0,0.0,-106.0,154.5,Enerji Fazlası
2026-05-16T13:00:00+03:00,2026-05-16T13:00:00+03:00,0.0,0.0,-106.0,154.5,Enerji Fazlası
2026-05-16T14:00:00+03:00,2026-05-16T14:00:00+03:00,0.0,0.0,-106.0,154.5,Enerji Fazlası
2026-05-16T15:00:00+03:00,2026-05-16T15:00:00+03:00,0.0,0.0,-106.0,154.5,Enerji Fazlası
2026-05-16T16:00:00+03:00,2026-05-16T16:00:00+03:00,0.0,0.0,-106.0,154.5,Enerji Fazlası
2026-05-16T17:00:00+03:00,2026-05-16T17:00:00+03:00,180.0,10.0,-106.0,185.4,Enerji Fazlası
2026-05-16T18:00:00+03:00,2026-05-16T18:00:00+03:00,303.0,3000.0,293.91,3180.0,Enerji Açığı
2026-05-16T19:00:00+03:00,2026-05-16T19:00:00+03:00,1500.0,4366.0,1455.0,4627.96,Enerji Açığı
2026-05-16T20:00:00+03:00,2026-05-16T20:00:00+03:00,3219.99,400.0,376.0,3316.5897,Enerji Fazlası
2026-05-16T21:00:00+03:00,2026-05-16T21:00:00+03:00,1725.0,4300.0,1673.25,4558.0,Enerji Açığı
2026-05-16T22:00:00+03:00,2026-05-16T22:00:00+03:00,376.0,1500.0,364.72,1590.0,Enerji Açığı
2026-05-16T23:00:00+03:00,2026-05-16T23:00:00+03:00,295.99,0.1,-106.0,304.8697,Enerji Fazlası
2026-05-17T00:00:00+03:00,2026-05-17T00:00:00+03:00,175.0,1.0,-106.0,180.25,Enerji Fazlası
2026-05-17T01:00:00+03:00,2026-05-17T01:00:00+03:00,174.99,5.0,-106.0,180.2397,Enerji Fazlası
2026-05-17T02:00:00+03:00,2026-05-17T02:00:00+03:00,171.0,1.23,-106.0,176.13,Enerji Fazlası
2026-05-17T03:00:00+03:00,2026-05-17T03:00:00+03:00,169.91,1466.0,164.8127,1553.96,Enerji Açığı
2026-05-17T04:00:00+03:00,2026-05-17T04:00:00+03:00,170.0,1466.0,164.9,1553.96,Enerji Açığı
2026-05-17T05:00:00+03:00,2026-05-17T05:00:00+03:00,170.0,800.0,164.9,848.0,Enerji Açığı
2026-05-17T06:00:00+03:00,2026-05-17T06:00:00+03:00,0.1,800.0,-103.0,848.0,Enerji Açığı
2026-05-17T07:00:00+03:00,2026-05-17T07:00:00+03:00,0.0,0.0,-106.0,154.5,Enerji Fazlası
2026-05-17T08:00:00+03:00,2026-05-17T08:00:00+03:00,0.0,0.0,-106.0,154.5,Enerji Fazlası
2026-05-17T09:00:00+03:00,2026-05-17T09:00:00+03:00,0.0,0.0,-106.0,154.5,Enerji Fazlası
2026-05-17T10:00:00+03:00,2026-05-17T10:00:00+03:00,0.0,0.0,-106.0,154.5,Enerji Fazlası
2026-05-17T11:00:00+03:00,2026-05-17T11:00:00+03:00,0.0,0.0,-106.0,154.5,Enerji Fazlası
2026-05-17T12:00:00+03:00,2026-05-17T12:00:00+03:00,0.0,0.0,-106.0,154.5,Enerji Fazlası
2026-05-17T13:00:00+03:00,2026-05-17T13:00:00+03:00,0.0,0.0,-106.0,154.5,Enerji Fazlası
2026-05-17T14:00:00+03:00,2026-05-17T14:00:00+03:00,0.0,0.0,-106.0,154.5,Enerji Fazlası
2026-05-17T15:00:00+03:00,2026-05-17T15:00:00+03:00,0.0,0.0,-106.0,154.5,Enerji Fazlası
2026-05-17T16:00:00+03:00,2026-05-17T16:00:00+03:00,0.0,0.0,-106.0,154.5,Enerji Fazlası
2026-05-17T17:00:00+03:00,2026-05-17T17:00:00+03:00,0.0,0.0,-106.0,154.5,Enerji Fazlası
2026-05-17T18:00:00+03:00,2026-05-17T18:00:00+03:00,170.0,3000.02,164.9,3180.0212,Enerji Açığı
2026-05-17T19:00:00+03:00,2026-05-17T19:00:00+03:00,305.0,4440.0,295.85,4706.4,Enerji Açığı
2026-05-17T20:00:00+03:00,2026-05-17T20:00:00+03:00,1500.0,4443.0,1455.0,4709.58,Enerji Açığı
2026-05-17T21:00:00+03:00,2026-05-17T21:00:00+03:00,2200.0,4445.0,2134.0,4711.7,Enerji Açığı
2026-05-17T22:00:00+03:00,2026-05-17T22:00:00+03:00,500.0,4443.0,485.0,4709.58,Enerji Açığı
2026-05-17T23:00:00+03:00,2026-05-17T23:00:00+03:00,305.0,4190.0,295.85,4441.4,Enerji Açığı
2026-05-18T00:00:00+03:00,2026-05-18T00:00:00+03:00,300.01,1390.0,291.0097,1473.4,Enerji Açığı
2026-05-18T01:00:00+03:00,2026-05-18T01:00:00+03:00,205.01,16.0,-106.0,211.1603,Enerji Fazlası
2026-05-18T02:00:00+03:00,2026-05-18T02:00:00+03:00,199.01,800.0,193.0397,848.0,Enerji Açığı
2026-05-18T03:00:00+03:00,2026-05-18T03:00:00+03:00,199.99,800.0,193.9903,848.0,Enerji Açığı
2026-05-18T04:00:00+03:00,2026-05-18T04:00:00+03:00,194.5,1.0,-106.0,200.335,Enerji Fazlası
2026-05-18T05:00:00+03:00,2026-05-18T05:00:00+03:00,198.86,6.0,-106.0,204.8258,Enerji Fazlası
2026-05-18T06:00:00+03:00,2026-05-18T06:00:00+03:00,170.0,0.0,-106.0,175.1,Enerji Fazlası
2026-05-18T07:00:00+03:00,2026-05-18T07:00:00+03:00,169.91,1.0,-106.0,175.0073,Enerji Fazlası
2026-05-18T08:00:00+03:00,2026-05-18T08:00:00+03:00,171.0,0.0,-106.0,176.13,Enerji Fazlası
2026-05-18T09:00:00+03:00,2026-05-18T09:00:00+03:00,150.0,0.1,-106.0,154.5,Enerji Fazlası
2026-05-18T10:00:00+03:00,2026-05-18T10:00:00+03:00,8.01,177.0,-103.0,187.62,Enerji Açığı
2026-05-18T11:00:00+03:00,2026-05-18T11:00:00+03:00,99.0,510.0,-103.0,540.6,Enerji Açığı
2026-05-18T12:00:00+03:00,2026-05-18T12:00:00+03:00,0.0,171.0,-103.0,181.26,Enerji Açığı
2026-05-18T13:00:00+03:00,2026-05-18T13:00:00+03:00,1.99,502.0,-103.0,532.12,Enerji Açığı
2026-05-18T14:00:00+03:00,2026-05-18T14:00:00+03:00,169.91,1200.0,164.8127,1272.0,Enerji Açığı
2026-05-18T15:00:00+03:00,2026-05-18T15:00:00+03:00,170.99,800.0,165.8603,848.0,Enerji Açığı
2026-05-18T16:00:00+03:00,2026-05-18T16:00:00+03:00,249.99,800.0,242.4903,848.0,Enerji Açığı
2026-05-18T17:00:00+03:00,2026-05-18T17:00:00+03:00,799.01,1500.0,775.0397,1590.0,Enerji Açığı
2026-05-18T18:00:00+03:00,2026-05-18T18:00:00+03:00,2700.0,190.0,178.6,2781.0,Enerji Fazlası
2026-05-18T19:00:00+03:00,2026-05-18T19:00:00+03:00,4300.0,4300.0,4171.0,4558.0,Enerji Açığı
2026-05-18T20:00:00+03:00,2026-05-18T20:00:00+03:00,4300.01,4450.0,4171.0097,4717.0,Enerji Açığı
2026-05-18T21:00:00+03:00,2026-05-18T21:00:00+03:00,4300.0,4450.0,4171.0,4717.0,Enerji Açığı
2026-05-18T22:00:00+03:00,2026-05-18T22:00:00+03:00,2954.44,4450.0,2865.8068,4717.0,Enerji Açığı
2026-05-18T23:00:00+03:00,2026-05-18T23:00:00+03:00,2100.0,4180.0,2037.0,4430.8,Enerji Açığı
2026-05-19T00:00:00+03:00,2026-05-19T00:00:00+03:00,325.0,1700.0,315.25,1802.0,Enerji Açığı
2026-05-19T01:00:00+03:00,2026-05-19T01:00:00+03:00,300.01,3100.0,291.0097,3286.0,Enerji Açığı
2026-05-19T02:00:00+03:00,2026-05-19T02:00:00+03:00,252.01,1567.0,244.4497,1661.02,Enerji Açığı
2026-05-19T03:00:00+03:00,2026-05-19T03:00:00+03:00,299.99,1567.0,290.9903,1661.02,Enerji Açığı
2026-05-19T04:00:00+03:00,2026-05-19T04:00:00+03:00,240.01,2000.0,232.8097,2120.0,Enerji Açığı
2026-05-19T05:00:00+03:00,2026-05-19T05:00:00+03:00,200.01,2000.0,194.0097,2120.0,Enerji Açığı
2026-05-19T06:00:00+03:00,2026-05-19T06:00:00+03:00,169.91,1.23,-106.0,175.0073,Enerji Fazlası
2026-05-19T07:00:00+03:00,2026-05-19T07:00:00+03:00,0.0,128.0,-103.0,159.0,Enerji Açığı
2026-05-19T08:00:00+03:00,2026-05-19T08:00:00+03:00,0.0,0.0,-106.0,154.5,Enerji Fazlası
2026-05-19T09:00:00+03:00,2026-05-19T09:00:00+03:00,0.0,0.0,-106.0,154.5,Enerji Fazlası
2026-05-19T10:00:00+03:00,2026-05-19T10:00:00+03:00,0.0,0.0,-106.0,154.5,Enerji Fazlası
2026-05-19T11:00:00+03:00,2026-05-19T11:00:00+03:00,0.0,0.0,-106.0,154.5,Enerji Fazlası
2026-05-19T12:00:00+03:00,2026-05-19T12:00:00+03:00,0.0,0.0,-106.0,154.5,Enerji Fazlası
2026-05-19T13:00:00+03:00,2026-05-19T13:00:00+03:00,0.0,0.0,-106.0,154.5,Enerji Fazlası
2026-05-19T14:00:00+03:00,2026-05-19T14:00:00+03:00,0.0,0.0,-106.0,154.5,Enerji Fazlası
2026-05-19T15:00:00+03:00,2026-05-19T15:00:00+03:00,0.0,0.0,-106.0,154.5,Enerji Fazlası
2026-05-19T16:00:00+03:00,2026-05-19T16:00:00+03:00,0.0,3000.0,-103.0,3180.0,Enerji Açığı
2026-05-19T17:00:00+03:00,2026-05-19T17:00:00+03:00,171.01,4450.0,165.8797,4717.0,Enerji Açığı
2026-05-19T18:00:00+03:00,2026-05-19T18:00:00+03:00,310.01,4459.0,300.7097,4726.54,Enerji Açığı
2026-05-19T19:00:00+03:00,2026-05-19T19:00:00+03:00,2100.0,4459.0,2037.0,4726.54,Enerji Açığı
2026-05-19T20:00:00+03:00,2026-05-19T20:00:00+03:00,4000.01,4459.0,3880.0097,4726.54,Enerji Açığı
2026-05-19T21:00:00+03:00,2026-05-19T21:00:00+03:00,3599.99,4498.0,3491.9903,4767.88,Enerji Açığı
2026-05-19T22:00:00+03:00,2026-05-19T22:00:00+03:00,1725.01,4459.0,1673.2597,4726.54,Enerji Açığı
2026-05-19T23:00:00+03:00,2026-05-19T23:00:00+03:00,500.01,4180.0,485.0097,4430.8,Enerji Açığı
2026-05-20T00:00:00+03:00,2026-05-20T00:00:00+03:00,328.01,3750.0,318.1697,3975.0,Enerji Açığı
2026-05-20T01:00:00+03:00,2026-05-20T01:00:00+03:00,250.0,1500.0,242.5,1590.0,Enerji Açığı
2026-05-20T02:00:00+03:00,2026-05-20T02:00:00+03:00,210.28,0.1,-106.0,216.5884,Enerji Fazlası
2026-05-20T03:00:00+03:00,2026-05-20T03:00:00+03:00,210.73,0.0,-106.0,217.0519,Enerji Fazlası
2026-05-20T04:00:00+03:00,2026-05-20T04:00:00+03:00,299.99,0.0,-106.0,308.9897,Enerji Fazlası
2026-05-20T05:00:00+03:00,2026-05-20T05:00:00+03:00,250.01,0.0,-106.0,257.5103,Enerji Fazlası
2026-05-20T06:00:00+03:00,2026-05-20T06:00:00+03:00,199.01,0.0,-106.0,204.9803,Enerji Fazlası
2026-05-20T07:00:00+03:00,2026-05-20T07:00:00+03:00,200.0,1.0,-106.0,206.0,Enerji Fazlası
2026-05-20T08:00:00+03:00,2026-05-20T08:00:00+03:00,249.99,1767.0,242.4903,1873.02,Enerji Açığı
2026-05-20T09:00:00+03:00,2026-05-20T09:00:00+03:00,200.0,2075.0,194.0,2199.5,Enerji Açığı
2026-05-20T10:00:00+03:00,2026-05-20T10:00:00+03:00,177.0,3750.0,171.69,3975.0,Enerji Açığı
2026-05-20T11:00:00+03:00,2026-05-20T11:00:00+03:00,174.99,3750.0,169.7403,3975.0,Enerji Açığı
2026-05-20T12:00:00+03:00,2026-05-20T12:00:00+03:00,128.01,1298.0,-103.0,1375.88,Enerji Açığı
2026-05-20T13:00:00+03:00,2026-05-20T13:00:00+03:00,169.9,1767.0,164.803,1873.02,Enerji Açığı
2026-05-20T14:00:00+03:00,2026-05-20T14:00:00+03:00,171.01,3950.0,165.8797,4187.0,Enerji Açığı
2026-05-20T15:00:00+03:00,2026-05-20T15:00:00+03:00,199.0,3950.0,193.03,4187.0,Enerji Açığı
2026-05-20T16:00:00+03:00,2026-05-20T16:00:00+03:00,300.0,3100.0,291.0,3286.0,Enerji Açığı
2026-05-20T17:00:00+03:00,2026-05-20T17:00:00+03:00,500.01,4437.0,485.0097,4703.22,Enerji Açığı
2026-05-20T18:00:00+03:00,2026-05-20T18:00:00+03:00,745.0,4437.0,722.65,4703.22,Enerji Açığı
2026-05-20T19:00:00+03:00,2026-05-20T19:00:00+03:00,3190.0,1999.0,1879.06,3285.7,Enerji Fazlası
2026-05-20T20:00:00+03:00,2026-05-20T20:00:00+03:00,4245.0,400.0,376.0,4372.35,Enerji Fazlası
2026-05-20T21:00:00+03:00,2026-05-20T21:00:00+03:00,4142.01,4437.0,4017.7497,4703.22,Enerji Açığı
2026-05-20T22:00:00+03:00,2026-05-20T22:00:00+03:00,1749.99,99.99,-106.0,1802.4897,Enerji Fazlası
2026-05-20T23:00:00+03:00,2026-05-20T23:00:00+03:00,500.01,0.0,-106.0,515.0103,Enerji Fazlası
2026-05-21T00:00:00+03:00,2026-05-21T00:00:00+03:00,324.99,0.0,-106.0,334.7397,Enerji Fazlası
2026-05-21T01:00:00+03:00,2026-05-21T01:00:00+03:00,290.01,0.0,-106.0,298.7103,Enerji Fazlası
2026-05-21T02:00:00+03:00,2026-05-21T02:00:00+03:00,250.0,0.0,-106.0,257.5,Enerji Fazlası
2026-05-21T03:00:00+03:00,2026-05-21T03:00:00+03:00,229.0,0.0,-106.0,235.87,Enerji Fazlası
2026-05-21T04:00:00+03:00,2026-05-21T04:00:00+03:00,300.01,0.0,-106.0,309.0103,Enerji Fazlası
2026-05-21T05:00:00+03:00,2026-05-21T05:00:00+03:00,259.95,0.0,-106.0,267.7485,Enerji Fazlası
2026-05-21T06:00:00+03:00,2026-05-21T06:00:00+03:00,200.0,0.0,-106.0,206.0,Enerji Fazlası
2026-05-21T07:00:00+03:00,2026-05-21T07:00:00+03:00,300.0,0.0,-106.0,309.0,Enerji Fazlası
2026-05-21T08:00:00+03:00,2026-05-21T08:00:00+03:00,399.99,1.23,-106.0,411.9897,Enerji Fazlası
2026-05-21T09:00:00+03:00,2026-05-21T09:00:00+03:00,305.0,510.0,295.85,540.6,Enerji Açığı
2026-05-21T10:00:00+03:00,2026-05-21T10:00:00+03:00,230.0,2.0,-106.0,236.9,Enerji Fazlası
2026-05-21T11:00:00+03:00,2026-05-21T11:00:00+03:00,207.01,0.0,-106.0,213.2203,Enerji Fazlası
2026-05-21T12:00:00+03:00,2026-05-21T12:00:00+03:00,170.01,0.0,-106.0,175.1103,Enerji Fazlası
2026-05-21T13:00:00+03:00,2026-05-21T13:00:00+03:00,174.99,0.0,-106.0,180.2397,Enerji Fazlası
2026-05-21T14:00:00+03:00,2026-05-21T14:00:00+03:00,220.0,0.0,-106.0,226.6,Enerji Fazlası
2026-05-21T15:00:00+03:00,2026-05-21T15:00:00+03:00,300.0,0.0,-106.0,309.0,Enerji Fazlası
2026-05-21T16:00:00+03:00,2026-05-21T16:00:00+03:00,500.01,0.0,-106.0,515.0103,Enerji Fazlası
2026-05-21T17:00:00+03:00,2026-05-21T17:00:00+03:00,2900.0,60.0,-106.0,2987.0,Enerji Fazlası
2026-05-21T18:00:00+03:00,2026-05-21T18:00:00+03:00,3900.0,500.0,470.0,4017.0,Enerji Fazlası
2026-05-21T19:00:00+03:00,2026-05-21T19:00:00+03:00,4000.01,1297.0,1219.18,4120.0103,Enerji Fazlası
2026-05-21T20:00:00+03:00,2026-05-21T20:00:00+03:00,4300.01,4450.0,4171.0097,4717.0,Enerji Açığı
2026-05-21T21:00:00+03:00,2026-05-21T21:00:00+03:00,4233.0,4450.0,4106.01,4717.0,Enerji Açığı
2026-05-21T22:00:00+03:00,2026-05-21T22:00:00+03:00,3600.0,4450.0,3492.0,4717.0,Enerji Açığı
2026-05-21T23:00:00+03:00,2026-05-21T23:00:00+03:00,2700.0,4327.0,2619.0,4586.62,Enerji Açığı
2026-05-22T00:00:00+03:00,2026-05-22T00:00:00+03:00,1650.0,1.0,-106.0,1699.5,Enerji Fazlası
2026-05-22T01:00:00+03:00,2026-05-22T01:00:00+03:00,500.0,16.0,-106.0,515.0,Enerji Fazlası
2026-05-22T02:00:00+03:00,2026-05-22T02:00:00+03:00,399.99,10.0,-106.0,411.9897,Enerji Fazlası
2026-05-22T03:00:00+03:00,2026-05-22T03:00:00+03:00,349.99,1.23,-106.0,360.4897,Enerji Fazlası
2026-05-22T04:00:00+03:00,2026-05-22T04:00:00+03:00,331.51,1.0,-106.0,341.4553,Enerji Fazlası
2026-05-22T05:00:00+03:00,2026-05-22T05:00:00+03:00,300.01,1.0,-106.0,309.0103,Enerji Fazlası
2026-05-22T06:00:00+03:00,2026-05-22T06:00:00+03:00,190.0,1.0,-106.0,195.7,Enerji Fazlası
2026-05-22T07:00:00+03:00,2026-05-22T07:00:00+03:00,189.99,0.0,-106.0,195.6897,Enerji Fazlası
2026-05-22T08:00:00+03:00,2026-05-22T08:00:00+03:00,196.01,,,,
2026-05-22T09:00:00+03:00,2026-05-22T09:00:00+03:00,189.99,,,,
2026-05-22T10:00:00+03:00,2026-05-22T10:00:00+03:00,169.91,,,,
2026-05-22T11:00:00+03:00,2026-05-22T11:00:00+03:00,170.0,,,,
2026-05-22T12:00:00+03:00,2026-05-22T12:00:00+03:00,20.0,,,,
2026-05-22T13:00:00+03:00,2026-05-22T13:00:00+03:00,60.01,,,,
2026-05-22T14:00:00+03:00,2026-05-22T14:00:00+03:00,199.99,,,,
2026-05-22T15:00:00+03:00,2026-05-22T15:00:00+03:00,228.99,,,,
2026-05-22T16:00:00+03:00,2026-05-22T16:00:00+03:00,376.63,,,,
2026-05-22T17:00:00+03:00,2026-05-22T17:00:00+03:00,2567.0,,,,
2026-05-22T18:00:00+03:00,2026-05-22T18:00:00+03:00,2567.0,,,,
2026-05-22T19:00:00+03:00,2026-05-22T19:00:00+03:00,4000.01,,,,
2026-05-22T20:00:00+03:00,2026-05-22T20:00:00+03:00,4300.01,,,,
2026-05-22T21:00:00+03:00,2026-05-22T21:00:00+03:00,4200.0,,,,
2026-05-22T22:00:00+03:00,2026-05-22T22:00:00+03:00,3249.99,,,,
2026-05-22T23:00:00+03:00,2026-05-22T23:00:00+03:00,1727.1,,,,
2026-05-23T00:00:00+03:00,2026-05-23T00:00:00+03:00,1485.0,4080.0,1440.45,4324.8,Enerji Açığı
2026-05-23T01:00:00+03:00,2026-05-23T01:00:00+03:00,315.0,3300.0,305.55,3498.0,Enerji Açığı
2026-05-23T02:00:00+03:00,2026-05-23T02:00:00+03:00,315.01,3750.0,305.5597,3975.0,Enerji Açığı
2026-05-23T03:00:00+03:00,2026-05-23T03:00:00+03:00,303.99,1547.0,294.8703,1639.82,Enerji Açığı
2026-05-23T04:00:00+03:00,2026-05-23T04:00:00+03:00,302.99,10.0,-106.0,312.0797,Enerji Fazlası
2026-05-23T05:00:00+03:00,2026-05-23T05:00:00+03:00,240.01,40.0,-106.0,247.2103,Enerji Fazlası
2026-05-23T06:00:00+03:00,2026-05-23T06:00:00+03:00,171.0,1.0,-106.0,176.13,Enerji Fazlası
2026-05-23T07:00:00+03:00,2026-05-23T07:00:00+03:00,100.0,0.0,-106.0,154.5,Enerji Fazlası
2026-05-23T08:00:00+03:00,2026-05-23T08:00:00+03:00,40.0,0.0,-106.0,154.5,Enerji Fazlası
2026-05-23T09:00:00+03:00,2026-05-23T09:00:00+03:00,0.0,500.0,-103.0,530.0,Enerji Açığı
2026-05-23T10:00:00+03:00,2026-05-23T10:00:00+03:00,0.0,171.0,-103.0,181.26,Enerji Açığı
2026-05-23T11:00:00+03:00,2026-05-23T11:00:00+03:00,0.0,300.0,-103.0,318.0,Enerji Açığı
2026-05-23T12:00:00+03:00,2026-05-23T12:00:00+03:00,0.0,0.0,-106.0,154.5,Enerji Fazlası
2026-05-23T13:00:00+03:00,2026-05-23T13:00:00+03:00,0.0,0.0,-106.0,154.5,Enerji Fazlası
2026-05-23T14:00:00+03:00,2026-05-23T14:00:00+03:00,0.0,1500.0,-103.0,1590.0,Enerji Açığı
2026-05-23T15:00:00+03:00,2026-05-23T15:00:00+03:00,19.99,3950.0,-103.0,4187.0,Enerji Açığı
2026-05-23T16:00:00+03:00,2026-05-23T16:00:00+03:00,170.99,800.0,165.8603,848.0,Enerji Açığı
2026-05-23T17:00:00+03:00,2026-05-23T17:00:00+03:00,229.99,800.0,223.0903,848.0,Enerji Açığı
2026-05-23T18:00:00+03:00,2026-05-23T18:00:00+03:00,303.01,3950.0,293.9197,4187.0,Enerji Açığı
2026-05-23T19:00:00+03:00,2026-05-23T19:00:00+03:00,1499.99,4397.0,1454.9903,4660.82,Enerji Açığı
2026-05-23T20:00:00+03:00,2026-05-23T20:00:00+03:00,4127.0,4127.0,4003.19,4374.62,Enerji Açığı
2026-05-23T21:00:00+03:00,2026-05-23T21:00:00+03:00,3023.61,4397.0,2932.9017,4660.82,Enerji Açığı
2026-05-23T22:00:00+03:00,2026-05-23T22:00:00+03:00,520.0,4200.0,504.4,4452.0,Enerji Açığı
2026-05-23T23:00:00+03:00,2026-05-23T23:00:00+03:00,300.01,3500.0,291.0097,3710.0,Enerji Açığı
2026-05-24T00:00:00+03:00,2026-05-24T00:00:00+03:00,310.01,3.0,-106.0,319.3103,Enerji Fazlası
2026-05-24T01:00:00+03:00,2026-05-24T01:00:00+03:00,300.0,3.0,-106.0,309.0,Enerji Fazlası
2026-05-24T02:00:00+03:00,2026-05-24T02:00:00+03:00,300.0,0.0,-106.0,309.0,Enerji Fazlası
2026-05-24T03:00:00+03:00,2026-05-24T03:00:00+03:00,300.0,0.0,-106.0,309.0,Enerji Fazlası
2026-05-24T04:00:00+03:00,2026-05-24T04:00:00+03:00,252.01,0.0,-106.0,259.5703,Enerji Fazlası
2026-05-24T05:00:00+03:00,2026-05-24T05:00:00+03:00,252.01,0.0,-106.0,259.5703,Enerji Fazlası
2026-05-24T06:00:00+03:00,2026-05-24T06:00:00+03:00,174.99,0.1,-106.0,180.2397,Enerji Fazlası
2026-05-24T07:00:00+03:00,2026-05-24T07:00:00+03:00,38.01,0.0,-106.0,154.5,Enerji Fazlası
2026-05-24T08:00:00+03:00,2026-05-24T08:00:00+03:00,0.0,0.0,-106.0,154.5,Enerji Fazlası
2026-05-24T09:00:00+03:00,2026-05-24T09:00:00+03:00,0.0,0.0,-106.0,154.5,Enerji Fazlası
2026-05-24T10:00:00+03:00,2026-05-24T10:00:00+03:00,0.0,0.0,-106.0,154.5,Enerji Fazlası
2026-05-24T11:00:00+03:00,2026-05-24T11:00:00+03:00,0.0,0.0,-106.0,154.5,Enerji Fazlası
2026-05-24T12:00:00+03:00,2026-05-24T12:00:00+03:00,0.0,0.0,-106.0,154.5,Enerji Fazlası
2026-05-24T13:00:00+03:00,2026-05-24T13:00:00+03:00,0.0,0.0,-106.0,154.5,Enerji Fazlası
2026-05-24T14:00:00+03:00,2026-05-24T14:00:00+03:00,0.0,0.0,-106.0,154.5,Enerji Fazlası
2026-05-24T15:00:00+03:00,2026-05-24T15:00:00+03:00,0.0,0.0,-106.0,154.5,Enerji Fazlası
2026-05-24T16:00:00+03:00,2026-05-24T16:00:00+03:00,0.0,0.0,-106.0,154.5,Enerji Fazlası
2026-05-24T17:00:00+03:00,2026-05-24T17:00:00+03:00,0.0,0.0,-106.0,154.5,Enerji Fazlası
2026-05-24T18:00:00+03:00,2026-05-24T18:00:00+03:00,169.9,889.0,164.803,942.34,Enerji Açığı
2026-05-24T19:00:00+03:00,2026-05-24T19:00:00+03:00,210.0,10.0,-106.0,216.3,Enerji Fazlası
2026-05-24T20:00:00+03:00,2026-05-24T20:00:00+03:00,1199.0,0.0,-106.0,1234.97,Enerji Fazlası
2026-05-24T21:00:00+03:00,2026-05-24T21:00:00+03:00,800.01,0.0,-106.0,824.0103,Enerji Fazlası
2026-05-24T22:00:00+03:00,2026-05-24T22:00:00+03:00,240.07,1.0,-106.0,247.2721,Enerji Fazlası
2026-05-24T23:00:00+03:00,2026-05-24T23:00:00+03:00,175.0,4.0,-106.0,180.25,Enerji Fazlası
2026-05-25T00:00:00+03:00,2026-05-25T00:00:00+03:00,174.99,800.0,169.7403,848.0,Enerji Açığı
2026-05-25T01:00:00+03:00,2026-05-25T01:00:00+03:00,174.99,1700.0,169.7403,1802.0,Enerji Açığı
2026-05-25T02:00:00+03:00,2026-05-25T02:00:00+03:00,174.99,1340.0,169.7403,1420.4,Enerji Açığı
2026-05-25T03:00:00+03:00,2026-05-25T03:00:00+03:00,171.01,501.0,165.8797,531.06,Enerji Açığı
2026-05-25T04:00:00+03:00,2026-05-25T04:00:00+03:00,171.01,1.23,-106.0,176.1403,Enerji Fazlası
2026-05-25T05:00:00+03:00,2026-05-25T05:00:00+03:00,171.0,0.0,-106.0,176.13,Enerji Fazlası
2026-05-25T06:00:00+03:00,2026-05-25T06:00:00+03:00,100.0,0.0,-106.0,154.5,Enerji Fazlası
2026-05-25T07:00:00+03:00,2026-05-25T07:00:00+03:00,0.0,0.0,-106.0,154.5,Enerji Fazlası
2026-05-25T08:00:00+03:00,2026-05-25T08:00:00+03:00,0.0,0.0,-106.0,154.5,Enerji Fazlası
2026-05-25T09:00:00+03:00,2026-05-25T09:00:00+03:00,0.0,0.0,-106.0,154.5,Enerji Fazlası
2026-05-25T10:00:00+03:00,2026-05-25T10:00:00+03:00,0.0,0.0,-106.0,154.5,Enerji Fazlası
2026-05-25T11:00:00+03:00,2026-05-25T11:00:00+03:00,0.0,0.0,-106.0,154.5,Enerji Fazlası
2026-05-25T12:00:00+03:00,2026-05-25T12:00:00+03:00,0.0,0.0,-106.0,154.5,Enerji Fazlası
2026-05-25T13:00:00+03:00,2026-05-25T13:00:00+03:00,0.0,0.0,-106.0,154.5,Enerji Fazlası
2026-05-25T14:00:00+03:00,2026-05-25T14:00:00+03:00,0.0,0.0,-106.0,154.5,Enerji Fazlası
2026-05-25T15:00:00+03:00,2026-05-25T15:00:00+03:00,0.0,0.0,-106.0,154.5,Enerji Fazlası
2026-05-25T16:00:00+03:00,2026-05-25T16:00:00+03:00,38.01,0.0,-106.0,154.5,Enerji Fazlası
2026-05-25T17:00:00+03:00,2026-05-25T17:00:00+03:00,174.99,0.0,-106.0,180.2397,Enerji Fazlası
2026-05-25T18:00:00+03:00,2026-05-25T18:00:00+03:00,196.0,0.0,-106.0,201.88,Enerji Fazlası
2026-05-25T19:00:00+03:00,2026-05-25T19:00:00+03:00,336.63,0.0,-106.0,346.7289,Enerji Fazlası
2026-05-25T20:00:00+03:00,2026-05-25T20:00:00+03:00,1508.7,0.0,-106.0,1553.961,Enerji Fazlası
2026-05-25T21:00:00+03:00,2026-05-25T21:00:00+03:00,899.99,0.0,-106.0,926.9897,Enerji Fazlası
2026-05-25T22:00:00+03:00,2026-05-25T22:00:00+03:00,320.01,1.0,-106.0,329.6103,Enerji Fazlası
2026-05-25T23:00:00+03:00,2026-05-25T23:00:00+03:00,207.0,4.0,-106.0,213.21,Enerji Fazlası
2026-05-26T00:00:00+03:00,2026-05-26T00:00:00+03:00,199.99,0.0,-106.0,205.9897,Enerji Fazlası
2026-05-26T01:00:00+03:00,2026-05-26T01:00:00+03:00,175.0,0.0,-106.0,180.25,Enerji Fazlası
2026-05-26T02:00:00+03:00,2026-05-26T02:00:00+03:00,171.01,0.0,-106.0,176.1403,Enerji Fazlası
2026-05-26T03:00:00+03:00,2026-05-26T03:00:00+03:00,174.99,0.0,-106.0,180.2397,Enerji Fazlası
2026-05-26T04:00:00+03:00,2026-05-26T04:00:00+03:00,171.01,0.0,-106.0,176.1403,Enerji Fazlası
2026-05-26T05:00:00+03:00,2026-05-26T05:00:00+03:00,171.0,0.0,-106.0,176.13,Enerji Fazlası
2026-05-26T06:00:00+03:00,2026-05-26T06:00:00+03:00,0.0,0.0,-106.0,154.5,Enerji Fazlası
2026-05-26T07:00:00+03:00,2026-05-26T07:00:00+03:00,0.0,0.0,-106.0,154.5,Enerji Fazlası
2026-05-26T08:00:00+03:00,2026-05-26T08:00:00+03:00,0.0,0.0,-106.0,154.5,Enerji Fazlası
2026-05-26T09:00:00+03:00,2026-05-26T09:00:00+03:00,0.0,0.0,-106.0,154.5,Enerji Fazlası
2026-05-26T10:00:00+03:00,2026-05-26T10:00:00+03:00,0.0,0.0,-106.0,154.5,Enerji Fazlası
2026-05-26T11:00:00+03:00,2026-05-26T11:00:00+03:00,0.0,0.0,-106.0,154.5,Enerji Fazlası
2026-05-26T12:00:00+03:00,2026-05-26T12:00:00+03:00,0.0,0.0,-106.0,154.5,Enerji Fazlası
2026-05-26T13:00:00+03:00,2026-05-26T13:00:00+03:00,0.0,0.0,-106.0,154.5,Enerji Fazlası
2026-05-26T14:00:00+03:00,2026-05-26T14:00:00+03:00,0.0,0.0,-106.0,154.5,Enerji Fazlası
2026-05-26T15:00:00+03:00,2026-05-26T15:00:00+03:00,0.0,0.0,-106.0,154.5,Enerji Fazlası
2026-05-26T16:00:00+03:00,2026-05-26T16:00:00+03:00,0.0,0.0,-106.0,154.5,Enerji Fazlası
2026-05-26T17:00:00+03:00,2026-05-26T17:00:00+03:00,0.0,0.0,-106.0,154.5,Enerji Fazlası
2026-05-26T18:00:00+03:00,2026-05-26T18:00:00+03:00,19.99,0.0,-106.0,154.5,Enerji Fazlası
2026-05-26T19:00:00+03:00,2026-05-26T19:00:00+03:00,190.01,1.0,-106.0,195.7103,Enerji Fazlası
2026-05-26T20:00:00+03:00,2026-05-26T20:00:00+03:00,328.01,1.0,-106.0,337.8503,Enerji Fazlası
2026-05-26T21:00:00+03:00,2026-05-26T21:00:00+03:00,315.01,0.0,-106.0,324.4603,Enerji Fazlası
2026-05-26T22:00:00+03:00,2026-05-26T22:00:00+03:00,296.0,1.0,-106.0,304.88,Enerji Fazlası
2026-05-26T23:00:00+03:00,2026-05-26T23:00:00+03:00,175.0,500.0,169.75,530.0,Enerji Açığı
2026-05-27T00:00:00+03:00,2026-05-27T00:00:00+03:00,166.99,800.0,161.9803,848.0,Enerji Açığı
2026-05-27T01:00:00+03:00,2026-05-27T01:00:00+03:00,20.0,171.0,-103.0,181.26,Enerji Açığı
2026-05-27T02:00:00+03:00,2026-05-27T02:00:00+03:00,20.0,20.0,-106.0,154.5,Enerji Fazlası
2026-05-27T03:00:00+03:00,2026-05-27T03:00:00+03:00,128.0,128.0,-106.0,154.5,Enerji Fazlası
2026-05-27T04:00:00+03:00,2026-05-27T04:00:00+03:00,20.0,20.0,-106.0,154.5,Enerji Fazlası
2026-05-27T05:00:00+03:00,2026-05-27T05:00:00+03:00,0.0,177.0,-103.0,187.62,Enerji Açığı
2026-05-27T06:00:00+03:00,2026-05-27T06:00:00+03:00,0.0,0.0,-106.0,154.5,Enerji Fazlası
2026-05-27T07:00:00+03:00,2026-05-27T07:00:00+03:00,0.0,0.0,-106.0,154.5,Enerji Fazlası
2026-05-27T08:00:00+03:00,2026-05-27T08:00:00+03:00,0.0,0.0,-106.0,154.5,Enerji Fazlası
2026-05-27T09:00:00+03:00,2026-05-27T09:00:00+03:00,0.0,0.0,-106.0,154.5,Enerji Fazlası
2026-05-27T10:00:00+03:00,2026-05-27T10:00:00+03:00,0.0,0.0,-106.0,154.5,Enerji Fazlası
2026-05-27T11:00:00+03:00,2026-05-27T11:00:00+03:00,0.0,0.0,-106.0,154.5,Enerji Fazlası
2026-05-27T12:00:00+03:00,2026-05-27T12:00:00+03:00,0.0,0.0,-106.0,154.5,Enerji Fazlası
2026-05-27T13:00:00+03:00,2026-05-27T13:00:00+03:00,0.0,0.0,-106.0,154.5,Enerji Fazlası
2026-05-27T14:00:00+03:00,2026-05-27T14:00:00+03:00,0.0,0.0,-106.0,154.5,Enerji Fazlası
2026-05-27T15:00:00+03:00,2026-05-27T15:00:00+03:00,0.0,0.0,-106.0,154.5,Enerji Fazlası
2026-05-27T16:00:00+03:00,2026-05-27T16:00:00+03:00,0.0,0.0,-106.0,154.5,Enerji Fazlası
2026-05-27T17:00:00+03:00,2026-05-27T17:00:00+03:00,0.0,0.0,-106.0,154.5,Enerji Fazlası
2026-05-27T18:00:00+03:00,2026-05-27T18:00:00+03:00,0.0,300.0,-103.0,318.0,Enerji Açığı
2026-05-27T19:00:00+03:00,2026-05-27T19:00:00+03:00,195.01,195.01,183.3094,200.8603,Enerji Fazlası
2026-05-27T20:00:00+03:00,2026-05-27T20:00:00+03:00,303.99,800.0,294.8703,848.0,Enerji Açığı
2026-05-27T21:00:00+03:00,2026-05-27T21:00:00+03:00,315.01,3950.0,305.5597,4187.0,Enerji Açığı
2026-05-27T22:00:00+03:00,2026-05-27T22:00:00+03:00,300.0,3750.0,291.0,3975.0,Enerji Açığı
2026-05-27T23:00:00+03:00,2026-05-27T23:00:00+03:00,200.01,1290.0,194.0097,1367.4,Enerji Açığı
2026-05-28T00:00:00+03:00,2026-05-28T00:00:00+03:00,488.01,0.0,-106.0,502.6503,Enerji Fazlası
2026-05-28T01:00:00+03:00,2026-05-28T01:00:00+03:00,365.09,1.0,-106.0,376.0427,Enerji Fazlası
2026-05-28T02:00:00+03:00,2026-05-28T02:00:00+03:00,350.0,0.0,-106.0,360.5,Enerji Fazlası
2026-05-28T03:00:00+03:00,2026-05-28T03:00:00+03:00,315.01,0.0,-106.0,324.4603,Enerji Fazlası
2026-05-28T04:00:00+03:00,2026-05-28T04:00:00+03:00,302.99,0.0,-106.0,312.0797,Enerji Fazlası
2026-05-28T05:00:00+03:00,2026-05-28T05:00:00+03:00,300.0,0.0,-106.0,309.0,Enerji Fazlası
2026-05-28T06:00:00+03:00,2026-05-28T06:00:00+03:00,80.0,0.0,-106.0,154.5,Enerji Fazlası
2026-05-28T07:00:00+03:00,2026-05-28T07:00:00+03:00,0.0,0.0,-106.0,154.5,Enerji Fazlası
2026-05-28T08:00:00+03:00,2026-05-28T08:00:00+03:00,0.0,0.0,-106.0,154.5,Enerji Fazlası
2026-05-28T09:00:00+03:00,2026-05-28T09:00:00+03:00,0.0,0.0,-106.0,154.5,Enerji Fazlası
2026-05-28T10:00:00+03:00,2026-05-28T10:00:00+03:00,0.0,0.0,-106.0,154.5,Enerji Fazlası
2026-05-28T11:00:00+03:00,2026-05-28T11:00:00+03:00,0.0,0.0,-106.0,154.5,Enerji Fazlası
2026-05-28T12:00:00+03:00,2026-05-28T12:00:00+03:00,0.0,0.0,-106.0,154.5,Enerji Fazlası
2026-05-28T13:00:00+03:00,2026-05-28T13:00:00+03:00,0.0,0.0,-106.0,154.5,Enerji Fazlası
2026-05-28T14:00:00+03:00,2026-05-28T14:00:00+03:00,0.0,0.0,-106.0,154.5,Enerji Fazlası
2026-05-28T15:00:00+03:00,2026-05-28T15:00:00+03:00,0.0,0.0,-106.0,154.5,Enerji Fazlası
2026-05-28T16:00:00+03:00,2026-05-28T16:00:00+03:00,0.0,0.0,-106.0,154.5,Enerji Fazlası
2026-05-28T17:00:00+03:00,2026-05-28T17:00:00+03:00,0.0,0.0,-106.0,154.5,Enerji Fazlası
2026-05-28T18:00:00+03:00,2026-05-28T18:00:00+03:00,166.99,0.0,-106.0,171.9997,Enerji Fazlası
2026-05-28T19:00:00+03:00,2026-05-28T19:00:00+03:00,219.99,0.0,-106.0,226.5897,Enerji Fazlası
2026-05-28T20:00:00+03:00,2026-05-28T20:00:00+03:00,322.46,0.0,-106.0,332.1338,Enerji Fazlası
2026-05-28T21:00:00+03:00,2026-05-28T21:00:00+03:00,310.01,1.23,-106.0,319.3103,Enerji Fazlası
2026-05-28T22:00:00+03:00,2026-05-28T22:00:00+03:00,250.0,1.0,-106.0,257.5,Enerji Fazlası
2026-05-28T23:00:00+03:00,2026-05-28T23:00:00+03:00,199.01,0.1,-106.0,204.9803,Enerji Fazlası
2026-05-29T00:00:00+03:00,2026-05-29T00:00:00+03:00,196.01,1.0,-106.0,201.8903,Enerji Fazlası
2026-05-29T01:00:00+03:00,2026-05-29T01:00:00+03:00,174.99,0.1,-106.0,180.2397,Enerji Fazlası
2026-05-29T02:00:00+03:00,2026-05-29T02:00:00+03:00,171.01,1.0,-106.0,176.1403,Enerji Fazlası
2026-05-29T03:00:00+03:00,2026-05-29T03:00:00+03:00,170.01,1.0,-106.0,175.1103,Enerji Fazlası
2026-05-29T04:00:00+03:00,2026-05-29T04:00:00+03:00,169.82,0.1,-106.0,174.9146,Enerji Fazlası
2026-05-29T05:00:00+03:00,2026-05-29T05:00:00+03:00,80.0,0.0,-106.0,154.5,Enerji Fazlası
2026-05-29T06:00:00+03:00,2026-05-29T06:00:00+03:00,0.0,0.0,-106.0,154.5,Enerji Fazlası
2026-05-29T07:00:00+03:00,2026-05-29T07:00:00+03:00,0.0,0.0,-106.0,154.5,Enerji Fazlası
2026-05-29T08:00:00+03:00,2026-05-29T08:00:00+03:00,0.0,0.0,-106.0,154.5,Enerji Fazlası
2026-05-29T09:00:00+03:00,2026-05-29T09:00:00+03:00,0.0,0.0,-106.0,154.5,Enerji Fazlası
2026-05-29T10:00:00+03:00,2026-05-29T10:00:00+03:00,0.0,0.0,-106.0,154.5,Enerji Fazlası
2026-05-29T11:00:00+03:00,2026-05-29T11:00:00+03:00,0.0,0.0,-106.0,154.5,Enerji Fazlası
2026-05-29T12:00:00+03:00,2026-05-29T12:00:00+03:00,0.0,0.0,-106.0,154.5,Enerji Fazlası
2026-05-29T13:00:00+03:00,2026-05-29T13:00:00+03:00,0.0,0.0,-106.0,154.5,Enerji Fazlası
2026-05-29T14:00:00+03:00,2026-05-29T14:00:00+03:00,0.0,0.0,-106.0,154.5,Enerji Fazlası
2026-05-29T15:00:00+03:00,2026-05-29T15:00:00+03:00,0.0,0.0,-106.0,154.5,Enerji Fazlası
2026-05-29T16:00:00+03:00,2026-05-29T16:00:00+03:00,0.0,0.0,-106.0,154.5,Enerji Fazlası
2026-05-29T17:00:00+03:00,2026-05-29T17:00:00+03:00,0.0,0.0,-106.0,154.5,Enerji Fazlası
2026-05-29T18:00:00+03:00,2026-05-29T18:00:00+03:00,0.0,0.0,-106.0,154.5,Enerji Fazlası
2026-05-29T19:00:00+03:00,2026-05-29T19:00:00+03:00,170.0,333.0,164.9,352.98,Enerji Açığı
2026-05-29T20:00:00+03:00,2026-05-29T20:00:00+03:00,189.99,800.0,184.2903,848.0,Enerji Açığı
2026-05-29T21:00:00+03:00,2026-05-29T21:00:00+03:00,199.0,300.0,193.03,318.0,Enerji Açığı
2026-05-29T22:00:00+03:00,2026-05-29T22:00:00+03:00,190.0,1.23,-106.0,195.7,Enerji Fazlası
2026-05-29T23:00:00+03:00,2026-05-29T23:00:00+03:00,171.01,1.0,-106.0,176.1403,Enerji Fazlası
2026-05-30T00:00:00+03:00,2026-05-30T00:00:00+03:00,171.0,800.0,165.87,848.0,Enerji Açığı
2026-05-30T01:00:00+03:00,2026-05-30T01:00:00+03:00,165.0,750.0,160.05,795.0,Enerji Açığı
2026-05-30T02:00:00+03:00,2026-05-30T02:00:00+03:00,167.0,1.0,-106.0,172.01,Enerji Fazlası
2026-05-30T03:00:00+03:00,2026-05-30T03:00:00+03:00,120.01,3.0,-106.0,154.5,Enerji Fazlası
2026-05-30T04:00:00+03:00,2026-05-30T04:00:00+03:00,149.99,3.0,-106.0,154.5,Enerji Fazlası
2026-05-30T05:00:00+03:00,2026-05-30T05:00:00+03:00,99.99,1.0,-106.0,154.5,Enerji Fazlası
2026-05-30T06:00:00+03:00,2026-05-30T06:00:00+03:00,0.0,0.0,-106.0,154.5,Enerji Fazlası
2026-05-30T07:00:00+03:00,2026-05-30T07:00:00+03:00,0.0,0.0,-106.0,154.5,Enerji Fazlası
2026-05-30T08:00:00+03:00,2026-05-30T08:00:00+03:00,0.0,0.0,-106.0,154.5,Enerji Fazlası
2026-05-30T09:00:00+03:00,2026-05-30T09:00:00+03:00,0.0,0.0,-106.0,154.5,Enerji Fazlası
2026-05-30T10:00:00+03:00,2026-05-30T10:00:00+03:00,0.0,0.0,-106.0,154.5,Enerji Fazlası
2026-05-30T11:00:00+03:00,2026-05-30T11:00:00+03:00,0.0,0.0,-106.0,154.5,Enerji Fazlası
2026-05-30T12:00:00+03:00,2026-05-30T12:00:00+03:00,0.0,0.0,-106.0,154.5,Enerji Fazlası
2026-05-30T13:00:00+03:00,2026-05-30T13:00:00+03:00,0.0,0.0,-106.0,154.5,Enerji Fazlası
2026-05-30T14:00:00+03:00,2026-05-30T14:00:00+03:00,0.0,0.0,-106.0,154.5,Enerji Fazlası
2026-05-30T15:00:00+03:00,2026-05-30T15:00:00+03:00,0.0,0.0,-106.0,154.5,Enerji Fazlası
2026-05-30T16:00:00+03:00,2026-05-30T16:00:00+03:00,0.0,0.0,-106.0,154.5,Enerji Fazlası
2026-05-30T17:00:00+03:00,2026-05-30T17:00:00+03:00,0.0,0.0,-106.0,154.5,Enerji Fazlası
2026-05-30T18:00:00+03:00,2026-05-30T18:00:00+03:00,19.0,0.0,-106.0,154.5,Enerji Fazlası
2026-05-30T19:00:00+03:00,2026-05-30T19:00:00+03:00,300.0,800.0,291.0,848.0,Enerji Açığı
2026-05-30T20:00:00+03:00,2026-05-30T20:00:00+03:00,599.99,3950.0,581.9903,4187.0,Enerji Açığı
2026-05-30T21:00:00+03:00,2026-05-30T21:00:00+03:00,800.0,4200.0,776.0,4452.0,Enerji Açığı
2026-05-30T22:00:00+03:00,2026-05-30T22:00:00+03:00,500.83,2600.0,485.8051,2756.0,Enerji Açığı
2026-05-30T23:00:00+03:00,2026-05-30T23:00:00+03:00,328.01,328.01,318.1697,347.6906,Enerji Açığı
2026-05-31T00:00:00+03:00,2026-05-31T00:00:00+03:00,349.99,0.0,-106.0,360.4897,Enerji Fazlası
2026-05-31T01:00:00+03:00,2026-05-31T01:00:00+03:00,328.01,0.0,-106.0,337.8503,Enerji Fazlası
2026-05-31T02:00:00+03:00,2026-05-31T02:00:00+03:00,315.01,0.0,-106.0,324.4603,Enerji Fazlası
2026-05-31T03:00:00+03:00,2026-05-31T03:00:00+03:00,300.0,0.0,-106.0,309.0,Enerji Fazlası
2026-05-31T04:00:00+03:00,2026-05-31T04:00:00+03:00,250.01,0.0,-106.0,257.5103,Enerji Fazlası
2026-05-31T05:00:00+03:00,2026-05-31T05:00:00+03:00,230.01,0.0,-106.0,236.9103,Enerji Fazlası
2026-05-31T06:00:00+03:00,2026-05-31T06:00:00+03:00,30.01,800.0,-103.0,848.0,Enerji Açığı
2026-05-31T07:00:00+03:00,2026-05-31T07:00:00+03:00,0.0,0.0,-106.0,154.5,Enerji Fazlası
2026-05-31T08:00:00+03:00,2026-05-31T08:00:00+03:00,0.0,0.0,-106.0,154.5,Enerji Fazlası
2026-05-31T09:00:00+03:00,2026-05-31T09:00:00+03:00,0.0,0.0,-106.0,154.5,Enerji Fazlası
2026-05-31T10:00:00+03:00,2026-05-31T10:00:00+03:00,0.0,0.0,-106.0,154.5,Enerji Fazlası
2026-05-31T11:00:00+03:00,2026-05-31T11:00:00+03:00,0.0,0.0,-106.0,154.5,Enerji Fazlası
2026-05-31T12:00:00+03:00,2026-05-31T12:00:00+03:00,0.0,0.0,-106.0,154.5,Enerji Fazlası
2026-05-31T13:00:00+03:00,2026-05-31T13:00:00+03:00,0.0,0.0,-106.0,154.5,Enerji Fazlası
2026-05-31T14:00:00+03:00,2026-05-31T14:00:00+03:00,0.0,0.0,-106.0,154.5,Enerji Fazlası
2026-05-31T15:00:00+03:00,2026-05-31T15:00:00+03:00,0.0,0.0,-106.0,154.5,Enerji Fazlası
2026-05-31T16:00:00+03:00,2026-05-31T16:00:00+03:00,0.0,0.0,-106.0,154.5,Enerji Fazlası
2026-05-31T17:00:00+03:00,2026-05-31T17:00:00+03:00,18.99,0.0,-106.0,154.5,Enerji Fazlası
2026-05-31T18:00:00+03:00,2026-05-31T18:00:00+03:00,249.99,800.0,242.4903,848.0,Enerji Açığı
2026-05-31T19:00:00+03:00,2026-05-31T19:00:00+03:00,1274.99,4440.0,1236.7403,4706.4,Enerji Açığı
2026-05-31T20:00:00+03:00,2026-05-31T20:00:00+03:00,4300.0,4440.0,4171.0,4706.4,Enerji Açığı
2026-05-31T21:00:00+03:00,2026-05-31T21:00:00+03:00,4300.01,4445.0,4171.0097,4711.7,Enerji Açığı
2026-05-31T22:00:00+03:00,2026-05-31T22:00:00+03:00,4300.0,4445.0,4171.0,4711.7,Enerji Açığı
2026-05-31T23:00:00+03:00,2026-05-31T23:00:00+03:00,1849.99,3950.0,1794.4903,4187.0,Enerji Açığı
2026-06-01T00:00:00+03:00,2026-06-01T00:00:00+03:00,456.0,2000.0,442.32,2120.0,Enerji Açığı
2026-06-01T01:00:00+03:00,2026-06-01T01:00:00+03:00,350.0,5.0,-106.0,360.5,Enerji Fazlası
2026-06-01T02:00:00+03:00,2026-06-01T02:00:00+03:00,322.99,1.0,-106.0,332.6797,Enerji Fazlası
2026-06-01T03:00:00+03:00,2026-06-01T03:00:00+03:00,340.0,1.0,-106.0,350.2,Enerji Fazlası
2026-06-01T04:00:00+03:00,2026-06-01T04:00:00+03:00,349.68,0.1,-106.0,360.1704,Enerji Fazlası
2026-06-01T05:00:00+03:00,2026-06-01T05:00:00+03:00,327.0,0.0,-106.0,336.81,Enerji Fazlası
2026-06-01T06:00:00+03:00,2026-06-01T06:00:00+03:00,200.0,0.0,-106.0,206.0,Enerji Fazlası
2026-06-01T07:00:00+03:00,2026-06-01T07:00:00+03:00,169.9,1.0,-106.0,174.997,Enerji Fazlası
2026-06-01T08:00:00+03:00,2026-06-01T08:00:00+03:00,169.01,1.0,-106.0,174.0803,Enerji Fazlası
2026-06-01T09:00:00+03:00,2026-06-01T09:00:00+03:00,45.0,3.0,-106.0,154.5,Enerji Fazlası
2026-06-01T10:00:00+03:00,2026-06-01T10:00:00+03:00,0.0,0.0,-106.0,154.5,Enerji Fazlası
2026-06-01T11:00:00+03:00,2026-06-01T11:00:00+03:00,55.0,0.0,-106.0,154.5,Enerji Fazlası
2026-06-01T12:00:00+03:00,2026-06-01T12:00:00+03:00,0.0,0.0,-106.0,154.5,Enerji Fazlası
2026-06-01T13:00:00+03:00,2026-06-01T13:00:00+03:00,60.0,0.0,-106.0,154.5,Enerji Fazlası
2026-06-01T14:00:00+03:00,2026-06-01T14:00:00+03:00,171.01,800.0,165.8797,848.0,Enerji Açığı
2026-06-01T15:00:00+03:00,2026-06-01T15:00:00+03:00,199.99,3.0,-106.0,205.9897,Enerji Fazlası
2026-06-01T16:00:00+03:00,2026-06-01T16:00:00+03:00,343.0,3.0,-106.0,353.29,Enerji Fazlası
2026-06-01T17:00:00+03:00,2026-06-01T17:00:00+03:00,1500.0,10.0,-106.0,1545.0,Enerji Fazlası
2026-06-01T18:00:00+03:00,2026-06-01T18:00:00+03:00,4300.0,2801.0,2632.94,4429.0,Enerji Fazlası
2026-06-01T19:00:00+03:00,2026-06-01T19:00:00+03:00,4400.01,2801.0,2632.94,4532.0103,Enerji Fazlası
2026-06-01T20:00:00+03:00,2026-06-01T20:00:00+03:00,4500.0,4500.0,4365.0,5008.5,Enerji Açığı
2026-06-01T21:00:00+03:00,2026-06-01T21:00:00+03:00,4300.01,4450.0,4171.0097,4717.0,Enerji Açığı
2026-06-01T22:00:00+03:00,2026-06-01T22:00:00+03:00,4099.99,4099.99,3976.9903,4345.9894,Enerji Açığı
2026-06-01T23:00:00+03:00,2026-06-01T23:00:00+03:00,4500.0,2801.0,2632.94,4866.75,Enerji Fazlası
2026-06-02T00:00:00+03:00,2026-06-02T00:00:00+03:00,2699.99,3800.0,2618.9903,4028.0,Enerji Açığı
2026-06-02T01:00:00+03:00,2026-06-02T01:00:00+03:00,1800.0,580.0,545.2,1854.0,Enerji Fazlası
2026-06-02T02:00:00+03:00,2026-06-02T02:00:00+03:00,2165.61,3950.0,2100.6417,4187.0,Enerji Açığı
2026-06-02T03:00:00+03:00,2026-06-02T03:00:00+03:00,3199.99,580.0,545.2,3295.9897,Enerji Fazlası
2026-06-02T04:00:00+03:00,2026-06-02T04:00:00+03:00,3590.01,580.0,545.2,3697.7103,Enerji Fazlası
2026-06-02T05:00:00+03:00,2026-06-02T05:00:00+03:00,2234.99,699.99,657.9906,2302.0397,Enerji Fazlası
2026-06-02T06:00:00+03:00,2026-06-02T06:00:00+03:00,399.99,151.0,141.94,411.9897,Enerji Fazlası
2026-06-02T07:00:00+03:00,2026-06-02T07:00:00+03:00,200.01,1.0,-106.0,206.0103,Enerji Fazlası
2026-06-02T08:00:00+03:00,2026-06-02T08:00:00+03:00,171.01,3.0,-106.0,176.1403,Enerji Fazlası
2026-06-02T09:00:00+03:00,2026-06-02T09:00:00+03:00,169.91,1.0,-106.0,175.0073,Enerji Fazlası
2026-06-02T10:00:00+03:00,2026-06-02T10:00:00+03:00,95.01,0.0,-106.0,154.5,Enerji Fazlası
2026-06-02T11:00:00+03:00,2026-06-02T11:00:00+03:00,100.06,0.0,-106.0,154.5,Enerji Fazlası
2026-06-02T12:00:00+03:00,2026-06-02T12:00:00+03:00,0.0,0.0,-106.0,154.5,Enerji Fazlası
2026-06-02T13:00:00+03:00,2026-06-02T13:00:00+03:00,60.0,0.0,-106.0,154.5,Enerji Fazlası
2026-06-02T14:00:00+03:00,2026-06-02T14:00:00+03:00,171.0,171.0,160.74,176.13,Enerji Fazlası
2026-06-02T15:00:00+03:00,2026-06-02T15:00:00+03:00,195.01,305.0,189.1597,323.3,Enerji Açığı
2026-06-02T16:00:00+03:00,2026-06-02T16:00:00+03:00,315.0,151.0,141.94,324.45,Enerji Fazlası
2026-06-02T17:00:00+03:00,2026-06-02T17:00:00+03:00,1000.03,3100.0,970.0291,3286.0,Enerji Açığı
2026-06-02T18:00:00+03:00,2026-06-02T18:00:00+03:00,2124.99,3950.0,2061.2403,4187.0,Enerji Açığı
2026-06-02T19:00:00+03:00,2026-06-02T19:00:00+03:00,4000.0,4000.0,3880.0,4240.0,Enerji Açığı
2026-06-02T20:00:00+03:00,2026-06-02T20:00:00+03:00,4449.01,4449.01,4315.5397,4715.9506,Enerji Açığı
2026-06-02T21:00:00+03:00,2026-06-02T21:00:00+03:00,4300.01,4300.01,4171.0097,4558.0106,Enerji Açığı
2026-06-02T22:00:00+03:00,2026-06-02T22:00:00+03:00,4100.01,4140.0,3977.0097,4388.4,Enerji Açığı
2026-06-02T23:00:00+03:00,2026-06-02T23:00:00+03:00,2249.99,4140.0,2182.4903,4388.4,Enerji Açığı
2026-06-03T00:00:00+03:00,2026-06-03T00:00:00+03:00,2224.1,2224.1,2157.377,2357.546,Enerji Açığı
2026-06-03T01:00:00+03:00,2026-06-03T01:00:00+03:00,900.0,3400.0,873.0,3604.0,Enerji Açığı
2026-06-03T02:00:00+03:00,2026-06-03T02:00:00+03:00,327.01,3300.0,317.1997,3498.0,Enerji Açığı
2026-06-03T03:00:00+03:00,2026-06-03T03:00:00+03:00,300.0,1340.0,291.0,1420.4,Enerji Açığı
2026-06-03T04:00:00+03:00,2026-06-03T04:00:00+03:00,299.99,1.0,-106.0,308.9897,Enerji Fazlası
2026-06-03T05:00:00+03:00,2026-06-03T05:00:00+03:00,210.67,3.0,-106.0,216.9901,Enerji Fazlası
2026-06-03T06:00:00+03:00,2026-06-03T06:00:00+03:00,171.0,6.0,-106.0,176.13,Enerji Fazlası
2026-06-03T07:00:00+03:00,2026-06-03T07:00:00+03:00,35.01,1.23,-106.0,154.5,Enerji Fazlası
2026-06-03T08:00:00+03:00,2026-06-03T08:00:00+03:00,170.0,550.0,164.9,583.0,Enerji Açığı
2026-06-03T09:00:00+03:00,2026-06-03T09:00:00+03:00,99.47,,,,
2026-06-03T10:00:00+03:00,2026-06-03T10:00:00+03:00,19.01,,,,
2026-06-03T11:00:00+03:00,2026-06-03T11:00:00+03:00,55.01,,,,
2026-06-03T12:00:00+03:00,2026-06-03T12:00:00+03:00,0.0,,,,
2026-06-03T13:00:00+03:00,2026-06-03T13:00:00+03:00,60.0,,,,
2026-06-03T14:00:00+03:00,2026-06-03T14:00:00+03:00,169.9,,,,
2026-06-03T15:00:00+03:00,2026-06-03T15:00:00+03:00,171.0,,,,
2026-06-03T16:00:00+03:00,2026-06-03T16:00:00+03:00,250.0,,,,
2026-06-03T17:00:00+03:00,2026-06-03T17:00:00+03:00,600.0,,,,
2026-06-03T18:00:00+03:00,2026-06-03T18:00:00+03:00,1200.01,,,,
2026-06-03T19:00:00+03:00,2026-06-03T19:00:00+03:00,3599.99,,,,
2026-06-03T20:00:00+03:00,2026-06-03T20:00:00+03:00,4245.01,,,,
2026-06-03T21:00:00+03:00,2026-06-03T21:00:00+03:00,4100.01,,,,
2026-06-03T22:00:00+03:00,2026-06-03T22:00:00+03:00,3023.61,,,,
2026-06-03T23:00:00+03:00,2026-06-03T23:00:00+03:00,1200.01,,,,
2026-06-04T00:00:00+03:00,2026-06-04T00:00:00+03:00,1490.0,100.0,-106.0,1534.7,Enerji Fazlası
2026-06-04T01:00:00+03:00,2026-06-04T01:00:00+03:00,702.01,90.0,-106.0,723.0703,Enerji Fazlası
2026-06-04T02:00:00+03:00,2026-06-04T02:00:00+03:00,699.99,1.0,-106.0,720.9897,Enerji Fazlası
2026-06-04T03:00:00+03:00,2026-06-04T03:00:00+03:00,999.97,300.0,282.0,1029.9691,Enerji Fazlası
2026-06-04T04:00:00+03:00,2026-06-04T04:00:00+03:00,999.97,151.0,141.94,1029.9691,Enerji Fazlası
2026-06-04T05:00:00+03:00,2026-06-04T05:00:00+03:00,999.01,200.0,188.0,1028.9803,Enerji Fazlası
2026-06-04T06:00:00+03:00,2026-06-04T06:00:00+03:00,300.0,1.0,-106.0,309.0,Enerji Fazlası
2026-06-04T07:00:00+03:00,2026-06-04T07:00:00+03:00,189.99,0.0,-106.0,195.6897,Enerji Fazlası
2026-06-04T08:00:00+03:00,2026-06-04T08:00:00+03:00,200.01,6.0,-106.0,206.0103,Enerji Fazlası
2026-06-04T09:00:00+03:00,2026-06-04T09:00:00+03:00,175.0,175.0,164.5,180.25,Enerji Fazlası
2026-06-04T10:00:00+03:00,2026-06-04T10:00:00+03:00,171.0,0.0,-106.0,176.13,Enerji Fazlası
2026-06-04T11:00:00+03:00,2026-06-04T11:00:00+03:00,171.0,6.0,-106.0,176.13,Enerji Fazlası
2026-06-04T12:00:00+03:00,2026-06-04T12:00:00+03:00,19.99,1.0,-106.0,154.5,Enerji Fazlası
2026-06-04T13:00:00+03:00,2026-06-04T13:00:00+03:00,171.01,40.0,-106.0,176.1403,Enerji Fazlası
2026-06-04T14:00:00+03:00,2026-06-04T14:00:00+03:00,180.01,550.0,174.6097,583.0,Enerji Açığı
2026-06-04T15:00:00+03:00,2026-06-04T15:00:00+03:00,196.01,25.0,-106.0,201.8903,Enerji Fazlası
2026-06-04T16:00:00+03:00,2026-06-04T16:00:00+03:00,261.01,800.0,253.1797,848.0,Enerji Açığı
2026-06-04T17:00:00+03:00,2026-06-04T17:00:00+03:00,1000.0,3400.0,970.0,3604.0,Enerji Açığı
2026-06-04T18:00:00+03:00,2026-06-04T18:00:00+03:00,2249.99,3950.0,2182.4903,4187.0,Enerji Açığı
2026-06-04T19:00:00+03:00,2026-06-04T19:00:00+03:00,3609.99,4447.0,3501.6903,4713.82,Enerji Açığı
2026-06-04T20:00:00+03:00,2026-06-04T20:00:00+03:00,4294.77,4450.0,4165.9269,4717.0,Enerji Açığı
2026-06-04T21:00:00+03:00,2026-06-04T21:00:00+03:00,4244.76,4498.0,4117.4172,4767.88,Enerji Açığı
2026-06-04T22:00:00+03:00,2026-06-04T22:00:00+03:00,3599.99,4450.0,3491.9903,4717.0,Enerji Açığı
2026-06-04T23:00:00+03:00,2026-06-04T23:00:00+03:00,1475.99,4200.0,1431.7103,4452.0,Enerji Açığı
2026-06-05T00:00:00+03:00,2026-06-05T00:00:00+03:00,3200.0,4300.0,3104.0,4558.0,Enerji Açığı
2026-06-05T01:00:00+03:00,2026-06-05T01:00:00+03:00,1899.99,4300.0,1842.9903,4558.0,Enerji Açığı
2026-06-05T02:00:00+03:00,2026-06-05T02:00:00+03:00,994.82,4090.0,964.9754,4335.4,Enerji Açığı
2026-06-05T03:00:00+03:00,2026-06-05T03:00:00+03:00,1000.0,3500.0,970.0,3710.0,Enerji Açığı
2026-06-05T04:00:00+03:00,2026-06-05T04:00:00+03:00,1900.0,3750.0,1843.0,3975.0,Enerji Açığı
2026-06-05T05:00:00+03:00,2026-06-05T05:00:00+03:00,1295.01,3600.0,1256.1597,3816.0,Enerji Açığı
2026-06-05T06:00:00+03:00,2026-06-05T06:00:00+03:00,899.99,899.99,845.9906,926.9897,Enerji Fazlası
2026-06-05T07:00:00+03:00,2026-06-05T07:00:00+03:00,599.0,100.0,-106.0,616.97,Enerji Fazlası
2026-06-05T08:00:00+03:00,2026-06-05T08:00:00+03:00,745.01,3600.0,722.6597,3816.0,Enerji Açığı
2026-06-05T09:00:00+03:00,2026-06-05T09:00:00+03:00,598.99,2499.0,581.0203,2648.94,Enerji Açığı
2026-06-05T10:00:00+03:00,2026-06-05T10:00:00+03:00,300.01,300.01,291.0097,318.0106,Enerji Açığı
2026-06-05T11:00:00+03:00,2026-06-05T11:00:00+03:00,320.01,151.0,141.94,329.6103,Enerji Fazlası
2026-06-05T12:00:00+03:00,2026-06-05T12:00:00+03:00,200.01,1.0,-106.0,206.0103,Enerji Fazlası
2026-06-05T13:00:00+03:00,2026-06-05T13:00:00+03:00,249.01,1.0,-106.0,256.4803,Enerji Fazlası
2026-06-05T14:00:00+03:00,2026-06-05T14:00:00+03:00,598.99,3600.0,581.0203,3816.0,Enerji Açığı
2026-06-05T15:00:00+03:00,2026-06-05T15:00:00+03:00,656.0,3600.0,636.32,3816.0,Enerji Açığı
2026-06-05T16:00:00+03:00,2026-06-05T16:00:00+03:00,1400.01,4200.0,1358.0097,4452.0,Enerji Açığı
2026-06-05T17:00:00+03:00,2026-06-05T17:00:00+03:00,3190.01,4300.0,3094.3097,4558.0,Enerji Açığı
2026-06-05T18:00:00+03:00,2026-06-05T18:00:00+03:00,2765.43,4447.0,2682.4671,4713.82,Enerji Açığı
2026-06-05T19:00:00+03:00,2026-06-05T19:00:00+03:00,3845.39,4447.0,3730.0283,4713.82,Enerji Açığı
2026-06-05T20:00:00+03:00,2026-06-05T20:00:00+03:00,4222.06,1501.0,1410.94,4348.7218,Enerji Fazlası
2026-06-05T21:00:00+03:00,2026-06-05T21:00:00+03:00,3995.0,1501.0,1410.94,4114.85,Enerji Fazlası
2026-06-05T22:00:00+03:00,2026-06-05T22:00:00+03:00,2799.0,1001.0,940.94,2882.97,Enerji Fazlası
2026-06-05T23:00:00+03:00,2026-06-05T23:00:00+03:00,2224.1,3950.0,2157.377,4187.0,Enerji Açığı
2026-06-06T00:00:00+03:00,2026-06-06T00:00:00+03:00,4052.58,699.98,657.9812,4174.1574,Enerji Fazlası
2026-06-06T01:00:00+03:00,2026-06-06T01:00:00+03:00,2600.01,680.0,639.2,2678.0103,Enerji Fazlası
2026-06-06T02:00:00+03:00,2026-06-06T02:00:00+03:00,799.75,12.0,-106.0,823.7425,Enerji Fazlası
2026-06-06T03:00:00+03:00,2026-06-06T03:00:00+03:00,1841.49,12.0,-106.0,1896.7347,Enerji Fazlası
2026-06-06T04:00:00+03:00,2026-06-06T04:00:00+03:00,2224.1,20.0,-106.0,2290.823,Enerji Fazlası
2026-06-06T05:00:00+03:00,2026-06-06T05:00:00+03:00,1300.02,10.0,-106.0,1339.0206,Enerji Fazlası
2026-06-06T06:00:00+03:00,2026-06-06T06:00:00+03:00,312.4,1.0,-106.0,321.772,Enerji Fazlası
2026-06-06T07:00:00+03:00,2026-06-06T07:00:00+03:00,200.0,0.1,-106.0,206.0,Enerji Fazlası
2026-06-06T08:00:00+03:00,2026-06-06T08:00:00+03:00,199.29,0.0,-106.0,205.2687,Enerji Fazlası
2026-06-06T09:00:00+03:00,2026-06-06T09:00:00+03:00,176.04,1.0,-106.0,181.3212,Enerji Fazlası
2026-06-06T10:00:00+03:00,2026-06-06T10:00:00+03:00,171.0,0.0,-106.0,176.13,Enerji Fazlası
2026-06-06T11:00:00+03:00,2026-06-06T11:00:00+03:00,171.0,0.0,-106.0,176.13,Enerji Fazlası
2026-06-06T12:00:00+03:00,2026-06-06T12:00:00+03:00,97.01,0.0,-106.0,154.5,Enerji Fazlası
2026-06-06T13:00:00+03:00,2026-06-06T13:00:00+03:00,171.0,178.0,165.87,188.68,Enerji Açığı
2026-06-06T14:00:00+03:00,2026-06-06T14:00:00+03:00,172.99,3600.0,167.8003,3816.0,Enerji Açığı
2026-06-06T15:00:00+03:00,2026-06-06T15:00:00+03:00,189.99,3600.0,184.2903,3816.0,Enerji Açığı
2026-06-06T16:00:00+03:00,2026-06-06T16:00:00+03:00,205.0,3600.0,198.85,3816.0,Enerji Açığı
2026-06-06T17:00:00+03:00,2026-06-06T17:00:00+03:00,599.0,2071.9,581.03,2196.214,Enerji Açığı
2026-06-06T18:00:00+03:00,2026-06-06T18:00:00+03:00,999.98,3800.0,969.9806,4028.0,Enerji Açığı
2026-06-06T19:00:00+03:00,2026-06-06T19:00:00+03:00,2429.99,2429.99,2357.0903,2575.7894,Enerji Açığı
2026-06-06T20:00:00+03:00,2026-06-06T20:00:00+03:00,3845.4,699.99,657.9906,3960.762,Enerji Fazlası
2026-06-06T21:00:00+03:00,2026-06-06T21:00:00+03:00,3699.99,3950.0,3588.9903,4187.0,Enerji Açığı
2026-06-06T22:00:00+03:00,2026-06-06T22:00:00+03:00,1799.99,4200.0,1745.9903,4452.0,Enerji Açığı
2026-06-06T23:00:00+03:00,2026-06-06T23:00:00+03:00,1400.01,3950.0,1358.0097,4187.0,Enerji Açığı
2026-06-07T00:00:00+03:00,2026-06-07T00:00:00+03:00,999.98,3600.0,969.9806,3816.0,Enerji Açığı
2026-06-07T01:00:00+03:00,2026-06-07T01:00:00+03:00,365.09,800.0,354.1373,848.0,Enerji Açığı
2026-06-07T02:00:00+03:00,2026-06-07T02:00:00+03:00,300.0,100.0,-106.0,309.0,Enerji Fazlası
2026-06-07T03:00:00+03:00,2026-06-07T03:00:00+03:00,303.99,2897.0,294.8703,3070.82,Enerji Açığı
2026-06-07T04:00:00+03:00,2026-06-07T04:00:00+03:00,329.99,2280.05,320.0903,2416.853,Enerji Açığı
2026-06-07T05:00:00+03:00,2026-06-07T05:00:00+03:00,299.99,800.0,290.9903,848.0,Enerji Açığı
2026-06-07T06:00:00+03:00,2026-06-07T06:00:00+03:00,172.99,1.0,-106.0,178.1797,Enerji Fazlası
2026-06-07T07:00:00+03:00,2026-06-07T07:00:00+03:00,0.0,0.0,-106.0,154.5,Enerji Fazlası
2026-06-07T08:00:00+03:00,2026-06-07T08:00:00+03:00,0.0,0.0,-106.0,154.5,Enerji Fazlası
2026-06-07T09:00:00+03:00,2026-06-07T09:00:00+03:00,0.0,0.0,-106.0,154.5,Enerji Fazlası
2026-06-07T10:00:00+03:00,2026-06-07T10:00:00+03:00,0.0,0.0,-106.0,154.5,Enerji Fazlası
2026-06-07T11:00:00+03:00,2026-06-07T11:00:00+03:00,0.0,0.0,-106.0,154.5,Enerji Fazlası
2026-06-07T12:00:00+03:00,2026-06-07T12:00:00+03:00,0.0,0.0,-106.0,154.5,Enerji Fazlası
2026-06-07T13:00:00+03:00,2026-06-07T13:00:00+03:00,0.0,0.0,-106.0,154.5,Enerji Fazlası
2026-06-07T14:00:00+03:00,2026-06-07T14:00:00+03:00,0.0,0.0,-106.0,154.5,Enerji Fazlası
2026-06-07T15:00:00+03:00,2026-06-07T15:00:00+03:00,0.0,0.0,-106.0,154.5,Enerji Fazlası
2026-06-07T16:00:00+03:00,2026-06-07T16:00:00+03:00,0.0,0.0,-106.0,154.5,Enerji Fazlası
2026-06-07T17:00:00+03:00,2026-06-07T17:00:00+03:00,171.0,1.23,-106.0,176.13,Enerji Fazlası
2026-06-07T18:00:00+03:00,2026-06-07T18:00:00+03:00,207.01,1.23,-106.0,213.2203,Enerji Fazlası
2026-06-07T19:00:00+03:00,2026-06-07T19:00:00+03:00,699.99,3800.0,678.9903,4028.0,Enerji Açığı
2026-06-07T20:00:00+03:00,2026-06-07T20:00:00+03:00,2700.0,3800.0,2619.0,4028.0,Enerji Açığı
2026-06-07T21:00:00+03:00,2026-06-07T21:00:00+03:00,1649.99,3800.0,1600.4903,4028.0,Enerji Açığı
2026-06-07T22:00:00+03:00,2026-06-07T22:00:00+03:00,800.0,3600.0,776.0,3816.0,Enerji Açığı
2026-06-07T23:00:00+03:00,2026-06-07T23:00:00+03:00,315.01,10.0,-106.0,324.4603,Enerji Fazlası
2026-06-08T00:00:00+03:00,2026-06-08T00:00:00+03:00,600.0,1.0,-106.0,618.0,Enerji Fazlası
2026-06-08T01:00:00+03:00,2026-06-08T01:00:00+03:00,315.01,1.0,-106.0,324.4603,Enerji Fazlası
2026-06-08T02:00:00+03:00,2026-06-08T02:00:00+03:00,299.99,0.0,-106.0,308.9897,Enerji Fazlası
2026-06-08T03:00:00+03:00,2026-06-08T03:00:00+03:00,250.0,1.0,-106.0,257.5,Enerji Fazlası
2026-06-08T04:00:00+03:00,2026-06-08T04:00:00+03:00,250.0,1.0,-106.0,257.5,Enerji Fazlası
2026-06-08T05:00:00+03:00,2026-06-08T05:00:00+03:00,200.0,1.0,-106.0,206.0,Enerji Fazlası
2026-06-08T06:00:00+03:00,2026-06-08T06:00:00+03:00,171.0,1.0,-106.0,176.13,Enerji Fazlası
2026-06-08T07:00:00+03:00,2026-06-08T07:00:00+03:00,170.0,1.0,-106.0,175.1,Enerji Fazlası
2026-06-08T08:00:00+03:00,2026-06-08T08:00:00+03:00,198.85,1800.0,192.8845,1908.0,Enerji Açığı
2026-06-08T09:00:00+03:00,2026-06-08T09:00:00+03:00,180.01,3498.0,174.6097,3707.88,Enerji Açığı
2026-06-08T10:00:00+03:00,2026-06-08T10:00:00+03:00,171.01,2280.05,165.8797,2416.853,Enerji Açığı
2026-06-08T11:00:00+03:00,2026-06-08T11:00:00+03:00,171.0,2900.0,165.87,3074.0,Enerji Açığı
2026-06-08T12:00:00+03:00,2026-06-08T12:00:00+03:00,120.01,11.0,-106.0,154.5,Enerji Fazlası
2026-06-08T13:00:00+03:00,2026-06-08T13:00:00+03:00,171.0,800.0,165.87,848.0,Enerji Açığı
2026-06-08T14:00:00+03:00,2026-06-08T14:00:00+03:00,196.01,3498.0,190.1297,3707.88,Enerji Açığı
2026-06-08T15:00:00+03:00,2026-06-08T15:00:00+03:00,200.01,3000.0,194.0097,3180.0,Enerji Açığı
2026-06-08T16:00:00+03:00,2026-06-08T16:00:00+03:00,303.99,3500.0,294.8703,3710.0,Enerji Açığı
2026-06-08T17:00:00+03:00,2026-06-08T17:00:00+03:00,600.0,3800.0,582.0,4028.0,Enerji Açığı
2026-06-08T18:00:00+03:00,2026-06-08T18:00:00+03:00,999.97,4000.0,969.9709,4240.0,Enerji Açığı
2026-06-08T19:00:00+03:00,2026-06-08T19:00:00+03:00,2037.0,4450.0,1975.89,4717.0,Enerji Açığı
2026-06-08T20:00:00+03:00,2026-06-08T20:00:00+03:00,3845.39,4450.0,3730.0283,4717.0,Enerji Açığı
2026-06-08T21:00:00+03:00,2026-06-08T21:00:00+03:00,3600.0,4450.0,3492.0,4717.0,Enerji Açığı
2026-06-08T22:00:00+03:00,2026-06-08T22:00:00+03:00,1799.99,4200.0,1745.9903,4452.0,Enerji Açığı
2026-06-08T23:00:00+03:00,2026-06-08T23:00:00+03:00,1500.0,4200.0,1455.0,4452.0,Enerji Açığı
2026-06-09T00:00:00+03:00,2026-06-09T00:00:00+03:00,2249.99,3900.0,2182.4903,4134.0,Enerji Açığı
2026-06-09T01:00:00+03:00,2026-06-09T01:00:00+03:00,1080.0,3500.0,1047.6,3710.0,Enerji Açığı
2026-06-09T02:00:00+03:00,2026-06-09T02:00:00+03:00,999.97,2072.77,969.9709,2197.1362,Enerji Açığı
2026-06-09T03:00:00+03:00,2026-06-09T03:00:00+03:00,999.97,100.0,-106.0,1029.9691,Enerji Fazlası
2026-06-09T04:00:00+03:00,2026-06-09T04:00:00+03:00,999.16,151.0,141.94,1029.1348,Enerji Fazlası
2026-06-09T05:00:00+03:00,2026-06-09T05:00:00+03:00,599.0,930.0,581.03,985.8,Enerji Açığı
2026-06-09T06:00:00+03:00,2026-06-09T06:00:00+03:00,252.0,3.0,-106.0,259.56,Enerji Fazlası
2026-06-09T07:00:00+03:00,2026-06-09T07:00:00+03:00,200.0,2.0,-106.0,206.0,Enerji Fazlası
2026-06-09T08:00:00+03:00,2026-06-09T08:00:00+03:00,299.99,930.0,290.9903,985.8,Enerji Açığı
2026-06-09T09:00:00+03:00,2026-06-09T09:00:00+03:00,240.01,90.0,-106.0,247.2103,Enerji Fazlası
2026-06-09T10:00:00+03:00,2026-06-09T10:00:00+03:00,199.99,0.0,-106.0,205.9897,Enerji Fazlası
2026-06-09T11:00:00+03:00,2026-06-09T11:00:00+03:00,199.0,0.0,-106.0,204.97,Enerji Fazlası
2026-06-09T12:00:00+03:00,2026-06-09T12:00:00+03:00,171.01,0.0,-106.0,176.1403,Enerji Fazlası
2026-06-09T13:00:00+03:00,2026-06-09T13:00:00+03:00,199.01,1.0,-106.0,204.9803,Enerji Fazlası
2026-06-09T14:00:00+03:00,2026-06-09T14:00:00+03:00,249.99,930.0,242.4903,985.8,Enerji Açığı
2026-06-09T15:00:00+03:00,2026-06-09T15:00:00+03:00,349.68,2280.05,339.1896,2416.853,Enerji Açığı
2026-06-09T16:00:00+03:00,2026-06-09T16:00:00+03:00,799.99,3600.0,775.9903,3816.0,Enerji Açığı
2026-06-09T17:00:00+03:00,2026-06-09T17:00:00+03:00,2699.99,4200.0,2618.9903,4452.0,Enerji Açığı
2026-06-09T18:00:00+03:00,2026-06-09T18:00:00+03:00,2570.0,4200.0,2492.9,4452.0,Enerji Açığı
2026-06-09T19:00:00+03:00,2026-06-09T19:00:00+03:00,3600.0,3600.0,3492.0,3816.0,Enerji Açığı
2026-06-09T20:00:00+03:00,2026-06-09T20:00:00+03:00,4176.0,1001.0,940.94,4301.28,Enerji Fazlası
2026-06-09T21:00:00+03:00,2026-06-09T21:00:00+03:00,4100.01,4100.01,3977.0097,4346.0106,Enerji Açığı
2026-06-09T22:00:00+03:00,2026-06-09T22:00:00+03:00,3595.0,3700.0,3487.15,3922.0,Enerji Açığı
2026-06-09T23:00:00+03:00,2026-06-09T23:00:00+03:00,2224.1,3600.0,2157.377,3816.0,Enerji Açığı
2026-06-10T00:00:00+03:00,2026-06-10T00:00:00+03:00,3500.0,4000.0,3395.0,4240.0,Enerji Açığı
2026-06-10T01:00:00+03:00,2026-06-10T01:00:00+03:00,1899.99,3600.0,1842.9903,3816.0,Enerji Açığı
2026-06-10T02:00:00+03:00,2026-06-10T02:00:00+03:00,999.99,951.0,893.94,1029.9897,Enerji Fazlası
2026-06-10T03:00:00+03:00,2026-06-10T03:00:00+03:00,1175.0,699.99,657.9906,1210.25,Enerji Fazlası
2026-06-10T04:00:00+03:00,2026-06-10T04:00:00+03:00,1699.99,251.0,235.94,1750.9897,Enerji Fazlası
2026-06-10T05:00:00+03:00,2026-06-10T05:00:00+03:00,1200.01,980.0,921.2,1236.0103,Enerji Fazlası
2026-06-10T06:00:00+03:00,2026-06-10T06:00:00+03:00,599.0,10.0,-106.0,616.97,Enerji Fazlası
2026-06-10T07:00:00+03:00,2026-06-10T07:00:00+03:00,343.0,10.0,-106.0,353.29,Enerji Fazlası
2026-06-10T08:00:00+03:00,2026-06-10T08:00:00+03:00,999.98,2077.16,969.9806,2201.7896,Enerji Açığı
2026-06-10T09:00:00+03:00,2026-06-10T09:00:00+03:00,992.17,951.0,893.94,1021.9351,Enerji Fazlası
2026-06-10T10:00:00+03:00,2026-06-10T10:00:00+03:00,402.0,11.0,-106.0,414.06,Enerji Fazlası
2026-06-10T11:00:00+03:00,2026-06-10T11:00:00+03:00,365.09,217.09,204.0646,376.0427,Enerji Fazlası
2026-06-10T12:00:00+03:00,2026-06-10T12:00:00+03:00,240.01,0.0,-106.0,247.2103,Enerji Fazlası
2026-06-10T13:00:00+03:00,2026-06-10T13:00:00+03:00,355.01,2.0,-106.0,365.6603,Enerji Fazlası
2026-06-10T14:00:00+03:00,2026-06-10T14:00:00+03:00,1200.01,100.0,-106.0,1236.0103,Enerji Fazlası
2026-06-10T15:00:00+03:00,2026-06-10T15:00:00+03:00,2277.45,200.0,188.0,2345.7735,Enerji Fazlası
2026-06-10T16:00:00+03:00,2026-06-10T16:00:00+03:00,2538.0,1277.0,1200.38,2614.14,Enerji Fazlası
2026-06-10T17:00:00+03:00,2026-06-10T17:00:00+03:00,3889.99,2890.0,2716.6,4006.6897,Enerji Fazlası
2026-06-10T18:00:00+03:00,2026-06-10T18:00:00+03:00,3600.0,699.98,657.9812,3708.0,Enerji Fazlası
2026-06-10T19:00:00+03:00,2026-06-10T19:00:00+03:00,3600.0,2001.0,1880.94,3708.0,Enerji Fazlası
2026-06-10T20:00:00+03:00,2026-06-10T20:00:00+03:00,4100.01,2001.0,1880.94,4223.0103,Enerji Fazlası
2026-06-10T21:00:00+03:00,2026-06-10T21:00:00+03:00,4100.0,4150.0,3977.0,4399.0,Enerji Açığı
2026-06-10T22:00:00+03:00,2026-06-10T22:00:00+03:00,3249.99,2001.0,1880.94,3347.4897,Enerji Fazlası
2026-06-10T23:00:00+03:00,2026-06-10T23:00:00+03:00,3107.67,780.0,733.2,3200.9001,Enerji Fazlası
2026-06-11T00:00:00+03:00,2026-06-11T00:00:00+03:00,2499.99,780.0,733.2,2574.9897,Enerji Fazlası
2026-06-11T01:00:00+03:00,2026-06-11T01:00:00+03:00,1500.0,780.0,733.2,1545.0,Enerji Fazlası
2026-06-11T02:00:00+03:00,2026-06-11T02:00:00+03:00,1000.01,400.0,376.0,1030.0103,Enerji Fazlası
2026-06-11T03:00:00+03:00,2026-06-11T03:00:00+03:00,2200.0,190.0,178.6,2266.0,Enerji Fazlası
2026-06-11T04:00:00+03:00,2026-06-11T04:00:00+03:00,2200.0,780.0,733.2,2266.0,Enerji Fazlası
2026-06-11T05:00:00+03:00,2026-06-11T05:00:00+03:00,999.98,2077.92,969.9806,2202.5952,Enerji Açığı
2026-06-11T06:00:00+03:00,2026-06-11T06:00:00+03:00,598.99,151.0,141.94,616.9597,Enerji Fazlası
2026-06-11T07:00:00+03:00,2026-06-11T07:00:00+03:00,300.0,10.0,-106.0,309.0,Enerji Fazlası
2026-06-11T08:00:00+03:00,2026-06-11T08:00:00+03:00,800.0,2077.92,776.0,2202.5952,Enerji Açığı
2026-06-11T09:00:00+03:00,2026-06-11T09:00:00+03:00,598.99,2285.71,581.0203,2422.8526,Enerji Açığı
2026-06-11T10:00:00+03:00,2026-06-11T10:00:00+03:00,310.99,310.99,292.3306,320.3197,Enerji Fazlası
2026-06-11T11:00:00+03:00,2026-06-11T11:00:00+03:00,300.01,8.0,-106.0,309.0103,Enerji Fazlası
2026-06-11T12:00:00+03:00,2026-06-11T12:00:00+03:00,200.0,0.0,-106.0,206.0,Enerji Fazlası
2026-06-11T13:00:00+03:00,2026-06-11T13:00:00+03:00,300.01,0.0,-106.0,309.0103,Enerji Fazlası
2026-06-11T14:00:00+03:00,2026-06-11T14:00:00+03:00,599.0,151.0,141.94,616.97,Enerji Fazlası
2026-06-11T15:00:00+03:00,2026-06-11T15:00:00+03:00,649.0,580.0,545.2,668.47,Enerji Fazlası
2026-06-11T16:00:00+03:00,2026-06-11T16:00:00+03:00,1500.0,780.0,733.2,1545.0,Enerji Fazlası
2026-06-11T17:00:00+03:00,2026-06-11T17:00:00+03:00,2785.7,1402.12,1317.9928,2869.271,Enerji Fazlası
2026-06-11T18:00:00+03:00,2026-06-11T18:00:00+03:00,3050.0,3600.0,2958.5,3816.0,Enerji Açığı
2026-06-11T19:00:00+03:00,2026-06-11T19:00:00+03:00,3974.4,3974.41,3855.168,4212.8746,Enerji Açığı
2026-06-11T20:00:00+03:00,2026-06-11T20:00:00+03:00,4100.01,4100.02,3977.0097,4346.0212,Enerji Açığı
2026-06-11T21:00:00+03:00,2026-06-11T21:00:00+03:00,4104.93,4440.0,3981.7821,4706.4,Enerji Açığı
2026-06-11T22:00:00+03:00,2026-06-11T22:00:00+03:00,3500.0,4350.0,3395.0,4611.0,Enerji Açığı
2026-06-11T23:00:00+03:00,2026-06-11T23:00:00+03:00,3520.0,3800.0,3414.4,4028.0,Enerji Açığı
2026-06-12T00:00:00+03:00,2026-06-12T00:00:00+03:00,2499.99,4010.0,2424.9903,4250.6,Enerji Açığı
2026-06-12T01:00:00+03:00,2026-06-12T01:00:00+03:00,1999.98,4010.0,1939.9806,4250.6,Enerji Açığı
2026-06-12T02:00:00+03:00,2026-06-12T02:00:00+03:00,1899.99,3995.0,1842.9903,4234.7,Enerji Açığı
2026-06-12T03:00:00+03:00,2026-06-12T03:00:00+03:00,2249.99,2500.0,2182.4903,2650.0,Enerji Açığı
2026-06-12T04:00:00+03:00,2026-06-12T04:00:00+03:00,2224.09,2500.0,2157.3673,2650.0,Enerji Açığı
2026-06-12T05:00:00+03:00,2026-06-12T05:00:00+03:00,1600.0,2500.0,1552.0,2650.0,Enerji Açığı
2026-06-12T06:00:00+03:00,2026-06-12T06:00:00+03:00,1200.01,1500.0,1164.0097,1590.0,Enerji Açığı
2026-06-12T07:00:00+03:00,2026-06-12T07:00:00+03:00,355.0,150.0,141.0,365.65,Enerji Fazlası
2026-06-12T08:00:00+03:00,2026-06-12T08:00:00+03:00,999.98,2078.6,969.9806,2203.316,Enerji Açığı
2026-06-12T09:00:00+03:00,2026-06-12T09:00:00+03:00,598.99,3000.0,581.0203,3180.0,Enerji Açığı
2026-06-12T10:00:00+03:00,2026-06-12T10:00:00+03:00,303.0,2286.46,293.91,2423.6476,Enerji Açığı
2026-06-12T11:00:00+03:00,2026-06-12T11:00:00+03:00,303.0,2286.46,293.91,2423.6476,Enerji Açığı
2026-06-12T12:00:00+03:00,2026-06-12T12:00:00+03:00,199.0,1000.0,193.03,1060.0,Enerji Açığı
2026-06-12T13:00:00+03:00,2026-06-12T13:00:00+03:00,200.0,2.0,-106.0,206.0,Enerji Fazlası
2026-06-12T14:00:00+03:00,2026-06-12T14:00:00+03:00,599.0,2078.6,581.03,2203.316,Enerji Açığı
2026-06-12T15:00:00+03:00,2026-06-12T15:00:00+03:00,500.0,300.0,282.0,515.0,Enerji Fazlası
2026-06-12T16:00:00+03:00,2026-06-12T16:00:00+03:00,999.99,100.0,-106.0,1029.9897,Enerji Fazlası
2026-06-12T17:00:00+03:00,2026-06-12T17:00:00+03:00,1650.0,780.0,733.2,1699.5,Enerji Fazlası
2026-06-12T18:00:00+03:00,2026-06-12T18:00:00+03:00,1000.0,780.0,733.2,1030.0,Enerji Fazlası
2026-06-12T19:00:00+03:00,2026-06-12T19:00:00+03:00,3594.99,800.0,752.0,3702.8397,Enerji Fazlası
2026-06-12T20:00:00+03:00,2026-06-12T20:00:00+03:00,3974.4,699.98,657.9812,4093.632,Enerji Fazlası
2026-06-12T21:00:00+03:00,2026-06-12T21:00:00+03:00,3875.99,699.98,657.9812,3992.2697,Enerji Fazlası
2026-06-12T22:00:00+03:00,2026-06-12T22:00:00+03:00,1949.98,151.0,141.94,2008.4794,Enerji Fazlası
2026-06-12T23:00:00+03:00,2026-06-12T23:00:00+03:00,700.0,90.0,-106.0,721.0,Enerji Fazlası
2026-06-13T00:00:00+03:00,2026-06-13T00:00:00+03:00,1949.98,100.0,-106.0,2008.4794,Enerji Fazlası
2026-06-13T01:00:00+03:00,2026-06-13T01:00:00+03:00,1500.0,100.0,-106.0,1545.0,Enerji Fazlası
2026-06-13T02:00:00+03:00,2026-06-13T02:00:00+03:00,999.98,71.0,-106.0,1029.9794,Enerji Fazlası
2026-06-13T03:00:00+03:00,2026-06-13T03:00:00+03:00,999.97,10.9,-106.0,1029.9691,Enerji Fazlası
2026-06-13T04:00:00+03:00,2026-06-13T04:00:00+03:00,800.0,11.0,-106.0,824.0,Enerji Fazlası
2026-06-13T05:00:00+03:00,2026-06-13T05:00:00+03:00,500.01,300.0,282.0,515.0103,Enerji Fazlası
2026-06-13T06:00:00+03:00,2026-06-13T06:00:00+03:00,249.0,1.0,-106.0,256.47,Enerji Fazlası
2026-06-13T07:00:00+03:00,2026-06-13T07:00:00+03:00,172.99,3.0,-106.0,178.1797,Enerji Fazlası
2026-06-13T08:00:00+03:00,2026-06-13T08:00:00+03:00,175.0,0.0,-106.0,180.25,Enerji Fazlası
2026-06-13T09:00:00+03:00,2026-06-13T09:00:00+03:00,174.99,1.0,-106.0,180.2397,Enerji Fazlası
2026-06-13T10:00:00+03:00,2026-06-13T10:00:00+03:00,172.0,0.0,-106.0,177.16,Enerji Fazlası
2026-06-13T11:00:00+03:00,2026-06-13T11:00:00+03:00,172.99,0.0,-106.0,178.1797,Enerji Fazlası
2026-06-13T12:00:00+03:00,2026-06-13T12:00:00+03:00,170.99,0.0,-106.0,176.1197,Enerji Fazlası
2026-06-13T13:00:00+03:00,2026-06-13T13:00:00+03:00,173.0,1500.0,167.81,1590.0,Enerji Açığı
2026-06-13T14:00:00+03:00,2026-06-13T14:00:00+03:00,200.0,3200.0,194.0,3392.0,Enerji Açığı
2026-06-13T15:00:00+03:00,2026-06-13T15:00:00+03:00,240.01,2211.89,232.8097,2344.6034,Enerji Açığı
2026-06-13T16:00:00+03:00,2026-06-13T16:00:00+03:00,252.01,2211.89,244.4497,2344.6034,Enerji Açığı
2026-06-13T17:00:00+03:00,2026-06-13T17:00:00+03:00,300.0,600.0,291.0,636.0,Enerji Açığı
2026-06-13T18:00:00+03:00,2026-06-13T18:00:00+03:00,310.01,50.01,-106.0,319.3103,Enerji Fazlası
2026-06-13T19:00:00+03:00,2026-06-13T19:00:00+03:00,999.98,151.0,141.94,1029.9794,Enerji Fazlası
2026-06-13T20:00:00+03:00,2026-06-13T20:00:00+03:00,2000.01,200.0,188.0,2060.0103,Enerji Fazlası
2026-06-13T21:00:00+03:00,2026-06-13T21:00:00+03:00,2000.01,3000.0,1940.0097,3180.0,Enerji Açığı
2026-06-13T22:00:00+03:00,2026-06-13T22:00:00+03:00,1300.01,2010.81,1261.0097,2131.4586,Enerji Açığı
2026-06-13T23:00:00+03:00,2026-06-13T23:00:00+03:00,736.36,11.0,-106.0,758.4508,Enerji Fazlası
2026-06-14T00:00:00+03:00,2026-06-14T00:00:00+03:00,999.97,48.0,-106.0,1029.9691,Enerji Fazlası
2026-06-14T01:00:00+03:00,2026-06-14T01:00:00+03:00,699.99,10.9,-106.0,720.9897,Enerji Fazlası
2026-06-14T02:00:00+03:00,2026-06-14T02:00:00+03:00,500.01,10.9,-106.0,515.0103,Enerji Fazlası
2026-06-14T03:00:00+03:00,2026-06-14T03:00:00+03:00,366.07,1.0,-106.0,377.0521,Enerji Fazlası
2026-06-14T04:00:00+03:00,2026-06-14T04:00:00+03:00,320.0,1.0,-106.0,329.6,Enerji Fazlası
2026-06-14T05:00:00+03:00,2026-06-14T05:00:00+03:00,300.0,0.0,-106.0,309.0,Enerji Fazlası
2026-06-14T06:00:00+03:00,2026-06-14T06:00:00+03:00,175.0,3.0,-106.0,180.25,Enerji Fazlası
2026-06-14T07:00:00+03:00,2026-06-14T07:00:00+03:00,50.0,750.0,-103.0,795.0,Enerji Açığı
2026-06-14T08:00:00+03:00,2026-06-14T08:00:00+03:00,0.0,0.0,-106.0,154.5,Enerji Fazlası
2026-06-14T09:00:00+03:00,2026-06-14T09:00:00+03:00,0.0,0.0,-106.0,154.5,Enerji Fazlası
2026-06-14T10:00:00+03:00,2026-06-14T10:00:00+03:00,0.0,0.0,-106.0,154.5,Enerji Fazlası
2026-06-14T11:00:00+03:00,2026-06-14T11:00:00+03:00,0.0,0.0,-106.0,154.5,Enerji Fazlası
2026-06-14T12:00:00+03:00,2026-06-14T12:00:00+03:00,0.0,0.0,-106.0,154.5,Enerji Fazlası
2026-06-14T13:00:00+03:00,2026-06-14T13:00:00+03:00,0.0,0.0,-106.0,154.5,Enerji Fazlası
2026-06-14T14:00:00+03:00,2026-06-14T14:00:00+03:00,0.0,0.0,-106.0,154.5,Enerji Fazlası
2026-06-14T15:00:00+03:00,2026-06-14T15:00:00+03:00,0.0,0.0,-106.0,154.5,Enerji Fazlası
2026-06-14T16:00:00+03:00,2026-06-14T16:00:00+03:00,170.0,2011.55,164.9,2132.243,Enerji Açığı
2026-06-14T17:00:00+03:00,2026-06-14T17:00:00+03:00,200.0,0.0,-106.0,206.0,Enerji Fazlası
2026-06-14T18:00:00+03:00,2026-06-14T18:00:00+03:00,331.51,11.0,-106.0,341.4553,Enerji Fazlası
2026-06-14T19:00:00+03:00,2026-06-14T19:00:00+03:00,1100.01,700.0,658.0,1133.0103,Enerji Fazlası
2026-06-14T20:00:00+03:00,2026-06-14T20:00:00+03:00,2500.0,700.0,658.0,2575.0,Enerji Fazlası
2026-06-14T21:00:00+03:00,2026-06-14T21:00:00+03:00,2000.01,700.0,658.0,2060.0103,Enerji Fazlası
2026-06-14T22:00:00+03:00,2026-06-14T22:00:00+03:00,1899.99,700.0,658.0,1956.9897,Enerji Fazlası
2026-06-14T23:00:00+03:00,2026-06-14T23:00:00+03:00,1200.01,2500.0,1164.0097,2650.0,Enerji Açığı
2026-06-15T00:00:00+03:00,2026-06-15T00:00:00+03:00,700.0,2212.71,679.0,2345.4726,Enerji Açığı
2026-06-15T01:00:00+03:00,2026-06-15T01:00:00+03:00,320.0,220.0,206.8,329.6,Enerji Fazlası
2026-06-15T02:00:00+03:00,2026-06-15T02:00:00+03:00,302.99,42.0,-106.0,312.0797,Enerji Fazlası
2026-06-15T03:00:00+03:00,2026-06-15T03:00:00+03:00,999.97,100.0,-106.0,1029.9691,Enerji Fazlası
2026-06-15T04:00:00+03:00,2026-06-15T04:00:00+03:00,999.98,90.0,-106.0,1029.9794,Enerji Fazlası
2026-06-15T05:00:00+03:00,2026-06-15T05:00:00+03:00,1000.01,11.0,-106.0,1030.0103,Enerji Fazlası
2026-06-15T06:00:00+03:00,2026-06-15T06:00:00+03:00,355.01,1.0,-106.0,365.6603,Enerji Fazlası
2026-06-15T07:00:00+03:00,2026-06-15T07:00:00+03:00,207.01,0.0,-106.0,213.2203,Enerji Fazlası
2026-06-15T08:00:00+03:00,2026-06-15T08:00:00+03:00,399.0,930.0,387.03,985.8,Enerji Açığı
2026-06-15T09:00:00+03:00,2026-06-15T09:00:00+03:00,365.1,62.0,-106.0,376.053,Enerji Fazlası
2026-06-15T10:00:00+03:00,2026-06-15T10:00:00+03:00,300.01,10.9,-106.0,309.0103,Enerji Fazlası
2026-06-15T11:00:00+03:00,2026-06-15T11:00:00+03:00,329.99,100.0,-106.0,339.8897,Enerji Fazlası
2026-06-15T12:00:00+03:00,2026-06-15T12:00:00+03:00,207.01,1.0,-106.0,213.2203,Enerji Fazlası
2026-06-15T13:00:00+03:00,2026-06-15T13:00:00+03:00,303.0,10.8,-106.0,312.09,Enerji Fazlası
2026-06-15T14:00:00+03:00,2026-06-15T14:00:00+03:00,500.01,100.0,-106.0,515.0103,Enerji Fazlası
2026-06-15T15:00:00+03:00,2026-06-15T15:00:00+03:00,999.0,400.0,376.0,1028.97,Enerji Fazlası
2026-06-15T16:00:00+03:00,2026-06-15T16:00:00+03:00,999.98,100.0,-106.0,1029.9794,Enerji Fazlası
2026-06-15T17:00:00+03:00,2026-06-15T17:00:00+03:00,2000.01,780.0,733.2,2060.0103,Enerji Fazlası
2026-06-15T18:00:00+03:00,2026-06-15T18:00:00+03:00,2511.94,4100.0,2436.5818,4346.0,Enerji Açığı
2026-06-15T19:00:00+03:00,2026-06-15T19:00:00+03:00,4000.0,4425.0,3880.0,4690.5,Enerji Açığı
2026-06-15T20:00:00+03:00,2026-06-15T20:00:00+03:00,4200.0,4439.0,4074.0,4705.34,Enerji Açığı
2026-06-15T21:00:00+03:00,2026-06-15T21:00:00+03:00,4100.01,4450.0,3977.0097,4717.0,Enerji Açığı
2026-06-15T22:00:00+03:00,2026-06-15T22:00:00+03:00,3795.0,4439.0,3681.15,4705.34,Enerji Açığı
2026-06-15T23:00:00+03:00,2026-06-15T23:00:00+03:00,3000.0,4198.0,2910.0,4449.88,Enerji Açığı
2026-06-16T00:00:00+03:00,2026-06-16T00:00:00+03:00,2961.04,3950.0,2872.2088,4187.0,Enerji Açığı
2026-06-16T01:00:00+03:00,2026-06-16T01:00:00+03:00,1500.01,3950.0,1455.0097,4187.0,Enerji Açığı
2026-06-16T02:00:00+03:00,2026-06-16T02:00:00+03:00,999.97,2212.71,969.9709,2345.4726,Enerji Açığı
2026-06-16T03:00:00+03:00,2026-06-16T03:00:00+03:00,1500.0,2011.55,1455.0,2132.243,Enerji Açığı
2026-06-16T04:00:00+03:00,2026-06-16T04:00:00+03:00,1900.0,3800.0,1843.0,4028.0,Enerji Açığı
2026-06-16T05:00:00+03:00,2026-06-16T05:00:00+03:00,1500.0,3900.0,1455.0,4134.0,Enerji Açığı
2026-06-16T06:00:00+03:00,2026-06-16T06:00:00+03:00,800.0,2011.55,776.0,2132.243,Enerji Açığı
2026-06-16T07:00:00+03:00,2026-06-16T07:00:00+03:00,250.0,36.0,-106.0,257.5,Enerji Fazlası
2026-06-16T08:00:00+03:00,2026-06-16T08:00:00+03:00,325.01,2212.71,315.2597,2345.4726,Enerji Açığı
2026-06-16T09:00:00+03:00,2026-06-16T09:00:00+03:00,277.01,3000.0,268.6997,3180.0,Enerji Açığı
2026-06-16T10:00:00+03:00,2026-06-16T10:00:00+03:00,200.0,2212.71,194.0,2345.4726,Enerji Açığı
2026-06-16T11:00:00+03:00,2026-06-16T11:00:00+03:00,200.0,2212.71,194.0,2345.4726,Enerji Açığı
2026-06-16T12:00:00+03:00,2026-06-16T12:00:00+03:00,170.0,2011.55,164.9,2132.243,Enerji Açığı
2026-06-16T13:00:00+03:00,2026-06-16T13:00:00+03:00,190.0,2212.71,184.3,2345.4726,Enerji Açığı
2026-06-16T14:00:00+03:00,2026-06-16T14:00:00+03:00,200.0,2011.55,194.0,2132.243,Enerji Açığı
2026-06-16T15:00:00+03:00,2026-06-16T15:00:00+03:00,216.01,1700.0,209.5297,1802.0,Enerji Açığı
2026-06-16T16:00:00+03:00,2026-06-16T16:00:00+03:00,325.0,2011.55,315.25,2132.243,Enerji Açığı
2026-06-16T17:00:00+03:00,2026-06-16T17:00:00+03:00,1000.0,4200.0,970.0,4452.0,Enerji Açığı
2026-06-16T18:00:00+03:00,2026-06-16T18:00:00+03:00,1999.98,4300.0,1939.9806,4558.0,Enerji Açığı
2026-06-16T19:00:00+03:00,2026-06-16T19:00:00+03:00,3974.39,4450.0,3855.1583,4717.0,Enerji Açığı
2026-06-16T20:00:00+03:00,2026-06-16T20:00:00+03:00,4100.01,4450.0,3977.0097,4717.0,Enerji Açığı
2026-06-16T21:00:00+03:00,2026-06-16T21:00:00+03:00,4100.0,4450.0,3977.0,4717.0,Enerji Açığı
2026-06-16T22:00:00+03:00,2026-06-16T22:00:00+03:00,3390.0,4425.0,3288.3,4690.5,Enerji Açığı
2026-06-16T23:00:00+03:00,2026-06-16T23:00:00+03:00,1850.0,4198.0,1794.5,4449.88,Enerji Açığı
2026-06-17T00:00:00+03:00,2026-06-17T00:00:00+03:00,2099.99,2500.0,2036.9903,2650.0,Enerji Açığı
2026-06-17T01:00:00+03:00,2026-06-17T01:00:00+03:00,1189.0,400.0,376.0,1224.67,Enerji Fazlası
2026-06-17T02:00:00+03:00,2026-06-17T02:00:00+03:00,875.99,400.0,376.0,902.2697,Enerji Fazlası
2026-06-17T03:00:00+03:00,2026-06-17T03:00:00+03:00,900.0,1996.0,873.0,2115.76,Enerji Açığı
2026-06-17T04:00:00+03:00,2026-06-17T04:00:00+03:00,799.99,400.0,376.0,823.9897,Enerji Fazlası
2026-06-17T05:00:00+03:00,2026-06-17T05:00:00+03:00,589.0,400.0,376.0,606.67,Enerji Fazlası
2026-06-17T06:00:00+03:00,2026-06-17T06:00:00+03:00,304.0,100.0,-106.0,313.12,Enerji Fazlası
2026-06-17T07:00:00+03:00,2026-06-17T07:00:00+03:00,174.99,1290.0,169.7403,1367.4,Enerji Açığı
2026-06-17T08:00:00+03:00,2026-06-17T08:00:00+03:00,298.99,3400.0,290.0203,3604.0,Enerji Açığı
2026-06-17T09:00:00+03:00,2026-06-17T09:00:00+03:00,248.01,,,,
2026-06-17T10:00:00+03:00,2026-06-17T10:00:00+03:00,199.0,,,,
2026-06-17T11:00:00+03:00,2026-06-17T11:00:00+03:00,196.01,,,,
2026-06-17T12:00:00+03:00,2026-06-17T12:00:00+03:00,169.99,,,,
2026-06-17T13:00:00+03:00,2026-06-17T13:00:00+03:00,175.0,,,,
2026-06-17T14:00:00+03:00,2026-06-17T14:00:00+03:00,211.0,,,,
2026-06-17T15:00:00+03:00,2026-06-17T15:00:00+03:00,250.0,,,,
2026-06-17T16:00:00+03:00,2026-06-17T16:00:00+03:00,303.01,,,,
2026-06-17T17:00:00+03:00,2026-06-17T17:00:00+03:00,999.98,,,,
2026-06-17T18:00:00+03:00,2026-06-17T18:00:00+03:00,1197.41,,,,
2026-06-17T19:00:00+03:00,2026-06-17T19:00:00+03:00,3271.26,,,,
2026-06-17T20:00:00+03:00,2026-06-17T20:00:00+03:00,3974.4,,,,
2026-06-17T21:00:00+03:00,2026-06-17T21:00:00+03:00,3974.4,,,,
2026-06-17T22:00:00+03:00,2026-06-17T22:00:00+03:00,2500.01,,,,
2026-06-17T23:00:00+03:00,2026-06-17T23:00:00+03:00,1400.0,,,,
2026-06-18T00:00:00+03:00,2026-06-18T00:00:00+03:00,2600.01,3700.0,2522.0097,3922.0,Enerji Açığı
2026-06-18T01:00:00+03:00,2026-06-18T01:00:00+03:00,1499.97,3600.0,1454.9709,3816.0,Enerji Açığı
2026-06-18T02:00:00+03:00,2026-06-18T02:00:00+03:00,999.97,3500.0,969.9709,3710.0,Enerji Açığı
2026-06-18T03:00:00+03:00,2026-06-18T03:00:00+03:00,988.88,2218.27,959.2136,2351.3662,Enerji Açığı
2026-06-18T04:00:00+03:00,2026-06-18T04:00:00+03:00,513.63,2016.61,498.2211,2137.6066,Enerji Açığı
2026-06-18T05:00:00+03:00,2026-06-18T05:00:00+03:00,303.99,2000.0,294.8703,2120.0,Enerji Açığı
2026-06-18T06:00:00+03:00,2026-06-18T06:00:00+03:00,250.01,2000.0,242.5097,2120.0,Enerji Açığı
2026-06-18T07:00:00+03:00,2026-06-18T07:00:00+03:00,175.0,40.0,-106.0,180.25,Enerji Fazlası
2026-06-18T08:00:00+03:00,2026-06-18T08:00:00+03:00,249.99,2016.61,242.4903,2137.6066,Enerji Açığı
2026-06-18T09:00:00+03:00,2026-06-18T09:00:00+03:00,199.99,2016.61,193.9903,2137.6066,Enerji Açığı
2026-06-18T10:00:00+03:00,2026-06-18T10:00:00+03:00,174.99,2218.27,169.7403,2351.3662,Enerji Açığı
2026-06-18T11:00:00+03:00,2026-06-18T11:00:00+03:00,174.99,2218.27,169.7403,2351.3662,Enerji Açığı
2026-06-18T12:00:00+03:00,2026-06-18T12:00:00+03:00,170.0,800.0,164.9,848.0,Enerji Açığı
2026-06-18T13:00:00+03:00,2026-06-18T13:00:00+03:00,171.01,2000.0,165.8797,2120.0,Enerji Açığı
2026-06-18T14:00:00+03:00,2026-06-18T14:00:00+03:00,200.0,2218.27,194.0,2351.3662,Enerji Açığı
2026-06-18T15:00:00+03:00,2026-06-18T15:00:00+03:00,240.01,2000.0,232.8097,2120.0,Enerji Açığı
2026-06-18T16:00:00+03:00,2026-06-18T16:00:00+03:00,300.01,2000.0,291.0097,2120.0,Enerji Açığı
2026-06-18T17:00:00+03:00,2026-06-18T17:00:00+03:00,800.0,3500.0,776.0,3710.0,Enerji Açığı
2026-06-18T18:00:00+03:00,2026-06-18T18:00:00+03:00,999.98,2500.0,969.9806,2650.0,Enerji Açığı
2026-06-18T19:00:00+03:00,2026-06-18T19:00:00+03:00,1484.99,3500.0,1440.4403,3710.0,Enerji Açığı
2026-06-18T20:00:00+03:00,2026-06-18T20:00:00+03:00,2060.2,699.98,657.9812,2122.006,Enerji Fazlası
2026-06-18T21:00:00+03:00,2026-06-18T21:00:00+03:00,2124.99,502.0,471.88,2188.7397,Enerji Fazlası
2026-06-18T22:00:00+03:00,2026-06-18T22:00:00+03:00,1066.63,320.0,300.8,1098.6289,Enerji Fazlası
2026-06-18T23:00:00+03:00,2026-06-18T23:00:00+03:00,596.74,8.0,-106.0,614.6422,Enerji Fazlası
2026-06-19T00:00:00+03:00,2026-06-19T00:00:00+03:00,899.99,0.0,-106.0,926.9897,Enerji Fazlası
2026-06-19T01:00:00+03:00,2026-06-19T01:00:00+03:00,355.0,0.0,-106.0,365.65,Enerji Fazlası
2026-06-19T02:00:00+03:00,2026-06-19T02:00:00+03:00,303.99,0.0,-106.0,313.1097,Enerji Fazlası
2026-06-19T03:00:00+03:00,2026-06-19T03:00:00+03:00,310.01,0.0,-106.0,319.3103,Enerji Fazlası
2026-06-19T04:00:00+03:00,2026-06-19T04:00:00+03:00,300.01,0.0,-106.0,309.0103,Enerji Fazlası
2026-06-19T05:00:00+03:00,2026-06-19T05:00:00+03:00,259.93,0.0,-106.0,267.7279,Enerji Fazlası
2026-06-19T06:00:00+03:00,2026-06-19T06:00:00+03:00,190.0,0.0,-106.0,195.7,Enerji Fazlası
2026-06-19T07:00:00+03:00,2026-06-19T07:00:00+03:00,171.01,1.0,-106.0,176.1403,Enerji Fazlası
2026-06-19T08:00:00+03:00,2026-06-19T08:00:00+03:00,228.99,2219.07,222.1203,2352.2142,Enerji Açığı
2026-06-19T09:00:00+03:00,2026-06-19T09:00:00+03:00,216.0,3500.0,209.52,3710.0,Enerji Açığı
2026-06-19T10:00:00+03:00,2026-06-19T10:00:00+03:00,190.0,3300.0,184.3,3498.0,Enerji Açığı
2026-06-19T11:00:00+03:00,2026-06-19T11:00:00+03:00,180.0,3400.0,174.6,3604.0,Enerji Açığı
2026-06-19T12:00:00+03:00,2026-06-19T12:00:00+03:00,170.01,3400.0,164.9097,3604.0,Enerji Açığı
2026-06-19T13:00:00+03:00,2026-06-19T13:00:00+03:00,171.0,1.0,-106.0,176.13,Enerji Fazlası
2026-06-19T14:00:00+03:00,2026-06-19T14:00:00+03:00,248.0,1390.0,240.56,1473.4,Enerji Açığı
2026-06-19T15:00:00+03:00,2026-06-19T15:00:00+03:00,279.67,3.0,-106.0,288.0601,Enerji Fazlası
2026-06-19T16:00:00+03:00,2026-06-19T16:00:00+03:00,304.0,2.0,-106.0,313.12,Enerji Fazlası
2026-06-19T17:00:00+03:00,2026-06-19T17:00:00+03:00,500.0,1.0,-106.0,515.0,Enerji Fazlası
2026-06-19T18:00:00+03:00,2026-06-19T18:00:00+03:00,1010.0,0.0,-106.0,1040.3,Enerji Fazlası
2026-06-19T19:00:00+03:00,2026-06-19T19:00:00+03:00,1499.97,7.0,-106.0,1544.9691,Enerji Fazlası
2026-06-19T20:00:00+03:00,2026-06-19T20:00:00+03:00,2488.89,699.97,657.9718,2563.5567,Enerji Fazlası
2026-06-19T21:00:00+03:00,2026-06-19T21:00:00+03:00,2488.88,699.98,657.9812,2563.5464,Enerji Fazlası
2026-06-19T22:00:00+03:00,2026-06-19T22:00:00+03:00,1400.0,1.0,-106.0,1442.0,Enerji Fazlası
2026-06-19T23:00:00+03:00,2026-06-19T23:00:00+03:00,1000.0,7.0,-106.0,1030.0,Enerji Fazlası
2026-06-20T00:00:00+03:00,2026-06-20T00:00:00+03:00,1772.24,7.0,-106.0,1825.4072,Enerji Fazlası
2026-06-20T01:00:00+03:00,2026-06-20T01:00:00+03:00,910.0,0.1,-106.0,937.3,Enerji Fazlası
2026-06-20T02:00:00+03:00,2026-06-20T02:00:00+03:00,355.01,0.1,-106.0,365.6603,Enerji Fazlası
2026-06-20T03:00:00+03:00,2026-06-20T03:00:00+03:00,310.0,1.0,-106.0,319.3,Enerji Fazlası
2026-06-20T04:00:00+03:00,2026-06-20T04:00:00+03:00,331.51,3.0,-106.0,341.4553,Enerji Fazlası
2026-06-20T05:00:00+03:00,2026-06-20T05:00:00+03:00,310.01,1.0,-106.0,319.3103,Enerji Fazlası
2026-06-20T06:00:00+03:00,2026-06-20T06:00:00+03:00,240.01,1.0,-106.0,247.2103,Enerji Fazlası
2026-06-20T07:00:00+03:00,2026-06-20T07:00:00+03:00,174.99,1.0,-106.0,180.2397,Enerji Fazlası
2026-06-20T08:00:00+03:00,2026-06-20T08:00:00+03:00,174.99,0.1,-106.0,180.2397,Enerji Fazlası
2026-06-20T09:00:00+03:00,2026-06-20T09:00:00+03:00,171.0,1.0,-106.0,176.13,Enerji Fazlası
2026-06-20T10:00:00+03:00,2026-06-20T10:00:00+03:00,170.0,1.0,-106.0,175.1,Enerji Fazlası
2026-06-20T11:00:00+03:00,2026-06-20T11:00:00+03:00,170.0,1.0,-106.0,175.1,Enerji Fazlası
2026-06-20T12:00:00+03:00,2026-06-20T12:00:00+03:00,101.06,1.0,-106.0,154.5,Enerji Fazlası
2026-06-20T13:00:00+03:00,2026-06-20T13:00:00+03:00,169.99,7.0,-106.0,175.0897,Enerji Fazlası
2026-06-20T14:00:00+03:00,2026-06-20T14:00:00+03:00,171.0,1.0,-106.0,176.13,Enerji Fazlası
2026-06-20T15:00:00+03:00,2026-06-20T15:00:00+03:00,171.0,1.0,-106.0,176.13,Enerji Fazlası
2026-06-20T16:00:00+03:00,2026-06-20T16:00:00+03:00,171.01,3.0,-106.0,176.1403,Enerji Fazlası
2026-06-20T17:00:00+03:00,2026-06-20T17:00:00+03:00,200.0,1.0,-106.0,206.0,Enerji Fazlası
2026-06-20T18:00:00+03:00,2026-06-20T18:00:00+03:00,507.0,450.0,423.0,522.21,Enerji Fazlası
2026-06-20T19:00:00+03:00,2026-06-20T19:00:00+03:00,1450.0,4000.0,1406.5,4240.0,Enerji Açığı
2026-06-20T20:00:00+03:00,2026-06-20T20:00:00+03:00,1999.01,1999.01,1879.0694,2058.9803,Enerji Fazlası
2026-06-20T21:00:00+03:00,2026-06-20T21:00:00+03:00,1949.99,3750.0,1891.4903,3975.0,Enerji Açığı
2026-06-20T22:00:00+03:00,2026-06-20T22:00:00+03:00,1080.01,400.0,376.0,1112.4103,Enerji Fazlası
2026-06-20T23:00:00+03:00,2026-06-20T23:00:00+03:00,702.0,320.0,300.8,723.06,Enerji Fazlası
2026-06-21T00:00:00+03:00,2026-06-21T00:00:00+03:00,999.99,3000.0,969.9903,3180.0,Enerji Açığı
2026-06-21T01:00:00+03:00,2026-06-21T01:00:00+03:00,945.0,2419.0,916.65,2564.14,Enerji Açığı
2026-06-21T02:00:00+03:00,2026-06-21T02:00:00+03:00,700.0,2419.0,679.0,2564.14,Enerji Açığı
2026-06-21T03:00:00+03:00,2026-06-21T03:00:00+03:00,730.01,50.0,-106.0,751.9103,Enerji Fazlası
2026-06-21T04:00:00+03:00,2026-06-21T04:00:00+03:00,355.68,28.0,-106.0,366.3504,Enerji Fazlası
2026-06-21T05:00:00+03:00,2026-06-21T05:00:00+03:00,237.0,11.1,-106.0,244.11,Enerji Fazlası
2026-06-21T06:00:00+03:00,2026-06-21T06:00:00+03:00,171.01,0.0,-106.0,176.1403,Enerji Fazlası
2026-06-21T07:00:00+03:00,2026-06-21T07:00:00+03:00,0.0,0.0,-106.0,154.5,Enerji Fazlası
2026-06-21T08:00:00+03:00,2026-06-21T08:00:00+03:00,0.0,0.0,-106.0,154.5,Enerji Fazlası
2026-06-21T09:00:00+03:00,2026-06-21T09:00:00+03:00,0.0,0.0,-106.0,154.5,Enerji Fazlası
2026-06-21T10:00:00+03:00,2026-06-21T10:00:00+03:00,0.0,0.0,-106.0,154.5,Enerji Fazlası
2026-06-21T11:00:00+03:00,2026-06-21T11:00:00+03:00,0.0,0.0,-106.0,154.5,Enerji Fazlası
2026-06-21T12:00:00+03:00,2026-06-21T12:00:00+03:00,0.0,0.0,-106.0,154.5,Enerji Fazlası
2026-06-21T13:00:00+03:00,2026-06-21T13:00:00+03:00,0.0,0.0,-106.0,154.5,Enerji Fazlası
2026-06-21T14:00:00+03:00,2026-06-21T14:00:00+03:00,0.0,0.0,-106.0,154.5,Enerji Fazlası
2026-06-21T15:00:00+03:00,2026-06-21T15:00:00+03:00,0.0,0.0,-106.0,154.5,Enerji Fazlası
2026-06-21T16:00:00+03:00,2026-06-21T16:00:00+03:00,0.0,1001.0,-103.0,1061.06,Enerji Açığı
2026-06-21T17:00:00+03:00,2026-06-21T17:00:00+03:00,171.0,10.9,-106.0,176.13,Enerji Fazlası
2026-06-21T18:00:00+03:00,2026-06-21T18:00:00+03:00,304.0,2660.9,294.88,2820.554,Enerji Açığı
2026-06-21T19:00:00+03:00,2026-06-21T19:00:00+03:00,1275.0,4000.0,1236.75,4240.0,Enerji Açığı
2026-06-21T20:00:00+03:00,2026-06-21T20:00:00+03:00,1391.49,3200.0,1349.7453,3392.0,Enerji Açığı
2026-06-21T21:00:00+03:00,2026-06-21T21:00:00+03:00,999.98,3000.0,969.9806,3180.0,Enerji Açığı
2026-06-21T22:00:00+03:00,2026-06-21T22:00:00+03:00,488.89,2419.0,474.2233,2564.14,Enerji Açığı
2026-06-21T23:00:00+03:00,2026-06-21T23:00:00+03:00,302.99,2419.0,293.9003,2564.14,Enerji Açığı
2026-06-22T00:00:00+03:00,2026-06-22T00:00:00+03:00,800.01,2222.0,776.0097,2355.32,Enerji Açığı
2026-06-22T01:00:00+03:00,2026-06-22T01:00:00+03:00,500.0,28.0,-106.0,515.0,Enerji Fazlası
2026-06-22T02:00:00+03:00,2026-06-22T02:00:00+03:00,349.99,800.0,339.4903,848.0,Enerji Açığı
2026-06-22T03:00:00+03:00,2026-06-22T03:00:00+03:00,303.99,28.0,-106.0,313.1097,Enerji Fazlası
2026-06-22T04:00:00+03:00,2026-06-22T04:00:00+03:00,300.01,10.0,-106.0,309.0103,Enerji Fazlası
2026-06-22T05:00:00+03:00,2026-06-22T05:00:00+03:00,222.99,100.0,-106.0,229.6797,Enerji Fazlası
2026-06-22T06:00:00+03:00,2026-06-22T06:00:00+03:00,180.0,1340.0,174.6,1420.4,Enerji Açığı
2026-06-22T07:00:00+03:00,2026-06-22T07:00:00+03:00,171.0,1000.0,165.87,1060.0,Enerji Açığı
2026-06-22T08:00:00+03:00,2026-06-22T08:00:00+03:00,200.0,2660.9,194.0,2820.554,Enerji Açığı
2026-06-22T09:00:00+03:00,2026-06-22T09:00:00+03:00,199.0,3500.0,193.03,3710.0,Enerji Açığı
2026-06-22T10:00:00+03:00,2026-06-22T10:00:00+03:00,175.0,2419.0,169.75,2564.14,Enerji Açığı
2026-06-22T11:00:00+03:00,2026-06-22T11:00:00+03:00,174.99,2500.0,169.7403,2650.0,Enerji Açığı
2026-06-22T12:00:00+03:00,2026-06-22T12:00:00+03:00,169.99,1.0,-106.0,175.0897,Enerji Fazlası
2026-06-22T13:00:00+03:00,2026-06-22T13:00:00+03:00,170.01,1290.0,164.9097,1367.4,Enerji Açığı
2026-06-22T14:00:00+03:00,2026-06-22T14:00:00+03:00,180.01,3000.0,174.6097,3180.0,Enerji Açığı
2026-06-22T15:00:00+03:00,2026-06-22T15:00:00+03:00,220.01,2500.0,213.4097,2650.0,Enerji Açığı
2026-06-22T16:00:00+03:00,2026-06-22T16:00:00+03:00,448.0,3000.0,434.56,3180.0,Enerji Açığı
2026-06-22T17:00:00+03:00,2026-06-22T17:00:00+03:00,1400.01,4100.0,1358.0097,4346.0,Enerji Açığı
2026-06-22T18:00:00+03:00,2026-06-22T18:00:00+03:00,1500.0,4250.0,1455.0,4505.0,Enerji Açığı
2026-06-22T19:00:00+03:00,2026-06-22T19:00:00+03:00,2305.0,4349.0,2235.85,4609.94,Enerji Açığı
2026-06-22T20:00:00+03:00,2026-06-22T20:00:00+03:00,3974.39,4370.0,3855.1583,4632.2,Enerji Açığı
2026-06-22T21:00:00+03:00,2026-06-22T21:00:00+03:00,3974.39,4370.0,3855.1583,4632.2,Enerji Açığı
2026-06-22T22:00:00+03:00,2026-06-22T22:00:00+03:00,1996.0,4370.0,1936.12,4632.2,Enerji Açığı
2026-06-22T23:00:00+03:00,2026-06-22T23:00:00+03:00,1899.99,4349.0,1842.9903,4609.94,Enerji Açığı
2026-06-23T00:00:00+03:00,2026-06-23T00:00:00+03:00,1600.0,3900.0,1552.0,4134.0,Enerji Açığı
2026-06-23T01:00:00+03:00,2026-06-23T01:00:00+03:00,1400.01,3500.0,1358.0097,3710.0,Enerji Açığı
2026-06-23T02:00:00+03:00,2026-06-23T02:00:00+03:00,1250.0,3000.0,1212.5,3180.0,Enerji Açığı
2026-06-23T03:00:00+03:00,2026-06-23T03:00:00+03:00,1499.99,3000.0,1454.9903,3180.0,Enerji Açığı
2026-06-23T04:00:00+03:00,2026-06-23T04:00:00+03:00,1799.99,3000.0,1745.9903,3180.0,Enerji Açığı
2026-06-23T05:00:00+03:00,2026-06-23T05:00:00+03:00,1499.97,2419.0,1454.9709,2564.14,Enerji Açığı
2026-06-23T06:00:00+03:00,2026-06-23T06:00:00+03:00,700.0,798.0,679.0,845.88,Enerji Açığı
2026-06-23T07:00:00+03:00,2026-06-23T07:00:00+03:00,325.0,2660.9,315.25,2820.554,Enerji Açığı
2026-06-23T08:00:00+03:00,2026-06-23T08:00:00+03:00,1000.01,3000.0,970.0097,3180.0,Enerji Açığı
2026-06-23T09:00:00+03:00,2026-06-23T09:00:00+03:00,899.99,3800.0,872.9903,4028.0,Enerji Açığı
2026-06-23T10:00:00+03:00,2026-06-23T10:00:00+03:00,310.0,3500.0,300.7,3710.0,Enerji Açığı
2026-06-23T11:00:00+03:00,2026-06-23T11:00:00+03:00,250.01,3500.0,242.5097,3710.0,Enerji Açığı
2026-06-23T12:00:00+03:00,2026-06-23T12:00:00+03:00,190.0,1.0,-106.0,195.7,Enerji Fazlası
2026-06-23T13:00:00+03:00,2026-06-23T13:00:00+03:00,248.0,2419.0,240.56,2564.14,Enerji Açığı
2026-06-23T14:00:00+03:00,2026-06-23T14:00:00+03:00,365.1,38.0,-106.0,376.053,Enerji Fazlası
2026-06-23T15:00:00+03:00,2026-06-23T15:00:00+03:00,702.0,10.8,-106.0,723.06,Enerji Fazlası
2026-06-23T16:00:00+03:00,2026-06-23T16:00:00+03:00,999.98,820.0,770.8,1029.9794,Enerji Fazlası
2026-06-23T17:00:00+03:00,2026-06-23T17:00:00+03:00,2900.01,3500.0,2813.0097,3710.0,Enerji Açığı
2026-06-23T18:00:00+03:00,2026-06-23T18:00:00+03:00,1420.01,3500.0,1377.4097,3710.0,Enerji Açığı
2026-06-23T19:00:00+03:00,2026-06-23T19:00:00+03:00,3805.0,4157.0,3690.85,4406.42,Enerji Açığı
2026-06-23T20:00:00+03:00,2026-06-23T20:00:00+03:00,4244.99,1907.0,1792.58,4372.3397,Enerji Fazlası
2026-06-23T21:00:00+03:00,2026-06-23T21:00:00+03:00,4200.0,4200.0,4074.0,4452.0,Enerji Açığı
2026-06-23T22:00:00+03:00,2026-06-23T22:00:00+03:00,3400.0,3900.0,3298.0,4134.0,Enerji Açığı
2026-06-23T23:00:00+03:00,2026-06-23T23:00:00+03:00,2538.0,700.0,658.0,2614.14,Enerji Fazlası
2026-06-24T00:00:00+03:00,2026-06-24T00:00:00+03:00,2700.0,699.99,657.9906,2781.0,Enerji Fazlası
2026-06-24T01:00:00+03:00,2026-06-24T01:00:00+03:00,1958.32,699.98,657.9812,2017.0696,Enerji Fazlası
2026-06-24T02:00:00+03:00,2026-06-24T02:00:00+03:00,1507.01,699.99,657.9906,1552.2203,Enerji Fazlası
2026-06-24T03:00:00+03:00,2026-06-24T03:00:00+03:00,2099.99,699.99,657.9906,2162.9897,Enerji Fazlası
2026-06-24T04:00:00+03:00,2026-06-24T04:00:00+03:00,2500.01,480.0,451.2,2575.0103,Enerji Fazlası
2026-06-24T05:00:00+03:00,2026-06-24T05:00:00+03:00,1500.0,700.0,658.0,1545.0,Enerji Fazlası
2026-06-24T06:00:00+03:00,2026-06-24T06:00:00+03:00,1499.97,1499.97,1454.9709,1589.9682,Enerji Açığı
2026-06-24T07:00:00+03:00,2026-06-24T07:00:00+03:00,550.01,10.0,-106.0,566.5103,Enerji Fazlası
2026-06-24T08:00:00+03:00,2026-06-24T08:00:00+03:00,2451.0,190.0,178.6,2524.53,Enerji Fazlası
2026-06-24T09:00:00+03:00,2026-06-24T09:00:00+03:00,1499.97,150.0,141.0,1544.9691,Enerji Fazlası
2026-06-24T10:00:00+03:00,2026-06-24T10:00:00+03:00,899.99,1.0,-106.0,926.9897,Enerji Fazlası
2026-06-24T11:00:00+03:00,2026-06-24T11:00:00+03:00,500.01,1.0,-106.0,515.0103,Enerji Fazlası
2026-06-24T12:00:00+03:00,2026-06-24T12:00:00+03:00,250.01,0.1,-106.0,257.5103,Enerji Fazlası
2026-06-24T13:00:00+03:00,2026-06-24T13:00:00+03:00,500.01,1.0,-106.0,515.0103,Enerji Fazlası
2026-06-24T14:00:00+03:00,2026-06-24T14:00:00+03:00,999.97,35.0,-106.0,1029.9691,Enerji Fazlası
2026-06-24T15:00:00+03:00,2026-06-24T15:00:00+03:00,999.98,10.0,-106.0,1029.9794,Enerji Fazlası
2026-06-24T16:00:00+03:00,2026-06-24T16:00:00+03:00,1175.0,151.0,141.94,1210.25,Enerji Fazlası
2026-06-24T17:00:00+03:00,2026-06-24T17:00:00+03:00,3653.79,3950.0,3544.1763,4187.0,Enerji Açığı
2026-06-24T18:00:00+03:00,2026-06-24T18:00:00+03:00,3789.25,3826.27,3675.5725,4055.8462,Enerji Açığı
2026-06-24T19:00:00+03:00,2026-06-24T19:00:00+03:00,4050.0,4050.0,3928.5,4293.0,Enerji Açığı
2026-06-24T20:00:00+03:00,2026-06-24T20:00:00+03:00,4294.77,4296.0,4165.9269,4553.76,Enerji Açığı
2026-06-24T21:00:00+03:00,2026-06-24T21:00:00+03:00,4250.01,4285.01,4122.5097,4542.1106,Enerji Açığı
2026-06-24T22:00:00+03:00,2026-06-24T22:00:00+03:00,3250.0,3950.0,3152.5,4187.0,Enerji Açığı
2026-06-24T23:00:00+03:00,2026-06-24T23:00:00+03:00,3799.98,3800.0,3685.9806,4028.0,Enerji Açığı
2026-06-25T00:00:00+03:00,2026-06-25T00:00:00+03:00,2450.99,3700.0,2377.4603,3922.0,Enerji Açığı
2026-06-25T01:00:00+03:00,2026-06-25T01:00:00+03:00,1850.0,3700.0,1794.5,3922.0,Enerji Açığı
2026-06-25T02:00:00+03:00,2026-06-25T02:00:00+03:00,1649.99,2423.0,1600.4903,2568.38,Enerji Açığı
2026-06-25T03:00:00+03:00,2026-06-25T03:00:00+03:00,1499.98,2423.0,1454.9806,2568.38,Enerji Açığı
2026-06-25T04:00:00+03:00,2026-06-25T04:00:00+03:00,1499.98,3500.0,1454.9806,3710.0,Enerji Açığı
2026-06-25T05:00:00+03:00,2026-06-25T05:00:00+03:00,2195.2,2900.0,2129.344,3074.0,Enerji Açığı
2026-06-25T06:00:00+03:00,2026-06-25T06:00:00+03:00,1800.01,1440.01,1353.6094,1854.0103,Enerji Fazlası
2026-06-25T07:00:00+03:00,2026-06-25T07:00:00+03:00,500.01,2423.0,485.0097,2568.38,Enerji Açığı
2026-06-25T08:00:00+03:00,2026-06-25T08:00:00+03:00,1849.99,2500.0,1794.4903,2650.0,Enerji Açığı
2026-06-25T09:00:00+03:00,2026-06-25T09:00:00+03:00,1200.0,2750.0,1164.0,2915.0,Enerji Açığı
2026-06-25T10:00:00+03:00,2026-06-25T10:00:00+03:00,349.98,2750.0,339.4806,2915.0,Enerji Açığı
2026-06-25T11:00:00+03:00,2026-06-25T11:00:00+03:00,303.99,2750.0,294.8703,2915.0,Enerji Açığı
2026-06-25T12:00:00+03:00,2026-06-25T12:00:00+03:00,190.0,2665.3,184.3,2825.218,Enerji Açığı
2026-06-25T13:00:00+03:00,2026-06-25T13:00:00+03:00,250.0,3200.0,242.5,3392.0,Enerji Açığı
2026-06-25T14:00:00+03:00,2026-06-25T14:00:00+03:00,399.67,3500.0,387.6799,3710.0,Enerji Açığı
2026-06-25T15:00:00+03:00,2026-06-25T15:00:00+03:00,989.98,3500.0,960.2806,3710.0,Enerji Açığı
2026-06-25T16:00:00+03:00,2026-06-25T16:00:00+03:00,1699.99,4000.0,1648.9903,4240.0,Enerji Açığı
2026-06-25T17:00:00+03:00,2026-06-25T17:00:00+03:00,2000.0,4300.0,1940.0,4558.0,Enerji Açığı
2026-06-25T18:00:00+03:00,2026-06-25T18:00:00+03:00,2200.01,4300.0,2134.0097,4558.0,Enerji Açığı
2026-06-25T19:00:00+03:00,2026-06-25T19:00:00+03:00,4097.89,4350.0,3974.9533,4611.0,Enerji Açığı
2026-06-25T20:00:00+03:00,2026-06-25T20:00:00+03:00,4250.01,4450.0,4122.5097,4717.0,Enerji Açığı
2026-06-25T21:00:00+03:00,2026-06-25T21:00:00+03:00,4250.0,4450.0,4122.5,4717.0,Enerji Açığı
2026-06-25T22:00:00+03:00,2026-06-25T22:00:00+03:00,2495.9,4350.0,2421.023,4611.0,Enerji Açığı
2026-06-25T23:00:00+03:00,2026-06-25T23:00:00+03:00,1899.98,4300.0,1842.9806,4558.0,Enerji Açığı
2026-06-26T00:00:00+03:00,2026-06-26T00:00:00+03:00,2495.9,3999.0,2421.023,4238.94,Enerji Açığı
2026-06-26T01:00:00+03:00,2026-06-26T01:00:00+03:00,1850.0,3900.0,1794.5,4134.0,Enerji Açığı
2026-06-26T02:00:00+03:00,2026-06-26T02:00:00+03:00,1669.79,3500.0,1619.6963,3710.0,Enerji Açığı
2026-06-26T03:00:00+03:00,2026-06-26T03:00:00+03:00,1800.0,2988.0,1746.0,3167.28,Enerji Açığı
2026-06-26T04:00:00+03:00,2026-06-26T04:00:00+03:00,2195.19,2988.0,2129.3343,3167.28,Enerji Açığı
2026-06-26T05:00:00+03:00,2026-06-26T05:00:00+03:00,1499.97,1499.97,1454.9709,1544.9691,Dengede
2026-06-26T06:00:00+03:00,2026-06-26T06:00:00+03:00,910.01,400.0,376.0,937.3103,Enerji Fazlası
2026-06-26T07:00:00+03:00,2026-06-26T07:00:00+03:00,310.01,2300.0,300.7097,2438.0,Enerji Açığı
2026-06-26T08:00:00+03:00,2026-06-26T08:00:00+03:00,1400.01,2336.4,1358.0097,2476.584,Enerji Açığı
2026-06-26T09:00:00+03:00,2026-06-26T09:00:00+03:00,900.0,2750.0,873.0,2915.0,Enerji Açığı
2026-06-26T10:00:00+03:00,2026-06-26T10:00:00+03:00,500.0,2336.4,485.0,2476.584,Enerji Açığı
2026-06-26T11:00:00+03:00,2026-06-26T11:00:00+03:00,369.56,2750.0,358.4732,2915.0,Enerji Açığı
2026-06-26T12:00:00+03:00,2026-06-26T12:00:00+03:00,200.0,1600.0,194.0,1696.0,Enerji Açığı
2026-06-26T13:00:00+03:00,2026-06-26T13:00:00+03:00,200.01,2336.4,194.0097,2476.584,Enerji Açığı
2026-06-26T14:00:00+03:00,2026-06-26T14:00:00+03:00,702.01,3000.0,680.9497,3180.0,Enerji Açığı
2026-06-26T15:00:00+03:00,2026-06-26T15:00:00+03:00,1274.99,3480.0,1236.7403,3688.8,Enerji Açığı
2026-06-26T16:00:00+03:00,2026-06-26T16:00:00+03:00,1499.97,3300.0,1454.9709,3498.0,Enerji Açığı
2026-06-26T17:00:00+03:00,2026-06-26T17:00:00+03:00,1919.98,4000.0,1862.3806,4240.0,Enerji Açığı
2026-06-26T18:00:00+03:00,2026-06-26T18:00:00+03:00,1500.0,4199.0,1455.0,4450.94,Enerji Açığı
2026-06-26T19:00:00+03:00,2026-06-26T19:00:00+03:00,3904.16,4350.0,3787.0352,4611.0,Enerji Açığı
2026-06-26T20:00:00+03:00,2026-06-26T20:00:00+03:00,4250.0,4350.0,4122.5,4611.0,Enerji Açığı
2026-06-26T21:00:00+03:00,2026-06-26T21:00:00+03:00,4200.0,4300.0,4074.0,4558.0,Enerji Açığı
2026-06-26T22:00:00+03:00,2026-06-26T22:00:00+03:00,3449.72,4198.0,3346.2284,4449.88,Enerji Açığı
2026-06-26T23:00:00+03:00,2026-06-26T23:00:00+03:00,2499.99,700.0,658.0,2574.9897,Enerji Fazlası
2026-06-27T00:00:00+03:00,2026-06-27T00:00:00+03:00,2858.01,3770.0,2772.2697,3996.2,Enerji Açığı
2026-06-27T01:00:00+03:00,2026-06-27T01:00:00+03:00,2195.19,3400.0,2129.3343,3604.0,Enerji Açığı
2026-06-27T02:00:00+03:00,2026-06-27T02:00:00+03:00,1899.98,3000.0,1842.9806,3180.0,Enerji Açığı
2026-06-27T03:00:00+03:00,2026-06-27T03:00:00+03:00,2000.0,2000.0,1940.0,2120.0,Enerji Açığı
2026-06-27T04:00:00+03:00,2026-06-27T04:00:00+03:00,2195.19,1995.0,1875.3,2261.0457,Enerji Fazlası
2026-06-27T05:00:00+03:00,2026-06-27T05:00:00+03:00,1499.97,1299.0,1221.06,1544.9691,Enerji Fazlası
2026-06-27T06:00:00+03:00,2026-06-27T06:00:00+03:00,500.0,2300.0,485.0,2438.0,Enerji Açığı
2026-06-27T07:00:00+03:00,2026-06-27T07:00:00+03:00,199.01,10.0,-106.0,204.9803,Enerji Fazlası
2026-06-27T08:00:00+03:00,2026-06-27T08:00:00+03:00,199.0,2125.0,193.03,2252.5,Enerji Açığı
2026-06-27T09:00:00+03:00,2026-06-27T09:00:00+03:00,180.0,2500.0,174.6,2650.0,Enerji Açığı
2026-06-27T10:00:00+03:00,2026-06-27T10:00:00+03:00,171.01,2500.0,165.8797,2650.0,Enerji Açığı
2026-06-27T11:00:00+03:00,2026-06-27T11:00:00+03:00,171.0,2500.0,165.87,2650.0,Enerji Açığı
2026-06-27T12:00:00+03:00,2026-06-27T12:00:00+03:00,170.0,2500.0,164.9,2650.0,Enerji Açığı
2026-06-27T13:00:00+03:00,2026-06-27T13:00:00+03:00,171.0,2337.5,165.87,2477.75,Enerji Açığı
2026-06-27T14:00:00+03:00,2026-06-27T14:00:00+03:00,175.0,1.19,-106.0,180.25,Enerji Fazlası
2026-06-27T15:00:00+03:00,2026-06-27T15:00:00+03:00,220.01,1.19,-106.0,226.6103,Enerji Fazlası
2026-06-27T16:00:00+03:00,2026-06-27T16:00:00+03:00,330.0,0.1,-106.0,339.9,Enerji Fazlası
2026-06-27T17:00:00+03:00,2026-06-27T17:00:00+03:00,1011.29,700.0,658.0,1041.6287,Enerji Fazlası
2026-06-27T18:00:00+03:00,2026-06-27T18:00:00+03:00,1523.0,700.0,658.0,1568.69,Enerji Fazlası
2026-06-27T19:00:00+03:00,2026-06-27T19:00:00+03:00,2587.01,4080.0,2509.3997,4324.8,Enerji Açığı
2026-06-27T20:00:00+03:00,2026-06-27T20:00:00+03:00,3860.0,4080.0,3744.2,4324.8,Enerji Açığı
2026-06-27T21:00:00+03:00,2026-06-27T21:00:00+03:00,3600.01,4080.0,3492.0097,4324.8,Enerji Açığı
2026-06-27T22:00:00+03:00,2026-06-27T22:00:00+03:00,1899.99,1899.0,1785.06,1956.9897,Enerji Fazlası
2026-06-27T23:00:00+03:00,2026-06-27T23:00:00+03:00,1899.98,2125.0,1842.9806,2252.5,Enerji Açığı
2026-06-28T00:00:00+03:00,2026-06-28T00:00:00+03:00,1500.0,1600.0,1455.0,1696.0,Enerji Açığı
2026-06-28T01:00:00+03:00,2026-06-28T01:00:00+03:00,1499.98,2126.02,1454.9806,2253.5812,Enerji Açığı
2026-06-28T02:00:00+03:00,2026-06-28T02:00:00+03:00,1499.97,2126.02,1454.9709,2253.5812,Enerji Açığı
2026-06-28T03:00:00+03:00,2026-06-28T03:00:00+03:00,1429.01,930.11,874.3034,1471.8803,Enerji Fazlası
2026-06-28T04:00:00+03:00,2026-06-28T04:00:00+03:00,1400.0,210.0,197.4,1442.0,Enerji Fazlası
2026-06-28T05:00:00+03:00,2026-06-28T05:00:00+03:00,1080.0,400.0,376.0,1112.4,Enerji Fazlası
2026-06-28T06:00:00+03:00,2026-06-28T06:00:00+03:00,252.01,252.01,236.8894,259.5703,Enerji Fazlası
2026-06-28T07:00:00+03:00,2026-06-28T07:00:00+03:00,170.0,170.0,159.8,175.1,Enerji Fazlası
2026-06-28T08:00:00+03:00,2026-06-28T08:00:00+03:00,0.0,0.0,-106.0,154.5,Enerji Fazlası
2026-06-28T09:00:00+03:00,2026-06-28T09:00:00+03:00,0.0,0.0,-106.0,154.5,Enerji Fazlası
2026-06-28T10:00:00+03:00,2026-06-28T10:00:00+03:00,0.0,0.0,-106.0,154.5,Enerji Fazlası
2026-06-28T11:00:00+03:00,2026-06-28T11:00:00+03:00,0.0,0.0,-106.0,154.5,Enerji Fazlası
2026-06-28T12:00:00+03:00,2026-06-28T12:00:00+03:00,0.0,0.0,-106.0,154.5,Enerji Fazlası
2026-06-28T13:00:00+03:00,2026-06-28T13:00:00+03:00,0.0,0.0,-106.0,154.5,Enerji Fazlası
2026-06-28T14:00:00+03:00,2026-06-28T14:00:00+03:00,0.0,0.0,-106.0,154.5,Enerji Fazlası
2026-06-28T15:00:00+03:00,2026-06-28T15:00:00+03:00,0.0,0.0,-106.0,154.5,Enerji Fazlası
2026-06-28T16:00:00+03:00,2026-06-28T16:00:00+03:00,169.99,0.0,-106.0,175.0897,Enerji Fazlası
2026-06-28T17:00:00+03:00,2026-06-28T17:00:00+03:00,180.01,1.19,-106.0,185.4103,Enerji Fazlası
2026-06-28T18:00:00+03:00,2026-06-28T18:00:00+03:00,589.01,50.0,-106.0,606.6803,Enerji Fazlası
2026-06-28T19:00:00+03:00,2026-06-28T19:00:00+03:00,1649.99,3000.0,1600.4903,3180.0,Enerji Açığı
2026-06-28T20:00:00+03:00,2026-06-28T20:00:00+03:00,1849.99,3000.0,1794.4903,3180.0,Enerji Açığı
2026-06-28T21:00:00+03:00,2026-06-28T21:00:00+03:00,1999.99,3780.0,1939.9903,4006.8,Enerji Açığı
2026-06-28T22:00:00+03:00,2026-06-28T22:00:00+03:00,1500.03,2897.0,1455.0291,3070.82,Enerji Açığı
2026-06-28T23:00:00+03:00,2026-06-28T23:00:00+03:00,1786.01,3100.0,1732.4297,3286.0,Enerji Açığı
2026-06-29T00:00:00+03:00,2026-06-29T00:00:00+03:00,1700.0,2200.0,1649.0,2332.0,Enerji Açığı
2026-06-29T01:00:00+03:00,2026-06-29T01:00:00+03:00,1490.0,2000.0,1445.3,2120.0,Enerji Açığı
2026-06-29T02:00:00+03:00,2026-06-29T02:00:00+03:00,1499.98,2126.0,1454.9806,2253.56,Enerji Açığı
2026-06-29T03:00:00+03:00,2026-06-29T03:00:00+03:00,1499.97,2000.0,1454.9709,2120.0,Enerji Açığı
2026-06-29T04:00:00+03:00,2026-06-29T04:00:00+03:00,1499.99,2250.0,1454.9903,2385.0,Enerji Açığı
2026-06-29T05:00:00+03:00,2026-06-29T05:00:00+03:00,1499.98,2250.0,1454.9806,2385.0,Enerji Açığı
2026-06-29T06:00:00+03:00,2026-06-29T06:00:00+03:00,500.01,2126.0,485.0097,2253.56,Enerji Açığı
2026-06-29T07:00:00+03:00,2026-06-29T07:00:00+03:00,299.99,74.99,-106.0,308.9897,Enerji Fazlası
2026-06-29T08:00:00+03:00,2026-06-29T08:00:00+03:00,1499.97,2126.0,1454.9709,2253.56,Enerji Açığı
2026-06-29T09:00:00+03:00,2026-06-29T09:00:00+03:00,1499.98,,,,
2026-06-29T10:00:00+03:00,2026-06-29T10:00:00+03:00,1400.0,,,,
2026-06-29T11:00:00+03:00,2026-06-29T11:00:00+03:00,993.11,,,,
2026-06-29T12:00:00+03:00,2026-06-29T12:00:00+03:00,310.0,,,,
2026-06-29T13:00:00+03:00,2026-06-29T13:00:00+03:00,656.01,,,,
2026-06-29T14:00:00+03:00,2026-06-29T14:00:00+03:00,1499.98,,,,
2026-06-29T15:00:00+03:00,2026-06-29T15:00:00+03:00,1499.98,,,,
2026-06-29T16:00:00+03:00,2026-06-29T16:00:00+03:00,1849.02,,,,
2026-06-29T17:00:00+03:00,2026-06-29T17:00:00+03:00,1799.97,,,,
2026-06-29T18:00:00+03:00,2026-06-29T18:00:00+03:00,1799.97,,,,
2026-06-29T19:00:00+03:00,2026-06-29T19:00:00+03:00,3600.0,,,,
2026-06-29T20:00:00+03:00,2026-06-29T20:00:00+03:00,4300.01,,,,
2026-06-29T21:00:00+03:00,2026-06-29T21:00:00+03:00,4300.01,,,,
2026-06-29T22:00:00+03:00,2026-06-29T22:00:00+03:00,3000.0,,,,
2026-06-29T23:00:00+03:00,2026-06-29T23:00:00+03:00,1500.0,,,,
2026-06-30T00:00:00+03:00,2026-06-30T00:00:00+03:00,2445.19,3749.0,2371.8343,3973.94,Enerji Açığı
2026-06-30T01:00:00+03:00,2026-06-30T01:00:00+03:00,1899.99,3749.0,1842.9903,3973.94,Enerji Açığı
2026-06-30T02:00:00+03:00,2026-06-30T02:00:00+03:00,1899.99,3749.0,1842.9903,3973.94,Enerji Açığı
2026-06-30T03:00:00+03:00,2026-06-30T03:00:00+03:00,1899.99,3748.0,1842.9903,3972.88,Enerji Açığı
2026-06-30T04:00:00+03:00,2026-06-30T04:00:00+03:00,1912.0,3400.0,1854.64,3604.0,Enerji Açığı
2026-06-30T05:00:00+03:00,2026-06-30T05:00:00+03:00,1499.99,3400.0,1454.9903,3604.0,Enerji Açığı
2026-06-30T06:00:00+03:00,2026-06-30T06:00:00+03:00,1800.0,2200.0,1746.0,2332.0,Enerji Açığı
2026-06-30T07:00:00+03:00,2026-06-30T07:00:00+03:00,800.0,2126.02,776.0,2253.5812,Enerji Açığı
2026-06-30T08:00:00+03:00,2026-06-30T08:00:00+03:00,1800.0,2800.0,1746.0,2968.0,Enerji Açığı
2026-06-30T09:00:00+03:00,2026-06-30T09:00:00+03:00,1500.0,2500.0,1455.0,2650.0,Enerji Açığı
2026-06-30T10:00:00+03:00,2026-06-30T10:00:00+03:00,1400.0,400.0,376.0,1442.0,Enerji Fazlası
2026-06-30T11:00:00+03:00,2026-06-30T11:00:00+03:00,1400.01,2750.0,1358.0097,2915.0,Enerji Açığı
2026-06-30T12:00:00+03:00,2026-06-30T12:00:00+03:00,500.0,2126.02,485.0,2253.5812,Enerji Açığı
2026-06-30T13:00:00+03:00,2026-06-30T13:00:00+03:00,1400.0,2338.62,1358.0,2478.9372,Enerji Açığı
2026-06-30T14:00:00+03:00,2026-06-30T14:00:00+03:00,1799.97,3350.0,1745.9709,3551.0,Enerji Açığı
2026-06-30T15:00:00+03:00,2026-06-30T15:00:00+03:00,1175.0,2338.62,1139.75,2478.9372,Enerji Açığı
2026-06-30T16:00:00+03:00,2026-06-30T16:00:00+03:00,1400.0,3780.0,1358.0,4006.8,Enerji Açığı
2026-06-30T17:00:00+03:00,2026-06-30T17:00:00+03:00,2900.01,4048.0,2813.0097,4290.88,Enerji Açığı
2026-06-30T18:00:00+03:00,2026-06-30T18:00:00+03:00,2999.13,4180.0,2909.1561,4430.8,Enerji Açığı
2026-06-30T19:00:00+03:00,2026-06-30T19:00:00+03:00,3880.9,4450.0,3764.473,4717.0,Enerji Açığı
2026-06-30T20:00:00+03:00,2026-06-30T20:00:00+03:00,4307.31,4450.0,4178.0907,4717.0,Enerji Açığı
2026-06-30T21:00:00+03:00,2026-06-30T21:00:00+03:00,4300.01,4450.0,4171.0097,4717.0,Enerji Açığı
2026-06-30T22:00:00+03:00,2026-06-30T22:00:00+03:00,3999.98,4320.0,3879.9806,4579.2,Enerji Açığı
2026-06-30T23:00:00+03:00,2026-06-30T23:00:00+03:00,3617.39,4198.0,3508.8683,4449.88,Enerji Açığı
2026-07-01T00:00:00+03:00,2026-07-01T00:00:00+03:00,4090.67,4091.0,3967.9499,4336.46,Enerji Açığı
2026-07-01T01:00:00+03:00,2026-07-01T01:00:00+03:00,4000.0,4000.0,3880.0,4240.0,Enerji Açığı
2026-07-01T02:00:00+03:00,2026-07-01T02:00:00+03:00,3575.03,3848.0,3467.7791,4078.88,Enerji Açığı
2026-07-01T03:00:00+03:00,2026-07-01T03:00:00+03:00,3544.71,3800.0,3438.3687,4028.0,Enerji Açığı
2026-07-01T04:00:00+03:00,2026-07-01T04:00:00+03:00,3506.05,3600.0,3400.8685,3816.0,Enerji Açığı
2026-07-01T05:00:00+03:00,2026-07-01T05:00:00+03:00,3000.0,3450.0,2910.0,3657.0,Enerji Açığı
2026-07-01T06:00:00+03:00,2026-07-01T06:00:00+03:00,1899.99,1909.99,1842.9903,2024.5894,Enerji Açığı
2026-07-01T07:00:00+03:00,2026-07-01T07:00:00+03:00,370.01,370.0,347.8,381.1103,Enerji Fazlası
2026-07-01T08:00:00+03:00,2026-07-01T08:00:00+03:00,2800.0,699.99,657.9906,2884.0,Enerji Fazlası
2026-07-01T09:00:00+03:00,2026-07-01T09:00:00+03:00,3489.99,3489.99,3385.2903,3699.3894,Enerji Açığı
2026-07-01T10:00:00+03:00,2026-07-01T10:00:00+03:00,2499.67,400.0,376.0,2574.6601,Enerji Fazlası
2026-07-01T11:00:00+03:00,2026-07-01T11:00:00+03:00,2429.01,500.0,470.0,2501.8803,Enerji Fazlası
2026-07-01T12:00:00+03:00,2026-07-01T12:00:00+03:00,1499.97,450.0,423.0,1544.9691,Enerji Fazlası
2026-07-01T13:00:00+03:00,2026-07-01T13:00:00+03:00,2429.01,400.0,376.0,2501.8803,Enerji Fazlası
2026-07-01T14:00:00+03:00,2026-07-01T14:00:00+03:00,3500.89,1000.0,940.0,3605.9167,Enerji Fazlası
2026-07-01T15:00:00+03:00,2026-07-01T15:00:00+03:00,3475.57,500.0,470.0,3579.8371,Enerji Fazlası
2026-07-01T16:00:00+03:00,2026-07-01T16:00:00+03:00,3995.0,3995.0,3875.15,4234.7,Enerji Açığı
2026-07-01T17:00:00+03:00,2026-07-01T17:00:00+03:00,4400.01,4400.01,4268.0097,4664.0106,Enerji Açığı
2026-07-01T18:00:00+03:00,2026-07-01T18:00:00+03:00,4200.0,4200.0,4074.0,4452.0,Enerji Açığı
2026-07-01T19:00:00+03:00,2026-07-01T19:00:00+03:00,3800.0,4320.0,3686.0,4579.2,Enerji Açığı
2026-07-01T20:00:00+03:00,2026-07-01T20:00:00+03:00,4400.0,4400.0,4268.0,4664.0,Enerji Açığı
2026-07-01T21:00:00+03:00,2026-07-01T21:00:00+03:00,4300.0,4450.0,4171.0,4717.0,Enerji Açığı
2026-07-01T22:00:00+03:00,2026-07-01T22:00:00+03:00,3700.63,4198.0,3589.6111,4449.88,Enerji Açığı
2026-07-01T23:00:00+03:00,2026-07-01T23:00:00+03:00,4000.0,4180.0,3880.0,4430.8,Enerji Açığı
2026-07-02T00:00:00+03:00,2026-07-02T00:00:00+03:00,3743.0,3800.0,3630.71,4028.0,Enerji Açığı
2026-07-02T01:00:00+03:00,2026-07-02T01:00:00+03:00,3200.0,3450.0,3104.0,3657.0,Enerji Açığı
2026-07-02T02:00:00+03:00,2026-07-02T02:00:00+03:00,3300.0,3500.0,3201.0,3710.0,Enerji Açığı
2026-07-02T03:00:00+03:00,2026-07-02T03:00:00+03:00,3269.01,3450.0,3170.9397,3657.0,Enerji Açığı
2026-07-02T04:00:00+03:00,2026-07-02T04:00:00+03:00,3999.99,3999.99,3879.9903,4239.9894,Enerji Açığı
2026-07-02T05:00:00+03:00,2026-07-02T05:00:00+03:00,3999.99,3999.99,3759.9906,4119.9897,Enerji Fazlası
2026-07-02T06:00:00+03:00,2026-07-02T06:00:00+03:00,3488.22,1834.0,1723.96,3592.8666,Enerji Fazlası
2026-07-02T07:00:00+03:00,2026-07-02T07:00:00+03:00,1799.97,1000.0,940.0,1853.9691,Enerji Fazlası
2026-07-02T08:00:00+03:00,2026-07-02T08:00:00+03:00,3680.0,1001.0,940.94,3790.4,Enerji Fazlası
2026-07-02T09:00:00+03:00,2026-07-02T09:00:00+03:00,3499.99,4048.0,3394.9903,4290.88,Enerji Açığı
2026-07-02T10:00:00+03:00,2026-07-02T10:00:00+03:00,2699.99,4090.0,2618.9903,4335.4,Enerji Açığı
2026-07-02T11:00:00+03:00,2026-07-02T11:00:00+03:00,2999.01,4048.0,2909.0397,4290.88,Enerji Açığı
2026-07-02T12:00:00+03:00,2026-07-02T12:00:00+03:00,1499.98,3550.0,1454.9806,3763.0,Enerji Açığı
2026-07-02T13:00:00+03:00,2026-07-02T13:00:00+03:00,2997.0,3500.0,2907.09,3710.0,Enerji Açığı
2026-07-02T14:00:00+03:00,2026-07-02T14:00:00+03:00,2997.01,3500.0,2907.0997,3710.0,Enerji Açığı
2026-07-02T15:00:00+03:00,2026-07-02T15:00:00+03:00,2007.0,3450.0,1946.79,3657.0,Enerji Açığı
2026-07-02T16:00:00+03:00,2026-07-02T16:00:00+03:00,2537.99,3600.0,2461.8503,3816.0,Enerji Açığı
2026-07-02T17:00:00+03:00,2026-07-02T17:00:00+03:00,3803.12,4180.0,3689.0264,4430.8,Enerji Açığı
2026-07-02T18:00:00+03:00,2026-07-02T18:00:00+03:00,2925.0,4180.0,2837.25,4430.8,Enerji Açığı
2026-07-02T19:00:00+03:00,2026-07-02T19:00:00+03:00,4237.01,4320.0,4109.8997,4579.2,Enerji Açığı
2026-07-02T20:00:00+03:00,2026-07-02T20:00:00+03:00,4500.0,4500.0,4365.0,5008.5,Enerji Açığı
2026-07-02T21:00:00+03:00,2026-07-02T21:00:00+03:00,4500.0,2555.0,2401.7,4866.75,Enerji Fazlası
2026-07-02T22:00:00+03:00,2026-07-02T22:00:00+03:00,4000.01,4048.0,3880.0097,4290.88,Enerji Açığı
2026-07-02T23:00:00+03:00,2026-07-02T23:00:00+03:00,3499.4,3499.4,3394.418,3709.364,Enerji Açığı
2026-07-03T00:00:00+03:00,2026-07-03T00:00:00+03:00,3500.99,3600.0,3395.9603,3816.0,Enerji Açığı
2026-07-03T01:00:00+03:00,2026-07-03T01:00:00+03:00,3000.0,3101.0,2910.0,3287.06,Enerji Açığı
2026-07-03T02:00:00+03:00,2026-07-03T02:00:00+03:00,3499.99,3800.0,3394.9903,4028.0,Enerji Açığı
2026-07-03T03:00:00+03:00,2026-07-03T03:00:00+03:00,3500.0,2222.0,2088.68,3605.0,Enerji Fazlası
2026-07-03T04:00:00+03:00,2026-07-03T04:00:00+03:00,4090.79,1500.0,1410.0,4213.5137,Enerji Fazlası
2026-07-03T05:00:00+03:00,2026-07-03T05:00:00+03:00,3600.0,2001.0,1880.94,3708.0,Enerji Fazlası
2026-07-03T06:00:00+03:00,2026-07-03T06:00:00+03:00,2450.99,2302.99,2164.8106,2524.5197,Enerji Fazlası
2026-07-03T07:00:00+03:00,2026-07-03T07:00:00+03:00,1799.98,1000.0,940.0,1853.9794,Enerji Fazlası
2026-07-03T08:00:00+03:00,2026-07-03T08:00:00+03:00,3599.99,,,,
2026-07-03T09:00:00+03:00,2026-07-03T09:00:00+03:00,3499.99,,,,
2026-07-03T10:00:00+03:00,2026-07-03T10:00:00+03:00,2537.99,,,,
2026-07-03T11:00:00+03:00,2026-07-03T11:00:00+03:00,2250.0,,,,
2026-07-03T12:00:00+03:00,2026-07-03T12:00:00+03:00,1499.98,,,,
2026-07-03T13:00:00+03:00,2026-07-03T13:00:00+03:00,1897.17,,,,
2026-07-03T14:00:00+03:00,2026-07-03T14:00:00+03:00,3549.05,,,,
2026-07-03T15:00:00+03:00,2026-07-03T15:00:00+03:00,3499.99,,,,
2026-07-03T16:00:00+03:00,2026-07-03T16:00:00+03:00,3000.01,,,,
2026-07-03T17:00:00+03:00,2026-07-03T17:00:00+03:00,3804.29,,,,
2026-07-03T18:00:00+03:00,2026-07-03T18:00:00+03:00,3389.89,,,,
2026-07-03T19:00:00+03:00,2026-07-03T19:00:00+03:00,3852.62,,,,
2026-07-03T20:00:00+03:00,2026-07-03T20:00:00+03:00,4235.01,,,,
2026-07-03T21:00:00+03:00,2026-07-03T21:00:00+03:00,4200.0,,,,
2026-07-03T22:00:00+03:00,2026-07-03T22:00:00+03:00,3488.19,,,,
2026-07-03T23:00:00+03:00,2026-07-03T23:00:00+03:00,2924.18,,,,
2026-07-04T00:00:00+03:00,2026-07-04T00:00:00+03:00,3400.0,3699.0,3298.0,3920.94,Enerji Açığı
2026-07-04T01:00:00+03:00,2026-07-04T01:00:00+03:00,3677.01,3699.0,3566.6997,3920.94,Enerji Açığı
2026-07-04T02:00:00+03:00,2026-07-04T02:00:00+03:00,3400.01,3699.0,3298.0097,3920.94,Enerji Açığı
2026-07-04T03:00:00+03:00,2026-07-04T03:00:00+03:00,3658.0,2723.66,2560.2404,3767.74,Enerji Fazlası
2026-07-04T04:00:00+03:00,2026-07-04T04:00:00+03:00,3677.01,2241.0,2106.54,3787.3203,Enerji Fazlası
2026-07-04T05:00:00+03:00,2026-07-04T05:00:00+03:00,3389.89,1389.89,1306.4966,3491.5867,Enerji Fazlası
2026-07-04T06:00:00+03:00,2026-07-04T06:00:00+03:00,2538.0,600.0,564.0,2614.14,Enerji Fazlası
2026-07-04T07:00:00+03:00,2026-07-04T07:00:00+03:00,1500.0,2500.0,1455.0,2650.0,Enerji Açığı
2026-07-04T08:00:00+03:00,2026-07-04T08:00:00+03:00,1850.0,2277.0,1794.5,2413.62,Enerji Açığı
2026-07-04T09:00:00+03:00,2026-07-04T09:00:00+03:00,1764.01,2500.01,1711.0897,2650.0106,Enerji Açığı
2026-07-04T10:00:00+03:00,2026-07-04T10:00:00+03:00,1499.97,2235.63,1454.9709,2369.7678,Enerji Açığı
2026-07-04T11:00:00+03:00,2026-07-04T11:00:00+03:00,1499.97,2750.0,1454.9709,2915.0,Enerji Açığı
2026-07-04T12:00:00+03:00,2026-07-04T12:00:00+03:00,700.01,2235.63,679.0097,2369.7678,Enerji Açığı
2026-07-04T13:00:00+03:00,2026-07-04T13:00:00+03:00,1499.97,2500.0,1454.9709,2650.0,Enerji Açığı
2026-07-04T14:00:00+03:00,2026-07-04T14:00:00+03:00,1696.72,3000.0,1645.8184,3180.0,Enerji Açığı
2026-07-04T15:00:00+03:00,2026-07-04T15:00:00+03:00,1691.9,2750.0,1641.143,2915.0,Enerji Açığı
2026-07-04T16:00:00+03:00,2026-07-04T16:00:00+03:00,1499.97,2032.39,1454.9709,2154.3334,Enerji Açığı
2026-07-04T17:00:00+03:00,2026-07-04T17:00:00+03:00,1499.99,1874.99,1454.9903,1987.4894,Enerji Açığı
2026-07-04T18:00:00+03:00,2026-07-04T18:00:00+03:00,1499.98,3000.0,1454.9806,3180.0,Enerji Açığı
2026-07-04T19:00:00+03:00,2026-07-04T19:00:00+03:00,3000.0,4050.0,2910.0,4293.0,Enerji Açığı
2026-07-04T20:00:00+03:00,2026-07-04T20:00:00+03:00,4045.41,4377.0,3924.0477,4639.62,Enerji Açığı
2026-07-04T21:00:00+03:00,2026-07-04T21:00:00+03:00,4030.12,4377.0,3909.2164,4639.62,Enerji Açığı
2026-07-04T22:00:00+03:00,2026-07-04T22:00:00+03:00,3400.01,4100.0,3298.0097,4346.0,Enerji Açığı
2026-07-04T23:00:00+03:00,2026-07-04T23:00:00+03:00,2099.99,4048.0,2036.9903,4290.88,Enerji Açığı
2026-07-05T00:00:00+03:00,2026-07-05T00:00:00+03:00,3400.01,3400.0,3196.0,3502.0103,Enerji Fazlası
2026-07-05T01:00:00+03:00,2026-07-05T01:00:00+03:00,2874.99,800.0,752.0,2961.2397,Enerji Fazlası
2026-07-05T02:00:00+03:00,2026-07-05T02:00:00+03:00,1900.0,600.0,564.0,1957.0,Enerji Fazlası
2026-07-05T03:00:00+03:00,2026-07-05T03:00:00+03:00,2425.09,500.0,470.0,2497.8427,Enerji Fazlası
2026-07-05T04:00:00+03:00,2026-07-05T04:00:00+03:00,1708.64,500.0,470.0,1759.8992,Enerji Fazlası
2026-07-05T05:00:00+03:00,2026-07-05T05:00:00+03:00,1499.97,499.99,469.9906,1544.9691,Enerji Fazlası
2026-07-05T06:00:00+03:00,2026-07-05T06:00:00+03:00,2000.0,1400.0,1316.0,2060.0,Enerji Fazlası
2026-07-05T07:00:00+03:00,2026-07-05T07:00:00+03:00,303.99,928.99,294.8703,984.7294,Enerji Açığı
2026-07-05T08:00:00+03:00,2026-07-05T08:00:00+03:00,174.99,1.0,-106.0,180.2397,Enerji Fazlası
2026-07-05T09:00:00+03:00,2026-07-05T09:00:00+03:00,170.01,0.0,-106.0,175.1103,Enerji Fazlası
2026-07-05T10:00:00+03:00,2026-07-05T10:00:00+03:00,169.98,0.0,-106.0,175.0794,Enerji Fazlası
2026-07-05T11:00:00+03:00,2026-07-05T11:00:00+03:00,169.99,0.0,-106.0,175.0897,Enerji Fazlası
2026-07-05T12:00:00+03:00,2026-07-05T12:00:00+03:00,170.0,10.0,-106.0,175.1,Enerji Fazlası
2026-07-05T13:00:00+03:00,2026-07-05T13:00:00+03:00,171.01,5.0,-106.0,176.1403,Enerji Fazlası
2026-07-05T14:00:00+03:00,2026-07-05T14:00:00+03:00,196.01,0.0,-106.0,201.8903,Enerji Fazlası
2026-07-05T15:00:00+03:00,2026-07-05T15:00:00+03:00,200.0,0.0,-106.0,206.0,Enerji Fazlası
2026-07-05T16:00:00+03:00,2026-07-05T16:00:00+03:00,449.99,0.0,-106.0,463.4897,Enerji Fazlası
2026-07-05T17:00:00+03:00,2026-07-05T17:00:00+03:00,920.0,920.0,864.8,947.6,Enerji Fazlası
2026-07-05T18:00:00+03:00,2026-07-05T18:00:00+03:00,1587.23,600.0,564.0,1634.8469,Enerji Fazlası
2026-07-05T19:00:00+03:00,2026-07-05T19:00:00+03:00,1899.99,1899.99,1842.9903,2013.9894,Enerji Açığı
2026-07-05T20:00:00+03:00,2026-07-05T20:00:00+03:00,3023.6,3500.0,2932.892,3710.0,Enerji Açığı
2026-07-05T21:00:00+03:00,2026-07-05T21:00:00+03:00,3500.01,4049.0,3395.0097,4291.94,Enerji Açığı
2026-07-05T22:00:00+03:00,2026-07-05T22:00:00+03:00,3000.0,3644.0,2910.0,3862.64,Enerji Açığı
2026-07-05T23:00:00+03:00,2026-07-05T23:00:00+03:00,2425.1,698.0,656.12,2497.853,Enerji Fazlası
2026-07-06T00:00:00+03:00,2026-07-06T00:00:00+03:00,2560.29,500.0,470.0,2637.0987,Enerji Fazlası
2026-07-06T01:00:00+03:00,2026-07-06T01:00:00+03:00,2050.0,500.0,470.0,2111.5,Enerji Fazlası
2026-07-06T02:00:00+03:00,2026-07-06T02:00:00+03:00,1899.99,500.0,470.0,1956.9897,Enerji Fazlası
2026-07-06T03:00:00+03:00,2026-07-06T03:00:00+03:00,1750.0,500.0,470.0,1802.5,Enerji Fazlası
2026-07-06T04:00:00+03:00,2026-07-06T04:00:00+03:00,2425.1,500.0,470.0,2497.853,Enerji Fazlası
2026-07-06T05:00:00+03:00,2026-07-06T05:00:00+03:00,1500.0,487.0,457.78,1545.0,Enerji Fazlası
2026-07-06T06:00:00+03:00,2026-07-06T06:00:00+03:00,1500.0,200.0,188.0,1545.0,Enerji Fazlası
2026-07-06T07:00:00+03:00,2026-07-06T07:00:00+03:00,800.0,200.0,188.0,824.0,Enerji Fazlası
2026-07-06T08:00:00+03:00,2026-07-06T08:00:00+03:00,2999.0,1499.0,1409.06,3088.97,Enerji Fazlası
2026-07-06T09:00:00+03:00,2026-07-06T09:00:00+03:00,2425.1,500.0,470.0,2497.853,Enerji Fazlası
2026-07-06T10:00:00+03:00,2026-07-06T10:00:00+03:00,1499.99,390.0,366.6,1544.9897,Enerji Fazlası
2026-07-06T11:00:00+03:00,2026-07-06T11:00:00+03:00,1499.99,400.0,376.0,1544.9897,Enerji Fazlası
2026-07-06T12:00:00+03:00,2026-07-06T12:00:00+03:00,600.01,180.0,169.2,618.0103,Enerji Fazlası
2026-07-06T13:00:00+03:00,2026-07-06T13:00:00+03:00,1400.01,500.0,470.0,1442.0103,Enerji Fazlası
2026-07-06T14:00:00+03:00,2026-07-06T14:00:00+03:00,2518.75,500.0,470.0,2594.3125,Enerji Fazlası
2026-07-06T15:00:00+03:00,2026-07-06T15:00:00+03:00,2397.18,3600.0,2325.2646,3816.0,Enerji Açığı
2026-07-06T16:00:00+03:00,2026-07-06T16:00:00+03:00,2099.99,500.0,470.0,2162.9897,Enerji Fazlası
2026-07-06T17:00:00+03:00,2026-07-06T17:00:00+03:00,2799.01,500.0,470.0,2882.9803,Enerji Fazlası
2026-07-06T18:00:00+03:00,2026-07-06T18:00:00+03:00,2176.69,3784.0,2111.3893,4011.04,Enerji Açığı
2026-07-06T19:00:00+03:00,2026-07-06T19:00:00+03:00,3499.99,4100.0,3394.9903,4346.0,Enerji Açığı
2026-07-06T20:00:00+03:00,2026-07-06T20:00:00+03:00,4235.0,4235.0,4107.95,4489.1,Enerji Açığı
2026-07-06T21:00:00+03:00,2026-07-06T21:00:00+03:00,4400.0,4399.9,4135.906,4532.0,Enerji Fazlası
2026-07-06T22:00:00+03:00,2026-07-06T22:00:00+03:00,3499.0,2501.0,2350.94,3603.97,Enerji Fazlası
2026-07-06T23:00:00+03:00,2026-07-06T23:00:00+03:00,2537.99,500.0,470.0,2614.1297,Enerji Fazlası
2026-07-07T00:00:00+03:00,2026-07-07T00:00:00+03:00,3400.01,500.0,470.0,3502.0103,Enerji Fazlası
2026-07-07T01:00:00+03:00,2026-07-07T01:00:00+03:00,3499.99,500.0,470.0,3604.9897,Enerji Fazlası
2026-07-07T02:00:00+03:00,2026-07-07T02:00:00+03:00,3499.0,1000.0,940.0,3603.97,Enerji Fazlası
2026-07-07T03:00:00+03:00,2026-07-07T03:00:00+03:00,3579.7,1000.0,940.0,3687.091,Enerji Fazlası
2026-07-07T04:00:00+03:00,2026-07-07T04:00:00+03:00,3400.0,1450.0,1363.0,3502.0,Enerji Fazlası
2026-07-07T05:00:00+03:00,2026-07-07T05:00:00+03:00,2865.59,500.0,470.0,2951.5577,Enerji Fazlası
2026-07-07T06:00:00+03:00,2026-07-07T06:00:00+03:00,1999.99,500.0,470.0,2059.9897,Enerji Fazlası
2026-07-07T07:00:00+03:00,2026-07-07T07:00:00+03:00,1275.0,200.0,188.0,1313.25,Enerji Fazlası
2026-07-07T08:00:00+03:00,2026-07-07T08:00:00+03:00,2718.55,,,,
2026-07-07T09:00:00+03:00,2026-07-07T09:00:00+03:00,2200.01,,,,
2026-07-07T10:00:00+03:00,2026-07-07T10:00:00+03:00,1500.0,,,,
2026-07-07T11:00:00+03:00,2026-07-07T11:00:00+03:00,1807.04,,,,
2026-07-07T12:00:00+03:00,2026-07-07T12:00:00+03:00,1400.0,,,,
2026-07-07T13:00:00+03:00,2026-07-07T13:00:00+03:00,1999.98,,,,
2026-07-07T14:00:00+03:00,2026-07-07T14:00:00+03:00,1999.99,,,,
2026-07-07T15:00:00+03:00,2026-07-07T15:00:00+03:00,1987.57,,,,
2026-07-07T16:00:00+03:00,2026-07-07T16:00:00+03:00,2395.31,,,,
2026-07-07T17:00:00+03:00,2026-07-07T17:00:00+03:00,2865.59,,,,
2026-07-07T18:00:00+03:00,2026-07-07T18:00:00+03:00,2451.0,,,,
2026-07-07T19:00:00+03:00,2026-07-07T19:00:00+03:00,2874.99,,,,
2026-07-07T20:00:00+03:00,2026-07-07T20:00:00+03:00,4245.0,,,,
2026-07-07T21:00:00+03:00,2026-07-07T21:00:00+03:00,4435.01,,,,
2026-07-07T22:00:00+03:00,2026-07-07T22:00:00+03:00,3692.66,,,,
2026-07-07T23:00:00+03:00,2026-07-07T23:00:00+03:00,2999.99,,,,
