date,hour,total,naturalGas,dammedHydro,lignite,river,importCoal,wind,sun,fueloil,geothermal,asphaltiteCoal,blackCoal,biomass,naphta,lng,importExport,wasteheat
2026-03-14T00:00:00+03:00,00:00,39136.46,4104.73,13436.7,4682.47,3381.03,7385.48,3553.81,1.25,97.47,1331.51,220.79,293.12,961.76,0,0,-393.31,79.65
2026-03-14T01:00:00+03:00,01:00,37294.25,3906.38,11985.11,4698.4,3228.03,7384.65,3435.98,1.24,97.51,1338.67,218.59,317.93,973.17,0,0,-369.01,77.6
2026-03-14T02:00:00+03:00,02:00,35757.57,3973.4,10674.76,4714.87,3129.49,7381.72,3312.06,1.24,98.23,1315.57,216.38,308.07,976.49,0,0,-422.67,77.96
2026-03-14T03:00:00+03:00,03:00,35217.93,3848.55,10372.76,4694.18,3100.37,7323.79,3263.42,1.67,97.59,1342.97,218.59,311.36,969.3,0,0,-404.73,78.11
2026-03-14T04:00:00+03:00,04:00,35721.46,3739.09,10665.43,4634.21,3393.16,7336.9,3362.54,1.24,97.4,1344.0,220.79,321.6,965.32,0,0,-440.32,80.1
2026-03-14T05:00:00+03:00,05:00,35875.69,3406.8,10560.39,4612.2,3467.38,7317.4,3724.52,69.33,97.74,1349.72,218.59,413.37,979.84,0,0,-423.64,82.05
2026-03-14T06:00:00+03:00,06:00,34755.35,2897.14,9832.44,4623.56,3093.92,7287.72,4199.0,7.67,96.24,1350.5,220.79,457.67,972.32,0,0,-366.57,82.95
2026-03-14T07:00:00+03:00,07:00,33135.96,2310.28,9229.84,4609.07,2918.97,6524.84,4559.63,181.41,86.85,1347.34,189.88,457.26,973.3,0,0,-336.73,84.02
2026-03-14T08:00:00+03:00,08:00,34095.53,2221.8,9296.17,4500.58,2956.63,6669.28,4894.36,665.26,90.93,1343.49,205.33,452.62,986.32,0,0,-271.34,84.1
2026-03-14T09:00:00+03:00,09:00,33681.48,1855.8,8443.68,4459.35,2900.73,7057.24,4991.37,1284.05,94.42,1323.74,220.79,447.36,986.63,0,0,-468.43,84.75
2026-03-14T10:00:00+03:00,10:00,33075.21,1777.92,7849.02,4274.59,2668.27,6987.82,4990.0,1494.34,93.99,1302.3,220.79,441.13,989.44,0,0,-99.41,85.01
2026-03-14T11:00:00+03:00,11:00,33241.04,1541.72,7826.92,4241.48,2517.59,7088.29,5135.35,1796.53,95.08,1279.79,220.79,432.4,998.66,0,0,-18.4,84.84
2026-03-14T12:00:00+03:00,12:00,32785.38,1510.64,7403.97,4286.75,2457.03,6840.23,5407.24,1807.67,88.73,1258.42,218.59,448.86,983.68,0,0,-12.77,86.34
2026-03-14T13:00:00+03:00,13:00,33789.02,1527.56,8065.74,4272.8,2568.28,6627.17,5760.5,1887.72,90.31,1238.49,218.59,450.96,985.51,0,0,8.68,86.71
2026-03-14T14:00:00+03:00,14:00,35125.46,1743.13,8967.78,4316.83,2731.8,7029.66,5849.16,1437.62,92.77,1228.95,218.58,455.54,994.72,0,0,-27.16,86.08
2026-03-14T15:00:00+03:00,15:00,36385.82,2046.46,9650.15,4407.9,2755.17,7257.76,6161.49,1071.68,89.51,1224.15,220.79,455.46,996.19,0,0,-36.55,85.66
2026-03-14T16:00:00+03:00,16:00,38299.83,2458.06,10992.26,4426.9,2942.54,7285.92,6481.09,731.1,98.16,1223.94,216.38,457.81,961.36,0,0,-56.4,80.71
2026-03-14T17:00:00+03:00,17:00,41263.55,3280.96,13009.92,4454.43,3248.9,7145.23,6749.11,380.46,99.88,1228.64,220.79,455.45,978.85,0,0,-74.41,85.34
2026-03-14T18:00:00+03:00,18:00,43825.36,4198.81,14438.67,4466.75,3656.55,7185.02,7163.51,75.98,97.96,1246.18,218.59,444.95,987.44,0,0,-439.45,84.4
2026-03-14T19:00:00+03:00,19:00,43286.96,4098.71,13733.77,4487.07,3691.04,7196.36,7466.81,2.14,98.4,1266.49,216.38,471.68,1001.6,0,0,-525.26,81.77
2026-03-14T20:00:00+03:00,20:00,44451.06,4362.11,14349.4,4444.04,3725.66,7181.96,7700.21,68.68,99.82,1283.68,218.59,460.43,1008.14,0,0,-534.76,83.1
2026-03-14T21:00:00+03:00,21:00,42713.65,3846.04,13516.11,4483.54,3541.62,7089.43,7551.39,1.18,99.88,1295.89,220.8,465.78,1004.48,0,0,-481.07,78.58
2026-03-14T22:00:00+03:00,22:00,41158.15,3045.0,13205.53,4500.99,3326.7,7299.25,7103.05,1.22,99.73,1307.32,220.8,467.67,995.3,0,0,-495.3,80.89
2026-03-14T23:00:00+03:00,23:00,39589.02,2554.42,12943.52,4495.97,3223.82,7300.52,6396.99,1.23,99.97,1314.28,223.0,473.25,985.52,0,0,-500.68,77.21
2026-03-15T00:00:00+03:00,00:00,37559.62,2345.14,11587.82,4441.62,3212.45,7198.34,5984.45,1.23,99.23,1322.97,218.59,470.18,994.48,0,0,-397.61,80.73
2026-03-15T01:00:00+03:00,01:00,35864.98,1783.78,10671.15,4400.86,3245.65,7171.94,5838.69,1.22,97.98,1329.58,220.79,462.86,995.78,0,0,-433.53,78.23
2026-03-15T02:00:00+03:00,02:00,34372.92,1785.96,10000.27,4242.31,3042.42,6853.24,5784.65,1.23,86.51,1337.33,223.0,465.82,993.08,0,0,-518.52,75.62
2026-03-15T03:00:00+03:00,03:00,33514.3,1648.05,9730.58,4244.31,3004.69,6649.84,5583.39,1.24,86.43,1339.23,220.79,466.12,988.67,0,0,-523.17,74.13
2026-03-15T04:00:00+03:00,04:00,34034.04,1716.28,9829.24,4315.15,3093.51,6954.0,5404.3,1.24,86.32,1343.72,223.0,474.99,991.54,0,0,-472.97,73.72
2026-03-15T05:00:00+03:00,05:00,33858.43,1666.72,9252.51,4360.3,3122.54,7018.59,5804.59,1.74,86.27,1345.68,223.0,469.76,964.56,0,0,-527.18,69.35
2026-03-15T06:00:00+03:00,06:00,32192.29,1720.38,7748.98,4359.47,3199.47,6446.13,6045.42,4.27,86.78,1346.55,214.17,466.84,966.39,0,0,-482.15,69.59
2026-03-15T07:00:00+03:00,07:00,29652.69,1732.06,6518.43,4361.37,2883.99,5236.48,6248.12,75.06,87.75,1346.43,220.8,365.67,978.04,0,0,-473.26,71.75
2026-03-15T08:00:00+03:00,08:00,28350.06,1292.93,6131.31,4213.32,2699.72,4554.41,6376.49,541.28,82.63,1343.38,183.25,314.82,977.0,0,0,-430.45,69.97
2026-03-15T09:00:00+03:00,09:00,27162.83,1215.76,5303.06,4311.11,2679.03,4021.12,6368.19,705.62,86.39,1333.14,194.3,321.89,977.8,0,0,-424.35,69.77
2026-03-15T10:00:00+03:00,10:00,26919.89,1268.47,4911.66,4348.98,2425.43,3982.7,6252.87,745.09,87.93,1319.45,220.79,317.08,961.9,0,0,7.5,70.04
2026-03-15T11:00:00+03:00,11:00,27438.9,1271.23,5058.07,4383.31,2390.01,3864.83,6052.64,1264.43,88.13,1305.73,220.79,318.91,960.2,0,0,190.61,70.01
2026-03-15T12:00:00+03:00,12:00,27680.29,1290.62,5028.45,4384.2,2500.99,4120.32,5802.67,1590.8,89.98,1282.08,220.79,320.49,964.66,0,0,14.59,69.65
2026-03-15T13:00:00+03:00,13:00,28873.91,1300.13,5440.4,4363.63,2737.18,4587.43,5849.58,1632.61,96.46,1267.65,220.79,310.56,974.06,0,0,21.26,72.17
2026-03-15T14:00:00+03:00,14:00,29916.73,1230.65,5244.22,4451.5,2691.83,6050.16,5809.4,1591.55,96.9,1252.07,220.79,316.6,966.76,0,0,-76.57,70.87
2026-03-15T15:00:00+03:00,15:00,31450.85,1444.84,6558.5,4499.33,2734.91,5979.36,6233.09,1143.47,91.04,1237.84,214.16,318.81,962.4,0,0,-38.42,71.52
2026-03-15T16:00:00+03:00,16:00,33957.88,1417.01,9185.65,4469.56,2959.86,5956.8,6361.96,790.74,90.13,1235.48,214.17,306.9,983.54,0,0,-84.0,70.08
2026-03-15T17:00:00+03:00,17:00,37465.16,1795.6,11291.33,4514.44,3405.7,6845.67,6741.76,351.78,91.78,1243.63,211.96,306.96,977.99,0,0,-386.97,73.53
2026-03-15T18:00:00+03:00,18:00,40590.14,2260.71,13217.63,4496.69,3908.38,7563.13,6618.35,68.3,97.79,1262.33,209.75,314.04,963.44,0,0,-464.02,73.62
2026-03-15T19:00:00+03:00,19:00,40531.04,2073.66,13243.65,4450.04,4123.52,7661.78,6529.68,1.67,98.0,1286.41,211.96,331.12,967.3,0,0,-520.46,72.71
2026-03-15T20:00:00+03:00,20:00,41265.48,2247.68,13579.37,4499.87,4321.44,7599.81,6602.43,1.21,98.39,1301.32,207.54,322.24,959.97,0,0,-550.01,74.22
2026-03-15T21:00:00+03:00,21:00,39542.15,2173.01,13071.75,4481.71,4053.6,7114.95,6241.71,1.22,99.69,1313.84,209.75,320.44,961.32,0,0,-572.79,71.95
2026-03-15T22:00:00+03:00,22:00,38620.23,2461.98,13044.9,4490.71,3851.24,6789.4,5516.38,1.21,97.94,1317.22,207.54,323.45,944.74,0,0,-497.12,70.64
2026-03-15T23:00:00+03:00,23:00,37707.08,2193.26,12536.06,4425.74,3763.43,7387.33,5013.09,1.22,86.01,1296.61,205.34,325.98,942.93,0,0,-541.15,71.23
2026-03-16T00:00:00+03:00,00:00,36292.41,1417.45,12553.33,4229.38,3939.32,6934.53,4731.9,1.21,86.54,1330.32,207.54,324.98,940.85,0,0,-477.69,72.75
2026-03-16T01:00:00+03:00,01:00,34592.35,1296.71,11920.15,4200.55,3834.33,6540.88,4310.42,1.21,87.43,1337.23,209.75,321.37,956.93,0,0,-498.55,73.94
2026-03-16T02:00:00+03:00,02:00,33094.83,1417.07,11135.42,4118.63,3795.2,6011.64,3986.96,1.21,86.63,1342.47,205.34,306.51,957.45,0,0,-341.74,72.04
2026-03-16T03:00:00+03:00,03:00,32727.32,1530.29,10929.63,4131.59,3722.27,6032.66,3747.75,1.22,86.71,1346.15,207.54,310.74,940.74,0,0,-332.86,72.89
2026-03-16T04:00:00+03:00,04:00,33611.89,1494.45,11171.31,4152.36,3866.9,6574.16,3733.14,0.95,87.2,1348.83,218.58,320.13,943.05,0,0,-373.01,73.84
2026-03-16T05:00:00+03:00,05:00,34040.38,1532.41,11284.98,3998.97,3872.07,7208.11,3494.63,1.28,86.5,1336.92,218.58,301.37,936.62,0,0,-308.19,76.13
2026-03-16T06:00:00+03:00,06:00,33362.25,1628.49,10746.95,3947.58,3712.08,7289.56,3406.78,7.45,86.98,1320.07,220.79,314.12,942.63,0,0,-334.74,73.51
2026-03-16T07:00:00+03:00,07:00,33438.93,2218.21,10284.78,4130.34,3749.26,7057.5,3102.21,150.11,99.31,1322.99,216.38,395.4,944.33,0,0,-306.59,74.7
2026-03-16T08:00:00+03:00,08:00,37268.41,4159.2,11447.86,4316.15,4154.21,6943.58,2841.7,600.82,99.78,1315.16,218.59,409.69,941.94,0,0,-253.41,73.14
2026-03-16T09:00:00+03:00,09:00,36973.32,5113.5,9969.89,4320.77,4156.0,7467.55,2189.56,1130.36,100.56,1286.53,218.58,424.75,942.18,0,0,-421.34,74.43
2026-03-16T10:00:00+03:00,10:00,35031.27,5240.15,8339.31,4274.96,3957.42,7360.69,1814.06,1490.64,99.63,1272.23,218.59,431.81,927.92,0,0,-467.22,71.08
2026-03-16T11:00:00+03:00,11:00,33833.09,5192.61,7377.75,4282.43,3834.22,6873.57,1485.74,1862.42,100.67,1256.68,220.79,427.03,918.04,0,0,-71.62,72.76
2026-03-16T12:00:00+03:00,12:00,31974.28,5121.16,5942.48,4291.8,3497.25,6722.49,1380.66,2246.14,37.36,1240.03,200.92,427.36,901.66,0,0,-110.01,74.98
2026-03-16T13:00:00+03:00,13:00,32025.82,5550.96,5348.66,4364.49,3331.36,6645.72,1422.39,2578.32,97.84,1227.61,183.25,429.99,910.38,0,0,-138.15,73.0
2026-03-16T14:00:00+03:00,14:00,32660.96,5587.35,5909.88,4401.07,3376.82,6480.68,1554.36,2593.19,94.49,1205.34,178.84,434.43,928.12,0,0,-155.55,71.94
2026-03-16T15:00:00+03:00,15:00,33886.91,6274.65,6320.7,4435.01,3622.85,6412.57,1756.65,2407.95,97.11,1198.21,178.84,416.82,924.78,0,0,-232.08,72.85
2026-03-16T16:00:00+03:00,16:00,36808.36,6676.13,9027.53,4387.5,3769.86,6517.29,1971.16,2063.03,98.07,1208.45,178.84,439.99,935.21,0,0,-538.83,74.13
2026-03-16T17:00:00+03:00,17:00,39676.95,7033.27,12176.12,4413.73,4029.34,6474.97,2108.26,1037.42,98.49,1218.38,181.05,430.5,952.66,0,0,-551.39,74.15
2026-03-16T18:00:00+03:00,18:00,43323.9,7526.2,14896.73,4443.11,4496.98,6888.33,2278.9,152.95,99.5,1230.05,200.92,434.96,958.45,0,0,-358.85,75.67
2026-03-16T19:00:00+03:00,19:00,43730.85,6716.94,14801.77,4458.63,4618.84,7931.8,2603.32,2.43,95.85,1249.96,218.59,445.24,953.9,0,0,-441.8,75.38
2026-03-16T20:00:00+03:00,20:00,44723.74,6891.32,15405.86,4460.0,4648.87,7801.62,2788.12,83.27,94.58,1281.61,220.79,442.43,943.13,0,0,-418.47,80.61
2026-03-16T21:00:00+03:00,21:00,43223.7,6309.54,14927.67,4478.76,4477.49,7303.92,3026.52,1.22,94.71,1279.47,220.79,441.11,956.87,0,0,-376.24,81.87
2026-03-16T22:00:00+03:00,22:00,41799.41,5395.54,14631.56,4373.68,4209.94,7310.96,3202.94,1.25,93.3,1295.28,220.79,446.83,951.53,0,0,-415.62,81.43
2026-03-16T23:00:00+03:00,23:00,40600.57,4667.74,14376.69,4275.06,3997.03,7290.31,3311.34,1.24,91.98,1309.62,220.79,439.41,942.43,0,0,-399.4,76.33
2026-03-17T00:00:00+03:00,00:00,38874.3,3519.29,13482.78,4363.79,4351.16,7200.37,3237.78,1.23,94.53,1311.84,218.58,457.41,946.9,0,0,-384.15,72.79
2026-03-17T01:00:00+03:00,01:00,37075.04,2323.71,12775.56,4419.22,4216.77,7184.81,3377.42,1.24,92.41,1323.51,220.79,430.66,950.77,0,0,-317.83,76.0
2026-03-17T02:00:00+03:00,02:00,35696.51,2092.8,11904.39,4399.08,4039.16,7173.03,3313.88,1.23,87.05,1329.65,220.79,451.08,941.19,0,0,-333.6,76.78
2026-03-17T03:00:00+03:00,03:00,35014.7,1992.75,11501.54,4406.41,3936.46,7177.74,3225.94,1.24,87.14,1328.31,218.59,443.42,954.15,0,0,-333.46,74.47
2026-03-17T04:00:00+03:00,04:00,35429.72,1921.74,11798.94,4431.23,4100.06,7177.48,3306.07,2.25,91.46,1332.17,218.58,440.16,934.73,0,0,-397.56,72.41
2026-03-17T05:00:00+03:00,05:00,35532.63,1953.57,11862.38,4368.92,4048.71,7064.0,3451.66,2.3,91.05,1331.75,220.79,443.04,945.42,0,0,-325.8,74.84
2026-03-17T06:00:00+03:00,06:00,34782.84,1935.52,11274.4,4389.97,3880.44,6924.64,3579.95,19.23,86.97,1331.85,229.62,432.25,939.45,0,0,-318.28,76.83
2026-03-17T07:00:00+03:00,07:00,33938.69,2248.36,11146.33,4314.39,3683.62,5339.42,3850.32,497.34,81.23,1333.62,249.49,438.37,962.38,0,0,-281.04,74.86
2026-03-17T08:00:00+03:00,08:00,35437.09,2750.67,10487.4,4381.19,3924.93,5306.57,3969.74,1846.77,76.0,1320.08,192.09,435.05,972.33,0,0,-301.47,75.74
2026-03-17T09:00:00+03:00,09:00,33607.36,2906.75,8285.96,4401.89,3715.74,4987.22,3927.74,2781.69,88.38,1299.99,176.64,431.06,965.0,0,0,-434.61,73.91
2026-03-17T10:00:00+03:00,10:00,31546.84,3165.05,6515.37,4164.44,3412.75,4657.36,3968.74,3138.38,91.8,1284.24,205.34,437.12,956.42,0,0,-522.51,72.34
2026-03-17T11:00:00+03:00,11:00,30344.54,3352.16,5151.97,4043.49,3361.18,4314.75,4329.9,3264.83,89.3,1270.62,231.82,436.33,934.81,0,0,-506.05,69.43
2026-03-17T12:00:00+03:00,12:00,28572.12,3365.3,4183.11,3971.77,2484.83,4267.2,4503.26,3216.69,90.27,1252.88,240.66,432.02,948.84,0,0,-452.14,67.43
2026-03-17T13:00:00+03:00,13:00,29037.43,3455.46,4772.91,3970.53,2513.51,4304.81,4255.71,3184.38,87.71,1242.07,249.48,427.79,946.71,0,0,-441.25,67.61
2026-03-17T14:00:00+03:00,14:00,30459.61,3533.75,5473.32,4027.76,2899.02,4640.1,4251.18,3115.85,86.0,1229.73,253.92,429.35,942.79,0,0,-491.33,68.17
2026-03-17T15:00:00+03:00,15:00,32661.96,3441.12,7101.43,4071.5,3384.32,5320.35,4290.74,2560.56,84.95,1225.9,262.75,427.23,950.54,0,0,-527.1,67.67
2026-03-17T16:00:00+03:00,16:00,35688.59,3407.22,9257.86,4017.62,3730.01,6160.23,4630.43,2091.58,92.97,1223.81,264.96,418.91,976.95,0,0,-654.3,70.34
2026-03-17T17:00:00+03:00,17:00,39452.03,3387.41,12353.07,4099.67,4095.1,6654.79,5161.06,1173.62,99.59,1227.05,273.77,452.52,974.11,0,0,-572.93,73.2
2026-03-17T18:00:00+03:00,18:00,43551.17,3633.26,15777.73,4141.54,4600.41,7197.09,5365.81,127.32,94.39,1236.39,309.11,442.34,971.32,0,0,-417.35,71.81
2026-03-17T19:00:00+03:00,19:00,43416.68,3405.45,15523.65,4192.9,4644.8,7293.82,5639.59,1.61,94.88,1254.52,311.32,440.53,971.3,0,0,-434.72,77.03
2026-03-17T20:00:00+03:00,20:00,44586.34,3697.38,16069.93,4161.76,4763.28,7280.78,5725.69,97.32,95.75,1267.15,313.52,445.94,974.43,0,0,-383.38,76.79
2026-03-17T21:00:00+03:00,21:00,42995.15,3350.17,15182.65,4218.72,4664.01,7238.92,5573.7,3.22,96.34,1276.33,315.73,441.85,969.32,0,0,-412.23,76.42
2026-03-17T22:00:00+03:00,22:00,41887.48,2859.56,14727.13,4296.29,4434.24,7235.75,5524.68,1.23,95.83,1283.55,311.31,448.07,977.02,0,0,-383.26,76.08
2026-03-17T23:00:00+03:00,23:00,40090.7,2291.11,14068.67,4196.0,4181.49,7167.63,5396.63,1.22,86.64,1292.0,317.94,451.93,949.11,0,0,-383.59,73.92
2026-03-18T00:00:00+03:00,00:00,38571.54,1667.19,13369.44,4057.46,4300.38,7079.29,5281.03,1.23,90.4,1297.0,317.95,445.39,964.54,0,0,-370.57,70.81
2026-03-18T01:00:00+03:00,01:00,36392.38,1334.52,12147.66,4009.17,4051.43,6903.21,5113.84,1.22,86.03,1300.38,322.36,441.76,967.7,0,0,-358.24,71.34
2026-03-18T02:00:00+03:00,02:00,34953.69,1000.72,11785.62,3947.34,3925.31,6405.67,5055.36,1.22,86.53,1316.28,324.56,443.54,986.21,0,0,-394.01,69.34
2026-03-18T03:00:00+03:00,03:00,34408.83,997.51,11392.86,3840.95,3915.58,6480.65,4927.98,1.23,84.88,1327.36,328.98,439.76,980.35,0,0,-378.71,69.45
2026-03-18T04:00:00+03:00,04:00,34786.82,999.92,11170.7,3824.51,3955.6,6924.62,5069.85,1.22,85.52,1327.33,326.78,446.02,974.43,0,0,-390.97,71.29
2026-03-18T05:00:00+03:00,05:00,34831.64,1006.71,11161.05,3806.87,4115.95,6630.81,5264.63,1.59,85.89,1331.65,326.77,435.59,983.55,0,0,-393.69,74.27
2026-03-18T06:00:00+03:00,06:00,33882.25,998.86,10641.49,3823.1,3980.37,5955.28,5569.34,19.28,85.47,1333.44,326.78,441.84,982.19,0,0,-346.26,71.07
2026-03-18T07:00:00+03:00,07:00,32794.78,1236.3,10174.18,3774.57,3779.46,4659.67,5842.8,421.9,83.1,1334.01,317.94,425.05,984.99,0,0,-308.75,69.56
2026-03-18T08:00:00+03:00,08:00,34459.23,1627.27,10655.31,3776.36,3899.72,4401.19,6065.61,1135.96,86.15,1318.39,264.54,419.2,990.77,0,0,-246.35,65.11
2026-03-18T09:00:00+03:00,09:00,33685.73,1624.43,8674.37,4090.29,3722.79,4988.27,6126.89,1572.32,89.83,1305.82,264.95,418.11,978.89,0,0,-235.11,63.88
2026-03-18T10:00:00+03:00,10:00,32039.76,1609.24,7202.46,4090.39,3381.01,4923.12,6395.99,1759.97,96.74,1274.14,245.07,418.56,983.7,0,0,-405.48,64.85
2026-03-18T11:00:00+03:00,11:00,31765.91,1590.66,6690.44,4081.55,3006.73,4657.43,6647.27,2419.69,94.14,1256.16,205.33,411.6,971.47,0,0,-330.28,63.72
2026-03-18T12:00:00+03:00,12:00,30973.45,1756.84,6466.02,4011.99,2932.58,4045.23,6642.05,2478.02,89.53,1234.82,203.13,409.64,949.26,0,0,-311.52,65.86
2026-03-18T13:00:00+03:00,13:00,31995.14,1779.58,6918.11,4031.64,3261.31,3881.39,6921.9,2356.14,95.1,1221.14,203.12,411.3,958.21,0,0,-109.27,65.47
2026-03-18T14:00:00+03:00,14:00,33626.19,1754.26,7313.55,4061.84,3418.07,4698.38,7316.62,2154.87,92.52,1201.79,203.12,412.6,969.51,0,0,-33.68,62.74
2026-03-18T15:00:00+03:00,15:00,35209.02,1575.56,8591.34,4147.7,3471.93,5390.13,7460.82,1671.37,94.09,1193.01,200.92,428.25,959.31,0,0,-38.19,62.78
2026-03-18T16:00:00+03:00,16:00,37624.93,1258.22,10989.47,4015.66,3817.05,5734.05,8040.84,1194.45,90.4,1196.31,209.75,430.23,994.4,0,0,-412.91,67.01
2026-03-18T17:00:00+03:00,17:00,40149.48,1344.9,12631.77,3882.44,4328.43,6536.35,8465.57,507.89,89.74,1219.54,218.58,440.19,996.5,0,0,-586.42,74.0
2026-03-18T18:00:00+03:00,18:00,42707.61,1593.81,13816.53,3891.85,4689.51,7044.71,8893.43,150.7,86.2,1236.41,218.58,428.65,998.81,0,0,-413.87,72.29
2026-03-18T19:00:00+03:00,19:00,42141.3,1379.49,12967.18,3930.04,4730.08,6994.09,9562.04,0.72,85.46,1255.68,220.79,426.74,993.32,0,0,-475.49,71.16
2026-03-18T20:00:00+03:00,20:00,42976.51,1452.56,13365.12,3938.6,4616.85,6835.32,10146.29,0.01,87.57,1253.08,218.58,423.25,1005.85,0,0,-439.71,73.14
2026-03-18T21:00:00+03:00,21:00,41327.63,1448.09,12593.43,3908.47,4503.08,5848.45,10333.79,0.01,91.26,1279.81,218.59,435.41,992.05,0,0,-395.97,71.16
2026-03-18T22:00:00+03:00,22:00,39895.09,1385.3,12957.35,3834.31,4121.68,4884.86,10013.93,0.01,86.79,1288.73,218.58,441.85,980.81,0,0,-387.95,68.84
2026-03-18T23:00:00+03:00,23:00,37994.73,1473.93,12627.01,3829.67,4003.73,4130.33,9193.04,0.01,86.37,1301.01,218.58,439.43,981.59,0,0,-356.25,66.28
2026-03-19T00:00:00+03:00,00:00,36394.03,1070.63,10958.85,3757.28,4199.5,4003.75,9677.28,0.0,86.22,1313.59,218.59,423.38,953.86,0,0,-337.5,68.6
2026-03-19T01:00:00+03:00,01:00,34308.18,937.9,9570.92,3749.61,3862.3,3791.63,9689.7,0.0,85.48,1317.56,218.58,434.88,924.09,0,0,-346.82,72.35
2026-03-19T02:00:00+03:00,02:00,32433.99,921.45,8337.01,3913.4,3414.28,3557.78,9563.17,0.0,84.43,1326.66,216.38,444.84,896.63,0,0,-311.02,68.98
2026-03-19T03:00:00+03:00,03:00,31596.29,919.0,8057.63,3988.32,3061.56,3535.84,9330.12,0.0,85.42,1324.53,218.58,444.9,909.97,0,0,-350.91,71.33
2026-03-19T04:00:00+03:00,04:00,31786.92,914.24,7865.11,3961.28,3048.38,3457.12,9879.14,0.0,84.96,1328.43,220.79,440.42,893.96,0,0,-378.55,71.64
2026-03-19T05:00:00+03:00,05:00,31431.02,927.13,7318.53,3999.58,3139.96,3358.0,9931.6,0.58,85.12,1332.6,218.58,444.8,890.74,0,0,-289.81,73.61
2026-03-19T06:00:00+03:00,06:00,29667.92,910.15,5752.95,3976.74,3074.26,3316.71,9870.22,11.91,86.78,1332.87,214.16,444.75,894.59,0,0,-292.22,74.05
2026-03-19T07:00:00+03:00,07:00,27548.9,889.87,4681.54,3971.7,2244.38,3353.31,9545.0,94.83,85.81,1334.91,205.34,443.21,883.51,0,0,-252.42,67.91
2026-03-19T08:00:00+03:00,08:00,27912.22,890.64,4719.98,3990.49,2245.81,3403.89,9588.69,282.2,87.02,1326.45,205.33,443.0,898.79,0,0,-242.3,72.23
2026-03-19T09:00:00+03:00,09:00,28719.79,891.79,5651.04,3807.33,2338.72,3412.77,9477.41,517.01,86.68,1311.66,200.92,443.43,905.27,0,0,-398.03,73.79
2026-03-19T10:00:00+03:00,10:00,29667.9,881.76,6395.5,4099.02,2235.23,3403.55,9456.26,666.55,87.22,1300.59,205.33,448.54,923.58,0,0,-504.46,69.23
2026-03-19T11:00:00+03:00,11:00,30189.79,840.94,7270.81,4117.77,2112.05,3397.48,9163.89,780.43,86.79,1284.89,207.54,445.56,919.66,0,0,-508.03,70.01
2026-03-19T12:00:00+03:00,12:00,30009.24,827.78,7298.19,4047.16,2117.15,3320.16,8978.56,915.89,85.07,1271.65,205.33,443.23,932.62,0,0,-506.08,72.53
2026-03-19T13:00:00+03:00,13:00,29718.28,829.05,7067.22,4030.34,2153.26,3333.43,8903.9,892.81,87.68,1262.96,203.13,436.59,921.91,0,0,-480.03,76.03
2026-03-19T14:00:00+03:00,14:00,30467.07,836.33,7636.45,3869.95,2356.53,3395.04,9144.7,753.62,87.36,1256.64,200.92,440.65,919.01,0,0,-508.45,78.32
2026-03-19T15:00:00+03:00,15:00,31839.12,843.62,8809.55,3970.54,2601.87,3377.45,9262.84,530.0,86.95,1260.73,211.96,433.87,914.72,0,0,-542.67,77.69
2026-03-19T16:00:00+03:00,16:00,33415.37,842.72,8967.65,4080.46,3373.45,3535.04,9838.62,446.03,85.81,1271.14,218.58,435.48,921.11,0,0,-677.08,76.36
2026-03-19T17:00:00+03:00,17:00,35747.81,843.84,9491.98,4061.44,4420.12,3782.03,10443.22,222.63,85.04,1285.93,218.58,436.54,909.35,0,0,-527.54,74.65
2026-03-19T18:00:00+03:00,18:00,37788.63,819.74,11099.21,4084.28,4773.42,3924.8,10440.21,27.4,84.15,1283.28,223.0,441.26,953.89,0,0,-443.63,77.62
2026-03-19T19:00:00+03:00,19:00,37557.32,823.59,10972.37,4078.4,4841.32,3858.87,10349.86,1.3,83.05,1296.26,218.58,450.3,940.41,0,0,-433.21,76.22
2026-03-19T20:00:00+03:00,20:00,38538.23,824.73,12059.49,4042.22,4954.1,3810.93,10089.87,87.34,84.66,1303.62,218.58,451.49,929.91,0,0,-394.56,75.85
2026-03-19T21:00:00+03:00,21:00,37409.64,820.23,11664.48,4030.14,4885.1,3598.14,9784.66,0.15,84.36,1311.61,220.79,443.37,900.5,0,0,-397.89,64.0
2026-03-19T22:00:00+03:00,22:00,36181.16,810.87,12723.77,4011.3,3608.65,3436.95,8856.93,0.0,84.6,1316.55,220.79,442.81,870.24,0,0,-280.72,78.42
2026-03-19T23:00:00+03:00,23:00,34846.45,818.33,12705.12,3941.6,2859.33,3462.05,8429.73,0.0,83.71,1322.08,220.79,437.48,882.89,0,0,-393.24,76.58
2026-03-20T00:00:00+03:00,00:00,32894.35,825.94,12794.3,3870.47,2260.88,3036.18,7499.62,1.21,85.14,1327.11,220.79,442.23,885.63,0,0,-430.09,74.94
2026-03-20T01:00:00+03:00,01:00,30174.08,801.89,11394.2,3830.44,2177.61,2905.68,6430.72,1.21,85.88,1327.66,218.58,449.54,893.09,0,0,-418.53,76.11
2026-03-20T02:00:00+03:00,02:00,27967.11,805.91,10397.72,3842.39,1864.82,2560.61,5890.82,1.21,84.02,1332.41,220.79,457.35,887.86,0,0,-454.41,75.61
2026-03-20T03:00:00+03:00,03:00,26572.85,774.58,9306.08,3877.62,1671.18,2469.28,5871.67,1.21,83.86,1338.37,223.0,401.96,889.54,0,0,-411.54,76.04
2026-03-20T04:00:00+03:00,04:00,25803.62,778.59,8814.38,3919.81,1585.01,2361.35,5821.86,1.21,83.98,1344.27,223.0,307.48,886.75,0,0,-403.09,79.02
2026-03-20T05:00:00+03:00,05:00,26027.12,779.37,8821.62,3928.23,1721.19,2309.16,5849.66,1.42,84.99,1352.16,220.79,369.04,885.23,0,0,-373.0,77.26
2026-03-20T06:00:00+03:00,06:00,27171.89,779.94,9073.37,3933.4,2140.39,2488.55,6069.6,7.96,86.35,1358.66,220.79,444.55,884.97,0,0,-392.24,75.6
2026-03-20T07:00:00+03:00,07:00,27048.61,757.94,8799.96,3850.19,2105.91,2619.14,6129.83,114.95,86.03,1356.24,218.58,444.17,890.36,0,0,-401.72,77.03
2026-03-20T08:00:00+03:00,08:00,26777.93,743.37,8522.26,3892.58,2008.8,2522.69,6140.63,400.65,85.58,1357.17,220.79,452.41,885.05,0,0,-530.29,76.24
2026-03-20T09:00:00+03:00,09:00,26067.74,739.13,7352.08,3852.29,2154.22,2375.04,6361.61,751.31,85.26,1336.95,216.38,446.4,897.86,0,0,-578.17,77.38
2026-03-20T10:00:00+03:00,10:00,24950.71,734.27,6623.38,3849.47,1834.51,2287.13,6199.65,932.97,85.01,1326.82,223.0,434.58,913.83,0,0,-569.5,75.59
2026-03-20T11:00:00+03:00,11:00,23885.76,732.19,5710.05,3766.15,1689.89,2252.91,6010.56,1184.9,82.54,1314.98,207.54,428.49,907.17,0,0,-480.02,78.41
2026-03-20T12:00:00+03:00,12:00,23615.84,731.42,5170.32,3804.16,1629.62,2276.61,6042.8,1437.21,84.06,1312.67,198.72,449.62,900.78,0,0,-500.98,78.83
2026-03-20T13:00:00+03:00,13:00,23185.37,733.93,5095.22,3749.7,1598.25,2268.78,5989.42,1274.6,80.64,1326.24,200.92,445.37,893.76,0,0,-551.02,79.56
2026-03-20T14:00:00+03:00,14:00,22631.07,732.67,4905.99,3625.29,1580.2,2269.44,6052.75,994.52,85.54,1320.37,198.72,454.8,890.97,0,0,-555.91,75.72
2026-03-20T15:00:00+03:00,15:00,23571.25,724.87,5697.58,3610.38,1627.24,2276.87,6306.31,826.39,82.24,1315.28,198.72,451.32,894.07,0,0,-518.16,78.14
2026-03-20T16:00:00+03:00,16:00,25418.47,717.53,6642.28,3663.81,2271.48,2277.88,6810.56,571.21,80.67,1317.59,203.12,436.58,908.03,0,0,-561.04,78.77
2026-03-20T17:00:00+03:00,17:00,27958.02,725.01,7823.19,3750.3,2900.48,2260.14,7845.56,247.24,83.1,1328.71,203.12,437.43,909.46,0,0,-632.44,76.72
2026-03-20T18:00:00+03:00,18:00,30539.05,728.83,9268.94,3778.07,3582.75,2358.93,8342.52,26.65,83.52,1333.35,211.96,442.42,919.31,0,0,-614.6,76.4
2026-03-20T19:00:00+03:00,19:00,32844.43,732.51,11034.56,3785.99,3925.3,2544.05,8346.2,1.77,83.92,1341.35,211.96,455.19,918.66,0,0,-615.53,78.5
2026-03-20T20:00:00+03:00,20:00,32660.17,736.44,10405.28,3793.69,4074.77,2608.03,8555.55,79.45,84.22,1346.39,220.79,447.39,921.91,0,0,-690.03,76.29
2026-03-20T21:00:00+03:00,21:00,32148.38,736.99,10510.13,3837.21,3770.17,2465.54,8393.04,1.7,83.66,1353.14,218.59,450.03,922.77,0,0,-675.0,80.41
2026-03-20T22:00:00+03:00,22:00,31553.89,735.35,11567.66,3815.63,3006.67,2444.11,7505.24,1.4,84.45,1356.41,218.59,441.66,922.92,0,0,-626.33,80.13
2026-03-20T23:00:00+03:00,23:00,31055.5,734.71,11556.9,3810.17,2676.24,2465.92,7071.45,1.52,84.47,1360.84,220.79,446.39,895.1,0,0,-350.68,81.68
2026-03-21T00:00:00+03:00,00:00,29780.14,790.38,9525.75,3782.65,2802.95,2434.16,7782.06,1.21,83.77,1361.48,214.17,442.62,903.43,0,0,-426.03,81.54
2026-03-21T01:00:00+03:00,01:00,27959.05,792.51,8660.08,3684.87,2579.32,2032.71,7462.78,1.21,83.83,1361.11,203.12,425.33,912.05,0,0,-322.93,83.06
2026-03-21T02:00:00+03:00,02:00,26596.92,793.68,8768.64,3607.1,2064.97,1922.91,6665.9,1.21,83.71,1362.84,216.37,431.46,912.15,0,0,-320.68,86.66
2026-03-21T03:00:00+03:00,03:00,25647.14,789.36,8439.14,3607.86,1868.74,1904.96,6247.51,1.23,84.71,1368.65,218.58,428.77,904.34,0,0,-303.0,86.29
2026-03-21T04:00:00+03:00,04:00,25271.84,784.74,8394.75,3695.41,1825.27,1901.6,5892.74,1.22,83.45,1366.78,218.58,423.01,918.45,0,0,-319.12,84.96
2026-03-21T05:00:00+03:00,05:00,25377.14,788.55,8487.12,3718.4,1808.98,1912.43,5878.89,1.4,82.82,1365.92,218.59,434.33,901.93,0,0,-308.06,85.84
2026-03-21T06:00:00+03:00,06:00,25068.68,776.63,7652.16,3741.74,2036.3,2124.81,5956.79,17.34,84.44,1364.59,218.58,450.1,883.14,0,0,-323.1,85.16
2026-03-21T07:00:00+03:00,07:00,23770.06,777.18,6110.03,3700.56,1949.37,2012.27,6301.33,185.84,83.58,1359.56,209.75,449.99,895.96,0,0,-340.83,75.47
2026-03-21T08:00:00+03:00,08:00,23235.59,781.11,5258.38,3660.61,1984.65,1890.73,6622.68,518.77,83.56,1354.74,203.12,441.5,909.42,0,0,-544.85,71.17
2026-03-21T09:00:00+03:00,09:00,23715.66,781.13,5299.12,3692.46,2080.56,1912.61,6625.03,841.45,84.88,1346.65,198.71,428.72,915.18,0,0,-562.83,71.99
2026-03-21T10:00:00+03:00,10:00,24376.63,776.95,5746.4,3743.46,1984.47,1928.42,6634.73,1056.92,83.85,1339.83,203.12,435.0,899.29,0,0,-525.99,70.18
2026-03-21T11:00:00+03:00,11:00,24753.21,771.27,5904.69,3763.28,1951.25,1906.15,6541.31,1345.98,86.91,1336.19,200.92,433.09,878.12,0,0,-433.37,67.42
2026-03-21T12:00:00+03:00,12:00,24910.56,770.87,6330.58,3776.3,1765.47,1904.47,6445.52,1380.89,87.35,1332.45,200.92,438.15,891.43,0,0,-480.83,66.99
2026-03-21T13:00:00+03:00,13:00,24702.86,772.36,5913.12,3817.07,1736.98,1882.67,6697.18,1393.5,83.3,1323.41,200.92,444.26,893.97,0,0,-523.14,67.26
2026-03-21T14:00:00+03:00,14:00,24517.35,773.57,5727.15,3804.27,1730.62,1896.92,6722.78,1319.25,86.42,1312.83,203.12,447.15,915.65,0,0,-490.14,67.76
2026-03-21T15:00:00+03:00,15:00,25222.52,772.58,6205.2,3836.15,1906.53,1905.37,7106.03,995.95,74.54,1307.02,205.33,445.09,909.6,0,0,-526.38,79.51
2026-03-21T16:00:00+03:00,16:00,27155.41,772.16,6442.09,3876.31,2520.51,1907.31,8189.49,929.22,95.2,1309.83,203.12,447.2,899.91,0,0,-513.57,76.63
2026-03-21T17:00:00+03:00,17:00,30033.94,785.23,8100.07,3909.13,3641.37,1914.59,8903.42,348.73,86.15,1318.9,198.72,442.69,864.88,0,0,-558.54,78.6
2026-03-21T18:00:00+03:00,18:00,32500.07,787.3,9412.13,3948.57,4630.22,1971.9,9221.14,62.84,84.85,1323.63,203.12,435.51,906.62,0,0,-568.35,80.59
2026-03-21T19:00:00+03:00,19:00,34717.33,787.92,11328.73,3973.29,4954.27,2051.56,9101.84,1.45,84.77,1330.14,209.75,447.0,921.8,0,0,-555.95,80.76
2026-03-21T20:00:00+03:00,20:00,34480.28,791.74,11134.21,4024.49,5099.51,2169.72,8777.55,28.58,84.98,1335.18,218.58,442.91,920.2,0,0,-626.1,78.73
2026-03-21T21:00:00+03:00,21:00,33544.84,790.35,10988.42,3999.91,4953.42,2065.22,8185.7,63.42,84.55,1337.46,220.79,443.32,925.17,0,0,-592.92,80.03
2026-03-21T22:00:00+03:00,22:00,32715.46,788.64,11833.13,4027.74,3821.32,1954.69,7797.63,1.23,84.35,1341.44,218.58,448.12,896.26,0,0,-575.53,77.86
2026-03-21T23:00:00+03:00,23:00,31959.67,789.48,11779.46,4003.61,3485.37,1898.54,7348.7,1.22,84.79,1347.53,218.59,450.83,879.9,0,0,-405.84,77.49
2026-03-22T00:00:00+03:00,00:00,30748.82,812.05,10150.48,4060.1,3986.83,1895.89,7171.48,1.22,84.61,1331.23,220.79,448.83,873.98,0,0,-369.35,80.68
2026-03-22T01:00:00+03:00,01:00,28918.45,822.62,9228.33,4057.96,3171.98,1876.08,7058.12,1.23,83.82,1353.27,218.59,444.15,884.5,0,0,-361.95,79.75
2026-03-22T02:00:00+03:00,02:00,27273.96,827.57,8445.03,4099.37,2637.91,1897.65,6620.66,1.23,84.15,1354.12,205.33,443.46,880.52,0,0,-301.96,78.92
2026-03-22T03:00:00+03:00,03:00,26118.45,827.72,7695.37,4177.63,2145.91,1875.87,6623.75,1.22,82.65,1356.57,200.92,455.75,887.77,0,0,-290.04,77.36
2026-03-22T04:00:00+03:00,04:00,25567.13,824.89,7385.02,4204.87,2013.52,1843.31,6522.99,1.23,83.1,1359.42,200.92,449.21,893.46,0,0,-293.24,78.43
2026-03-22T05:00:00+03:00,05:00,25539.14,815.73,7361.44,4208.32,2136.75,1848.98,6381.66,2.0,82.58,1358.11,200.92,448.69,883.78,0,0,-268.97,79.15
2026-03-22T06:00:00+03:00,06:00,25300.95,804.78,6773.51,4229.38,2505.49,1836.82,6388.1,10.29,82.6,1359.36,200.92,451.1,870.18,0,0,-289.34,77.76
2026-03-22T07:00:00+03:00,07:00,24055.35,802.58,5773.86,4217.27,2227.39,1834.09,6336.72,141.55,82.45,1330.95,203.13,450.13,866.07,0,0,-287.18,76.34
2026-03-22T08:00:00+03:00,08:00,23232.17,795.46,5468.72,4251.95,1843.51,1834.2,5792.79,671.45,82.1,1324.95,200.92,446.93,860.1,0,0,-420.28,79.37
2026-03-22T09:00:00+03:00,09:00,23214.85,798.18,6075.58,4199.2,1775.04,1858.34,4841.37,1102.24,81.33,1311.13,198.72,443.64,850.39,0,0,-399.87,79.56
2026-03-22T10:00:00+03:00,10:00,23767.82,793.4,6711.78,4216.47,1780.12,1846.83,4509.6,1301.84,81.61,1298.43,205.33,446.17,867.23,0,0,-369.99,79.0
2026-03-22T11:00:00+03:00,11:00,24667.87,792.15,7448.35,4271.55,1880.33,1928.82,4401.61,1225.9,83.23,1285.84,211.96,447.04,873.46,0,0,-260.69,78.32
2026-03-22T12:00:00+03:00,12:00,25195.41,797.9,7576.98,4023.48,1972.75,2349.93,4539.79,1232.7,83.11,1275.3,218.58,443.22,854.7,0,0,-249.93,76.9
2026-03-22T13:00:00+03:00,13:00,25451.38,804.06,7298.29,3906.34,2060.26,2567.39,4653.97,1572.24,84.24,1264.0,223.0,440.75,866.34,0,0,-368.94,79.44
2026-03-22T14:00:00+03:00,14:00,25532.25,807.94,7366.99,3861.58,2390.45,1984.99,4987.73,1608.27,73.34,1252.8,216.38,456.86,858.05,0,0,-412.85,79.72
2026-03-22T15:00:00+03:00,15:00,25615.63,827.8,6548.38,3945.57,3100.01,1916.97,5426.57,1419.33,82.92,1243.84,209.75,458.1,856.01,0,0,-498.68,79.06
2026-03-22T16:00:00+03:00,16:00,27495.78,838.79,7047.18,3912.11,4116.67,2061.32,6073.17,685.86,85.12,1245.16,203.12,435.87,884.84,0,0,-172.32,78.89
2026-03-22T17:00:00+03:00,17:00,30527.61,899.25,9216.23,3927.51,4668.36,2468.08,6555.24,348.75,94.18,1249.68,200.92,424.19,886.83,0,0,-489.88,78.27
2026-03-22T18:00:00+03:00,18:00,33684.05,858.72,11258.81,4141.44,4960.72,3219.05,6793.35,54.88,93.4,1262.2,218.58,417.62,890.14,0,0,-562.03,77.17
2026-03-22T19:00:00+03:00,19:00,36456.89,847.24,13127.04,4126.27,5041.11,4068.07,6873.35,1.44,90.11,1276.03,220.79,411.53,883.58,0,0,-584.3,74.63
2026-03-22T20:00:00+03:00,20:00,36510.39,815.84,13500.1,4093.29,4948.55,4013.42,6791.55,1.19,82.63,1292.82,218.58,407.69,874.82,0,0,-603.65,73.56
2026-03-22T21:00:00+03:00,21:00,35683.85,822.63,13622.32,4106.46,4866.38,3357.55,6464.61,1.2,82.5,1316.12,220.79,409.24,904.87,0,0,-564.45,73.63
2026-03-22T22:00:00+03:00,22:00,34663.17,834.71,13075.75,4108.52,4765.84,3180.14,6256.75,1.19,82.26,1325.9,218.59,411.21,895.83,0,0,-562.5,68.98
2026-03-22T23:00:00+03:00,23:00,33150.8,842.22,12122.94,4094.61,4636.33,2987.53,5870.83,1.22,82.81,1312.83,223.0,414.26,880.72,0,0,-389.04,70.54
2026-03-23T00:00:00+03:00,00:00,32035.78,860.55,12438.83,4067.33,4113.27,2601.35,5339.83,1.22,82.98,1283.75,218.59,413.5,853.59,0,0,-310.59,71.58
2026-03-23T01:00:00+03:00,01:00,30201.27,875.01,11537.73,3953.22,3631.51,2677.6,4846.21,1.23,83.06,1315.03,216.38,409.77,855.35,0,0,-272.02,71.19
2026-03-23T02:00:00+03:00,02:00,28993.42,895.55,10989.35,3930.6,3402.24,2713.6,4427.31,1.21,82.37,1319.03,220.79,409.98,845.77,0,0,-315.28,70.9
2026-03-23T03:00:00+03:00,03:00,28372.46,913.86,10783.8,3951.03,3281.65,2730.1,4069.29,1.24,83.47,1333.33,207.54,417.89,850.35,0,0,-316.41,65.32
2026-03-23T04:00:00+03:00,04:00,28327.38,959.05,10946.47,3904.16,3276.18,2747.26,3770.94,1.24,83.3,1353.57,200.92,420.54,849.09,0,0,-256.32,70.98
2026-03-23T05:00:00+03:00,05:00,28883.48,1084.59,11166.89,3933.18,3473.54,2766.0,3743.59,1.71,82.67,1358.2,200.92,411.58,844.53,0,0,-255.08,71.16
2026-03-23T06:00:00+03:00,06:00,29947.66,1607.54,11232.95,3973.58,3718.19,2866.69,3826.01,21.14,82.7,1363.99,218.58,420.07,836.2,0,0,-292.9,72.92
2026-03-23T07:00:00+03:00,07:00,31688.32,2463.47,11392.25,3929.1,4073.09,3095.06,3766.35,224.52,85.33,1361.79,218.58,420.74,851.07,0,0,-265.9,72.87
2026-03-23T08:00:00+03:00,08:00,37996.84,3301.71,13218.69,4045.22,4802.25,5037.01,3895.79,883.11,88.22,1352.13,220.79,428.08,880.34,0,0,-223.55,67.05
2026-03-23T09:00:00+03:00,09:00,39553.93,4117.53,12179.43,4109.46,4734.58,6271.47,3566.36,1701.21,98.92,1329.19,216.38,424.75,877.47,0,0,-141.01,68.19
2026-03-23T10:00:00+03:00,10:00,38540.15,4223.32,10565.7,4052.83,4703.73,6717.1,3300.94,2240.32,94.42,1316.58,220.79,425.99,877.84,0,0,-268.21,68.8
2026-03-23T11:00:00+03:00,11:00,37958.94,4487.11,9555.74,4020.96,4695.39,6998.57,2987.71,2431.51,94.09,1301.28,218.58,418.03,881.58,0,0,-202.53,70.92
2026-03-23T12:00:00+03:00,12:00,36611.23,4865.78,8765.35,4011.53,4508.15,6690.58,2810.47,2380.96,85.12,1286.46,214.17,418.46,898.99,0,0,-396.87,72.08
2026-03-23T13:00:00+03:00,13:00,36242.0,4725.12,9166.64,4048.3,4491.0,6178.34,2846.61,2300.01,84.08,1266.75,205.33,417.15,896.59,0,0,-456.05,72.13
2026-03-23T14:00:00+03:00,14:00,38083.41,5613.35,9470.19,4086.07,4507.38,6807.69,3090.81,2211.32,91.13,1239.6,216.37,420.52,887.82,0,0,-633.36,74.52
2026-03-23T15:00:00+03:00,15:00,39401.58,5811.45,11370.65,4037.25,4432.88,6413.93,3384.52,1643.2,91.36,1255.72,207.54,416.01,885.22,0,0,-619.49,71.34
2026-03-23T16:00:00+03:00,16:00,41578.88,6185.14,13306.74,4083.87,4567.7,6209.08,3916.45,1085.62,94.36,1264.06,209.76,417.95,884.53,0,0,-720.12,73.74
2026-03-23T17:00:00+03:00,17:00,43616.49,5861.01,14420.64,4072.15,4950.41,7258.33,4074.45,633.16,96.82,1272.18,211.96,415.82,869.29,0,0,-591.34,71.61
2026-03-23T18:00:00+03:00,18:00,44468.28,5331.58,15346.67,4045.82,5221.95,7556.93,4207.32,135.94,100.17,1288.78,220.79,411.02,883.79,0,0,-353.45,70.97
2026-03-23T19:00:00+03:00,19:00,45691.71,5190.92,16566.36,4027.38,5454.89,7587.9,4064.35,3.77,100.26,1302.26,220.79,416.34,890.25,0,0,-212.35,78.59
2026-03-23T20:00:00+03:00,20:00,45061.42,5184.58,16131.48,3835.07,5376.04,7597.66,4080.81,1.41,99.83,1310.95,220.79,411.73,877.91,0,0,-143.29,76.45
2026-03-23T21:00:00+03:00,21:00,43622.8,5172.78,15519.79,3749.37,5072.63,7513.07,3812.83,79.79,97.7,1321.39,220.79,413.83,868.71,0,0,-298.42,78.54
2026-03-23T22:00:00+03:00,22:00,42102.49,4751.81,15057.21,3646.95,4889.0,7498.22,3597.9,3.95,86.82,1332.66,218.58,412.18,876.57,0,0,-350.24,80.88
2026-03-23T23:00:00+03:00,23:00,40165.08,3920.82,14362.29,3685.19,4859.54,7351.24,3299.89,1.25,86.69,1342.6,218.58,408.43,876.68,0,0,-326.05,77.93
2026-03-24T00:00:00+03:00,00:00,37720.34,2552.93,13551.0,3840.12,4801.58,7244.54,3065.07,1.25,85.52,1348.09,218.59,407.93,877.88,0,0,-354.79,80.63
2026-03-24T01:00:00+03:00,01:00,35713.06,1970.31,12351.32,3908.3,4677.54,7209.19,2851.22,1.25,85.15,1353.89,214.17,422.3,880.24,0,0,-294.56,82.74
2026-03-24T02:00:00+03:00,02:00,34097.31,1751.01,11152.69,3948.68,4591.33,7176.3,2779.72,1.25,85.63,1353.42,220.79,410.69,895.57,0,0,-353.33,83.56
2026-03-24T03:00:00+03:00,03:00,33172.6,1342.48,11487.61,3960.61,4665.71,6047.38,2878.77,1.26,85.65,1354.89,218.59,412.78,889.99,0,0,-257.63,84.51
2026-03-24T04:00:00+03:00,04:00,32934.56,1304.4,11095.62,4094.72,4557.61,6106.31,3000.94,1.25,84.85,1352.6,218.58,412.24,890.27,0,0,-269.6,84.77
2026-03-24T05:00:00+03:00,05:00,33296.48,1328.04,11121.89,4144.05,4524.49,6086.14,3336.36,2.91,84.68,1350.17,214.17,420.54,893.82,0,0,-294.31,83.53
2026-03-24T06:00:00+03:00,06:00,33797.95,1356.97,11324.32,4243.65,4457.8,6085.27,3546.95,31.17,84.11,1352.51,220.79,411.88,888.18,0,0,-292.74,87.09
2026-03-24T07:00:00+03:00,07:00,34693.64,1821.38,11791.77,4303.9,4378.86,5522.54,3858.55,329.96,85.15,1350.37,207.55,408.24,878.59,0,0,-324.72,81.5
2026-03-24T08:00:00+03:00,08:00,39758.91,3554.62,12877.92,4241.33,4877.65,6155.38,4099.74,1262.26,89.92,1347.28,220.79,380.4,897.06,0,0,-326.88,81.44
2026-03-24T09:00:00+03:00,09:00,40465.56,4059.42,12261.73,4172.4,4799.99,6609.03,4248.9,1851.9,89.8,1336.59,218.59,389.8,868.86,0,0,-513.81,72.36
2026-03-24T10:00:00+03:00,10:00,39230.33,4075.99,11809.95,4113.98,4587.32,6067.34,4325.0,1812.5,89.25,1319.12,209.75,379.58,898.72,0,0,-536.47,78.3
2026-03-24T11:00:00+03:00,11:00,39037.21,4080.85,11415.41,4068.23,4596.05,5948.06,4371.68,1892.78,86.5,1308.39,216.37,385.89,897.92,0,0,-308.43,77.51
2026-03-24T12:00:00+03:00,12:00,36537.39,3608.73,10325.65,4115.49,4350.91,5313.63,4248.01,2131.88,78.16,1293.23,205.34,407.06,885.16,0,0,-506.84,80.98
2026-03-24T13:00:00+03:00,13:00,36524.14,3581.98,10060.98,4179.18,4398.3,4858.99,4336.09,2295.55,77.14,1281.34,200.92,414.18,894.89,0,0,-136.0,80.6
2026-03-24T14:00:00+03:00,14:00,37734.05,3791.83,10315.65,4227.33,4477.47,5168.39,4807.56,2104.88,85.74,1288.33,200.92,421.5,916.69,0,0,-154.95,82.71
2026-03-24T15:00:00+03:00,15:00,39354.64,3767.62,11767.73,4398.86,4156.74,5560.61,5250.05,1790.75,70.63,1303.99,200.92,430.04,934.86,0,0,-358.95,80.79
2026-03-24T16:00:00+03:00,16:00,41294.05,3966.5,12808.81,4334.06,4629.0,5828.19,6069.35,1029.46,90.14,1321.77,200.92,429.91,932.83,0,0,-430.63,83.74
2026-03-24T17:00:00+03:00,17:00,43507.91,4186.56,14300.98,4307.92,4973.56,6024.05,6737.95,417.46,97.82,1324.6,200.92,436.65,916.15,0,0,-500.06,83.35
2026-03-24T18:00:00+03:00,18:00,44556.96,3717.58,15430.73,4434.13,5002.08,6023.59,7133.25,102.91,87.38,1327.91,205.33,451.13,917.17,0,0,-360.5,84.27
2026-03-24T19:00:00+03:00,19:00,46107.9,3164.78,15738.43,4449.4,5164.09,7272.72,7504.09,100.16,85.17,1336.54,225.21,439.56,921.02,0,0,-378.07,84.8
2026-03-24T20:00:00+03:00,20:00,45418.79,2953.18,15324.68,4415.04,4994.06,7330.52,7723.15,2.27,86.29,1341.54,218.58,439.23,928.53,0,0,-421.98,83.7
2026-03-24T21:00:00+03:00,21:00,43873.42,2303.11,15304.28,4341.67,5091.17,6121.63,7954.99,1.32,84.72,1339.48,218.59,444.19,924.9,0,0,-339.48,82.85
2026-03-24T22:00:00+03:00,22:00,42200.11,1733.19,14924.21,4401.68,4897.84,5528.73,7952.67,1.32,82.95,1346.05,220.79,440.78,929.06,0,0,-346.07,86.91
2026-03-24T23:00:00+03:00,23:00,40117.35,1389.86,14168.56,4379.97,4486.26,5032.83,7970.73,1.29,82.17,1348.65,220.79,433.72,904.22,0,0,-390.79,89.09
2026-03-25T00:00:00+03:00,00:00,37736.53,1297.02,12210.94,4341.67,4762.84,4257.84,8186.91,1.27,83.96,1348.17,218.59,425.17,892.43,0,0,-378.54,88.26
2026-03-25T01:00:00+03:00,01:00,35311.01,1296.74,10326.07,4261.27,4582.33,3916.92,8188.4,1.27,82.32,1349.67,211.96,434.09,900.84,0,0,-327.76,86.89
2026-03-25T02:00:00+03:00,02:00,33922.56,1298.33,8969.21,4176.08,4505.99,3857.05,8358.51,1.29,82.83,1350.79,198.71,436.63,906.37,0,0,-307.41,88.18
2026-03-25T03:00:00+03:00,03:00,32901.05,1299.49,8593.73,4126.03,4149.93,3779.69,8210.04,1.28,82.64,1350.3,205.33,430.07,884.52,0,0,-298.91,86.91
2026-03-25T04:00:00+03:00,04:00,32784.51,1300.54,8722.81,4170.07,4022.63,3772.54,8049.29,1.27,83.36,1331.53,200.92,417.98,899.14,0,0,-276.38,88.81
2026-03-25T05:00:00+03:00,05:00,33354.62,1303.62,9016.78,4264.69,4054.03,3788.9,8149.21,2.41,83.44,1326.67,200.92,418.93,915.87,0,0,-259.3,88.45
2026-03-25T06:00:00+03:00,06:00,33894.71,1350.62,9013.38,4216.74,4292.06,3807.99,8448.99,29.74,83.37,1351.93,200.92,422.72,904.44,0,0,-303.46,75.27
2026-03-25T07:00:00+03:00,07:00,34651.62,1984.39,8369.35,4261.0,4388.29,3927.37,8593.83,437.55,84.72,1351.75,200.92,419.95,900.08,0,0,-356.95,89.37
2026-03-25T08:00:00+03:00,08:00,38555.94,2647.08,9388.31,4388.13,4832.82,4388.02,8833.85,1341.1,83.15,1322.19,203.12,436.09,877.7,0,0,-275.77,90.15
2026-03-25T09:00:00+03:00,09:00,38710.0,2620.15,8779.93,4346.22,4778.51,4380.76,8975.11,2184.83,87.52,1308.43,200.92,409.48,878.61,0,0,-330.62,90.15
2026-03-25T10:00:00+03:00,10:00,36943.1,2607.26,6833.32,4308.48,4479.56,4137.23,8910.21,2562.54,89.63,1291.38,203.13,398.33,857.31,0,0,179.71,85.01
2026-03-25T11:00:00+03:00,11:00,36604.11,2516.38,6957.05,4298.58,4355.1,4010.59,8803.31,2602.99,89.74,1273.17,205.33,412.47,830.88,0,0,163.43,85.09
2026-03-25T12:00:00+03:00,12:00,34575.82,2194.64,6189.18,4306.69,3926.13,3886.83,8759.72,2334.14,95.09,1264.69,203.12,400.57,865.51,0,0,63.74,85.77
2026-03-25T13:00:00+03:00,13:00,35362.95,2205.04,6852.32,4281.4,4047.99,3927.35,8866.06,2207.6,90.69,1252.69,205.33,394.33,875.19,0,0,75.91,81.05
2026-03-25T14:00:00+03:00,14:00,36357.44,2207.39,8704.47,4333.35,3580.69,3934.7,8933.36,1956.98,90.33,1244.57,203.12,397.29,862.59,0,0,-169.56,78.16
2026-03-25T15:00:00+03:00,15:00,37200.07,1898.42,9156.05,4359.93,3905.68,3899.8,9239.67,1919.72,84.99,1243.68,205.33,401.18,868.73,0,0,-59.16,76.05
2026-03-25T16:00:00+03:00,16:00,39947.31,1925.78,12362.39,4327.64,4091.29,4063.91,9375.89,1040.28,85.91,1251.44,205.33,401.57,857.28,0,0,-118.8,77.4
2026-03-25T17:00:00+03:00,17:00,42758.59,1919.33,15035.07,4282.19,4546.67,4604.14,9255.18,425.35,83.06,1253.97,198.72,403.86,886.2,0,0,-211.38,76.23
2026-03-25T18:00:00+03:00,18:00,44077.65,1968.58,15954.07,4239.31,4789.18,5863.27,8635.06,101.17,84.45,1260.61,214.16,406.65,895.33,0,0,-410.64,76.45
2026-03-25T19:00:00+03:00,19:00,45851.19,2449.61,16176.0,4227.89,5298.93,7213.32,8002.5,2.64,88.17,1269.53,220.79,405.59,904.67,0,0,-486.5,78.05
2026-03-25T20:00:00+03:00,20:00,45309.74,2000.7,16299.66,4300.26,5384.29,7322.52,7528.35,1.21,91.3,1278.45,216.37,393.1,892.85,0,0,-477.8,78.48
2026-03-25T21:00:00+03:00,21:00,44107.25,1573.11,16351.2,4363.62,5160.52,7264.85,6840.85,1.22,83.49,1290.27,220.79,393.28,904.72,0,0,-422.26,81.59
2026-03-25T22:00:00+03:00,22:00,42465.12,1317.38,16172.42,4390.37,4870.33,6850.02,6223.03,1.21,84.45,1300.75,220.79,381.51,896.85,0,0,-327.86,83.87
2026-03-25T23:00:00+03:00,23:00,40405.56,1302.52,15751.34,4407.45,4669.66,6054.41,5573.43,1.22,85.89,1310.52,218.58,384.79,896.56,0,0,-322.14,71.33
2026-03-26T00:00:00+03:00,00:00,38336.89,1336.04,15067.3,4462.6,4773.23,4951.74,5091.31,1.21,84.37,1318.42,220.79,387.28,880.58,0,0,-312.94,74.96
2026-03-26T01:00:00+03:00,01:00,36197.76,1337.33,14287.51,4426.55,4656.22,4110.93,4683.92,1.21,86.74,1322.47,218.58,384.75,881.86,0,0,-274.19,73.88
2026-03-26T02:00:00+03:00,02:00,34755.94,1350.98,13331.02,4454.55,4554.45,4063.89,4287.49,1.21,84.36,1328.14,218.58,401.14,882.04,0,0,-278.67,76.76
2026-03-26T03:00:00+03:00,03:00,33814.31,1357.46,12720.2,4534.46,4514.62,4182.3,3781.13,1.19,83.73,1331.28,220.79,419.2,882.93,0,0,-291.24,76.26
2026-03-26T04:00:00+03:00,04:00,33699.57,1370.66,12738.77,4479.2,4632.41,4208.68,3540.53,1.18,82.67,1335.02,218.58,414.32,879.7,0,0,-278.21,76.06
2026-03-26T05:00:00+03:00,05:00,34040.53,1527.35,12964.78,4355.24,4624.45,4511.46,3287.25,2.49,84.35,1340.19,220.79,416.05,888.91,0,0,-258.97,76.19
2026-03-26T06:00:00+03:00,06:00,34667.7,1818.5,12996.17,4321.53,4576.82,5036.72,3146.06,21.52,85.68,1344.95,214.17,421.51,885.98,0,0,-282.28,80.37
2026-03-26T07:00:00+03:00,07:00,36004.3,2128.16,13598.52,4401.97,4585.58,5195.16,3108.04,200.47,84.82,1343.53,220.79,436.1,887.92,0,0,-262.7,75.94
2026-03-26T08:00:00+03:00,08:00,40006.62,3571.35,15123.19,4299.23,4886.15,6003.31,2699.83,604.64,90.07,1332.5,218.59,434.04,888.77,0,0,-224.78,79.73
2026-03-26T09:00:00+03:00,09:00,40109.55,3928.49,14166.06,4247.16,4972.62,6729.04,2129.82,1195.49,97.5,1309.96,214.17,426.37,895.49,0,0,-282.57,79.95
2026-03-26T10:00:00+03:00,10:00,37896.01,4215.64,13695.23,4220.85,4464.59,5267.42,1648.13,1709.15,95.9,1295.94,205.33,411.48,909.51,0,0,-321.89,78.73
2026-03-26T11:00:00+03:00,11:00,36260.48,4370.69,12727.82,4243.61,4409.13,4407.63,1313.33,1767.01,96.72,1275.73,203.12,427.72,894.81,0,0,47.92,75.24
2026-03-26T12:00:00+03:00,12:00,33558.5,3897.86,10682.61,4267.41,4274.86,4161.85,1101.94,1982.07,95.46,1253.05,205.33,421.31,904.57,0,0,233.96,76.22
2026-03-26T13:00:00+03:00,13:00,33689.9,3528.18,11472.33,4258.2,4293.46,3830.28,1067.09,2087.79,95.68,1240.76,203.13,419.23,895.8,0,0,223.71,74.26
2026-03-26T14:00:00+03:00,14:00,34107.4,3451.47,12021.86,4162.82,4236.43,3851.8,1052.84,2230.3,95.43,1218.39,200.92,433.48,910.64,0,0,160.22,80.8
2026-03-26T15:00:00+03:00,15:00,34355.41,3427.9,12264.27,4175.02,3989.68,4585.24,1066.65,1822.95,94.92,1219.04,203.12,434.04,921.89,0,0,69.92,80.77
2026-03-26T16:00:00+03:00,16:00,36887.22,3703.09,13662.94,4132.93,4519.12,5388.22,1203.3,1177.98,96.84,1219.8,203.12,444.5,923.37,0,0,132.38,79.63
2026-03-26T17:00:00+03:00,17:00,39989.25,4590.5,15463.45,4077.58,4750.68,6335.46,1238.5,698.73,100.93,1213.43,200.92,449.82,925.89,0,0,-137.65,81.01
2026-03-26T18:00:00+03:00,18:00,42538.01,5444.07,16831.78,4112.98,5261.81,6676.69,1409.79,211.78,107.08,1234.11,207.54,448.49,933.66,0,0,-421.05,79.28
2026-03-26T19:00:00+03:00,19:00,45168.5,6171.36,17373.54,4246.46,5530.24,7567.98,1655.4,4.43,110.62,1254.44,218.59,451.98,929.86,0,0,-426.54,80.14
2026-03-26T20:00:00+03:00,20:00,45176.77,6259.27,17109.8,4264.07,5518.19,7633.96,1690.33,90.34,110.59,1285.12,218.58,450.07,935.47,0,0,-469.88,80.86
2026-03-26T21:00:00+03:00,21:00,43812.72,5845.11,16285.61,4286.84,5321.88,7613.15,1844.07,1.79,110.39,1273.5,216.37,448.8,941.57,0,0,-458.08,81.72
2026-03-26T22:00:00+03:00,22:00,42179.74,3758.44,16564.82,4266.23,5127.21,7615.66,2118.97,1.21,96.48,1315.06,218.58,445.03,943.05,0,0,-373.64,82.64
2026-03-26T23:00:00+03:00,23:00,39991.72,2144.79,16122.3,4235.31,4866.61,7480.24,2433.72,1.22,87.02,1319.82,218.58,426.26,939.92,0,0,-364.55,80.48
2026-03-27T00:00:00+03:00,00:00,38228.14,2002.08,15573.82,4206.16,4913.57,5993.3,2801.07,1.2,85.08,1333.93,218.58,442.13,937.74,0,0,-361.05,80.53
2026-03-27T01:00:00+03:00,01:00,36247.39,1590.96,15309.2,4108.65,4646.84,4577.59,3252.89,1.19,83.05,1341.16,214.17,430.8,933.98,0,0,-322.07,78.98
2026-03-27T02:00:00+03:00,02:00,34871.38,1321.48,14129.21,4020.84,4539.21,4245.76,3829.5,1.18,82.32,1346.54,218.59,432.18,931.5,0,0,-308.35,81.42
2026-03-27T03:00:00+03:00,03:00,33753.24,1320.4,12949.1,4107.1,4430.25,3895.9,4245.01,1.22,82.98,1349.1,216.37,437.79,926.0,0,0,-292.15,84.17
2026-03-27T04:00:00+03:00,04:00,33570.47,1318.28,12605.59,4274.11,4024.52,3808.82,4749.0,1.22,83.63,1347.26,216.38,444.06,901.79,0,0,-286.49,82.3
2026-03-27T05:00:00+03:00,05:00,34239.93,1361.75,12790.81,4253.73,4049.5,3768.16,5203.52,2.78,82.62,1341.34,218.58,433.38,898.29,0,0,-246.78,82.25
2026-03-27T06:00:00+03:00,06:00,34668.34,1392.38,12568.99,4270.56,4365.4,3789.72,5522.34,28.29,82.2,1344.47,218.58,422.02,885.38,0,0,-304.06,82.07
2026-03-27T07:00:00+03:00,07:00,34621.11,1861.26,11373.82,4304.39,4175.79,3529.2,6082.46,601.91,82.19,1339.96,211.96,425.87,880.25,0,0,-329.45,81.5
2026-03-27T08:00:00+03:00,08:00,36334.49,2444.39,10045.87,4326.19,4817.05,3524.76,6445.98,1931.48,79.79,1323.89,203.12,426.9,912.99,0,0,-227.29,79.37
2026-03-27T09:00:00+03:00,09:00,34173.75,2659.75,8791.46,4270.4,3300.12,3884.83,6219.52,2533.18,85.55,1293.9,200.92,417.13,921.66,0,0,-482.8,78.13
2026-03-27T10:00:00+03:00,10:00,30969.22,2651.6,6337.04,4297.85,2407.08,4531.79,5711.8,2574.65,85.94,1266.2,203.12,420.83,920.02,0,0,-519.18,80.48
2026-03-27T11:00:00+03:00,11:00,29934.28,2394.62,5665.38,4220.21,2292.6,4060.5,6041.79,2667.6,82.95,1242.1,203.12,421.62,910.53,0,0,-348.7,79.96
2026-03-27T12:00:00+03:00,12:00,27868.28,2324.2,5251.78,4291.94,1615.31,3595.99,5843.73,2403.15,87.38,1232.66,203.12,433.05,914.05,0,0,-405.46,77.38
2026-03-27T13:00:00+03:00,13:00,26917.74,2315.24,4856.03,4345.35,1542.21,3604.86,5522.17,2185.14,86.15,1242.68,203.12,419.36,901.1,0,0,-385.44,79.77
2026-03-27T14:00:00+03:00,14:00,29350.46,1882.36,6185.38,4330.03,1915.35,3727.18,6357.85,2491.07,86.6,1228.8,203.12,429.06,888.18,0,0,-453.81,79.29
2026-03-27T15:00:00+03:00,15:00,31478.09,1757.29,7039.89,4280.78,2228.83,4510.8,6811.74,2370.44,84.37,1224.06,200.92,430.3,879.42,0,0,-418.33,77.58
2026-03-27T16:00:00+03:00,16:00,34976.2,1806.62,9135.48,4207.84,3187.06,4366.88,7603.0,2152.14,87.21,1217.15,203.12,429.01,860.37,0,0,-359.18,79.5
2026-03-27T17:00:00+03:00,17:00,39423.3,1804.47,12877.99,4161.91,4601.42,4120.78,8005.6,1402.71,86.78,1230.45,203.12,426.92,913.26,0,0,-495.68,83.57
2026-03-27T18:00:00+03:00,18:00,41982.19,1826.25,15412.84,4204.17,4817.27,5049.34,7854.99,199.62,88.9,1237.41,203.12,429.43,929.07,0,0,-353.21,82.99
2026-03-27T19:00:00+03:00,19:00,44234.48,1845.18,15828.89,4380.72,5339.53,6598.68,7597.19,101.65,97.95,1252.75,223.0,430.17,921.95,0,0,-463.26,80.08
2026-03-27T20:00:00+03:00,20:00,44112.01,1767.84,15764.8,4385.33,5228.75,6834.78,7582.42,1.85,96.29,1262.06,220.79,433.52,914.18,0,0,-460.6,80.0
2026-03-27T21:00:00+03:00,21:00,42494.71,1315.84,15628.64,4418.03,5211.06,5484.11,7830.88,1.25,95.13,1267.21,220.79,422.38,911.37,0,0,-393.03,81.05
2026-03-27T22:00:00+03:00,22:00,40554.09,960.36,15050.71,3969.83,4791.8,4652.88,8527.93,1.23,84.32,1275.75,220.79,432.7,905.59,0,0,-401.42,81.62
2026-03-27T23:00:00+03:00,23:00,39122.64,951.39,14455.84,4071.82,4448.4,3704.96,8898.82,1.21,87.32,1278.12,205.33,424.0,886.16,0,0,-372.14,81.41
2026-03-28T00:00:00+03:00,00:00,37160.31,953.91,12116.15,3993.19,4729.32,3472.7,9291.73,1.2,85.74,1287.07,198.71,432.9,883.02,0,0,-360.2,74.87
2026-03-28T01:00:00+03:00,01:00,35252.53,951.39,10781.86,4009.18,4510.32,3335.31,9007.44,1.19,86.34,1294.99,200.92,433.55,874.32,0,0,-307.71,73.43
2026-03-28T02:00:00+03:00,02:00,33811.25,953.16,10090.04,4085.58,4274.49,3264.45,8586.04,0.94,85.75,1291.39,200.92,426.25,858.31,0,0,-376.82,70.75
2026-03-28T03:00:00+03:00,03:00,32904.54,957.94,9890.92,4172.86,3809.12,3268.88,8198.01,1.22,85.67,1282.49,198.72,433.88,875.41,0,0,-342.27,71.69
2026-03-28T04:00:00+03:00,04:00,32506.35,963.5,9883.75,4261.85,3797.83,3263.3,7720.54,1.21,85.87,1283.24,200.92,425.97,883.61,0,0,-335.79,70.55
2026-03-28T05:00:00+03:00,05:00,32649.44,961.03,10240.03,4267.26,4238.82,3280.06,7055.91,2.82,85.02,1288.14,200.92,431.39,883.17,0,0,-358.28,73.15
2026-03-28T06:00:00+03:00,06:00,32528.88,1018.92,10310.94,4335.5,4593.38,3267.35,6355.41,40.75,87.1,1291.22,200.92,442.24,877.07,0,0,-365.2,73.28
2026-03-28T07:00:00+03:00,07:00,30912.65,1368.45,11498.45,4440.24,2285.23,3236.7,4877.58,614.31,79.02,1287.74,211.96,430.85,872.36,0,0,-363.58,73.34
2026-03-28T08:00:00+03:00,08:00,31452.2,1771.73,11154.67,4457.89,2128.75,3266.27,4348.29,1719.65,83.47,1278.63,205.03,442.39,867.4,0,0,-344.25,72.28
2026-03-28T09:00:00+03:00,09:00,31235.85,2138.35,10446.06,4514.77,2117.57,3479.61,3991.15,2093.48,84.19,1272.43,196.51,431.66,871.84,0,0,-475.0,73.23
2026-03-28T10:00:00+03:00,10:00,31493.25,2304.87,10020.84,4683.62,2049.14,4541.76,3509.68,1878.95,85.54,1264.0,203.12,420.89,887.68,0,0,-429.26,72.42
2026-03-28T11:00:00+03:00,11:00,32064.48,2615.24,8832.74,4680.25,2152.66,4899.9,3775.68,2328.17,88.31,1286.46,203.12,433.82,895.0,0,0,-201.04,74.17
2026-03-28T12:00:00+03:00,12:00,31719.06,2615.08,8213.41,4629.57,2338.03,5389.38,3631.05,2439.53,87.59,1293.77,205.34,425.42,882.71,0,0,-504.94,73.12
2026-03-28T13:00:00+03:00,13:00,32169.11,2630.77,7690.54,4605.04,2516.6,5421.92,4235.23,2469.68,80.96,1293.3,205.33,425.11,888.38,0,0,-370.15,76.4
2026-03-28T14:00:00+03:00,14:00,33048.81,2626.59,7484.92,4624.52,2983.39,5395.73,4961.85,2396.41,83.98,1289.82,203.13,424.7,881.49,0,0,-379.76,72.04
2026-03-28T15:00:00+03:00,15:00,33977.97,2155.45,8784.78,4646.52,3095.62,5451.91,5148.27,2102.01,83.97,1295.52,198.72,443.11,879.92,0,0,-377.87,70.04
2026-03-28T16:00:00+03:00,16:00,36417.46,2163.11,10703.23,4594.96,4026.35,5526.23,5522.8,1354.99,85.14,1289.77,207.54,431.38,869.39,0,0,-434.98,77.55
2026-03-28T17:00:00+03:00,17:00,39577.73,2390.22,13431.76,4527.99,4735.72,5808.05,5732.4,438.64,88.92,1285.95,198.72,431.0,893.56,0,0,-462.4,77.2
2026-03-28T18:00:00+03:00,18:00,41905.26,2840.64,15449.23,4653.94,4973.56,5957.36,5443.74,76.64,97.28,1295.75,205.33,435.41,905.94,0,0,-499.77,70.21
2026-03-28T19:00:00+03:00,19:00,43521.87,2876.61,16702.24,4617.56,5391.02,6411.33,5010.84,1.76,97.25,1301.64,216.37,436.82,900.05,0,0,-517.74,76.12
2026-03-28T20:00:00+03:00,20:00,43053.05,2741.92,16333.34,4676.47,5423.52,6840.41,4471.55,101.31,97.18,1292.68,218.58,429.77,902.19,0,0,-553.08,77.21
2026-03-28T21:00:00+03:00,21:00,41622.42,2667.8,16309.89,4754.83,5241.49,6125.71,3936.78,2.02,96.96,1297.56,220.79,423.13,903.26,0,0,-434.39,76.59
2026-03-28T22:00:00+03:00,22:00,39804.2,2614.5,15970.35,4513.81,5022.67,5359.86,3784.99,1.7,83.44,1295.54,218.58,428.41,892.91,0,0,-457.44,74.88
2026-03-28T23:00:00+03:00,23:00,38055.75,2543.0,15290.2,4363.13,4899.34,4837.41,3623.13,1.72,87.98,1282.91,220.79,417.04,877.83,0,0,-466.12,77.39
2026-03-29T00:00:00+03:00,00:00,36322.88,1864.29,13468.26,4303.15,5211.4,5243.49,3556.09,1.73,96.78,1268.6,216.37,424.57,893.22,0,0,-298.98,73.91
2026-03-29T01:00:00+03:00,01:00,34270.2,1883.06,12040.21,4224.47,5028.32,4839.43,3512.77,1.73,83.49,1251.28,209.75,422.85,883.29,0,0,-183.81,73.36
2026-03-29T02:00:00+03:00,02:00,32758.61,2025.2,11592.95,4228.88,4453.95,4551.99,3407.95,1.75,83.86,1262.12,205.33,418.0,870.05,0,0,-419.35,75.93
2026-03-29T03:00:00+03:00,03:00,31697.95,1747.11,11653.15,4107.52,4379.05,4030.63,3263.45,1.75,84.4,1244.25,198.71,418.39,878.28,0,0,-386.2,77.46
2026-03-29T04:00:00+03:00,04:00,31095.44,1743.63,11519.57,4095.24,4126.37,3936.35,3169.75,1.74,83.26,1247.78,205.33,427.68,875.82,0,0,-412.77,75.69
2026-03-29T05:00:00+03:00,05:00,31068.89,1735.26,11038.44,4131.38,4281.12,3934.17,3411.3,3.71,82.21,1252.67,200.92,420.63,880.71,0,0,-380.6,76.97
2026-03-29T06:00:00+03:00,06:00,30515.21,1731.27,10246.62,4138.6,4306.85,3901.77,3687.6,33.42,82.6,1263.62,200.92,433.22,876.47,0,0,-462.56,74.81
2026-03-29T07:00:00+03:00,07:00,28667.08,1719.24,8924.0,4169.11,3426.56,3829.3,3902.49,220.45,81.47,1271.03,200.92,406.35,883.19,0,0,-440.66,73.63
2026-03-29T08:00:00+03:00,08:00,28085.65,1730.65,8693.7,4070.0,2880.44,3735.77,4021.88,480.59,83.86,1278.8,200.92,419.44,875.83,0,0,-462.42,76.19
2026-03-29T09:00:00+03:00,09:00,28502.48,1728.41,9528.6,4130.72,2415.04,3475.36,4054.27,806.21,86.26,1277.06,200.92,424.33,878.46,0,0,-575.89,72.73
2026-03-29T10:00:00+03:00,10:00,29509.17,1724.3,10408.29,4075.98,2117.46,3456.75,4058.96,1167.22,82.15,1265.82,200.92,422.68,894.65,0,0,-438.79,72.78
2026-03-29T11:00:00+03:00,11:00,30758.09,1723.3,11252.77,4041.87,1933.7,3481.9,4079.12,1699.77,82.55,1266.43,203.12,420.64,879.71,0,0,-376.34,69.55
2026-03-29T12:00:00+03:00,12:00,30723.81,1726.74,11728.5,3910.01,1767.01,3900.39,3546.56,1750.63,83.87,1262.64,203.12,422.32,873.04,0,0,-523.88,72.86
2026-03-29T13:00:00+03:00,13:00,31382.03,1722.13,12271.36,3947.79,1814.5,3938.9,3645.21,1565.91,85.36,1249.8,205.34,414.87,875.44,0,0,-425.4,70.82
2026-03-29T14:00:00+03:00,14:00,31578.33,1703.83,11787.94,3865.64,1843.62,4233.16,4211.15,1359.81,85.77,1248.45,203.13,413.2,893.07,0,0,-343.99,73.55
2026-03-29T15:00:00+03:00,15:00,31981.56,1716.89,10413.85,3792.67,2398.54,4788.26,4868.16,1472.17,85.52,1272.16,200.92,416.66,892.55,0,0,-410.45,73.66
2026-03-29T16:00:00+03:00,16:00,33460.17,1754.94,11740.71,3775.0,3468.81,4301.64,5031.36,750.29,85.43,1267.33,203.12,404.78,885.18,0,0,-290.49,82.07
2026-03-29T17:00:00+03:00,17:00,35715.35,1755.88,12466.81,3838.27,4859.19,4602.88,5172.39,499.63,85.13,1239.3,196.51,417.15,909.82,0,0,-411.01,83.4
2026-03-29T18:00:00+03:00,18:00,38078.21,1803.47,14274.34,3939.11,5333.83,5158.55,4971.72,148.2,84.83,1247.65,203.12,424.18,907.44,0,0,-501.37,83.14
2026-03-29T19:00:00+03:00,19:00,40672.92,1768.07,15502.31,4025.09,5651.69,6569.54,4645.31,32.54,97.29,1273.53,218.59,410.41,914.06,0,0,-513.9,78.39
2026-03-29T20:00:00+03:00,20:00,40670.2,1632.31,14915.61,4131.28,5747.84,7053.14,4664.64,72.13,97.27,1281.63,220.79,416.84,924.51,0,0,-569.97,82.18
2026-03-29T21:00:00+03:00,21:00,39443.54,1477.45,14680.31,4160.55,5625.0,6448.5,4623.18,1.26,96.77,1289.06,220.79,415.14,904.59,0,0,-583.5,84.44
2026-03-29T22:00:00+03:00,22:00,38010.71,1064.07,14862.26,4118.34,5347.07,5581.26,4600.64,1.25,85.97,1293.31,218.58,411.78,872.09,0,0,-529.79,83.88
2026-03-29T23:00:00+03:00,23:00,36517.46,959.18,14929.93,4008.68,5237.1,4478.77,4466.18,1.26,84.07,1296.23,220.79,424.44,825.64,0,0,-498.49,83.68
2026-03-30T00:00:00+03:00,00:00,34634.74,959.23,14157.97,3917.7,5165.25,3645.88,4347.9,1.72,84.27,1308.56,218.58,426.86,821.96,0,0,-504.82,83.68
2026-03-30T01:00:00+03:00,01:00,32848.66,967.67,13100.44,3911.57,4666.57,3299.81,4272.51,1.72,83.23,1291.95,216.38,431.68,817.89,0,0,-296.94,84.18
2026-03-30T02:00:00+03:00,02:00,31417.58,987.89,12240.26,3910.73,4180.24,3234.59,4203.78,1.25,84.09,1295.25,216.38,434.21,832.42,0,0,-287.68,84.17
2026-03-30T03:00:00+03:00,03:00,30578.56,1013.44,11603.93,3917.78,4046.98,3224.92,4132.23,1.24,84.12,1291.16,220.8,415.96,847.74,0,0,-308.3,86.56
2026-03-30T04:00:00+03:00,04:00,30414.51,1101.67,11400.92,3917.46,3855.31,3204.42,4291.73,1.72,84.67,1298.97,214.16,419.43,850.3,0,0,-311.9,85.65
2026-03-30T05:00:00+03:00,05:00,30940.06,1397.76,11439.94,3912.25,3858.89,3210.13,4482.86,3.78,84.61,1303.03,205.33,405.54,844.29,0,0,-293.59,85.24
2026-03-30T06:00:00+03:00,06:00,31722.26,1595.29,11279.66,3942.98,4508.64,3191.79,4572.13,35.59,86.07,1303.62,203.12,413.45,838.26,0,0,-335.86,87.52
2026-03-30T07:00:00+03:00,07:00,33212.61,2638.78,10892.06,3935.14,4944.24,3330.34,4588.02,314.73,84.4,1296.35,200.92,418.41,847.02,0,0,-363.02,85.22
2026-03-30T08:00:00+03:00,08:00,38446.52,4283.87,13521.19,3978.36,5290.96,3500.23,4370.45,686.91,87.17,1292.17,198.72,422.19,869.74,0,0,-141.44,86.0
2026-03-30T09:00:00+03:00,09:00,39845.31,4652.45,13094.77,3952.63,5309.91,4499.64,4058.67,1497.02,87.3,1280.53,205.33,412.18,853.0,0,0,-141.98,83.86
2026-03-30T10:00:00+03:00,10:00,39445.76,4599.48,11805.16,3962.79,5246.83,5305.06,3871.87,2013.82,86.84,1254.11,203.12,413.94,875.04,0,0,-274.05,81.75
2026-03-30T11:00:00+03:00,11:00,39294.08,4662.53,11538.86,3936.88,5236.31,5543.25,3780.16,1859.3,86.7,1244.91,200.92,417.9,908.55,0,0,-207.99,85.8
2026-03-30T12:00:00+03:00,12:00,37021.67,4435.2,10331.25,3902.6,4969.6,5499.5,3495.57,1717.13,85.27,1227.59,198.72,384.82,908.19,0,0,-213.22,79.45
2026-03-30T13:00:00+03:00,13:00,37793.83,4452.81,10441.12,3883.28,5090.78,5630.11,3503.26,1989.18,86.11,1214.12,203.12,380.96,903.97,0,0,-62.21,77.22
2026-03-30T14:00:00+03:00,14:00,39554.93,4753.41,11638.71,3927.9,5266.33,5782.05,3443.6,1840.87,85.36,1207.34,203.12,390.27,912.88,0,0,25.83,77.26
2026-03-30T15:00:00+03:00,15:00,40939.65,4945.14,13582.41,3995.1,5251.47,5972.68,3205.48,1237.31,62.4,1217.27,200.92,393.07,895.25,0,0,-102.26,83.41
2026-03-30T16:00:00+03:00,16:00,42977.99,5462.25,14959.09,3993.17,5541.07,6269.6,2862.56,1005.49,69.93,1245.15,200.92,316.45,907.01,0,0,65.69,79.61
2026-03-30T17:00:00+03:00,17:00,44097.3,6467.97,14500.33,4116.58,5760.43,7322.5,2635.32,504.26,75.13,1250.69,200.92,257.63,902.8,0,0,25.78,76.96
2026-03-30T18:00:00+03:00,18:00,44202.54,6700.16,14952.93,4243.47,5907.67,7622.36,2310.16,88.22,97.15,1257.26,198.72,279.41,908.17,0,0,-439.56,76.42
2026-03-30T19:00:00+03:00,19:00,45485.37,7010.91,15745.91,4277.92,6092.21,7648.59,2184.56,102.81,103.28,1259.73,203.12,288.35,912.7,0,0,-422.92,78.2
2026-03-30T20:00:00+03:00,20:00,45507.63,6953.67,16035.12,4324.91,6045.8,7642.06,2070.32,1.36,103.5,1288.96,207.54,285.7,909.06,0,0,-439.95,79.58
2026-03-30T21:00:00+03:00,21:00,43908.33,6465.19,15365.49,4321.49,5879.2,7510.23,1951.19,1.25,103.29,1289.72,214.17,266.05,910.71,0,0,-447.3,77.65
2026-03-30T22:00:00+03:00,22:00,42055.14,5029.17,15078.92,4279.4,5723.03,7507.52,1933.44,1.01,95.73,1298.43,216.38,278.73,931.02,0,0,-397.1,79.46
2026-03-30T23:00:00+03:00,23:00,39982.33,3769.03,15166.1,4113.55,5311.33,7238.87,1923.81,1.23,83.48,1306.66,216.38,288.3,902.43,0,0,-412.74,73.9
2026-03-31T00:00:00+03:00,00:00,37816.52,2956.4,15322.29,4147.56,5317.6,5424.57,2038.08,1.24,95.69,1335.53,216.38,296.14,924.43,0,0,-337.71,78.32
2026-03-31T01:00:00+03:00,01:00,35415.43,2579.55,14022.61,3987.19,5226.93,4704.75,2319.48,1.24,83.5,1339.79,211.96,280.54,914.62,0,0,-333.7,76.97
2026-03-31T02:00:00+03:00,02:00,33973.49,1993.15,13590.17,4002.54,4958.34,4316.63,2549.57,0.99,83.54,1341.74,203.13,291.75,880.52,0,0,-314.57,75.99
2026-03-31T03:00:00+03:00,03:00,33556.28,1364.77,13885.86,3937.24,5023.64,3854.86,2858.42,1.24,83.53,1346.32,200.92,284.45,875.02,0,0,-236.49,76.5
2026-03-31T04:00:00+03:00,04:00,33202.58,1329.53,13744.9,3958.41,4818.84,3794.8,2916.11,1.26,84.14,1350.85,216.37,294.93,889.03,0,0,-276.66,80.07
2026-03-31T05:00:00+03:00,05:00,33776.31,1361.01,13924.9,3984.11,4944.19,3855.14,3072.67,4.65,84.17,1354.31,218.58,283.51,890.79,0,0,-280.99,79.27
2026-03-31T06:00:00+03:00,06:00,34037.55,1747.29,12938.13,4019.89,4868.13,4597.94,3283.58,42.36,84.9,1356.12,214.17,282.54,899.79,0,0,-373.95,76.66
2026-03-31T07:00:00+03:00,07:00,34162.4,2713.13,11738.37,3989.83,4897.05,4494.09,3258.05,546.55,84.93,1342.98,203.13,292.94,886.41,0,0,-366.73,81.67
2026-03-31T08:00:00+03:00,08:00,35894.9,4586.42,11189.14,3950.28,5084.5,4375.21,2742.12,1562.73,91.54,1332.85,203.12,273.23,895.64,0,0,-468.41,76.53
2026-03-31T09:00:00+03:00,09:00,34513.43,4875.18,9150.83,3946.15,4909.59,4473.73,2505.99,2324.74,91.76,1310.56,198.72,268.08,911.41,0,0,-532.58,79.27
2026-03-31T10:00:00+03:00,10:00,33280.92,4562.33,8192.04,3985.55,4424.24,4384.36,2568.23,2888.84,81.94,1292.5,207.54,273.81,885.4,0,0,-544.82,78.96
2026-03-31T11:00:00+03:00,11:00,33484.28,5229.45,7625.6,4029.54,4308.59,4407.18,2694.47,2994.41,80.41,1277.0,203.12,264.79,873.84,0,0,-577.34,73.22
2026-03-31T12:00:00+03:00,12:00,31122.66,4621.93,5915.45,4018.18,3488.5,4991.86,2914.82,2982.36,81.09,1270.25,207.54,269.02,870.29,0,0,-584.28,75.65
2026-03-31T13:00:00+03:00,13:00,32256.89,4402.8,6715.59,4016.35,3488.72,5108.78,3383.17,2918.46,80.5,1270.85,200.92,261.38,874.79,0,0,-543.89,78.47
2026-03-31T14:00:00+03:00,14:00,34248.05,3832.35,8429.23,4009.74,4470.57,5082.93,3653.62,2608.53,91.3,1245.38,200.92,277.26,870.83,0,0,-603.56,78.95
2026-03-31T15:00:00+03:00,15:00,35797.96,3750.85,10544.51,4037.09,4233.27,5230.27,3700.33,2131.04,91.77,1245.79,203.12,259.61,861.97,0,0,-570.43,78.77
2026-03-31T16:00:00+03:00,16:00,38672.15,3946.92,12994.54,4073.51,4808.31,5325.69,3786.26,1550.6,86.8,1258.76,205.33,269.55,887.36,0,0,-600.68,79.2
2026-03-31T17:00:00+03:00,17:00,41038.21,4477.3,14192.38,4167.19,5098.77,6056.76,3743.23,938.48,88.49,1267.53,203.12,259.39,911.47,0,0,-439.52,73.62
2026-03-31T18:00:00+03:00,18:00,42235.27,5107.07,14824.26,4210.76,5388.16,6226.14,3905.83,165.82,97.59,1281.55,205.33,276.88,901.12,0,0,-431.41,76.17
2026-03-31T19:00:00+03:00,19:00,44401.23,5115.88,16817.81,4200.05,5498.31,6375.54,3897.05,44.42,97.32,1291.12,207.54,292.45,888.76,0,0,-404.67,79.65
2026-03-31T20:00:00+03:00,20:00,44422.3,4760.27,16559.44,4193.96,5518.88,6925.34,4050.06,21.81,97.27,1302.65,216.37,281.78,889.75,0,0,-475.87,80.59
2026-03-31T21:00:00+03:00,21:00,43141.34,4390.4,16075.75,4208.63,5368.55,6301.3,4329.66,52.64,95.65,1300.55,203.12,298.04,884.19,0,0,-445.53,78.39
2026-03-31T22:00:00+03:00,22:00,41511.95,3755.7,15755.07,4220.85,5045.76,6237.68,4035.77,1.21,85.35,1304.29,200.92,286.61,876.92,0,0,-378.08,83.9
2026-03-31T23:00:00+03:00,23:00,39610.93,2785.14,15512.22,4133.76,4654.81,6171.53,3915.31,1.3,84.47,1302.58,203.12,294.26,873.37,0,0,-407.74,86.8
2026-04-01T00:00:00+03:00,00:00,37425.97,1531.75,14878.41,4188.64,4889.52,5587.17,3840.47,1.01,84.05,1315.01,203.12,302.88,883.57,0,0,-366.46,86.83
2026-04-01T01:00:00+03:00,01:00,35504.34,1343.34,14262.96,3983.76,4831.36,5011.28,3553.1,1.02,83.64,1317.6,198.72,303.11,860.0,0,0,-333.37,87.82
2026-04-01T02:00:00+03:00,02:00,34206.9,1401.21,14031.03,3858.89,4490.57,4351.16,3473.8,1.02,82.21,1325.25,200.92,307.38,855.4,0,0,-256.19,84.25
2026-04-01T03:00:00+03:00,03:00,33256.54,1424.99,13974.2,3756.84,4407.76,3850.56,3268.38,1.04,82.19,1328.81,203.12,292.97,864.1,0,0,-283.92,85.5
2026-04-01T04:00:00+03:00,04:00,33097.97,1479.51,13942.98,3909.03,4484.62,3864.67,2818.85,1.06,81.12,1331.23,203.12,298.56,850.88,0,0,-253.82,86.16
2026-04-01T05:00:00+03:00,05:00,33706.39,1588.5,14271.38,4018.43,4524.15,4252.19,2480.5,5.32,80.48,1326.49,203.12,289.68,862.71,0,0,-281.97,85.41
2026-04-01T06:00:00+03:00,06:00,33907.05,1977.85,13997.66,4030.95,4542.34,4618.88,2132.02,88.46,80.67,1325.46,205.33,291.93,855.5,0,0,-324.62,84.62
2026-04-01T07:00:00+03:00,07:00,33435.4,2777.83,12308.51,4001.85,4384.86,4746.87,1763.87,1028.15,78.61,1325.77,203.12,296.47,854.74,0,0,-419.28,84.03
2026-04-01T08:00:00+03:00,08:00,34355.77,3448.73,10744.56,3927.93,4653.36,4901.28,1753.9,2455.49,80.92,1313.41,200.92,284.59,872.12,0,0,-364.19,82.75
2026-04-01T09:00:00+03:00,09:00,32174.6,3783.26,7830.87,3930.87,4074.37,4949.77,1948.76,3180.58,84.34,1275.82,200.92,289.38,873.13,0,0,-331.27,83.8
2026-04-01T10:00:00+03:00,10:00,30188.11,3590.56,6407.34,3735.07,3759.5,4646.62,2246.44,3302.43,85.26,1261.4,205.33,257.32,877.38,0,0,-268.05,81.51
2026-04-01T11:00:00+03:00,11:00,30678.71,3933.2,6257.09,3699.96,3561.97,4943.05,2626.13,3175.01,84.98,1259.67,203.12,258.66,867.67,0,0,-274.25,82.45
2026-04-01T12:00:00+03:00,12:00,30316.45,3765.73,6624.56,3655.13,2760.9,4950.9,3251.49,2853.33,85.57,1254.05,203.12,255.22,867.43,0,0,-292.72,81.74
2026-04-01T13:00:00+03:00,13:00,32652.08,3609.8,8196.87,3569.51,2968.26,4966.24,4022.31,2845.31,84.73,1254.19,200.92,260.24,875.64,0,0,-285.65,83.71
2026-04-01T14:00:00+03:00,14:00,35218.23,3230.58,10097.73,3779.03,3397.18,4986.83,4897.94,2349.59,93.73,1283.4,200.92,289.47,886.52,0,0,-354.54,79.85
2026-04-01T15:00:00+03:00,15:00,37247.83,3146.69,11754.54,3856.86,3701.02,5000.82,5540.32,1792.47,94.93,1279.17,203.13,282.25,882.25,0,0,-367.06,80.44
2026-04-01T16:00:00+03:00,16:00,40049.51,3090.77,13443.06,3842.92,4651.41,4988.86,6740.0,891.31,93.26,1279.51,198.72,268.97,886.5,0,0,-409.77,83.99
2026-04-01T17:00:00+03:00,17:00,42433.12,2743.46,14603.06,3942.44,5013.57,5352.93,8129.66,402.3,89.13,1268.95,198.72,252.41,879.39,0,0,-521.94,79.04
2026-04-01T18:00:00+03:00,18:00,43146.26,2069.03,15340.37,3999.41,5155.59,4987.11,9210.14,71.24,86.15,1272.38,200.92,254.11,869.76,0,0,-445.45,75.5
2026-04-01T19:00:00+03:00,19:00,44478.92,1396.2,16488.6,3976.97,5560.89,5015.07,9626.8,84.87,82.63,1271.32,209.75,254.94,872.83,0,0,-440.2,78.25
2026-04-01T20:00:00+03:00,20:00,44161.33,1376.3,16080.26,3974.66,5502.15,5223.15,9728.72,3.15,80.39,1253.65,216.38,268.35,882.85,0,0,-506.94,78.26
2026-04-01T21:00:00+03:00,21:00,42637.35,1380.51,15775.04,3876.07,5179.06,4182.9,9932.93,1.46,79.4,1256.57,207.54,258.27,878.91,0,0,-449.63,78.32
2026-04-01T22:00:00+03:00,22:00,41023.33,1365.63,15370.83,3691.1,4759.32,3793.82,9682.38,0.61,79.68,1267.46,205.33,262.8,854.61,0,0,-389.67,79.43
2026-04-01T23:00:00+03:00,23:00,39132.81,1346.13,14711.74,3602.51,3886.71,3769.86,9452.27,0.87,79.9,1279.93,214.17,269.59,832.95,0,0,-399.16,85.34
2026-04-02T00:00:00+03:00,00:00,36925.27,1358.51,13050.26,3380.94,3672.71,3591.58,9434.31,0.95,79.17,1274.68,220.79,268.45,829.73,0,0,-319.59,82.78
2026-04-02T01:00:00+03:00,01:00,35017.45,1355.09,11530.78,3375.67,3580.48,3460.26,9274.05,1.3,80.3,1264.67,216.38,276.41,836.67,0,0,-312.6,77.99
2026-04-02T02:00:00+03:00,02:00,33658.05,1347.48,10249.5,3364.87,3165.91,3421.38,9631.91,1.73,79.74,1264.52,203.13,285.65,863.23,0,0,-297.82,76.82
2026-04-02T03:00:00+03:00,03:00,32671.66,1347.87,9803.87,3353.71,2932.21,3425.9,9378.14,1.73,79.81,1257.57,203.12,286.63,864.09,0,0,-339.43,76.44
2026-04-02T04:00:00+03:00,04:00,32350.51,1341.52,9101.41,3350.6,2794.05,3429.03,9866.93,1.71,79.48,1264.82,203.12,288.15,862.43,0,0,-310.52,77.78
2026-04-02T05:00:00+03:00,05:00,32623.19,1342.08,9084.39,3296.8,2850.79,3421.63,10184.12,5.05,79.14,1261.58,203.12,277.71,848.12,0,0,-310.49,79.15
2026-04-02T06:00:00+03:00,06:00,33010.13,1348.19,9509.17,3302.49,2982.69,3468.73,9913.08,33.47,77.35,1267.59,200.92,292.98,848.96,0,0,-315.82,80.33
2026-04-02T07:00:00+03:00,07:00,34591.85,1346.17,9583.53,3367.5,3407.36,3960.69,10244.1,257.58,83.16,1271.99,200.92,289.63,861.68,0,0,-360.63,78.17
2026-04-02T08:00:00+03:00,08:00,39502.33,1371.02,11591.42,3398.07,4602.74,4791.18,10291.79,984.13,84.57,1277.92,203.12,289.58,912.61,0,0,-376.96,81.14
2026-04-02T09:00:00+03:00,09:00,40415.76,1545.76,12773.22,3354.33,4800.42,4748.54,9743.43,1084.12,80.66,1269.82,200.92,293.13,922.04,0,0,-483.28,82.65
2026-04-02T10:00:00+03:00,10:00,39704.04,1545.56,12114.78,3331.32,4790.52,4765.13,9579.52,1152.03,84.5,1259.53,203.12,290.26,906.99,0,0,-406.78,87.56
2026-04-02T11:00:00+03:00,11:00,39299.44,1543.5,11420.97,3330.73,4662.13,5010.59,9634.19,1354.63,77.4,1242.85,209.75,288.85,921.04,0,0,-482.85,85.66
2026-04-02T12:00:00+03:00,12:00,36908.97,1529.91,9946.1,3343.11,4127.59,4728.6,9653.08,1322.56,82.69,1241.7,203.12,294.52,892.56,0,0,-545.55,88.98
2026-04-02T13:00:00+03:00,13:00,36771.83,1731.85,8876.19,3367.47,4053.81,4703.55,9989.02,1708.3,81.12,1233.84,203.12,294.94,891.03,0,0,-454.76,92.35
2026-04-02T14:00:00+03:00,14:00,36879.38,2024.88,8817.11,3354.57,4220.63,4701.89,9720.59,1745.53,83.23,1226.78,203.12,304.97,887.69,0,0,-499.81,88.2
2026-04-02T15:00:00+03:00,15:00,36991.43,2053.66,9656.21,3351.1,3821.58,4432.16,9664.8,1689.51,84.24,1230.87,200.92,305.9,882.5,0,0,-465.37,83.35
2026-04-02T16:00:00+03:00,16:00,38575.51,2048.43,11072.2,3372.79,4000.31,4073.38,9887.52,1750.34,87.79,1238.69,198.72,320.34,883.23,0,0,-439.19,80.96
2026-04-02T17:00:00+03:00,17:00,40715.53,2051.59,13374.45,3398.45,4588.54,4140.48,9667.19,1172.47,85.08,1245.87,198.72,313.02,883.47,0,0,-487.38,83.58
2026-04-02T18:00:00+03:00,18:00,42568.62,2027.27,15528.01,3432.45,5211.22,4566.01,9155.21,240.85,90.68,1250.07,198.72,304.96,901.46,0,0,-424.0,85.71
2026-04-02T19:00:00+03:00,19:00,44568.5,2124.58,16433.22,3584.29,5576.49,5622.55,8723.03,70.45,92.96,1265.89,214.16,302.0,913.28,0,0,-438.78,84.38
2026-04-02T20:00:00+03:00,20:00,44524.86,2118.04,15807.86,3554.05,5754.05,6102.3,8838.02,1.22,84.6,1272.46,198.71,286.81,908.52,0,0,-486.31,84.53
2026-04-02T21:00:00+03:00,21:00,43201.27,1991.03,15568.62,3562.26,5872.78,5407.15,8381.3,30.62,82.8,1280.49,207.55,276.45,907.55,0,0,-446.02,78.69
2026-04-02T22:00:00+03:00,22:00,41461.37,2006.45,15314.31,3426.48,5637.71,4478.62,8166.4,1.39,82.48,1296.85,207.54,290.79,910.01,0,0,-436.81,79.15
2026-04-02T23:00:00+03:00,23:00,39420.8,1922.55,14707.58,3424.02,4932.67,4080.49,8020.04,1.25,82.39,1298.47,216.38,278.79,860.25,0,0,-483.17,79.09
2026-04-03T00:00:00+03:00,00:00,37434.2,1489.69,14007.95,3462.08,4054.29,3743.95,8305.8,1.23,80.93,1310.89,205.34,277.39,837.34,0,0,-421.4,78.72
2026-04-03T01:00:00+03:00,01:00,35453.3,1346.38,12380.88,3476.3,3699.49,3501.69,8535.67,1.24,80.75,1310.47,211.96,350.6,838.79,0,0,-354.14,73.22
2026-04-03T02:00:00+03:00,02:00,33930.51,1339.31,11151.36,3525.19,3280.63,3301.74,8696.44,0.68,80.7,1309.04,203.13,422.17,828.49,0,0,-285.42,77.05
2026-04-03T03:00:00+03:00,03:00,32863.79,1347.73,10692.86,3547.99,2817.02,3259.39,8563.27,0.15,80.41,1315.6,200.92,428.21,802.07,0,0,-266.03,74.2
2026-04-03T04:00:00+03:00,04:00,32664.11,1354.94,10940.03,3568.51,2751.24,3283.71,8072.36,0.01,80.42,1314.05,203.12,426.15,834.77,0,0,-241.33,76.13
2026-04-03T05:00:00+03:00,05:00,33110.29,1317.17,11107.16,3598.7,2865.31,3280.74,8254.81,2.15,80.35,1319.98,203.13,419.09,842.16,0,0,-262.22,81.76
2026-04-03T06:00:00+03:00,06:00,33356.9,1347.56,11632.29,3600.36,2956.19,3282.56,7863.67,44.08,79.01,1327.08,196.51,421.26,841.07,0,0,-319.23,84.49
2026-04-03T07:00:00+03:00,07:00,34222.91,1371.88,12252.4,3587.33,2902.29,3198.91,7738.6,506.61,74.5,1298.12,209.75,425.36,837.67,0,0,-265.71,85.2
2026-04-03T08:00:00+03:00,08:00,38245.2,1487.49,12642.51,3613.78,4403.99,3918.1,8206.36,1248.29,81.27,1320.5,214.16,416.35,847.1,0,0,-235.16,80.46
2026-04-03T09:00:00+03:00,09:00,38308.89,1537.51,11283.67,3563.15,4367.93,5040.83,8339.4,1480.21,82.26,1305.25,209.75,420.28,857.12,0,0,-259.92,81.45
2026-04-03T10:00:00+03:00,10:00,36509.04,1532.23,10270.33,3517.34,4022.02,4730.36,8129.24,1581.82,97.1,1289.29,203.12,423.24,844.58,0,0,-216.44,84.81
2026-04-03T11:00:00+03:00,11:00,37032.76,1532.5,11176.3,3503.97,3517.6,4777.82,8037.77,1605.76,95.55,1281.34,207.55,414.72,844.94,0,0,-43.78,80.72
2026-04-03T12:00:00+03:00,12:00,34575.89,1493.38,10127.33,3347.01,3216.19,4680.18,7592.76,1447.9,87.45,1276.35,203.12,420.46,854.54,0,0,-255.26,84.48
2026-04-03T13:00:00+03:00,13:00,33304.71,1519.69,9486.44,3398.27,3119.43,4396.85,7401.33,1264.87,84.44,1269.16,205.33,414.93,863.73,0,0,-204.65,84.89
2026-04-03T14:00:00+03:00,14:00,35758.48,1580.81,11219.35,3419.15,3473.36,4474.62,7521.9,1391.66,88.7,1262.92,203.12,418.16,851.21,0,0,-229.71,83.23
2026-04-03T15:00:00+03:00,15:00,36844.77,1631.26,12397.18,3445.35,3679.39,4616.2,7407.82,1065.92,85.88,1261.34,205.34,409.7,834.59,0,0,-277.17,81.97
2026-04-03T16:00:00+03:00,16:00,38995.32,1834.95,13644.88,3435.24,4642.07,4647.33,7397.7,833.63,88.75,1242.6,203.12,421.11,827.28,0,0,-304.66,81.32
2026-04-03T17:00:00+03:00,17:00,41357.43,2031.83,14826.54,3548.22,5641.61,4693.97,7475.97,602.29,80.26,1247.24,200.92,421.42,821.79,0,0,-316.68,82.05
2026-04-03T18:00:00+03:00,18:00,42553.38,1985.59,16336.73,3693.21,5938.24,4911.94,6956.13,178.88,84.17,1265.07,209.75,436.15,844.98,0,0,-369.27,81.81
2026-04-03T19:00:00+03:00,19:00,44323.61,2042.74,16797.89,3824.03,6318.42,6080.25,6552.67,113.78,92.28,1283.48,216.37,439.35,848.89,0,0,-369.21,82.67
2026-04-03T20:00:00+03:00,20:00,44071.58,2153.3,16308.24,3904.55,6367.09,6398.98,6362.57,0.86,92.0,1295.69,218.58,453.76,859.2,0,0,-428.25,85.01
2026-04-03T21:00:00+03:00,21:00,42463.63,1641.03,15595.74,3879.96,6324.71,6170.48,6217.94,0.15,91.41,1305.04,223.0,449.43,865.04,0,0,-384.11,83.81
2026-04-03T22:00:00+03:00,22:00,40763.92,1518.71,15531.88,3756.85,6147.68,5738.02,5482.43,0.66,83.65,1303.9,220.79,386.59,876.19,0,0,-366.16,82.73
2026-04-03T23:00:00+03:00,23:00,39186.62,1494.71,15527.24,3743.78,5948.95,4787.86,5098.21,0.95,82.94,1277.77,216.37,439.03,853.53,0,0,-370.37,85.65
2026-04-04T00:00:00+03:00,00:00,37365.74,1223.36,14664.27,3693.06,5780.41,4285.4,5028.61,0.92,81.81,1305.04,220.79,437.08,880.64,0,0,-316.9,81.25
2026-04-04T01:00:00+03:00,01:00,35573.3,1178.48,14284.77,3641.88,5670.11,3227.52,4913.55,1.17,81.46,1313.71,218.58,431.69,871.33,0,0,-346.59,85.64
2026-04-04T02:00:00+03:00,02:00,34028.2,1178.91,13649.26,3640.75,5584.13,2987.04,4370.0,1.16,80.39,1306.31,216.38,430.18,859.17,0,0,-357.59,82.11
2026-04-04T03:00:00+03:00,03:00,33016.62,1179.67,13304.64,3525.58,5533.41,2968.27,3869.07,1.15,80.56,1308.98,216.38,427.18,838.09,0,0,-321.66,85.3
2026-04-04T04:00:00+03:00,04:00,32563.03,1171.28,13227.7,3503.61,5539.51,3036.23,3490.65,1.18,80.92,1264.88,218.59,423.53,849.68,0,0,-327.53,82.8
2026-04-04T05:00:00+03:00,05:00,32860.62,1249.36,13214.6,3481.64,5701.65,3442.6,3135.93,4.75,81.15,1273.55,218.58,430.83,860.09,0,0,-317.8,83.69
2026-04-04T06:00:00+03:00,06:00,31999.8,1571.79,12510.81,3478.42,5551.12,3245.61,2957.85,110.94,80.12,1273.54,216.37,441.65,862.25,0,0,-381.46,80.79
2026-04-04T07:00:00+03:00,07:00,30354.07,2183.68,11037.19,3518.66,4277.87,3108.47,2659.71,1022.53,85.18,1276.75,205.33,431.66,869.69,0,0,-403.48,80.83
2026-04-04T08:00:00+03:00,08:00,31190.5,2414.13,10997.26,3527.28,3784.94,3102.43,2409.76,2332.45,83.86,1272.9,200.92,420.44,882.79,0,0,-319.12,80.46
2026-04-04T09:00:00+03:00,09:00,30827.41,3070.83,10501.75,3488.4,3444.58,3075.48,2029.62,2635.62,79.82,1270.51,203.12,436.31,888.57,0,0,-379.77,82.57
2026-04-04T10:00:00+03:00,10:00,30129.32,3206.83,9568.7,3494.58,3342.24,3250.36,1859.24,2754.48,81.12,1262.71,205.33,433.6,878.3,0,0,-291.67,83.5
2026-04-04T11:00:00+03:00,11:00,30411.41,3338.33,9101.37,3477.43,3115.47,4041.47,1855.7,2798.48,79.34,1246.52,203.12,437.6,880.63,0,0,-251.19,87.14
2026-04-04T12:00:00+03:00,12:00,29226.21,2924.68,8418.8,3475.16,2918.27,4084.82,1958.12,2734.56,86.03,1246.0,198.72,437.88,883.71,0,0,-227.44,86.9
2026-04-04T13:00:00+03:00,13:00,29886.65,2543.14,8927.23,3466.2,3150.07,3860.04,2381.47,2640.61,89.41,1239.34,200.92,431.1,876.09,0,0,-5.32,86.35
2026-04-04T14:00:00+03:00,14:00,30683.37,2533.85,9582.43,3446.92,3363.47,3766.73,2614.68,2481.86,90.09,1231.47,203.12,437.51,878.22,0,0,-32.89,85.91
2026-04-04T15:00:00+03:00,15:00,31524.86,2572.44,10209.16,3485.62,3807.54,3799.5,2840.36,1976.09,87.7,1240.97,203.12,439.15,867.16,0,0,-90.6,86.65
2026-04-04T16:00:00+03:00,16:00,33759.11,2585.49,10724.63,3455.68,5073.71,3915.72,3102.01,1735.03,81.35,1263.16,198.72,432.52,894.61,0,0,209.25,87.23
2026-04-04T17:00:00+03:00,17:00,36903.66,2677.23,12886.5,3548.76,5737.02,4508.72,3345.7,1191.0,92.3,1275.86,198.72,427.76,902.07,0,0,20.95,91.07
2026-04-04T18:00:00+03:00,18:00,40003.05,3310.48,15786.37,3706.47,6036.0,5060.79,3384.46,163.28,93.07,1283.48,203.12,449.91,915.7,0,0,-477.23,87.15
2026-04-04T19:00:00+03:00,19:00,42498.15,3809.02,17387.08,3719.64,6245.48,5600.33,3197.9,25.2,94.25,1292.73,207.55,422.66,913.11,0,0,-504.76,87.96
2026-04-04T20:00:00+03:00,20:00,42395.82,3652.68,16742.05,3723.42,6349.38,6272.31,3108.06,52.28,94.49,1299.58,218.58,436.49,915.37,0,0,-556.86,87.99
2026-04-04T21:00:00+03:00,21:00,40975.59,2987.47,16426.99,3786.6,6250.27,5968.99,2987.18,1.31,93.47,1309.33,220.79,435.15,920.24,0,0,-503.5,91.3
2026-04-04T22:00:00+03:00,22:00,39512.59,2260.44,16328.38,3769.88,5979.26,5672.47,2908.65,23.66,82.48,1291.21,220.79,433.35,914.73,0,0,-458.48,85.77
2026-04-04T23:00:00+03:00,23:00,37741.84,1552.4,16119.25,3737.03,5856.38,4987.17,2906.99,1.32,81.67,1292.53,218.58,428.88,920.47,0,0,-446.22,85.39
2026-04-05T00:00:00+03:00,00:00,35753.38,1146.95,15259.18,3635.61,5955.92,4068.11,3064.8,1.33,81.83,1311.01,220.79,423.4,914.09,0,0,-413.68,84.04
2026-04-05T01:00:00+03:00,01:00,33943.12,1145.05,13886.0,3640.32,6042.45,3658.12,3023.02,1.83,82.38,1320.62,216.37,419.06,902.2,0,0,-482.93,88.63
2026-04-05T02:00:00+03:00,02:00,32389.09,1146.24,12895.12,3629.18,5515.52,3459.9,3148.01,1.32,81.98,1300.45,218.58,426.22,878.58,0,0,-400.13,88.12
2026-04-05T03:00:00+03:00,03:00,31297.8,1143.36,12474.54,3648.24,4916.58,2984.76,3441.72,1.81,82.65,1327.08,216.38,428.83,876.47,0,0,-336.27,91.65
2026-04-05T04:00:00+03:00,04:00,30836.13,1138.16,11896.0,3741.98,4813.76,2958.26,3635.41,1.33,83.04,1325.0,218.58,417.8,879.02,0,0,-360.37,88.16
2026-04-05T05:00:00+03:00,05:00,30755.34,1125.61,11535.81,3723.01,4663.85,2938.51,4119.3,5.01,81.58,1327.41,216.38,430.03,879.11,0,0,-377.4,87.13
2026-04-05T06:00:00+03:00,06:00,29520.18,1129.39,10824.42,3761.12,3857.01,3039.28,4223.45,98.81,82.09,1323.02,218.58,429.02,871.09,0,0,-426.51,89.41
2026-04-05T07:00:00+03:00,07:00,26549.64,1120.44,9679.1,3721.66,2462.84,2944.38,3512.82,458.27,87.99,1326.09,203.12,430.56,861.61,0,0,-347.06,87.82
2026-04-05T08:00:00+03:00,08:00,24056.69,1113.91,7813.02,3700.74,1708.97,2919.85,3187.93,1016.91,92.73,1319.75,203.12,422.29,854.58,0,0,-385.95,88.84
2026-04-05T09:00:00+03:00,09:00,22169.41,1114.44,5717.94,3715.48,1608.5,2861.33,3127.65,1400.42,81.75,1304.11,200.92,333.05,872.92,0,0,-257.21,88.11
2026-04-05T10:00:00+03:00,10:00,21608.87,1104.58,4858.06,3667.5,1489.6,2909.95,3156.07,1586.44,93.18,1286.84,203.12,312.91,884.44,0,0,-30.29,86.47
2026-04-05T11:00:00+03:00,11:00,22079.69,1106.32,4438.14,3695.25,1429.4,2994.58,3138.72,1920.88,91.97,1271.21,200.92,419.29,879.85,0,0,406.88,86.28
2026-04-05T12:00:00+03:00,12:00,22395.05,1099.68,4391.02,3672.28,1479.95,2984.01,3220.96,2095.12,88.31,1255.18,200.92,442.34,894.27,0,0,482.48,88.53
2026-04-05T13:00:00+03:00,13:00,23110.72,1102.04,4790.72,3651.26,1556.17,3004.02,3573.28,2019.81,87.18,1240.77,200.92,431.12,881.62,0,0,490.84,80.97
2026-04-05T14:00:00+03:00,14:00,23859.17,1097.08,5379.0,3661.06,1631.39,3001.13,3909.21,1695.58,91.77,1248.7,200.92,432.05,897.04,0,0,536.39,77.85
2026-04-05T15:00:00+03:00,15:00,24985.83,1103.49,6995.55,3686.18,1649.49,2936.41,4004.1,1225.33,77.43,1235.9,203.12,431.62,888.85,0,0,470.38,77.98
2026-04-05T16:00:00+03:00,16:00,27143.78,1094.88,9313.71,3684.99,1756.48,2966.27,4107.5,835.73,92.07,1228.47,203.12,434.42,892.33,0,0,457.93,75.88
2026-04-05T17:00:00+03:00,17:00,31028.03,1107.91,11875.62,3700.7,2741.97,2974.37,5069.8,388.73,84.81,1232.85,198.72,414.75,882.4,0,0,278.06,77.34
2026-04-05T18:00:00+03:00,18:00,34962.18,1129.57,13109.58,3760.1,5284.59,2946.67,5645.45,123.52,88.12,1253.57,203.12,423.92,890.08,0,0,25.08,78.81
2026-04-05T19:00:00+03:00,19:00,38383.83,1169.71,15403.21,3874.11,6119.55,3744.76,5624.09,6.52,81.52,1266.75,209.75,435.56,900.91,0,0,-530.61,78.0
2026-04-05T20:00:00+03:00,20:00,39244.83,1248.96,14676.7,3959.7,6147.52,5049.91,5658.14,108.32,81.74,1281.84,216.37,438.14,913.05,0,0,-618.41,82.85
2026-04-05T21:00:00+03:00,21:00,38210.54,1147.71,15157.18,3947.13,5980.62,3813.57,5678.73,1.77,81.6,1296.23,220.79,437.1,906.4,0,0,-543.11,84.82
2026-04-05T22:00:00+03:00,22:00,36784.98,1138.04,15106.3,3979.22,5829.52,3024.68,5208.59,1.51,81.64,1301.32,220.79,424.21,903.96,0,0,-522.54,87.74
2026-04-05T23:00:00+03:00,23:00,35235.06,1113.7,14679.85,3963.38,5325.4,2947.24,4740.48,1.5,82.61,1288.24,218.58,433.46,874.03,0,0,-519.09,85.68
2026-04-06T00:00:00+03:00,00:00,33624.44,1146.73,14001.66,3973.99,4456.39,2954.18,4533.29,1.51,82.31,1311.5,218.58,441.18,883.57,0,0,-471.23,90.78
2026-04-06T01:00:00+03:00,01:00,31595.94,1141.8,12424.54,3977.38,4152.6,2929.47,4290.11,1.52,81.69,1303.31,214.17,434.24,882.54,0,0,-323.99,86.56
2026-04-06T02:00:00+03:00,02:00,30275.6,1174.17,11494.86,3969.01,3976.39,2936.72,4015.26,1.52,81.77,1307.29,207.54,422.32,885.0,0,0,-282.91,86.66
2026-04-06T03:00:00+03:00,03:00,29675.2,1207.99,11119.87,3984.12,3868.36,2935.43,3832.4,1.52,81.27,1308.81,203.13,417.72,890.65,0,0,-262.2,86.13
2026-04-06T04:00:00+03:00,04:00,29557.77,1274.21,11117.12,3990.58,3887.17,2932.47,3593.37,1.3,81.61,1315.24,200.92,421.77,889.39,0,0,-233.51,86.13
2026-04-06T05:00:00+03:00,05:00,30054.19,1407.27,11199.95,4020.73,4329.89,2936.39,3451.17,3.43,79.83,1321.34,200.92,422.27,883.53,0,0,-293.51,90.98
2026-04-06T06:00:00+03:00,06:00,30289.89,1684.7,11366.61,4072.22,4222.47,2942.2,3199.42,112.68,80.71,1322.28,198.72,428.35,878.17,0,0,-304.83,86.19
2026-04-06T07:00:00+03:00,07:00,30337.02,2722.76,10382.46,4078.05,3869.06,2968.75,2861.87,770.25,83.47,1321.0,200.92,434.17,892.59,0,0,-335.01,86.68
2026-04-06T08:00:00+03:00,08:00,31931.62,4217.52,9440.29,4126.06,4065.41,3040.21,2467.34,1897.78,84.77,1304.91,205.33,430.97,894.16,0,0,-327.35,84.22
2026-04-06T09:00:00+03:00,09:00,30108.34,4145.73,8358.82,4148.28,3529.7,3062.52,1891.8,2074.34,87.8,1280.98,196.51,429.79,892.62,0,0,-72.14,81.59
2026-04-06T10:00:00+03:00,10:00,27955.58,3740.73,7869.16,4147.92,2357.0,3082.37,1276.53,2262.04,89.82,1262.86,205.34,418.58,898.0,0,0,259.9,85.33
2026-04-06T11:00:00+03:00,11:00,27480.04,3723.58,8358.11,3867.49,1944.65,3039.18,1028.3,2119.74,85.74,1235.7,200.92,409.66,908.12,0,0,473.96,84.89
2026-04-06T12:00:00+03:00,12:00,26081.65,3674.02,7294.99,3836.06,1802.02,2889.49,967.82,2385.38,92.13,1203.66,203.13,402.32,909.3,0,0,340.36,80.97
2026-04-06T13:00:00+03:00,13:00,27772.72,3728.83,8701.87,3869.3,1823.85,3073.3,1033.55,2247.29,88.05,1173.77,205.33,417.08,888.59,0,0,438.82,83.09
2026-04-06T14:00:00+03:00,14:00,30060.34,3901.0,10365.54,3900.85,2190.56,3120.27,1280.19,1966.29,87.13,1173.53,205.33,421.39,908.65,0,0,458.91,80.7
2026-04-06T15:00:00+03:00,15:00,31606.84,3756.56,11495.88,3959.17,2526.04,3115.94,1379.51,2066.02,83.33,1180.12,205.33,422.16,912.77,0,0,424.14,79.87
2026-04-06T16:00:00+03:00,16:00,34209.6,3814.11,11992.46,3978.62,4281.34,3225.06,1761.08,1973.2,83.26,1186.19,207.54,412.68,911.97,0,0,292.59,89.5
2026-04-06T17:00:00+03:00,17:00,37095.33,3977.1,13095.72,4098.09,5353.76,4253.2,1751.42,1376.89,90.65,1206.92,200.92,420.26,939.08,0,0,241.44,89.88
2026-04-06T18:00:00+03:00,18:00,39678.41,4313.5,15254.5,4220.68,5749.06,5098.22,1735.25,340.37,95.47,1212.73,200.92,423.75,937.65,0,0,9.63,86.68
2026-04-06T19:00:00+03:00,19:00,42372.11,5397.38,16736.87,4294.7,5933.74,5840.62,1493.63,6.9,93.33,1233.09,203.12,428.0,939.08,0,0,-318.66,90.31
2026-04-06T20:00:00+03:00,20:00,43014.8,5560.21,16321.4,4324.6,6103.81,6710.29,1353.86,79.86,95.68,1251.62,220.79,431.49,938.86,0,0,-466.46,88.79
2026-04-06T21:00:00+03:00,21:00,41864.34,4812.89,16277.26,4311.17,5950.88,6629.72,1294.76,0.66,95.85,1265.01,218.58,438.89,935.49,0,0,-453.45,86.63
2026-04-06T22:00:00+03:00,22:00,40299.15,3661.08,16561.63,4297.2,5748.67,6021.91,1336.43,0.66,87.39,1283.05,220.79,448.98,929.48,0,0,-386.43,88.31
2026-04-06T23:00:00+03:00,23:00,38292.49,2532.46,16134.0,4250.5,5553.96,5703.28,1460.76,0.66,86.3,1294.8,218.58,443.47,892.61,0,0,-364.95,86.06
2026-04-07T00:00:00+03:00,00:00,36459.41,1621.08,16554.81,4051.18,5427.16,4303.12,1496.3,0.65,81.8,1303.81,205.34,505.02,922.49,0,0,-100.84,87.49
2026-04-07T01:00:00+03:00,01:00,34819.68,1492.59,15515.84,4040.02,5451.48,3913.44,1522.42,0.65,82.36,1318.82,209.75,538.9,911.6,0,0,-267.75,89.56
2026-04-07T02:00:00+03:00,02:00,33492.61,1490.48,14515.98,3997.94,5432.74,3771.25,1424.48,0.66,81.19,1329.62,211.96,543.38,912.65,0,0,-303.7,83.98
2026-04-07T03:00:00+03:00,03:00,32775.05,1507.71,14065.25,3958.8,5415.28,3480.61,1402.0,0.65,81.69,1337.08,214.17,545.86,914.96,0,0,-229.11,80.1
2026-04-07T04:00:00+03:00,04:00,32491.61,1496.46,13697.95,3961.03,5498.14,3287.27,1627.28,0.69,81.1,1340.61,211.96,557.18,919.44,0,0,-270.14,82.64
2026-04-07T05:00:00+03:00,05:00,32906.94,1490.79,13649.13,3989.36,5519.16,3638.83,1670.55,5.65,81.93,1337.74,214.17,547.76,927.09,0,0,-250.89,85.67
2026-04-07T06:00:00+03:00,06:00,32888.43,1733.3,13497.52,3987.35,5320.68,3662.15,1675.56,118.21,80.9,1339.27,216.38,554.71,929.42,0,0,-312.65,85.63
2026-04-07T07:00:00+03:00,07:00,32229.58,2497.12,12160.27,3981.32,5009.93,3266.17,1656.25,861.41,78.73,1335.66,196.5,544.99,908.55,0,0,-347.75,80.43
2026-04-07T08:00:00+03:00,08:00,33287.06,3562.57,11152.54,3975.83,4804.57,3431.9,1398.35,2130.61,81.02,1323.37,192.09,543.97,894.03,0,0,-284.47,80.68
2026-04-07T09:00:00+03:00,09:00,30979.33,3708.68,9360.92,3964.56,3266.95,4386.63,1078.74,2471.96,82.77,1295.57,189.88,539.22,884.5,0,0,-333.95,82.9
2026-04-07T10:00:00+03:00,10:00,28826.83,2952.43,8630.27,3886.7,2213.87,4664.74,966.53,2568.13,84.95,1271.73,194.3,542.31,894.04,0,0,-123.78,80.61
2026-04-07T11:00:00+03:00,11:00,28630.17,2659.24,8504.9,3801.37,2171.56,4682.07,1131.32,2640.11,84.25,1243.71,198.71,549.86,908.02,0,0,-22.45,77.5
2026-04-07T12:00:00+03:00,12:00,27039.46,2568.83,7790.69,3799.69,1775.92,4636.44,1101.65,2388.3,83.55,1222.75,196.5,553.94,917.37,0,0,-72.51,76.34
2026-04-07T13:00:00+03:00,13:00,27681.53,2561.02,8541.44,3889.59,1811.18,4347.88,1415.85,2108.39,84.15,1180.05,198.72,553.63,924.27,0,0,-15.94,81.3
2026-04-07T14:00:00+03:00,14:00,28943.77,2639.53,9385.25,3905.41,1966.91,4016.14,1703.81,2237.81,83.36,1180.8,196.51,567.63,922.52,0,0,58.76,79.33
2026-04-07T15:00:00+03:00,15:00,29871.9,2804.73,10214.26,3915.53,1851.72,4020.56,1910.28,2087.68,78.94,1175.44,196.51,558.66,905.93,0,0,73.04,78.62
2026-04-07T16:00:00+03:00,16:00,32831.8,2849.74,11797.88,3922.03,2351.62,4075.83,2549.19,2067.44,82.94,1170.01,196.51,571.93,902.2,0,0,216.71,77.77
2026-04-07T17:00:00+03:00,17:00,36924.07,3103.39,13041.03,3938.32,4510.43,4541.11,3346.14,1189.26,87.5,1174.67,198.71,563.51,901.93,0,0,250.34,77.73
2026-04-07T18:00:00+03:00,18:00,40424.04,4212.63,14960.65,4160.01,5634.43,4922.1,3401.5,406.97,85.48,1193.97,194.3,564.51,935.39,0,0,-327.01,79.11
2026-04-07T19:00:00+03:00,19:00,42998.34,4575.75,16320.15,4267.21,5817.96,5197.51,3748.75,61.93,93.16,1218.64,205.34,574.85,931.1,0,0,-95.25,81.24
2026-04-07T20:00:00+03:00,20:00,43207.7,4408.59,16117.7,4286.17,5814.51,5562.56,4331.67,46.1,92.37,1236.28,216.38,574.74,925.94,0,0,-486.08,80.77
2026-04-07T21:00:00+03:00,21:00,41791.39,3953.52,15891.81,4157.98,5736.62,5107.74,4191.89,1.78,91.11,1254.72,214.17,573.51,941.01,0,0,-402.95,78.48
2026-04-07T22:00:00+03:00,22:00,40018.41,3464.96,15396.66,4057.15,5398.56,4784.18,4152.63,1.08,81.03,1265.81,207.55,564.53,949.19,0,0,-380.48,75.56
2026-04-07T23:00:00+03:00,23:00,38030.59,2265.46,15135.21,3800.49,5190.4,4813.19,4093.79,0.95,81.38,1282.35,200.92,564.52,902.17,0,0,-377.49,77.25
2026-04-08T00:00:00+03:00,00:00,36004.74,1537.64,14520.65,3846.99,5401.35,3512.94,4392.03,0.01,80.46,1295.53,205.33,559.16,875.94,0,0,-297.14,73.85
2026-04-08T01:00:00+03:00,01:00,34251.16,1460.85,14079.52,3807.29,4779.73,3010.56,4290.83,0.54,81.1,1303.66,203.13,569.21,859.67,0,0,-268.49,73.56
2026-04-08T02:00:00+03:00,02:00,33107.92,1448.06,12881.74,3824.39,4507.41,2967.56,4652.01,0.64,79.93,1312.07,216.38,566.82,865.12,0,0,-286.92,72.71
2026-04-08T03:00:00+03:00,03:00,32176.6,1440.06,12520.97,3802.35,3953.34,2964.81,4655.27,0.65,80.26,1316.96,207.54,575.06,858.96,0,0,-273.31,73.68
2026-04-08T04:00:00+03:00,04:00,31968.9,1445.03,11993.39,3941.65,3883.44,2918.13,4944.38,0.65,80.75,1322.78,203.13,561.29,859.89,0,0,-260.04,74.43
2026-04-08T05:00:00+03:00,05:00,32353.83,1457.98,12349.11,3895.7,4020.38,2968.96,4808.6,6.34,80.44,1324.78,203.12,557.21,856.07,0,0,-251.62,76.76
2026-04-08T06:00:00+03:00,06:00,32259.85,1491.62,12489.7,3924.41,3901.2,2978.1,4630.78,108.39,79.34,1324.43,205.33,561.08,842.28,0,0,-353.46,76.65
2026-04-08T07:00:00+03:00,07:00,32742.14,2033.88,12112.03,3927.54,3825.51,3022.5,4328.33,693.45,85.58,1323.53,200.92,563.58,859.87,0,0,-314.55,79.97
2026-04-08T08:00:00+03:00,08:00,36037.81,2858.23,12234.72,3904.39,4882.78,3161.95,4385.6,1772.13,90.69,1305.24,203.12,577.9,861.4,0,0,-270.74,70.4
2026-04-08T09:00:00+03:00,09:00,36034.45,3052.39,11143.65,3880.47,4241.88,4277.0,4669.27,1948.43,91.43,1278.6,203.13,565.52,850.2,0,0,-236.72,69.2
2026-04-08T10:00:00+03:00,10:00,34948.04,3031.19,9856.05,3879.13,3595.36,4670.9,4825.18,2196.44,90.0,1255.92,203.12,574.16,848.8,0,0,-146.37,68.16
2026-04-08T11:00:00+03:00,11:00,34952.0,2989.37,9975.28,3887.53,3206.76,4322.77,5220.54,2410.26,90.6,1228.21,203.12,576.53,834.08,0,0,-61.49,68.44
2026-04-08T12:00:00+03:00,12:00,33592.09,2645.51,9955.31,3883.57,2571.64,3719.92,5511.01,2219.26,91.1,1210.35,203.12,557.34,808.82,0,0,142.55,72.59
2026-04-08T13:00:00+03:00,13:00,34327.14,2650.98,9796.97,3902.15,2701.03,3692.18,6258.39,2083.11,86.71,1194.84,205.33,562.97,825.72,0,0,294.92,71.84
2026-04-08T14:00:00+03:00,14:00,36519.13,2570.67,10963.1,3883.97,3122.49,3693.61,6839.87,2129.81,85.84,1195.8,211.96,558.43,811.96,0,0,368.58,83.04
2026-04-08T15:00:00+03:00,15:00,37195.38,2570.42,12396.61,3863.46,3103.73,3677.66,7016.99,1311.78,80.33,1186.18,205.33,561.91,824.55,0,0,311.69,84.74
2026-04-08T16:00:00+03:00,16:00,38899.73,2668.51,14369.43,3802.79,3483.81,3716.21,6956.51,806.33,80.82,1195.84,203.12,555.66,847.08,0,0,129.73,83.89
2026-04-08T17:00:00+03:00,17:00,40832.98,2899.99,13700.92,3788.63,5113.16,4321.7,7480.37,610.81,85.55,1212.33,203.12,562.6,849.55,0,0,-81.44,85.69
2026-04-08T18:00:00+03:00,18:00,41530.95,2808.31,15251.81,3802.41,5279.78,4162.59,7488.23,137.59,80.91,1232.74,203.12,558.85,856.88,0,0,-417.54,85.27
2026-04-08T19:00:00+03:00,19:00,43403.78,2571.76,16178.08,3925.35,5540.28,4896.62,7694.27,9.48,75.9,1247.23,207.54,566.66,871.75,0,0,-464.27,83.13
2026-04-08T20:00:00+03:00,20:00,43837.11,2486.52,16610.94,3980.85,5617.3,4985.82,7560.13,0.62,78.7,1261.15,203.13,560.34,856.52,0,0,-451.86,86.95
2026-04-08T21:00:00+03:00,21:00,42535.8,2495.66,16054.38,4037.59,5556.97,4708.07,7030.02,16.39,79.75,1274.8,200.92,565.24,859.17,0,0,-429.66,86.5
2026-04-08T22:00:00+03:00,22:00,40454.23,2547.32,16081.53,4017.96,5283.01,3647.05,6227.61,0.63,83.76,1288.56,205.33,564.75,858.14,0,0,-436.11,84.69
2026-04-08T23:00:00+03:00,23:00,38223.31,2332.64,15251.53,4013.13,5160.86,3211.51,5608.87,0.76,83.91,1287.0,200.92,564.47,826.18,0,0,-395.92,77.45
2026-04-09T00:00:00+03:00,00:00,36161.37,1969.26,14534.21,3960.17,4834.0,3116.74,5042.6,0.86,84.96,1284.69,203.12,563.32,832.86,0,0,-344.7,79.28
2026-04-09T01:00:00+03:00,01:00,34574.91,1859.7,13587.63,3945.03,5099.09,3110.89,4228.06,0.85,84.12,1296.34,198.72,556.16,840.06,0,0,-312.82,81.08
2026-04-09T02:00:00+03:00,02:00,33545.65,1525.66,13283.43,3916.32,5125.77,3136.66,3780.92,0.85,83.97,1302.34,203.12,551.99,842.94,0,0,-289.48,81.16
2026-04-09T03:00:00+03:00,03:00,32947.55,1505.5,13168.79,3929.49,5163.8,3141.21,3230.85,0.84,85.02,1311.06,200.92,553.14,841.92,0,0,-266.94,81.95
2026-04-09T04:00:00+03:00,04:00,32809.1,1508.13,13221.11,3921.0,5298.58,3156.63,2864.83,0.96,82.18,1310.47,205.33,566.1,861.02,0,0,-269.42,82.18
2026-04-09T05:00:00+03:00,05:00,33351.2,1501.29,12956.07,3945.51,5500.68,4041.5,2560.56,52.91,83.32,1308.1,214.17,561.89,864.58,0,0,-318.12,78.74
2026-04-09T06:00:00+03:00,06:00,33335.15,1639.74,12335.53,3955.29,5486.18,4869.8,2211.72,142.88,81.17,1306.1,214.17,554.58,876.03,0,0,-419.39,81.35
2026-04-09T07:00:00+03:00,07:00,33318.85,2539.56,11939.56,3934.94,5380.04,3936.87,1867.71,933.78,86.15,1313.16,220.8,562.27,885.58,0,0,-362.94,81.37
2026-04-09T08:00:00+03:00,08:00,35285.66,3988.13,11843.24,3961.63,5164.17,4204.15,1446.92,1953.81,84.39,1306.0,207.55,561.75,887.05,0,0,-401.53,78.4
2026-04-09T09:00:00+03:00,09:00,33996.74,4239.2,10616.0,3938.22,4673.3,4186.72,1149.61,2498.41,87.04,1297.75,200.92,543.85,871.51,0,0,-388.2,82.41
2026-04-09T10:00:00+03:00,10:00,32488.06,4261.53,9377.82,3944.92,3891.31,4103.55,1226.07,2898.79,84.96,1287.08,205.33,569.43,874.83,0,0,-320.91,83.35
2026-04-09T11:00:00+03:00,11:00,32249.52,4358.94,8197.03,4047.56,3677.81,4584.18,1415.53,2887.07,90.52,1276.53,203.13,562.04,871.89,0,0,-3.97,81.26
2026-04-09T12:00:00+03:00,12:00,31224.39,4268.58,8073.82,4111.2,3307.63,4267.46,1295.12,2871.69,89.08,1269.64,205.33,560.59,863.96,0,0,-42.16,82.45
2026-04-09T13:00:00+03:00,13:00,32643.23,4258.5,9147.87,4133.97,3568.2,4075.96,1645.48,2658.68,87.94,1259.99,207.54,576.81,870.75,0,0,69.63,81.91
2026-04-09T14:00:00+03:00,14:00,34850.93,4320.29,10048.05,4265.13,4549.53,4556.48,1792.05,2150.71,90.1,1251.01,205.33,571.77,880.87,0,0,89.68,79.93
2026-04-09T15:00:00+03:00,15:00,36362.59,4259.63,11753.53,4079.34,4553.33,4981.43,1741.38,1768.74,92.99,1246.03,205.33,578.88,880.25,0,0,147.45,74.28
2026-04-09T16:00:00+03:00,16:00,38989.47,4692.69,13950.08,4226.19,4860.25,5158.27,1755.34,1107.54,95.88,1244.69,207.54,590.7,878.45,0,0,145.29,76.56
2026-04-09T17:00:00+03:00,17:00,41168.54,5386.86,15793.18,4262.79,5227.61,5332.51,1685.55,649.17,92.67,1249.81,203.13,578.29,886.18,0,0,-258.87,79.66
2026-04-09T18:00:00+03:00,18:00,42683.32,6160.26,16505.75,4228.95,5740.48,5568.66,1760.18,130.38,96.91,1254.48,214.16,589.81,862.53,0,0,-511.6,82.37
2026-04-09T19:00:00+03:00,19:00,44590.2,6660.25,16713.39,4111.05,6033.79,6258.67,2030.3,94.07,110.37,1271.26,218.58,601.19,889.84,0,0,-484.06,81.5
2026-04-09T20:00:00+03:00,20:00,45017.36,6857.19,16910.19,4144.02,6050.88,6238.66,2081.7,1.64,110.89,1286.66,218.58,591.4,883.12,0,0,-443.86,86.29
2026-04-09T21:00:00+03:00,21:00,43616.18,6686.93,16143.13,4080.43,5963.02,6124.0,1873.31,1.5,109.72,1282.89,222.81,615.91,886.86,0,0,-460.19,85.86
2026-04-09T22:00:00+03:00,22:00,41684.72,6068.24,15387.49,4091.23,5602.88,6010.98,1778.14,1.51,98.3,1314.9,218.58,593.88,873.7,0,0,-435.36,80.25
2026-04-09T23:00:00+03:00,23:00,39645.35,5210.14,14888.61,4127.27,5281.67,5448.48,1957.82,1.51,96.41,1326.16,218.58,605.62,859.42,0,0,-454.26,77.92
2026-04-10T00:00:00+03:00,00:00,37291.73,3503.29,14649.0,4122.78,5115.13,5188.44,1910.53,1.51,87.71,1334.31,218.58,605.52,861.3,0,0,-385.88,79.51
2026-04-10T01:00:00+03:00,01:00,35361.49,2209.04,14805.98,4069.99,4927.84,4536.51,1945.06,1.51,84.21,1332.41,218.58,582.32,861.2,0,0,-292.11,78.95
2026-04-10T02:00:00+03:00,02:00,34148.58,1603.31,13907.97,4156.33,5134.57,4609.16,1861.01,1.52,83.99,1334.96,216.38,570.17,858.37,0,0,-268.63,79.47
2026-04-10T03:00:00+03:00,03:00,33318.03,1497.41,13459.44,4254.78,5195.8,4171.84,1827.5,1.51,84.3,1339.53,220.79,578.85,859.96,0,0,-254.61,80.93
2026-04-10T04:00:00+03:00,04:00,33115.68,1539.22,13698.62,4282.86,5219.93,3830.58,1619.68,1.54,84.29,1327.71,216.37,566.6,867.39,0,0,-221.75,82.64
2026-04-10T05:00:00+03:00,05:00,33608.31,1870.84,13489.27,4268.16,5328.08,4465.72,1278.99,3.98,84.08,1343.66,216.38,569.96,851.09,0,0,-244.42,82.52
2026-04-10T06:00:00+03:00,06:00,33679.91,2152.71,13244.78,4267.78,4982.09,4832.84,1250.16,58.54,79.92,1343.57,216.38,584.19,836.0,0,0,-250.2,81.15
2026-04-10T07:00:00+03:00,07:00,34510.72,2996.82,13339.52,4296.09,4655.77,4669.6,1257.59,408.73,91.84,1342.73,218.58,583.24,861.83,0,0,-292.53,80.91
2026-04-10T08:00:00+03:00,08:00,37156.87,4065.94,13258.48,4186.82,5045.53,4894.94,1173.62,1582.57,93.84,1331.76,218.59,582.65,871.03,0,0,-226.82,77.92
2026-04-10T09:00:00+03:00,09:00,36774.03,4346.53,12620.76,4171.77,4962.2,4818.3,1079.02,1844.44,99.02,1302.16,218.58,598.44,866.69,0,0,-232.47,78.59
2026-04-10T10:00:00+03:00,10:00,34983.42,3696.8,11285.79,3979.46,4662.36,4720.69,1049.26,2319.03,97.9,1298.28,218.58,579.47,871.26,0,0,122.8,81.74
2026-04-10T11:00:00+03:00,11:00,34223.91,3692.19,10340.22,3902.48,4660.42,4606.88,1235.9,2409.35,94.48,1283.43,218.58,568.78,884.29,0,0,244.15,82.76
2026-04-10T12:00:00+03:00,12:00,32149.01,3753.31,8818.95,3869.71,4370.68,4044.59,1533.03,2579.08,86.21,1264.51,216.38,548.7,869.49,0,0,111.98,82.39
2026-04-10T13:00:00+03:00,13:00,31813.51,3542.32,9082.17,3864.28,4079.84,3665.19,1938.29,2512.7,90.72,1251.71,218.58,556.87,873.72,0,0,62.05,75.07
2026-04-10T14:00:00+03:00,14:00,34528.38,4438.98,9991.82,3868.67,4565.92,3886.35,2309.87,2370.51,92.86,1244.01,218.58,566.27,900.56,0,0,3.29,70.69
2026-04-10T15:00:00+03:00,15:00,35610.44,4648.05,10489.93,3921.01,4644.4,3995.87,2568.21,2100.28,79.98,1239.11,218.58,558.94,905.91,0,0,164.71,75.46
2026-04-10T16:00:00+03:00,16:00,38436.52,4736.46,12548.2,3930.53,4874.86,4247.26,3071.35,1891.2,86.58,1218.2,218.58,556.04,900.21,0,0,79.7,77.35
2026-04-10T17:00:00+03:00,17:00,41038.97,5071.86,14312.23,4137.21,5196.39,4925.74,3235.29,1339.08,94.11,1216.98,214.16,566.89,916.38,0,0,-268.86,81.51
2026-04-10T18:00:00+03:00,18:00,42390.62,5821.23,15621.66,4332.92,5380.3,5107.08,3130.81,261.46,94.15,1226.95,216.37,584.5,918.84,0,0,-386.61,80.96
2026-04-10T19:00:00+03:00,19:00,44507.59,6428.96,16421.29,4460.06,5655.61,5774.77,3036.86,9.07,96.88,1260.03,220.8,576.18,913.72,0,0,-426.29,79.65
2026-04-10T20:00:00+03:00,20:00,44724.05,6479.16,16552.97,4523.27,5522.54,5711.79,3145.72,38.92,98.84,1283.07,216.37,565.04,929.67,0,0,-424.39,81.08
2026-04-10T21:00:00+03:00,21:00,43477.0,6411.64,16350.14,4559.08,5337.17,5139.32,2867.12,1.07,96.79,1294.06,216.38,584.93,900.23,0,0,-360.34,79.41
2026-04-10T22:00:00+03:00,22:00,41802.5,5464.03,16285.22,4513.85,5301.66,5072.66,2328.89,1.06,89.45,1313.09,218.58,582.47,892.39,0,0,-338.07,77.22
2026-04-10T23:00:00+03:00,23:00,39895.41,4167.83,16161.7,4195.43,5127.47,5066.72,2186.02,1.09,90.13,1315.96,218.59,552.75,908.9,0,0,-170.93,73.75
2026-04-11T00:00:00+03:00,00:00,37907.32,4092.25,15314.19,4064.24,5026.53,4715.08,1940.28,1.07,81.15,1325.81,216.38,556.97,927.29,0,0,-418.0,64.08
2026-04-11T01:00:00+03:00,01:00,36132.05,3912.41,15030.64,4003.26,4857.75,3844.29,1687.35,3.1,78.23,1336.52,214.17,551.23,912.01,0,0,-364.72,65.81
2026-04-11T02:00:00+03:00,02:00,34624.06,3862.14,14234.04,3955.94,4775.08,3532.66,1439.28,1.94,78.31,1340.7,218.58,545.49,922.94,0,0,-354.34,71.3
2026-04-11T03:00:00+03:00,03:00,33632.36,3455.65,14257.79,4003.07,4761.39,3161.95,1081.18,5.09,77.48,1345.99,216.37,542.74,924.86,0,0,-272.53,71.33
2026-04-11T04:00:00+03:00,04:00,33346.96,3865.43,13820.73,4072.14,4731.79,3049.57,977.49,3.09,78.56,1339.6,218.58,548.26,923.86,0,0,-353.0,70.86
2026-04-11T05:00:00+03:00,05:00,33526.87,3874.32,13726.66,4147.39,4777.53,3035.31,1128.49,2.53,78.43,1342.6,218.58,543.81,912.22,0,0,-333.34,72.34
2026-04-11T06:00:00+03:00,06:00,32666.43,3871.52,12489.29,4274.26,4796.86,2968.22,1399.84,42.5,77.46,1355.91,216.38,541.09,915.88,0,0,-357.28,74.5
2026-04-11T07:00:00+03:00,07:00,31754.23,3415.13,11894.74,4290.91,4549.87,3016.27,1339.05,354.13,82.11,1352.33,216.37,549.57,913.63,0,0,-292.97,73.09
2026-04-11T08:00:00+03:00,08:00,32833.05,3651.02,12136.76,4133.94,4682.2,3252.2,1117.64,1067.73,86.14,1337.73,214.17,543.83,925.86,0,0,-388.48,72.31
2026-04-11T09:00:00+03:00,09:00,31820.92,3813.95,10664.6,3980.07,4227.91,3588.12,929.6,1897.64,84.64,1321.59,216.37,546.78,912.87,0,0,-444.77,81.55
2026-04-11T10:00:00+03:00,10:00,30644.27,3550.62,10390.21,4029.53,3324.88,3546.09,870.72,2125.76,86.96,1312.89,216.38,564.06,904.27,0,0,-356.0,77.9
2026-04-11T11:00:00+03:00,11:00,30336.36,3371.21,9853.18,4044.93,2946.48,3494.12,883.56,2507.09,73.86,1295.78,220.79,557.67,912.34,0,0,101.74,73.61
2026-04-11T12:00:00+03:00,12:00,28656.74,3198.04,8608.46,4143.4,2684.89,3484.62,920.27,2349.87,80.89,1283.73,216.38,544.98,923.32,0,0,140.95,76.94
2026-04-11T13:00:00+03:00,13:00,29282.81,3193.75,8720.87,4206.39,2804.3,3415.03,1067.22,2541.11,85.94,1276.44,218.58,564.42,918.77,0,0,188.47,81.52
2026-04-11T14:00:00+03:00,14:00,30902.79,3190.83,10315.41,4192.84,3383.31,2969.05,1157.06,2290.61,86.9,1270.12,220.79,554.42,926.14,0,0,264.06,81.25
2026-04-11T15:00:00+03:00,15:00,31936.87,3195.44,11260.38,4219.96,3588.12,2931.24,1196.96,2206.65,86.2,1267.21,220.79,571.48,921.02,0,0,189.29,82.13
2026-04-11T16:00:00+03:00,16:00,34177.98,3235.63,12821.74,4209.58,4219.44,3144.6,1301.98,1914.22,85.82,1271.14,218.58,574.58,922.19,0,0,177.67,80.81
2026-04-11T17:00:00+03:00,17:00,37357.22,3723.07,14656.73,4338.3,4886.17,3872.98,1267.39,1405.12,85.88,1277.88,216.38,565.19,926.96,0,0,53.84,81.33
2026-04-11T18:00:00+03:00,18:00,40160.63,5195.08,16399.16,4497.99,5184.36,4596.09,1254.08,378.73,88.32,1287.63,218.58,584.27,922.18,0,0,-523.87,78.03
2026-04-11T19:00:00+03:00,19:00,42834.52,5953.46,17006.36,4500.59,5704.04,5588.37,1240.0,40.31,89.43,1300.84,218.58,585.51,924.8,0,0,-401.26,83.49
2026-04-11T20:00:00+03:00,20:00,43234.25,6295.0,17133.01,4362.71,5716.52,5728.99,1153.43,20.94,89.29,1310.52,220.79,592.03,920.08,0,0,-391.0,81.94
2026-04-11T21:00:00+03:00,21:00,41870.35,6277.37,16335.65,4267.24,5617.84,5716.87,997.49,1.04,90.6,1317.22,218.58,578.01,907.75,0,0,-537.62,82.31
2026-04-11T22:00:00+03:00,22:00,40291.72,5708.08,15856.69,4193.59,5324.54,5584.72,922.17,1.05,90.43,1332.85,218.58,593.56,903.92,0,0,-521.88,83.42
2026-04-11T23:00:00+03:00,23:00,38338.56,5079.65,16214.68,4242.06,4852.39,4545.38,717.99,1.13,90.78,1339.29,220.79,576.44,895.71,0,0,-519.15,81.42
2026-04-12T00:00:00+03:00,00:00,36227.14,3926.99,15945.29,4250.74,4798.38,3829.13,647.87,1.12,80.03,1348.56,218.59,552.25,903.89,0,0,-355.36,79.66
2026-04-12T01:00:00+03:00,01:00,34125.85,3890.54,14914.78,4126.87,4761.09,3153.5,561.49,1.09,77.01,1354.69,216.37,560.12,874.37,0,0,-446.66,80.59
2026-04-12T02:00:00+03:00,02:00,32439.75,3788.14,13976.2,4052.1,4601.8,2815.15,462.61,1.09,77.48,1358.64,214.17,569.25,857.37,0,0,-416.04,81.79
2026-04-12T03:00:00+03:00,03:00,31447.41,3082.29,13732.17,4005.87,4611.96,2781.32,451.53,1.09,76.91,1362.15,218.58,556.28,869.76,0,0,-383.43,80.93
2026-04-12T04:00:00+03:00,04:00,31166.55,2733.33,13785.0,4004.42,4586.47,2688.26,532.14,1.17,77.85,1364.68,220.79,557.78,878.84,0,0,-345.79,81.61
2026-04-12T05:00:00+03:00,05:00,31247.65,2876.87,13710.21,3919.03,4609.98,2677.09,608.42,4.56,77.03,1367.82,218.58,569.63,875.23,0,0,-347.2,80.4
2026-04-12T06:00:00+03:00,06:00,29461.13,2883.0,12553.64,3440.2,4374.99,2631.72,670.94,83.27,78.45,1371.08,218.58,561.73,870.7,0,0,-359.22,82.05
2026-04-12T07:00:00+03:00,07:00,27251.26,2744.54,11233.82,3825.48,2711.28,2580.37,696.48,777.58,77.88,1364.07,220.79,552.35,857.3,0,0,-473.76,83.08
2026-04-12T08:00:00+03:00,08:00,24344.37,2202.89,9099.38,3782.5,1432.8,2592.87,602.13,1894.21,77.38,1354.84,220.79,557.84,872.56,0,0,-426.69,80.87
2026-04-12T09:00:00+03:00,09:00,21727.5,1831.8,7300.58,3760.13,1300.02,2566.42,704.64,1666.36,79.49,1335.49,218.58,561.42,878.05,0,0,-557.17,81.69
2026-04-12T10:00:00+03:00,10:00,21290.09,1693.02,7259.47,3825.45,1183.45,2618.75,722.45,1299.71,79.37,1311.55,218.58,567.56,877.13,0,0,-449.02,82.62
2026-04-12T11:00:00+03:00,11:00,21864.07,1696.07,7377.74,3855.52,1136.47,2637.66,887.25,1342.19,77.33,1294.24,223.0,575.31,880.34,0,0,-196.11,77.06
2026-04-12T12:00:00+03:00,12:00,21912.31,1453.18,7518.41,3877.12,1103.67,2677.44,1077.28,1258.03,87.19,1272.04,218.58,572.44,841.46,0,0,-121.99,77.46
2026-04-12T13:00:00+03:00,13:00,22657.07,1222.52,7703.42,3881.16,1145.23,2686.29,1371.36,1660.88,83.83,1253.43,220.79,560.14,853.15,0,0,-63.73,78.6
2026-04-12T14:00:00+03:00,14:00,23750.22,1323.35,8204.54,3813.09,1299.84,2680.28,1582.57,1818.89,77.32,1241.3,220.79,566.13,866.81,0,0,-23.78,79.09
2026-04-12T15:00:00+03:00,15:00,24642.9,1952.58,8583.13,3772.51,1396.71,2672.0,1830.1,1557.0,76.02,1236.2,218.58,567.86,858.59,0,0,-154.98,76.6
2026-04-12T16:00:00+03:00,16:00,27377.32,2640.13,10091.55,3720.47,1504.77,2732.96,2249.04,1537.02,75.28,1236.81,216.38,577.62,850.49,0,0,-135.98,80.78
2026-04-12T17:00:00+03:00,17:00,30999.43,2638.08,12290.91,3797.34,2470.65,2878.6,3190.99,1053.14,83.94,1241.56,218.58,560.76,853.38,0,0,-360.85,82.35
2026-04-12T18:00:00+03:00,18:00,35461.72,2704.94,14637.82,4003.65,4495.84,3119.7,3671.94,284.48,87.98,1253.97,218.59,573.7,858.99,0,0,-530.2,80.32
2026-04-12T19:00:00+03:00,19:00,39145.85,3107.03,16496.76,4314.45,5182.86,3823.57,3669.59,13.98,87.91,1270.77,220.79,587.73,878.13,0,0,-588.85,81.13
2026-04-12T20:00:00+03:00,20:00,40604.99,3546.66,16273.73,4325.91,5471.37,4624.69,3661.61,113.06,88.9,1296.19,216.37,588.98,887.33,0,0,-569.24,79.43
2026-04-12T21:00:00+03:00,21:00,39596.21,3549.99,16401.94,4326.17,5252.86,4089.23,3368.28,1.5,86.29,1314.07,218.58,580.32,890.59,0,0,-564.3,80.69
2026-04-12T22:00:00+03:00,22:00,38319.16,3494.33,16112.79,4363.12,5090.1,3583.61,3054.71,1.03,77.1,1323.8,216.38,575.78,883.14,0,0,-534.91,78.18
2026-04-12T23:00:00+03:00,23:00,36737.31,3370.05,15783.27,4277.45,4820.77,2989.81,2909.31,1.08,76.88,1334.25,218.58,550.89,865.12,0,0,-541.46,81.31
2026-04-13T00:00:00+03:00,00:00,34846.64,2767.5,15310.22,4252.44,4420.14,2758.99,2719.98,1.04,76.06,1344.43,216.38,547.65,830.48,0,0,-477.17,78.5
2026-04-13T01:00:00+03:00,01:00,32859.34,2450.43,14404.02,4297.83,3731.96,2650.22,2561.55,1.03,75.55,1352.94,218.58,556.22,813.87,0,0,-333.59,78.73
2026-04-13T02:00:00+03:00,02:00,31478.65,1814.56,13780.82,4371.84,3394.45,2642.27,2669.25,1.03,76.72,1358.59,218.58,543.45,821.89,0,0,-295.82,81.02
2026-04-13T03:00:00+03:00,03:00,30832.08,1370.45,13656.05,4348.81,3301.47,2661.84,2683.62,1.04,76.25,1360.69,218.58,537.36,807.47,0,0,-274.74,83.19
2026-04-13T04:00:00+03:00,04:00,30795.17,1201.5,13668.75,4359.51,3299.23,2659.17,2768.04,1.05,75.36,1365.49,216.38,549.66,824.77,0,0,-275.36,81.62
2026-04-13T05:00:00+03:00,05:00,31463.45,1311.87,13793.65,4294.04,3775.53,2684.28,2764.87,3.2,75.93,1368.85,220.79,546.34,801.24,0,0,-261.26,84.12
2026-04-13T06:00:00+03:00,06:00,31245.79,1963.74,12704.54,4335.08,3793.61,2628.74,2804.09,216.95,73.85,1370.58,216.37,548.85,824.98,0,0,-318.54,82.95
2026-04-13T07:00:00+03:00,07:00,30730.05,3007.39,10490.29,4284.36,3218.8,2599.05,3028.21,1397.18,75.49,1368.4,223.0,548.07,826.53,0,0,-419.19,82.47
2026-04-13T08:00:00+03:00,08:00,32387.92,4424.68,9002.89,4289.64,3685.39,2588.19,2963.57,2659.18,77.62,1355.23,216.38,531.46,833.74,0,0,-323.12,83.07
2026-04-13T09:00:00+03:00,09:00,31020.04,5222.5,8348.66,4247.48,2382.29,2597.79,2434.34,3083.61,76.58,1334.35,220.79,526.54,828.49,0,0,-364.41,81.03
2026-04-13T10:00:00+03:00,10:00,29073.55,4976.91,7990.89,4335.83,1635.08,2661.58,2044.45,2529.08,85.81,1309.61,218.58,524.49,811.95,0,0,-128.76,78.05
2026-04-13T11:00:00+03:00,11:00,28536.67,4614.46,8101.69,4273.82,1585.03,2664.38,1863.14,2363.02,88.26,1282.97,211.96,524.82,817.92,0,0,67.95,77.25
2026-04-13T12:00:00+03:00,12:00,26480.06,4404.17,7685.48,4131.07,1317.95,2617.85,1412.94,2062.34,87.11,1265.57,216.37,535.66,839.36,0,0,-177.43,81.62
2026-04-13T13:00:00+03:00,13:00,26827.17,4415.84,7946.71,3880.62,1342.79,2688.05,1356.39,2135.22,87.85,1247.52,218.58,547.45,829.61,0,0,45.19,85.35
2026-04-13T14:00:00+03:00,14:00,27966.35,4408.28,7949.75,3898.78,1503.99,2751.24,1670.05,2550.7,88.06,1235.5,220.79,530.94,831.48,0,0,244.31,82.48
2026-04-13T15:00:00+03:00,15:00,29336.46,4513.59,8805.64,3938.27,1839.57,2984.08,1640.13,2465.51,87.67,1218.36,218.59,518.09,827.62,0,0,193.28,86.06
2026-04-13T16:00:00+03:00,16:00,33048.45,4547.07,11227.46,3993.59,2813.11,3206.12,1775.23,2472.78,87.11,1219.18,216.38,528.57,796.84,0,0,78.62,86.39
2026-04-13T17:00:00+03:00,17:00,37544.35,5493.34,12924.06,4144.26,4715.12,3902.71,1870.14,1722.32,87.88,1197.1,214.17,539.77,865.22,0,0,-216.74,85.0
2026-04-13T18:00:00+03:00,18:00,40552.16,6134.06,15560.63,4376.6,5086.75,4409.81,1916.04,425.16,91.98,1235.46,218.58,546.0,870.02,0,0,-407.27,88.34
2026-04-13T19:00:00+03:00,19:00,43717.02,6473.34,17440.44,4411.88,5537.66,4960.26,2224.19,16.25,104.65,1259.28,220.79,550.36,862.77,0,0,-434.92,90.07
2026-04-13T20:00:00+03:00,20:00,44690.64,6617.71,17294.36,4494.71,5643.91,5655.45,2328.65,44.66,102.87,1283.6,216.38,552.82,864.26,0,0,-501.07,92.33
2026-04-13T21:00:00+03:00,21:00,43327.91,6303.73,16505.05,4517.42,5511.24,5647.86,2184.54,2.35,104.32,1297.65,220.79,544.87,850.93,0,0,-453.21,90.37
2026-04-13T22:00:00+03:00,22:00,41369.92,5623.75,16385.84,4502.92,5208.33,5072.62,1856.0,1.47,90.43,1319.34,218.59,544.53,860.16,0,0,-406.09,92.03
2026-04-13T23:00:00+03:00,23:00,39492.13,4562.01,16485.92,4462.48,4997.39,4644.06,1606.22,1.43,90.2,1331.87,220.79,554.71,846.33,0,0,-400.95,89.67
2026-04-14T00:00:00+03:00,00:00,37464.71,3884.81,15736.62,4432.18,4723.81,4478.93,1393.16,1.43,89.68,1343.85,218.58,558.72,854.42,0,0,-339.37,87.89
2026-04-14T01:00:00+03:00,01:00,35511.58,3160.44,15374.38,4297.31,4524.62,4031.0,1311.58,1.42,79.61,1342.22,209.76,547.26,849.04,0,0,-305.64,88.58
2026-04-14T02:00:00+03:00,02:00,34475.45,2647.41,15117.49,4288.64,4596.66,3743.18,1265.67,1.43,79.99,1349.74,214.17,547.72,825.26,0,0,-291.91,90.0
2026-04-14T03:00:00+03:00,03:00,33748.73,1688.36,14541.16,4316.89,4618.64,4316.89,1428.0,1.39,79.54,1356.3,218.58,540.14,818.3,0,0,-264.92,89.46
2026-04-14T04:00:00+03:00,04:00,33470.71,1509.88,14503.36,4350.72,4611.47,4119.62,1529.18,1.45,79.57,1357.38,220.79,545.55,825.72,0,0,-273.47,89.49
2026-04-14T05:00:00+03:00,05:00,33897.27,1613.68,14700.18,4346.2,4791.81,3846.23,1781.15,5.38,79.85,1357.31,220.79,511.78,819.4,0,0,-267.22,90.73
2026-04-14T06:00:00+03:00,06:00,33417.06,1886.39,13366.69,4290.15,4597.93,4231.67,2042.98,239.15,80.18,1356.45,218.58,532.4,824.71,0,0,-338.51,88.29
2026-04-14T07:00:00+03:00,07:00,32565.26,2628.33,11940.56,4188.73,4141.24,3377.07,2154.02,1420.75,91.56,1312.4,216.37,539.48,824.06,0,0,-352.44,83.13
2026-04-14T08:00:00+03:00,08:00,33737.04,4197.99,10386.61,4179.76,4164.79,3431.34,1963.26,2716.69,84.9,1300.46,218.58,552.17,840.14,0,0,-386.8,87.15
2026-04-14T09:00:00+03:00,09:00,31590.67,4620.52,8220.72,4295.63,3276.35,4062.93,1614.21,2828.85,86.38,1283.33,214.17,534.64,834.34,0,0,-368.08,86.68
2026-04-14T10:00:00+03:00,10:00,29415.84,3889.32,7584.36,4239.03,2638.32,3949.89,1611.82,2737.21,80.35,1278.25,216.37,526.47,826.61,0,0,-249.78,87.62
2026-04-14T11:00:00+03:00,11:00,28682.84,4098.2,6732.17,4119.22,2796.59,3899.41,1500.8,2791.33,87.57,1263.72,218.58,534.57,827.72,0,0,-273.06,86.02
2026-04-14T12:00:00+03:00,12:00,26527.39,3487.91,5945.14,4062.7,2159.42,3905.38,1502.38,2692.86,89.0,1252.22,216.37,537.32,849.45,0,0,-258.26,85.5
2026-04-14T13:00:00+03:00,13:00,27337.35,3262.98,6866.17,3921.76,2304.32,3710.46,1758.01,2718.71,90.82,1244.35,214.17,539.36,839.72,0,0,-218.57,85.09
2026-04-14T14:00:00+03:00,14:00,29523.69,4273.4,7239.15,3945.82,2900.31,3761.52,2015.63,2645.71,88.74,1232.6,216.38,543.59,827.19,0,0,-250.57,84.22
2026-04-14T15:00:00+03:00,15:00,31500.79,4206.79,8965.96,4054.36,2902.44,4023.52,2108.14,2471.94,89.32,1216.26,216.38,535.06,820.68,0,0,-191.0,80.94
2026-04-14T16:00:00+03:00,16:00,35382.35,4448.11,12148.07,4100.55,3714.79,4159.32,2234.05,1854.14,85.95,1206.57,216.37,551.08,839.14,0,0,-258.0,82.21
2026-04-14T17:00:00+03:00,17:00,38737.56,4363.03,14948.74,4256.38,4477.96,4642.14,2398.02,923.9,89.88,1210.59,211.96,558.97,844.23,0,0,-275.0,86.76
2026-04-14T18:00:00+03:00,18:00,41614.87,5891.93,15559.59,4310.62,4993.67,5357.1,2482.96,274.04,92.83,1224.2,216.37,574.43,839.73,0,0,-292.0,89.4
2026-04-14T19:00:00+03:00,19:00,43939.04,7248.57,16257.26,4101.76,5359.78,5642.52,2512.5,11.85,105.22,1244.59,218.58,563.34,813.5,0,0,-228.0,87.57
2026-04-14T20:00:00+03:00,20:00,44300.41,7183.05,16536.66,4146.76,5356.8,5641.78,2529.37,43.99,108.63,1259.12,218.58,579.02,829.26,0,0,-221.0,88.39
2026-04-14T21:00:00+03:00,21:00,42345.77,6911.47,16156.53,4142.7,5133.94,5010.04,2100.92,0.18,107.26,1278.86,220.79,583.97,833.69,0,0,-224.0,89.42
2026-04-14T22:00:00+03:00,22:00,41256.76,6723.9,16379.98,3960.08,4806.36,5035.02,1727.37,0.01,46.69,1293.61,211.96,573.12,811.93,0,0,-400.43,87.16
2026-04-14T23:00:00+03:00,23:00,38620.81,5185.57,16098.3,3893.57,4603.31,4691.59,1508.24,0.01,44.88,1284.69,216.37,570.66,799.07,0,0,-356.44,80.99
2026-04-15T00:00:00+03:00,00:00,36865.93,4637.83,15496.81,3734.37,4363.18,4632.45,1253.65,0.01,79.89,1312.23,214.17,558.51,819.53,0,0,-324.88,88.18
2026-04-15T01:00:00+03:00,01:00,35039.34,4045.8,14941.27,3680.53,4356.25,3851.43,1409.54,0.01,80.24,1310.59,211.96,528.43,814.42,0,0,-279.23,88.1
2026-04-15T02:00:00+03:00,02:00,33797.15,3534.76,14299.91,3671.41,4205.43,3527.58,1775.66,0.01,79.09,1309.6,223.0,538.28,818.72,0,0,-280.08,93.78
2026-04-15T03:00:00+03:00,03:00,33046.82,2767.85,14041.77,3701.37,4305.55,3467.17,1953.48,0.22,79.4,1308.68,216.37,543.69,814.29,0,0,-244.95,91.93
2026-04-15T04:00:00+03:00,04:00,32632.12,2111.56,13870.35,3694.17,4227.74,3489.92,2436.94,0.01,79.14,1299.82,216.37,542.61,814.16,0,0,-245.55,94.88
2026-04-15T05:00:00+03:00,05:00,33067.99,2017.93,14232.69,3693.87,4298.88,3502.4,2473.73,4.36,79.53,1302.95,220.79,544.57,820.05,0,0,-216.48,92.72
2026-04-15T06:00:00+03:00,06:00,31894.71,1767.89,13054.25,3532.29,4187.67,3769.32,2682.65,192.42,77.79,1286.85,220.79,555.87,833.63,0,0,-360.54,93.83
2026-04-15T07:00:00+03:00,07:00,31587.36,2602.74,11503.24,3559.16,3797.29,3410.04,2833.23,1240.32,85.94,1275.12,216.38,545.69,834.43,0,0,-409.97,93.75
2026-04-15T08:00:00+03:00,08:00,33374.32,4220.72,10351.54,3606.29,4073.67,3377.85,2526.51,2547.25,85.32,1264.97,218.59,555.65,844.51,0,0,-393.89,95.34
2026-04-15T09:00:00+03:00,09:00,32099.45,4705.91,8551.22,3687.17,3887.24,3431.69,2193.08,2960.94,85.2,1241.12,214.16,569.17,854.82,0,0,-376.4,94.13
2026-04-15T10:00:00+03:00,10:00,29455.61,4108.31,7268.68,3606.54,3632.86,3175.41,1754.77,3179.69,86.39,1231.61,218.58,558.92,843.72,0,0,-305.2,95.33
2026-04-15T11:00:00+03:00,11:00,28992.7,4799.45,6175.05,3627.95,3631.04,3290.3,1588.88,3246.13,85.21,1180.29,218.58,549.8,848.65,0,0,-340.85,92.22
2026-04-15T12:00:00+03:00,12:00,26872.17,3787.56,6126.81,3691.34,2618.57,3299.17,1428.71,3140.31,88.65,1190.72,218.58,546.6,863.17,0,0,-218.6,90.58
2026-04-15T13:00:00+03:00,13:00,27608.59,3839.17,6943.03,3771.67,2633.91,3291.37,1485.3,2966.56,91.12,1171.77,216.38,544.58,826.22,0,0,-263.97,91.48
2026-04-15T14:00:00+03:00,14:00,28421.89,3618.92,7181.64,3843.61,3544.84,3249.21,1741.96,2679.97,93.5,1156.05,216.37,551.64,826.65,0,0,-373.2,90.73
2026-04-15T15:00:00+03:00,15:00,30768.26,3872.19,9262.56,3830.07,3550.19,3377.13,2003.58,2222.84,91.38,1153.41,218.58,544.24,838.38,0,0,-289.11,92.82
2026-04-15T16:00:00+03:00,16:00,34346.73,4417.11,12223.89,3803.04,3923.05,3723.6,2151.22,1450.03,89.5,1151.89,216.37,548.05,853.19,0,0,-293.16,88.95
2026-04-15T17:00:00+03:00,17:00,37507.63,4958.25,13858.26,3856.1,4310.12,4693.96,2542.03,758.22,91.24,1159.77,216.37,546.4,848.09,0,0,-419.55,88.37
2026-04-15T18:00:00+03:00,18:00,39621.29,4764.15,15475.84,3950.89,4497.18,5142.89,3003.25,219.37,96.45,1172.22,218.58,545.57,845.59,0,0,-399.33,88.64
2026-04-15T19:00:00+03:00,19:00,42066.34,4670.01,16924.8,4081.47,4947.52,5549.43,3230.92,55.8,95.99,1200.65,214.16,562.04,858.14,0,0,-414.33,89.74
2026-04-15T20:00:00+03:00,20:00,42930.17,4529.02,17148.62,4035.69,5188.02,5875.59,3543.04,0.32,95.44,1228.94,218.58,565.12,857.12,0,0,-444.27,88.94
2026-04-15T21:00:00+03:00,21:00,41581.52,4234.3,16460.5,4015.0,4912.51,5620.76,3649.61,0.22,96.28,1249.49,218.58,562.9,829.3,0,0,-353.51,85.58
2026-04-15T22:00:00+03:00,22:00,39596.41,3520.6,15798.94,4011.12,4564.95,5087.98,3890.8,0.23,93.23,1268.35,218.58,570.45,829.07,0,0,-343.22,85.33
2026-04-15T23:00:00+03:00,23:00,37950.34,2803.02,15581.41,3894.62,4458.2,4327.3,4189.69,0.23,81.94,1283.23,218.58,567.1,818.71,0,0,-360.84,87.15
2026-04-16T00:00:00+03:00,00:00,36467.75,2563.52,15442.5,3833.88,4276.95,3420.91,4158.0,1.24,80.51,1292.42,216.37,549.78,836.44,0,0,-293.69,88.92
2026-04-16T01:00:00+03:00,01:00,34753.04,1743.73,15004.83,3777.3,4174.99,3117.17,4150.43,1.27,81.69,1289.94,216.37,559.43,827.81,0,0,-281.32,89.4
2026-04-16T02:00:00+03:00,02:00,33732.51,1483.37,14197.59,3780.37,4110.04,3111.27,4250.76,1.26,82.11,1291.74,218.58,546.33,824.65,0,0,-251.91,86.35
2026-04-16T03:00:00+03:00,03:00,32899.54,1476.77,13064.85,3947.84,4152.76,3040.83,4279.95,1.28,80.83,1293.92,216.38,552.03,818.76,0,0,-117.0,90.34
2026-04-16T04:00:00+03:00,04:00,32561.09,1487.11,12804.55,3921.34,4101.8,3047.86,4431.29,1.28,80.55,1293.62,218.58,544.36,820.48,0,0,-283.26,91.53
2026-04-16T05:00:00+03:00,05:00,32943.75,1522.07,12801.58,3872.25,4057.26,3057.61,4883.37,7.57,80.7,1295.33,220.79,539.18,811.96,0,0,-296.23,90.31
2026-04-16T06:00:00+03:00,06:00,32030.82,1799.98,11766.1,3818.63,3694.32,3047.41,4962.12,255.62,76.7,1293.84,218.58,551.19,803.14,0,0,-349.38,92.57
2026-04-16T07:00:00+03:00,07:00,31190.94,2555.68,9739.01,3919.85,3143.24,3054.35,4737.31,1319.7,81.73,1289.29,220.79,548.6,831.44,0,0,-340.54,90.49
2026-04-16T08:00:00+03:00,08:00,32537.88,3457.61,8984.08,3965.81,3284.03,3041.92,4608.14,2471.3,87.34,1264.63,214.17,540.61,837.08,0,0,-304.76,85.92
2026-04-16T09:00:00+03:00,09:00,30711.39,3453.69,8240.1,3916.14,2540.8,2975.78,4021.95,2850.78,86.81,1233.69,211.96,550.36,852.87,0,0,-310.25,86.71
2026-04-16T10:00:00+03:00,10:00,27637.93,2467.39,6866.55,3971.88,2011.78,2923.57,3911.1,2525.21,88.85,1194.96,214.17,543.78,849.76,0,0,-20.0,88.93
2026-04-16T11:00:00+03:00,11:00,28089.79,3218.3,6599.75,3970.84,1977.29,2941.59,3791.02,2778.64,85.82,1165.03,214.16,547.07,836.93,0,0,-125.55,88.9
2026-04-16T12:00:00+03:00,12:00,26014.73,2785.08,6428.88,4056.71,1449.48,2925.91,3105.3,2419.22,88.03,1139.36,218.58,555.56,858.44,0,0,-106.9,91.08
2026-04-16T13:00:00+03:00,13:00,27297.03,3228.7,7105.67,4125.67,1615.91,2992.86,3207.92,2497.94,85.28,1123.5,216.38,536.15,856.1,0,0,-385.96,90.91
2026-04-16T14:00:00+03:00,14:00,28586.67,3118.23,7484.27,4159.62,1933.78,2923.9,3708.98,2606.23,86.16,1114.54,216.38,542.9,852.86,0,0,-252.1,90.92
2026-04-16T15:00:00+03:00,15:00,30071.14,3138.75,8797.73,4103.64,2136.6,2980.63,3883.19,2440.78,86.51,1110.04,218.58,542.42,854.86,0,0,-311.54,88.95
2026-04-16T16:00:00+03:00,16:00,34238.57,3365.04,10870.34,4055.91,2865.2,3024.17,5122.16,2366.34,92.45,1107.0,214.17,538.41,869.11,0,0,-341.97,90.24
2026-04-16T17:00:00+03:00,17:00,38008.3,3299.09,13253.73,3953.87,4325.94,3155.68,6219.71,1520.47,89.67,1105.49,214.17,538.3,878.3,0,0,-634.64,88.52
2026-04-16T18:00:00+03:00,18:00,40160.03,3286.17,14951.51,4020.99,4673.87,3686.1,6869.39,376.81,85.68,1143.52,216.38,543.95,864.37,0,0,-641.63,82.92
2026-04-16T19:00:00+03:00,19:00,42474.68,2916.8,16358.66,4099.41,4976.14,4398.31,7395.66,28.34,87.97,1167.98,216.38,533.18,860.74,0,0,-655.57,90.68
2026-04-16T20:00:00+03:00,20:00,43184.53,2658.1,16575.34,4189.34,5051.41,4700.04,7681.43,18.12,87.51,1187.5,218.58,536.74,858.31,0,0,-672.2,94.31
2026-04-16T21:00:00+03:00,21:00,41484.47,1916.77,16281.28,4166.76,4767.21,4094.02,7929.64,0.01,84.22,1198.84,218.58,528.39,872.56,0,0,-662.36,88.55
2026-04-16T22:00:00+03:00,22:00,39588.58,1196.82,16079.03,4160.45,4560.91,3388.59,7756.38,0.01,84.38,1206.87,216.38,531.97,878.24,0,0,-562.82,91.37
2026-04-16T23:00:00+03:00,23:00,37627.93,1092.87,15219.85,4186.98,4308.89,2872.32,7468.27,0.01,84.35,1214.67,214.17,529.83,863.7,0,0,-517.03,89.05
2026-04-17T00:00:00+03:00,00:00,35939.11,1102.56,14217.62,4042.78,4190.48,2395.89,7469.18,0.89,80.8,1221.38,214.17,540.91,836.89,0,0,-461.77,87.33
2026-04-17T01:00:00+03:00,01:00,33984.55,1104.2,12776.51,4007.75,4105.04,1867.96,7532.18,0.85,80.77,1228.93,220.79,548.38,848.27,0,0,-424.51,87.43
2026-04-17T02:00:00+03:00,02:00,33001.79,1104.47,12314.27,4033.71,3813.59,1797.82,7295.82,0.91,81.86,1232.45,220.79,545.08,875.97,0,0,-402.12,87.17
2026-04-17T03:00:00+03:00,03:00,32173.8,1082.49,11524.48,4037.98,3660.26,1755.35,7495.02,1.09,81.12,1233.99,218.58,548.42,878.49,0,0,-428.08,84.61
2026-04-17T04:00:00+03:00,04:00,31801.43,1096.31,11425.35,4044.94,3509.96,1765.81,7322.82,1.11,80.85,1237.14,223.0,549.91,874.72,0,0,-418.83,88.34
2026-04-17T05:00:00+03:00,05:00,32128.83,1118.01,11752.43,4071.61,3557.65,1765.76,7247.01,2.99,79.93,1244.77,216.37,548.33,858.36,0,0,-421.0,86.61
2026-04-17T06:00:00+03:00,06:00,30794.42,1360.87,10765.67,3554.49,3268.15,1772.43,7395.4,147.82,80.83,1253.62,218.58,545.82,823.02,0,0,-477.88,85.6
2026-04-17T07:00:00+03:00,07:00,29569.69,1407.23,9873.54,3554.9,2817.41,1256.75,7379.58,847.51,33.67,1171.51,214.17,414.37,728.48,0,0,-213.88,84.45
2026-04-17T08:00:00+03:00,08:00,31353.51,1939.65,10834.01,3423.7,3139.11,1203.08,7290.88,1183.46,45.9,1070.09,218.58,411.62,583.16,0,0,-75.67,85.94
2026-04-17T09:00:00+03:00,09:00,29868.55,2382.13,9650.87,3408.31,2387.63,1580.02,6690.85,1819.85,45.32,1010.7,218.58,429.76,528.35,0,0,-365.35,81.53
2026-04-19T00:00:00+03:00,00:00,33937.84,1057.92,13570.35,3884.52,3934.2,1831.58,7307.3,0.01,81.97,1311.98,218.58,260.6,892.45,0,0,-503.52,89.9
2026-04-19T01:00:00+03:00,01:00,32528.04,783.17,12993.69,3886.72,3820.87,1851.35,6785.15,0.01,81.63,1318.91,218.58,269.96,899.77,0,0,-470.78,89.01
2026-04-19T02:00:00+03:00,02:00,31052.96,783.24,12147.61,3892.33,3648.23,1807.82,6418.36,0.01,80.8,1330.84,214.17,273.48,909.26,0,0,-546.96,93.77
2026-04-19T03:00:00+03:00,03:00,30553.52,784.61,12093.94,3853.81,3445.95,1829.94,6176.41,0.01,80.12,1334.93,214.17,275.6,916.0,0,0,-542.79,90.82
2026-04-19T04:00:00+03:00,04:00,30070.0,793.95,12082.97,3830.68,3289.97,1830.54,5889.8,0.01,80.09,1340.37,216.37,266.11,887.65,0,0,-527.07,88.56
2026-04-19T05:00:00+03:00,05:00,30102.69,779.08,12089.45,3821.16,3398.82,1853.23,5780.78,2.67,79.53,1347.45,214.17,275.91,870.01,0,0,-499.33,89.76
2026-04-19T06:00:00+03:00,06:00,28570.3,784.91,11321.63,3910.89,2953.84,1811.86,5433.61,37.19,81.12,1348.43,220.79,275.4,837.42,0,0,-535.98,89.19
2026-04-19T07:00:00+03:00,07:00,26865.68,774.65,11385.4,3977.74,2234.86,1832.6,4258.0,153.62,87.81,1342.17,218.58,274.03,851.58,0,0,-614.04,88.68
2026-04-19T08:00:00+03:00,08:00,25721.82,770.44,10458.97,4019.99,2099.7,1804.85,3923.07,436.37,87.01,1322.0,214.16,285.92,874.8,0,0,-651.64,76.18
2026-04-19T09:00:00+03:00,09:00,24953.47,772.49,10102.35,4054.1,1884.23,1822.78,3444.99,637.59,83.74,1301.48,211.96,281.33,875.23,0,0,-596.21,77.41
2026-04-19T10:00:00+03:00,10:00,25392.91,775.72,10009.34,4031.56,1740.86,1826.07,3526.22,783.15,89.26,1276.28,214.17,292.98,863.55,0,0,-115.6,79.35
2026-04-19T11:00:00+03:00,11:00,25869.21,773.44,10190.66,4042.48,1793.29,1833.32,3811.03,770.28,85.59,1252.82,214.17,284.19,839.55,0,0,-96.58,74.97
2026-04-19T12:00:00+03:00,12:00,25842.86,773.13,10228.3,3927.89,1832.72,1831.93,3812.84,850.47,82.61,1235.85,216.37,279.96,843.53,0,0,-154.3,81.56
2026-04-19T13:00:00+03:00,13:00,26312.06,770.24,10653.29,3914.56,1806.65,1829.7,3905.0,768.95,85.07,1220.22,218.58,280.42,858.07,0,0,-78.23,79.54
2026-04-19T14:00:00+03:00,14:00,26909.66,766.6,11178.47,3939.04,1706.5,1784.54,4180.75,562.51,92.86,1214.92,216.37,290.27,877.4,0,0,21.63,77.8
2026-04-19T15:00:00+03:00,15:00,27888.69,864.16,11931.48,3950.44,1809.53,1785.78,4304.53,541.31,91.26,1209.74,211.96,280.42,876.12,0,0,-46.24,78.2
2026-04-19T16:00:00+03:00,16:00,29358.01,1261.45,12746.29,3940.57,2066.42,1779.74,4406.25,508.95,91.86,1209.29,220.79,306.91,888.63,0,0,-145.86,76.72
2026-04-19T17:00:00+03:00,17:00,31783.11,1553.63,13642.22,3943.57,3010.11,1771.52,5335.69,351.24,89.42,1213.63,211.96,295.7,887.18,0,0,-599.25,76.49
2026-04-19T18:00:00+03:00,18:00,33459.88,1920.15,13605.09,3930.33,4284.42,1860.54,5765.25,156.98,86.48,1225.14,211.96,288.3,886.8,0,0,-838.92,77.36
2026-04-19T19:00:00+03:00,19:00,37497.62,2149.78,15720.45,4022.85,5661.79,2436.45,5446.24,13.46,82.41,1240.03,214.17,288.61,913.21,0,0,-769.09,77.26
2026-04-19T20:00:00+03:00,20:00,38918.6,2190.72,16288.0,4088.03,5947.25,2937.11,5220.55,44.61,81.72,1255.47,216.37,293.65,904.27,0,0,-624.89,75.74
2026-04-19T21:00:00+03:00,21:00,38117.24,2211.99,15582.64,4072.73,6022.38,3155.59,4884.75,1.48,82.96,1269.04,214.17,286.63,901.77,0,0,-640.35,71.46
2026-04-19T22:00:00+03:00,22:00,36630.99,2190.87,14973.94,4077.95,5815.58,2725.7,4502.47,0.01,83.03,1287.46,214.17,301.5,896.92,0,0,-510.67,72.06
2026-04-19T23:00:00+03:00,23:00,34660.7,2179.22,14691.39,3721.46,5217.11,2342.34,4108.6,0.01,80.97,1303.31,218.58,407.38,863.17,0,0,-543.43,70.59
2026-04-20T00:00:00+03:00,00:00,32891.88,1606.17,14189.25,4075.57,4580.02,2178.78,3785.72,1.15,80.92,1311.23,216.37,435.7,872.0,0,0,-517.21,76.21
2026-04-20T01:00:00+03:00,01:00,31662.36,2120.8,12743.22,4131.92,4441.4,1992.13,3616.29,1.17,81.14,1300.61,216.37,435.09,862.26,0,0,-358.76,78.72
2026-04-20T02:00:00+03:00,02:00,29820.2,1406.13,12134.76,4217.97,4128.88,1702.79,3501.11,1.15,80.87,1331.75,216.37,429.94,863.93,0,0,-271.7,76.25
2026-04-20T03:00:00+03:00,03:00,29442.56,1723.11,11822.18,4213.91,4175.82,1559.02,3289.93,1.17,81.34,1340.92,147.93,423.41,879.45,0,0,-285.03,69.4
2026-04-20T04:00:00+03:00,04:00,29476.35,1692.73,12053.02,4216.25,4169.36,1579.75,3171.43,1.17,81.74,1349.53,105.98,429.36,874.46,0,0,-324.19,75.76
2026-04-20T05:00:00+03:00,05:00,29965.17,1747.93,12296.0,4231.12,4516.48,1579.1,3068.32,3.35,80.85,1348.12,103.77,418.08,867.22,0,0,-371.31,76.14
2026-04-20T06:00:00+03:00,06:00,29814.31,1947.4,12096.24,4260.07,4559.55,1545.25,2867.74,129.93,78.98,1271.17,105.98,417.18,828.67,0,0,-369.91,76.06
2026-04-20T07:00:00+03:00,07:00,30197.68,2625.8,11714.07,4243.5,4251.05,1524.86,2557.54,891.59,90.07,1259.6,101.56,424.57,838.72,0,0,-402.23,76.98
2026-04-20T08:00:00+03:00,08:00,32860.4,4582.72,10661.63,4326.26,5220.71,1513.12,2207.32,2011.83,89.25,1280.82,105.97,416.52,833.6,0,0,-468.36,79.01
2026-04-20T09:00:00+03:00,09:00,31943.52,4810.97,9570.5,4277.87,4914.03,1615.93,1873.63,2241.09,86.82,1284.54,130.27,505.4,856.3,0,0,-300.8,76.97
2026-04-20T10:00:00+03:00,10:00,30391.37,4090.62,9080.03,4320.66,3922.37,1873.08,1658.18,2690.16,86.46,1274.74,163.38,548.73,856.09,0,0,-246.4,73.27
2026-04-20T11:00:00+03:00,11:00,30096.65,4063.59,9289.52,4294.05,3525.47,1881.53,1668.94,2589.66,90.45,1251.86,192.09,543.06,851.33,0,0,-213.1,68.2
2026-04-20T12:00:00+03:00,12:00,27952.66,3745.53,8984.29,4314.91,2569.9,1905.14,1559.44,2129.86,94.53,1229.85,209.75,539.83,858.38,0,0,-261.13,72.38
2026-04-20T13:00:00+03:00,13:00,28425.32,3569.58,9405.86,4367.62,2475.19,2276.01,1618.56,1927.27,86.16,1221.15,211.96,537.56,863.41,0,0,-207.6,72.59
2026-04-20T14:00:00+03:00,14:00,29875.61,3020.33,11145.86,4342.2,2695.69,2513.32,1799.78,1615.73,86.08,1203.76,211.96,546.12,862.67,0,0,-237.6,69.71
2026-04-20T15:00:00+03:00,15:00,31081.42,3600.41,11759.49,4353.68,2645.75,2470.55,1905.94,1756.33,82.43,1195.62,218.58,541.36,847.91,0,0,-363.89,67.26
2026-04-20T16:00:00+03:00,16:00,33072.75,3504.9,12185.77,4306.67,3764.74,2563.98,2406.08,1659.13,87.81,1191.51,214.17,550.1,867.34,0,0,-297.0,67.55
2026-04-20T17:00:00+03:00,17:00,36601.06,4527.57,13381.45,4215.26,5242.2,3108.35,2578.5,1202.83,89.26,1186.3,209.75,536.11,864.76,0,0,-609.87,68.59
2026-04-20T18:00:00+03:00,18:00,39107.84,5176.11,15136.47,4439.33,5815.94,3461.45,2470.06,290.9,95.13,1200.99,214.17,549.2,880.45,0,0,-692.07,69.71
2026-04-20T19:00:00+03:00,19:00,41660.65,5695.26,16976.37,4534.13,5909.16,3686.41,2445.43,28.79,110.6,1232.2,214.17,570.29,869.75,0,0,-679.32,67.41
2026-04-20T20:00:00+03:00,20:00,42897.68,5845.44,17614.64,4489.47,5931.02,3834.0,2567.9,21.71,110.56,1259.93,216.37,569.8,864.14,0,0,-498.07,70.77
2026-04-20T21:00:00+03:00,21:00,41701.87,5803.35,16521.48,4495.45,5893.39,3911.07,2582.46,14.61,109.7,1278.41,211.96,570.46,879.23,0,0,-641.29,71.59
2026-04-20T22:00:00+03:00,22:00,39872.43,5434.3,15288.76,4503.09,5767.27,3809.23,2450.41,0.04,96.9,1295.13,205.33,572.1,877.38,0,0,-498.99,71.48
2026-04-20T23:00:00+03:00,23:00,37767.35,4688.15,14815.1,4173.94,5572.22,3795.86,2111.03,0.01,83.99,1298.26,203.12,565.82,832.43,0,0,-443.65,71.07
2026-04-21T00:00:00+03:00,00:00,35830.28,3552.15,14129.3,4268.57,5449.08,3447.22,2259.8,1.17,83.79,1323.86,205.33,546.7,860.62,0,0,-366.64,69.33
2026-04-21T01:00:00+03:00,01:00,34135.91,3106.57,12809.25,4294.92,5479.38,3396.95,2373.72,1.12,83.0,1333.67,203.13,543.08,843.31,0,0,-402.19,70.0
2026-04-21T02:00:00+03:00,02:00,32936.96,2135.75,12739.38,4323.3,5330.76,3403.99,2284.42,1.15,82.58,1329.26,196.51,548.34,851.85,0,0,-358.3,67.97
2026-04-21T03:00:00+03:00,03:00,32350.26,1873.74,12383.92,4337.92,5229.98,3419.46,2365.94,1.42,83.09,1337.52,203.13,549.38,864.78,0,0,-373.56,73.54
2026-04-21T04:00:00+03:00,04:00,32161.14,1898.33,12358.96,4333.98,5113.56,3456.01,2232.83,1.44,81.96,1344.87,205.33,546.98,870.71,0,0,-354.45,70.63
2026-04-21T05:00:00+03:00,05:00,32403.03,2062.1,12462.72,4347.25,5199.43,3449.69,2108.93,8.56,81.68,1349.93,205.33,547.67,862.6,0,0,-353.88,71.02
2026-04-21T06:00:00+03:00,06:00,30981.32,2545.9,10766.03,4493.4,4729.9,3455.84,1997.28,302.45,78.44,1346.39,203.13,545.25,853.39,0,0,-410.93,74.85
2026-04-21T07:00:00+03:00,07:00,30314.96,2922.85,10007.31,4512.69,4100.06,3067.7,1623.66,1476.3,84.94,1284.06,198.71,552.05,857.79,0,0,-450.48,77.32
2026-04-21T08:00:00+03:00,08:00,31094.53,4175.15,8266.22,4608.94,4008.29,3283.83,1277.47,2704.64,87.15,1260.46,205.33,550.38,861.3,0,0,-274.6,79.97
2026-04-21T09:00:00+03:00,09:00,28547.27,4523.7,7529.7,4441.43,2465.52,3345.33,1082.27,2364.5,88.06,1241.71,214.16,554.92,860.42,0,0,-244.4,79.95
2026-04-21T10:00:00+03:00,10:00,26580.37,3690.37,7608.71,4286.84,1708.58,3304.86,738.95,2428.38,88.22,1222.22,221.0,552.74,856.72,0,0,-207.23,80.01
2026-04-21T11:00:00+03:00,11:00,26475.57,3808.54,7377.66,4272.11,1555.91,3295.51,852.51,2525.25,89.8,1198.15,225.2,548.3,860.36,0,0,-212.0,78.27
2026-04-21T12:00:00+03:00,12:00,24629.53,3508.93,5869.03,4266.92,1525.48,3183.71,1013.38,2511.44,89.89,1175.15,223.0,540.79,864.76,0,0,-220.2,77.25
2026-04-21T13:00:00+03:00,13:00,25542.04,3520.69,6568.89,4311.66,1594.94,3032.79,1246.56,2469.46,98.0,1171.49,234.04,546.55,853.49,0,0,-183.1,76.58
2026-04-21T14:00:00+03:00,14:00,27190.73,3645.9,7952.53,4298.77,1654.71,3057.5,1501.26,2380.84,98.03,1146.9,236.25,551.63,826.31,0,0,-236.2,76.3
2026-04-21T15:00:00+03:00,15:00,28088.0,3621.32,8603.0,4302.63,1645.22,3261.65,1838.71,2281.16,91.86,1138.05,249.5,553.08,820.67,0,0,-394.88,76.03
2026-04-21T16:00:00+03:00,16:00,31758.87,3810.02,9892.4,4305.6,2364.72,3322.68,3148.46,2407.88,87.36,1141.47,253.91,545.32,840.04,0,0,-437.36,76.37
2026-04-21T17:00:00+03:00,17:00,36222.78,3711.97,11688.26,4280.16,4769.06,3519.29,4085.31,1882.08,86.56,1146.66,251.71,544.61,847.85,0,0,-664.21,73.47
2026-04-21T18:00:00+03:00,18:00,39334.46,3862.27,14815.08,4429.13,5623.22,3837.42,3870.64,514.32,93.69,1162.01,253.92,578.02,882.74,0,0,-663.86,75.86
2026-04-21T19:00:00+03:00,19:00,41843.62,4724.12,16700.26,4679.49,5820.15,3741.09,3906.96,29.27,97.63,1184.65,251.71,462.83,892.71,0,0,-725.92,78.67
2026-04-21T20:00:00+03:00,20:00,42915.01,5042.65,17138.19,4714.05,5815.23,3713.1,4277.36,10.94,97.0,1213.16,256.12,429.15,895.03,0,0,-763.04,76.07
2026-04-21T21:00:00+03:00,21:00,41733.08,4918.79,16128.83,4725.13,5785.85,3824.27,4021.11,0.5,97.1,1235.8,256.12,429.07,891.06,0,0,-656.45,75.9
2026-04-21T22:00:00+03:00,22:00,39931.24,4420.56,15592.07,4446.19,5639.77,3598.98,3727.95,0.51,86.17,1257.36,253.91,428.81,884.06,0,0,-478.22,73.12
2026-04-21T23:00:00+03:00,23:00,38022.49,4296.11,14982.63,4355.13,5427.04,3057.84,3409.66,0.54,85.14,1261.59,260.53,425.18,844.71,0,0,-456.19,72.58
2026-04-22T00:00:00+03:00,00:00,35970.14,3769.89,14157.99,4298.21,5290.33,2523.52,3211.1,0.97,83.52,1293.54,280.4,437.97,870.04,0,0,-321.62,74.28
2026-04-22T01:00:00+03:00,01:00,34076.71,3357.34,12965.45,4275.25,5270.3,2435.03,3072.43,0.97,83.51,1304.44,280.4,427.48,875.75,0,0,-347.59,75.95
2026-04-22T02:00:00+03:00,02:00,32891.01,2991.46,12441.62,4265.24,5087.21,2510.72,2876.84,0.97,82.58,1308.49,234.04,441.9,878.12,0,0,-302.21,74.03
2026-04-22T03:00:00+03:00,03:00,32177.0,2656.94,12208.68,4140.75,5059.52,2564.04,2829.34,0.96,83.45,1316.49,220.79,452.55,876.91,0,0,-309.85,76.43
2026-04-22T04:00:00+03:00,04:00,31981.63,2168.8,12229.52,4121.7,4971.53,2736.52,3014.6,1.0,84.23,1318.41,223.0,453.35,869.69,0,0,-288.7,77.98
2026-04-22T05:00:00+03:00,05:00,32183.67,2274.77,12148.79,4055.54,5117.38,2942.73,2945.28,9.01,83.17,1326.88,223.0,452.05,856.24,0,0,-330.71,79.54
2026-04-22T06:00:00+03:00,06:00,31159.62,2719.36,11447.64,3933.77,4489.42,2642.9,2864.01,380.59,83.77,1332.82,220.79,453.72,847.52,0,0,-335.79,79.1
2026-04-22T07:00:00+03:00,07:00,30337.69,3169.87,10620.35,3940.77,3245.61,2610.92,2800.3,1271.12,91.46,1321.2,220.79,449.02,855.69,0,0,-338.99,79.58
2026-04-22T08:00:00+03:00,08:00,31415.52,3813.62,10018.27,3960.89,2859.42,2868.29,2863.98,2294.3,86.3,1294.93,220.79,443.16,862.88,0,0,-250.98,79.67
2026-04-22T09:00:00+03:00,09:00,30958.02,4313.76,8949.08,3933.84,2224.21,3691.2,2674.48,2390.72,90.83,1258.9,227.41,427.22,861.52,0,0,-160.4,75.25
2026-04-22T10:00:00+03:00,10:00,29856.57,4584.77,8193.78,3943.19,1637.08,4027.17,2637.21,2270.97,87.61,1232.27,225.21,365.88,859.16,0,0,-286.37,78.64
2026-04-22T11:00:00+03:00,11:00,30879.75,4826.86,8561.99,3948.21,1486.31,4046.22,3219.96,2195.35,95.01,1198.4,218.59,382.48,849.67,0,0,-224.98,75.68
2026-04-22T12:00:00+03:00,12:00,29265.09,3954.92,7499.09,3940.44,1311.84,3882.13,3931.63,1983.51,95.29,1172.75,220.79,400.73,850.23,0,0,-55.07,76.81
2026-04-22T13:00:00+03:00,13:00,31501.09,4657.37,8673.35,3957.28,1365.3,3763.08,4336.75,2078.38,95.54,1149.84,223.0,407.18,848.38,0,0,-130.94,76.58
2026-04-22T14:00:00+03:00,14:00,33032.65,4879.07,9486.46,3951.15,1677.25,3715.52,4875.18,1887.44,94.82,1132.52,220.79,401.4,828.46,0,0,-191.36,73.95
2026-04-22T15:00:00+03:00,15:00,34613.04,4815.96,11238.68,3952.75,1792.66,3830.78,4881.46,1558.8,85.18,1148.31,218.59,400.09,822.9,0,0,-207.86,74.74
2026-04-22T16:00:00+03:00,16:00,37176.44,4749.61,12191.62,3937.49,2622.08,4063.85,5684.36,1468.02,92.38,1161.18,220.79,399.19,827.95,0,0,-316.14,74.06
2026-04-22T17:00:00+03:00,17:00,39667.52,4749.64,12819.42,3911.72,4673.23,4084.29,5912.58,1106.48,89.32,1180.81,216.38,411.82,838.2,0,0,-397.97,71.6
2026-04-22T18:00:00+03:00,18:00,41017.16,4766.9,14393.15,4033.87,5418.04,4091.88,5591.64,299.35,93.59,1204.34,218.59,414.87,855.89,0,0,-437.71,72.76
2026-04-22T19:00:00+03:00,19:00,42630.09,4804.36,15866.88,4190.07,5829.99,4163.95,5240.58,16.19,98.23,1232.86,220.79,446.85,865.27,0,0,-422.5,76.57
2026-04-22T20:00:00+03:00,20:00,43302.11,4709.94,16842.85,4247.37,5847.88,4194.19,4954.4,18.78,99.17,1257.61,225.2,448.28,859.62,0,0,-478.61,75.43
2026-04-22T21:00:00+03:00,21:00,41915.97,4656.79,15331.88,4282.51,5868.7,4072.52,5147.41,0.01,97.61,1271.51,225.2,436.11,863.26,0,0,-415.69,78.15
2026-04-22T22:00:00+03:00,22:00,39605.98,3875.56,14668.82,4002.61,5704.45,3819.69,4903.43,1.51,87.56,1283.74,223.0,429.19,850.69,0,0,-317.75,73.48
2026-04-22T23:00:00+03:00,23:00,37577.1,3898.33,14550.3,3920.82,5147.26,3152.18,4408.97,0.1,87.75,1232.8,225.2,436.49,793.53,0,0,-347.83,71.2
2026-04-23T00:00:00+03:00,00:00,34987.06,3410.41,13674.97,3856.83,4302.41,2750.51,4322.93,1.11,84.0,1295.57,225.2,448.71,821.25,0,0,-281.19,74.35
2026-04-23T01:00:00+03:00,01:00,33042.1,2879.96,13149.14,3943.22,3936.62,2412.77,4073.07,1.12,83.67,1300.82,223.0,480.37,816.13,0,0,-333.18,75.39
2026-04-23T02:00:00+03:00,02:00,31144.77,1515.45,13081.76,3987.38,3558.05,2342.46,3884.13,1.11,83.93,1304.66,225.2,572.07,799.18,0,0,-288.53,77.92
2026-04-23T03:00:00+03:00,03:00,30708.7,1448.96,12598.22,3986.6,3437.78,2350.88,4110.17,1.11,83.83,1308.15,227.41,597.11,797.92,0,0,-314.88,75.44
2026-04-23T04:00:00+03:00,04:00,30689.41,1470.36,12810.66,4017.09,3141.92,2339.11,4103.9,1.55,84.05,1308.29,223.0,594.61,809.65,0,0,-292.2,77.42
2026-04-23T05:00:00+03:00,05:00,30578.67,1483.36,12535.13,4006.79,3112.68,2346.17,4336.66,12.19,83.65,1298.21,225.2,593.65,806.23,0,0,-321.11,59.86
2026-04-23T06:00:00+03:00,06:00,29271.09,1854.74,11353.46,3882.55,2535.12,2442.27,4247.75,199.55,87.07,1312.46,223.0,590.66,799.89,0,0,-331.65,74.22
2026-04-23T07:00:00+03:00,07:00,27661.85,2567.28,9872.92,3860.04,1708.93,2315.17,3566.88,957.72,88.1,1312.42,225.2,570.7,836.34,0,0,-296.32,76.47
2026-04-23T08:00:00+03:00,08:00,28629.57,2870.76,9838.17,3840.49,1711.18,2323.44,3358.47,1768.51,89.95,1289.14,223.0,579.42,849.41,0,0,-180.88,68.51
2026-04-23T09:00:00+03:00,09:00,28770.78,3443.73,9390.02,3814.09,1611.0,2280.84,3366.68,1992.1,92.67,1297.68,225.21,574.44,853.6,0,0,-242.23,70.95
2026-04-23T10:00:00+03:00,10:00,28604.13,3837.58,8688.93,3802.23,1465.85,2576.89,3248.44,2037.8,93.24,1295.12,223.0,573.92,854.74,0,0,-162.43,68.82
2026-04-23T11:00:00+03:00,11:00,28314.06,3499.79,8568.98,3838.32,1420.59,2803.81,3065.47,2081.5,93.51,1281.17,223.0,568.75,849.05,0,0,-45.08,65.2
2026-04-23T12:00:00+03:00,12:00,27741.42,4039.95,8027.09,3822.82,1377.23,2638.28,2680.63,2109.89,92.04,1281.76,220.8,583.36,845.71,0,0,-44.07,65.93
2026-04-23T13:00:00+03:00,13:00,28341.53,4498.59,8206.06,3870.25,1540.54,2601.97,2495.83,2014.94,92.59,1280.54,220.79,587.88,847.61,0,0,15.94,68.0
2026-04-23T14:00:00+03:00,14:00,29066.19,4471.05,9174.12,3971.91,1688.51,2423.53,2412.5,1843.68,92.89,1285.38,220.8,573.54,857.35,0,0,-20.5,71.43
2026-04-23T15:00:00+03:00,15:00,30062.54,4410.41,10422.04,3958.99,1748.64,2420.56,2419.01,1564.24,88.89,1291.49,225.21,582.94,850.55,0,0,10.18,69.39
2026-04-23T16:00:00+03:00,16:00,32160.23,4560.69,11783.41,4003.61,2388.84,2453.28,2586.62,1276.39,89.09,1290.13,222.8,587.4,859.97,0,0,-8.41,66.41
2026-04-23T17:00:00+03:00,17:00,35032.48,4595.89,12960.59,4170.17,3552.59,2490.94,2997.51,1133.78,88.75,1295.35,218.59,585.94,862.66,0,0,12.64,67.08
2026-04-23T18:00:00+03:00,18:00,37382.1,4150.03,14440.26,4272.42,5436.26,2749.86,3000.47,307.78,87.54,1300.11,223.0,579.22,902.66,0,0,-133.73,66.22
2026-04-23T19:00:00+03:00,19:00,39639.94,4389.34,15859.25,4381.84,5926.35,3277.82,3015.33,15.79,87.6,1306.65,225.2,576.78,906.67,0,0,-395.11,66.43
2026-04-23T20:00:00+03:00,20:00,40660.41,4729.11,16046.22,4551.75,6010.6,3382.05,3213.35,15.64,94.68,1315.35,223.0,580.75,907.75,0,0,-477.4,67.56
2026-04-23T21:00:00+03:00,21:00,39530.48,4732.13,14757.18,4534.09,5942.86,3489.08,3351.02,0.03,85.45,1319.26,218.59,572.16,893.27,0,0,-431.62,66.98
2026-04-23T22:00:00+03:00,22:00,37776.03,4684.08,13699.97,4360.38,5759.42,3383.27,3073.4,0.03,87.06,1326.85,223.0,590.24,876.99,0,0,-357.54,68.88
2026-04-23T23:00:00+03:00,23:00,36003.78,4337.39,13576.18,4111.87,5533.76,2993.34,2688.53,0.03,87.24,1332.23,223.0,590.85,836.43,0,0,-376.02,68.95
2026-04-24T00:00:00+03:00,00:00,34688.25,3584.7,13341.08,4135.02,5517.6,2461.01,2701.1,0.77,83.9,1330.16,220.79,589.57,887.62,0,0,-231.85,66.78
2026-04-24T01:00:00+03:00,01:00,33021.98,3209.21,12527.76,4107.92,5316.85,2367.3,2628.24,0.77,83.83,1340.49,218.59,573.56,880.29,0,0,-304.32,71.49
2026-04-24T02:00:00+03:00,02:00,31835.35,2630.3,12043.57,4088.74,5078.38,2378.43,2737.55,1.01,83.84,1345.94,220.79,572.95,874.37,0,0,-290.23,69.71
2026-04-24T03:00:00+03:00,03:00,31122.53,2315.02,11819.79,4095.83,5121.08,2378.39,2503.08,1.09,82.66,1342.08,220.79,585.48,882.09,0,0,-295.1,70.25
2026-04-24T04:00:00+03:00,04:00,31120.08,2328.98,11904.01,4105.31,5017.18,2382.7,2460.74,1.4,82.34,1352.92,223.0,585.35,890.54,0,0,-285.7,71.31
2026-04-24T05:00:00+03:00,05:00,31348.08,2547.18,11564.62,4103.7,5433.34,2374.88,2413.56,11.87,82.65,1348.08,223.0,584.99,882.73,0,0,-294.81,72.29
2026-04-24T06:00:00+03:00,06:00,30373.98,2902.26,10418.06,4075.17,5290.74,2358.99,2228.31,242.62,85.47,1348.44,220.79,583.59,874.06,0,0,-324.7,70.18
2026-04-24T07:00:00+03:00,07:00,30146.9,3558.58,9375.95,4036.12,5079.8,2352.5,1912.92,920.34,91.15,1346.2,225.2,585.82,887.59,0,0,-298.86,73.59
2026-04-24T08:00:00+03:00,08:00,31947.09,4488.27,9545.61,4082.15,5217.15,2640.98,1469.93,1567.65,89.93,1334.41,223.0,591.35,874.47,0,0,-248.66,70.85
2026-04-24T09:00:00+03:00,09:00,30608.17,4506.24,8002.86,4084.96,4648.87,3173.05,1165.62,2129.01,91.37,1287.82,220.8,585.09,856.22,0,0,-213.98,70.24
2026-04-24T10:00:00+03:00,10:00,28695.07,4091.96,8212.89,4102.47,3284.29,2464.45,1055.17,2407.71,90.25,1259.7,223.0,560.93,856.86,0,0,13.37,72.02
2026-04-24T11:00:00+03:00,11:00,28411.32,4155.81,8106.25,3953.02,2999.38,2347.07,1150.42,2610.97,89.99,1229.58,225.21,565.99,870.28,0,0,38.44,68.91
2026-04-24T12:00:00+03:00,12:00,26113.27,3810.71,7891.43,3885.0,1881.42,2328.88,974.63,2330.77,95.13,1197.81,227.41,559.88,889.83,0,0,-30.05,70.42
2026-04-24T13:00:00+03:00,13:00,25945.95,3784.95,7886.99,3848.59,1763.17,2375.37,963.97,2032.13,96.86,1184.46,223.0,558.21,869.44,0,0,285.34,73.47
2026-04-24T14:00:00+03:00,14:00,28489.71,3787.84,9741.38,3866.17,2030.29,2305.46,1108.43,2217.34,96.02,1172.5,223.0,556.77,897.89,0,0,414.9,71.72
2026-04-24T15:00:00+03:00,15:00,29764.24,3814.95,10984.66,3897.52,2106.33,2339.36,1218.5,1944.21,90.78,1161.63,223.0,553.1,896.32,0,0,460.47,73.41
2026-04-24T16:00:00+03:00,16:00,32637.14,4032.21,11830.33,3930.5,3408.81,2363.19,1663.63,1969.21,87.27,1147.13,225.2,563.53,893.65,0,0,450.06,72.42
2026-04-24T17:00:00+03:00,17:00,36258.62,4910.84,13438.56,3973.14,5390.82,2610.01,1736.76,1038.88,93.05,1152.34,220.79,561.78,907.3,0,0,156.94,67.41
2026-04-24T18:00:00+03:00,18:00,38594.3,5378.17,15232.31,4111.01,5750.19,3186.51,1872.56,268.48,98.31,1168.03,225.2,568.9,922.26,0,0,-255.48,67.85
2026-04-24T19:00:00+03:00,19:00,40912.06,5405.09,16641.72,4380.45,5945.3,3609.09,2099.25,28.22,99.02,1194.22,220.79,604.68,925.08,0,0,-311.7,70.85
2026-04-24T20:00:00+03:00,20:00,42113.78,5658.21,17319.34,4358.22,5968.32,3617.05,2401.67,0.78,98.52,1232.31,223.0,602.18,920.11,0,0,-351.97,66.04
2026-04-24T21:00:00+03:00,21:00,41085.82,5598.53,16486.75,4391.03,5896.29,3562.82,2354.98,0.03,96.59,1251.62,225.21,598.2,919.18,0,0,-364.46,69.05
2026-04-24T22:00:00+03:00,22:00,39466.04,4853.4,16291.46,4179.6,5788.94,3219.03,2345.47,0.24,86.58,1259.01,220.8,557.75,905.87,0,0,-312.77,70.66
2026-04-24T23:00:00+03:00,23:00,37597.66,4556.44,15784.83,4114.67,5561.78,2561.99,2240.66,0.24,85.63,1258.99,220.79,571.56,896.13,0,0,-325.47,69.42
2026-04-25T00:00:00+03:00,00:00,36002.17,4769.74,14690.13,4000.47,5501.12,2099.71,2162.42,1.44,83.09,1278.0,220.8,567.2,871.36,0,0,-318.72,75.41
2026-04-25T01:00:00+03:00,01:00,34130.17,4501.97,13455.18,3912.75,5494.66,1914.98,2130.56,1.22,84.21,1282.98,220.79,576.45,880.7,0,0,-402.5,76.22
2026-04-25T02:00:00+03:00,02:00,32667.26,3617.49,12908.66,4011.91,5279.91,1850.37,2233.04,1.22,83.97,1284.61,220.79,579.2,878.44,0,0,-355.87,73.52
2026-04-25T03:00:00+03:00,03:00,31926.73,3262.87,12513.75,4061.76,5095.18,1873.23,2343.69,1.22,83.11,1293.43,225.21,568.02,861.31,0,0,-323.46,67.41
2026-04-25T04:00:00+03:00,04:00,31694.0,2679.76,12744.66,4132.18,5005.1,1875.54,2504.35,1.45,82.36,1298.57,218.59,568.55,846.83,0,0,-337.88,73.94
2026-04-25T05:00:00+03:00,05:00,31570.4,2678.1,12793.44,4134.52,4750.2,1869.96,2560.17,10.59,81.98,1301.62,223.0,576.39,845.23,0,0,-329.27,74.47
2026-04-25T06:00:00+03:00,06:00,29602.57,2605.36,11939.87,4144.11,3537.66,1838.18,2429.98,333.34,83.28,1314.1,223.0,574.17,847.42,0,0,-341.48,73.58
2026-04-25T07:00:00+03:00,07:00,27128.19,2703.7,10045.52,4151.79,2508.72,1815.78,2014.86,1174.1,88.61,1309.2,223.0,575.2,859.61,0,0,-414.93,73.03
2026-04-25T08:00:00+03:00,08:00,26147.1,2527.48,9141.11,4293.34,2209.47,1830.85,1414.48,1975.86,90.66,1283.6,218.58,574.44,857.98,0,0,-341.58,70.83
2026-04-25T09:00:00+03:00,09:00,24099.93,2704.48,7329.45,4386.89,1629.0,1808.57,1196.42,2208.11,89.43,1257.17,223.0,577.64,847.81,0,0,-233.85,75.81
2026-04-25T10:00:00+03:00,10:00,22856.57,2010.95,6315.85,4417.72,1598.09,1848.99,1181.37,2427.17,90.93,1232.48,220.79,567.97,851.32,0,0,15.8,77.14
2026-04-25T11:00:00+03:00,11:00,22289.29,1817.98,5910.78,4175.67,1570.24,1800.44,1158.74,2557.49,90.45,1212.7,225.2,551.66,850.75,0,0,292.36,74.83
2026-04-25T12:00:00+03:00,12:00,21021.91,1817.72,4895.29,4212.49,1587.05,1821.37,1152.53,2569.95,94.86,1184.27,225.2,562.94,836.01,0,0,-17.13,79.36
2026-04-25T13:00:00+03:00,13:00,21949.61,1915.37,5534.57,4151.12,1642.36,1867.45,1057.2,2513.63,90.06,1175.89,220.8,554.93,827.52,0,0,319.34,79.37
2026-04-25T14:00:00+03:00,14:00,23299.65,1806.25,7051.83,4247.31,1659.14,1859.9,942.76,2354.89,89.41,1170.73,220.79,551.0,836.15,0,0,429.37,80.12
2026-04-25T15:00:00+03:00,15:00,25400.44,1817.34,9364.37,4255.54,1808.86,1893.15,809.47,2122.02,90.97,1172.22,223.0,558.0,838.62,0,0,376.11,70.77
2026-04-25T16:00:00+03:00,16:00,28616.02,2215.67,12004.54,4028.85,2462.17,1863.83,1047.98,1697.01,89.84,1168.97,220.79,557.88,834.6,0,0,352.84,71.05
2026-04-25T17:00:00+03:00,17:00,32842.72,2630.21,13599.43,4123.6,4756.33,2208.21,1325.11,927.89,90.46,1174.69,223.0,564.64,830.2,0,0,329.15,59.8
2026-04-25T18:00:00+03:00,18:00,36219.1,2891.28,15547.67,4312.34,5728.77,3088.78,1530.95,243.85,90.41,1183.03,223.0,562.07,865.91,0,0,-111.58,62.62
2026-04-25T19:00:00+03:00,19:00,38667.01,3331.11,17070.35,4508.86,5890.75,2994.95,1669.41,27.68,100.32,1201.75,247.29,618.29,873.93,0,0,67.61,64.71
2026-04-25T20:00:00+03:00,20:00,40201.83,3422.33,17487.08,4519.58,6021.4,3701.16,1630.16,6.71,103.94,1220.21,269.36,611.57,885.59,0,0,253.82,68.92
2026-04-25T21:00:00+03:00,21:00,39115.56,3494.31,16365.38,4588.38,5906.13,3893.04,1774.11,8.94,104.97,1242.95,282.6,609.69,879.5,0,0,-104.81,70.37
2026-04-25T22:00:00+03:00,22:00,37716.96,3685.27,15348.48,4470.09,5828.93,3771.43,1780.19,0.01,90.54,1249.94,300.28,594.41,842.85,0,0,-314.48,69.02
2026-04-25T23:00:00+03:00,23:00,35862.77,3743.8,14351.31,4562.18,5567.09,3191.83,1809.59,0.01,89.5,1235.54,304.69,583.38,833.94,0,0,-478.73,68.64
2026-04-26T00:00:00+03:00,00:00,33743.09,3294.97,13121.42,4549.06,5486.25,2836.79,1694.6,0.01,85.33,1226.33,306.9,582.29,869.97,0,0,-379.34,68.51
2026-04-26T01:00:00+03:00,01:00,32129.77,3302.47,12731.02,4256.74,5547.21,2054.59,1550.04,0.01,84.82,1219.76,302.48,572.13,875.92,0,0,-438.14,70.72
2026-04-26T02:00:00+03:00,02:00,30802.62,3211.66,12328.11,4241.41,5344.38,1642.94,1312.78,0.01,85.12,1229.0,304.69,585.92,871.42,0,0,-433.42,78.6
2026-04-26T03:00:00+03:00,03:00,29875.87,2901.52,11870.07,4300.58,5320.42,1638.93,1136.67,0.01,84.12,1242.97,271.57,581.38,865.25,0,0,-417.0,79.38
2026-04-26T04:00:00+03:00,04:00,29477.22,2772.2,11655.01,4378.4,5248.59,1636.35,1077.59,0.04,82.47,1251.74,260.53,578.33,864.96,0,0,-407.45,78.46
2026-04-26T05:00:00+03:00,05:00,29103.72,2773.83,11261.98,4340.71,5264.94,1636.72,1110.12,5.74,82.02,1267.51,260.53,582.17,872.95,0,0,-435.34,79.84
2026-04-26T06:00:00+03:00,06:00,27009.64,2521.51,10263.19,4428.28,4161.75,1615.47,1067.6,241.18,82.46,1304.48,260.53,583.99,847.54,0,0,-447.32,78.98
2026-04-26T07:00:00+03:00,07:00,23389.1,1994.52,9208.65,4325.06,1653.33,1613.36,732.55,1175.96,82.08,1298.5,256.11,579.71,840.3,0,0,-449.79,78.76
2026-04-26T08:00:00+03:00,08:00,20094.69,897.0,6493.08,4267.25,1479.15,1615.07,686.95,1903.82,83.68,1271.37,260.53,561.55,861.99,0,0,-362.65,75.9
2026-04-26T09:00:00+03:00,09:00,18001.37,516.01,5046.93,4334.3,1195.92,1583.43,657.39,1848.56,83.75,1237.62,258.32,572.86,869.35,0,0,-283.37,80.3
2026-04-26T10:00:00+03:00,10:00,16936.02,486.28,4042.63,4409.58,1092.29,1595.69,625.82,1333.25,84.64,1206.92,260.53,563.47,869.67,0,0,288.05,77.2
2026-04-26T11:00:00+03:00,11:00,17017.15,514.75,4301.07,4290.27,1104.04,1613.48,563.01,1103.93,85.09,1175.07,262.74,568.38,872.6,0,0,480.24,82.48
2026-04-26T12:00:00+03:00,12:00,17817.22,509.41,5090.82,4265.79,1208.81,1631.31,588.88,1080.88,61.3,1137.71,260.53,571.17,850.18,0,0,481.55,78.88
2026-04-26T13:00:00+03:00,13:00,19011.02,552.89,6174.62,4251.53,1394.81,1624.17,594.53,1059.91,52.43,1102.56,264.95,576.66,819.13,0,0,464.52,78.31
2026-04-26T14:00:00+03:00,14:00,20173.76,626.12,6452.75,4279.02,1437.81,1617.11,993.63,1524.48,52.71,1085.68,249.5,578.12,821.6,0,0,379.15,76.08
2026-04-26T15:00:00+03:00,15:00,21661.5,954.86,7147.05,4257.6,1448.76,1619.28,1346.97,1733.49,52.83,1082.57,240.67,580.86,839.24,0,0,280.11,77.21
2026-04-26T16:00:00+03:00,16:00,24111.02,1646.38,9305.89,4250.37,1529.73,1624.35,1436.0,1148.42,52.69,1086.74,234.03,587.47,830.74,0,0,300.01,78.2
2026-04-26T17:00:00+03:00,17:00,28081.56,2394.77,12345.74,4222.66,1745.65,1651.53,1546.39,991.74,52.04,1102.69,231.83,585.87,832.0,0,0,300.2,78.45
2026-04-26T18:00:00+03:00,18:00,32199.83,3031.62,15072.58,4230.17,3433.16,1668.36,1867.95,334.99,52.51,1111.32,238.45,581.1,833.94,0,0,-330.53,74.21
2026-04-26T19:00:00+03:00,19:00,35574.66,3547.66,15520.83,4320.23,5591.98,1993.63,2195.59,29.06,90.09,1145.84,238.45,586.04,869.87,0,0,-627.87,73.26
2026-04-26T20:00:00+03:00,20:00,37154.6,3694.45,16064.92,4537.63,5832.72,2203.63,2380.94,0.05,85.35,1173.98,236.24,587.93,871.09,0,0,-585.91,71.58
2026-04-26T21:00:00+03:00,21:00,36384.83,3712.51,15078.9,4568.06,5945.48,2239.99,2301.75,16.04,85.85,1201.02,238.45,599.75,859.81,0,0,-533.78,71.0
2026-04-26T22:00:00+03:00,22:00,34999.69,3551.7,14364.45,4348.28,5718.21,2233.4,2261.08,0.01,85.21,1220.04,240.66,585.79,827.15,0,0,-507.49,71.2
2026-04-26T23:00:00+03:00,23:00,33252.7,3013.65,13982.55,4301.21,4780.67,2249.59,2417.98,0.01,85.11,1235.58,240.66,589.88,814.58,0,0,-529.25,70.48
2026-04-27T00:00:00+03:00,00:00,31971.2,3036.62,12492.0,4315.61,4324.86,2240.94,2974.66,1.37,85.4,1255.55,234.03,591.49,834.2,0,0,-483.47,67.94
2026-04-27T01:00:00+03:00,01:00,29877.89,2281.27,11510.0,4185.96,3657.52,2150.95,3345.59,1.28,84.13,1263.45,231.83,593.43,795.12,0,0,-289.34,66.7
2026-04-27T02:00:00+03:00,02:00,28862.93,1810.78,11766.73,4281.24,2656.21,1673.96,3885.9,1.27,84.24,1289.95,236.24,581.59,797.7,0,0,-264.94,62.06
2026-04-27T03:00:00+03:00,03:00,28359.27,1444.84,11532.0,4298.44,2418.83,1630.26,4170.54,1.27,84.15,1302.01,236.24,589.19,818.13,0,0,-231.33,64.7
2026-04-27T04:00:00+03:00,04:00,28243.79,1156.78,11329.83,4243.52,2213.06,1628.12,4803.65,1.31,84.69,1309.18,238.45,585.84,825.05,0,0,-243.9,68.21
2026-04-27T05:00:00+03:00,05:00,28351.51,1085.45,11112.96,4036.06,2212.81,1628.14,5416.16,7.88,84.0,1314.14,240.66,577.7,824.59,0,0,-262.79,73.75
2026-04-27T06:00:00+03:00,06:00,27231.33,1172.41,10113.14,4000.78,1898.33,1594.25,5502.48,197.43,84.83,1316.42,236.24,582.13,776.32,0,0,-314.31,70.88
2026-04-27T07:00:00+03:00,07:00,26128.09,1930.58,8958.28,3838.17,1594.39,1300.84,5142.74,827.27,36.87,1220.22,238.45,583.28,658.88,0,0,-268.93,67.05
2026-04-27T08:00:00+03:00,08:00,27634.07,2317.74,9105.87,3844.39,1576.7,1301.32,5320.51,1630.65,35.91,1194.85,242.87,581.11,600.64,0,0,-187.72,69.23
2026-04-27T09:00:00+03:00,09:00,25924.12,2364.01,8090.6,3709.38,1486.08,1256.92,4900.95,1900.14,35.33,1085.41,236.24,452.23,530.57,0,0,-185.97,62.23
2026-04-27T10:00:00+03:00,10:00,14750.99,527.67,3158.54,2274.7,1167.89,1178.76,2888.76,1866.02,0.0,865.37,0.0,432.68,331.38,0,0,0.0,59.22
2026-04-28T00:00:00+03:00,00:00,35338.91,2934.42,14043.04,3912.45,4864.7,2156.53,4716.88,1.05,84.09,1237.41,247.29,579.15,851.41,0,0,-360.39,70.88
2026-04-28T01:00:00+03:00,01:00,33726.75,2689.88,13267.62,3865.47,4953.67,1691.44,4488.12,1.07,84.38,1243.75,214.17,577.13,847.95,0,0,-268.06,70.16
2026-04-28T02:00:00+03:00,02:00,32443.37,2687.26,12377.14,3884.57,4724.91,1624.82,4375.48,1.09,84.52,1274.5,220.8,573.08,848.36,0,0,-302.81,69.65
2026-04-28T03:00:00+03:00,03:00,31734.61,2651.14,11883.62,3865.27,4745.93,1607.4,4174.95,1.15,83.63,1286.53,225.2,583.44,854.4,0,0,-299.61,71.56
2026-04-28T04:00:00+03:00,04:00,31213.22,2376.94,11880.28,3902.98,4699.6,1319.94,4224.89,1.43,83.94,1296.54,223.0,582.61,857.92,0,0,-310.79,73.94
2026-04-28T05:00:00+03:00,05:00,31548.04,2276.37,11818.83,3965.02,4903.2,1592.65,4101.11,15.3,82.67,1321.79,218.59,588.53,857.33,0,0,-266.33,72.98
2026-04-28T06:00:00+03:00,06:00,30308.41,1987.29,11351.74,3890.42,4362.35,1579.22,3857.24,447.99,83.82,1317.45,216.38,578.53,825.33,0,0,-258.57,69.22
2026-04-28T07:00:00+03:00,07:00,29353.41,2220.11,11663.51,3849.22,2548.73,1596.1,3075.39,1493.19,84.83,1313.08,220.8,565.11,858.48,0,0,-205.73,70.59
2026-04-28T08:00:00+03:00,08:00,30011.64,3331.23,10743.86,4009.19,2423.84,1985.14,2358.4,2191.88,86.11,1289.6,220.8,583.01,873.51,0,0,-153.66,68.73
2026-04-28T09:00:00+03:00,09:00,28043.61,3798.8,9022.76,3975.67,1609.97,2407.7,1822.88,2441.66,87.5,1250.8,218.59,580.67,870.72,0,0,-110.71,66.6
2026-04-28T10:00:00+03:00,10:00,26068.46,3541.17,7979.43,3864.37,1550.43,1878.33,1662.65,2586.87,88.5,1215.39,220.8,570.93,860.17,0,0,-18.91,68.33
2026-04-28T11:00:00+03:00,11:00,25154.28,3587.29,7056.83,3952.03,1563.8,1857.38,1673.49,2506.8,87.95,1188.69,218.59,579.61,865.05,0,0,-50.55,67.32
2026-04-28T12:00:00+03:00,12:00,23792.79,2918.66,6502.57,3978.29,1547.82,1635.2,1707.28,2520.73,90.01,1172.33,218.59,570.62,865.01,0,0,-4.53,70.21
2026-04-28T13:00:00+03:00,13:00,24748.44,3062.43,6995.55,4041.25,1571.83,1732.51,1799.92,2555.81,89.0,1143.71,220.84,567.67,854.21,0,0,43.14,70.57
2026-04-28T14:00:00+03:00,14:00,26817.26,3539.0,8426.63,4059.26,1560.36,1945.18,1994.54,2352.33,93.28,1128.41,220.79,573.85,847.1,0,0,6.5,70.03
2026-04-28T15:00:00+03:00,15:00,28506.61,3374.97,10201.02,4044.99,1600.06,1993.78,2157.02,2207.86,90.43,1127.48,216.38,550.76,851.96,0,0,19.6,70.3
2026-04-28T16:00:00+03:00,16:00,32322.34,3675.57,13050.37,4024.0,2210.42,2168.06,2528.11,1877.78,85.12,1130.69,218.59,550.85,858.52,0,0,-125.77,70.03
2026-04-28T17:00:00+03:00,17:00,35918.78,3898.44,13111.88,4150.01,3749.57,2919.6,3952.17,1478.43,88.31,1143.64,218.59,554.98,884.48,0,0,-300.04,68.72
2026-04-28T18:00:00+03:00,18:00,39086.93,3913.54,14959.37,4141.74,5404.47,3109.69,4336.49,577.9,88.76,1163.72,218.59,567.46,897.21,0,0,-359.25,67.24
2026-04-28T19:00:00+03:00,19:00,41619.08,4045.31,16510.36,4194.06,5936.6,3299.5,4543.39,33.67,88.02,1196.89,220.8,545.2,903.91,0,0,34.65,66.72
2026-04-28T20:00:00+03:00,20:00,42747.78,4141.69,16797.06,4133.59,6091.76,3419.86,4903.72,15.93,87.29,1224.61,220.8,553.65,904.41,0,0,185.09,68.32
2026-04-28T21:00:00+03:00,21:00,41638.04,4359.47,16046.76,4110.54,5996.62,3389.39,4857.45,0.03,85.87,1249.44,223.0,561.7,904.7,0,0,-215.04,68.11
2026-04-28T22:00:00+03:00,22:00,39841.73,3872.14,15523.19,4078.4,5883.35,3302.86,4485.25,0.03,87.89,1270.29,220.8,570.67,867.58,0,0,-385.43,64.71
2026-04-28T23:00:00+03:00,23:00,37756.29,3558.48,14984.92,4077.51,5430.57,2607.87,4418.03,0.24,86.04,1263.61,220.8,545.75,866.86,0,0,-372.69,68.3
2026-04-29T00:00:00+03:00,00:00,35652.27,2926.47,13760.37,4123.37,5500.24,2120.94,4499.1,1.52,82.98,1300.56,220.8,540.63,868.43,0,0,-360.84,67.7
2026-04-29T01:00:00+03:00,01:00,33920.82,2049.65,13171.57,4116.5,5411.01,2081.47,4279.78,1.56,82.72,1309.57,218.59,555.16,876.37,0,0,-302.49,69.36
2026-04-29T02:00:00+03:00,02:00,32499.31,1219.1,12954.68,4157.63,5055.4,2091.4,4168.94,1.6,82.78,1317.94,223.0,550.49,864.18,0,0,-257.0,69.17
2026-04-29T03:00:00+03:00,03:00,31882.63,1298.65,12524.38,4178.37,4871.86,2087.21,4054.6,1.59,81.91,1325.33,220.8,570.39,872.76,0,0,-276.85,71.63
2026-04-29T04:00:00+03:00,04:00,31735.62,1294.63,12411.58,4185.58,4873.3,2063.04,4018.92,1.87,82.84,1334.7,216.38,563.64,862.19,0,0,-245.17,72.12
2026-04-29T05:00:00+03:00,05:00,31682.76,1290.97,12159.51,4176.37,5132.92,2089.19,3975.45,11.51,82.29,1334.86,220.8,565.34,858.79,0,0,-288.1,72.86
2026-04-29T06:00:00+03:00,06:00,30585.83,1363.08,11440.65,4183.07,4453.91,2049.58,3829.3,409.21,81.55,1329.6,223.0,559.37,865.97,0,0,-275.56,73.1
2026-04-29T07:00:00+03:00,07:00,29402.98,2279.03,10621.03,4182.11,2636.11,2044.72,3200.04,1573.74,85.68,1317.39,220.8,563.83,861.64,0,0,-256.99,73.85
2026-04-29T08:00:00+03:00,08:00,30193.03,3828.78,9903.65,4206.73,2247.74,2329.6,2560.84,2317.17,86.77,1270.75,218.59,558.83,875.06,0,0,-282.6,71.12
2026-04-29T09:00:00+03:00,09:00,28336.72,3996.4,8815.91,4161.09,1771.5,2671.69,1675.2,2391.97,87.38,1257.23,218.59,571.74,866.94,0,0,-220.41,71.49
2026-04-29T10:00:00+03:00,10:00,26201.64,3230.98,7971.06,3947.8,1536.72,2499.4,1527.9,2552.29,87.26,1226.78,216.38,580.86,867.35,0,0,-115.24,72.1
2026-04-29T11:00:00+03:00,11:00,25772.43,3513.75,7681.03,3951.87,1463.29,2062.73,1584.3,2659.46,94.68,1192.91,223.0,573.21,863.66,0,0,-155.96,64.5
2026-04-29T12:00:00+03:00,12:00,23608.4,2630.1,6228.82,3982.45,1482.69,2067.99,1678.47,2683.26,89.84,1163.86,220.8,574.84,847.32,0,0,-107.62,65.58
2026-04-29T13:00:00+03:00,13:00,24489.52,2618.87,7081.59,3989.75,1483.11,2086.49,1831.05,2523.68,88.22,1135.88,218.59,551.78,846.93,0,0,-38.62,72.2
2026-04-29T14:00:00+03:00,14:00,26367.22,3050.77,8600.45,3990.22,1492.12,2138.69,1896.67,2396.05,86.34,1118.6,223.0,528.42,843.34,0,0,-69.47,72.02
2026-04-29T15:00:00+03:00,15:00,28260.88,3286.4,10116.66,4021.6,1640.82,2252.84,1966.68,2230.01,85.92,1111.44,214.17,535.02,849.27,0,0,-123.25,73.3
2026-04-29T16:00:00+03:00,16:00,30164.44,2528.72,11700.84,4030.64,2236.2,2340.27,2411.11,2007.63,85.35,1106.62,223.0,551.65,854.44,0,0,17.0,70.97
2026-04-29T17:00:00+03:00,17:00,34137.87,2921.95,11847.22,3974.42,4637.5,3213.22,3001.92,1748.13,87.56,1111.01,216.38,572.12,873.97,0,0,-137.0,69.47
2026-04-29T18:00:00+03:00,18:00,37165.0,3189.59,14147.83,4039.64,5594.08,3836.86,2996.56,570.97,93.29,1119.82,220.79,584.62,887.73,0,0,-191.0,74.22
2026-04-29T19:00:00+03:00,19:00,39554.85,3373.61,16208.27,4121.71,5862.38,4168.22,2918.73,44.31,108.18,1157.27,220.8,612.78,886.95,0,0,-201.0,72.64
2026-04-29T20:00:00+03:00,20:00,41074.79,3542.63,17204.25,4173.6,5929.66,4159.48,3195.96,14.55,109.87,1202.54,220.8,607.6,882.91,0,0,-240.0,70.94
2026-04-29T21:00:00+03:00,21:00,40071.83,3785.54,16098.5,4109.97,5902.99,4116.43,3137.13,0.35,110.67,1233.59,218.59,610.99,886.5,0,0,-210.0,70.58
2026-04-29T22:00:00+03:00,22:00,38458.45,3008.44,15680.82,4100.5,5865.7,4112.66,2727.58,0.01,98.2,1254.92,220.79,621.74,867.38,0,0,-171.0,70.71
2026-04-29T23:00:00+03:00,23:00,36007.51,2375.82,15445.98,3980.21,5663.98,3383.54,2224.91,0.01,96.42,1271.17,220.8,594.07,827.97,0,0,-147.0,69.63
2026-04-30T00:00:00+03:00,00:00,35918.33,3772.45,14452.73,4083.27,5554.27,3329.51,1960.37,1.23,81.7,1286.32,218.59,586.51,831.91,0,0,-307.16,66.63
2026-04-30T01:00:00+03:00,01:00,34212.71,3144.18,14155.03,4087.76,5164.6,3007.8,1876.58,1.23,81.58,1293.64,216.38,583.03,829.25,0,0,-298.11,69.76
2026-04-30T02:00:00+03:00,02:00,32812.78,2412.76,13599.6,4119.07,5390.91,2652.44,1758.64,1.22,81.95,1305.84,218.59,588.06,835.7,0,0,-227.87,75.87
2026-04-30T03:00:00+03:00,03:00,32188.08,1930.79,13520.77,4134.01,5359.69,2668.57,1714.95,1.22,81.76,1300.33,218.59,583.58,839.84,0,0,-242.35,76.33
2026-04-30T04:00:00+03:00,04:00,31986.93,1986.42,13307.35,4191.42,5352.5,2641.36,1617.61,1.39,80.54,1318.74,218.59,589.78,833.85,0,0,-229.24,76.62
2026-04-30T05:00:00+03:00,05:00,31875.34,2023.18,13232.08,4173.8,5319.95,2633.77,1518.72,25.05,81.05,1324.8,218.59,579.13,843.94,0,0,-172.19,73.47
2026-04-30T06:00:00+03:00,06:00,30506.3,2150.77,11881.61,4158.93,4655.63,2835.7,1436.11,587.34,79.37,1325.18,218.59,587.77,834.16,0,0,-313.93,69.07
2026-04-30T07:00:00+03:00,07:00,29255.57,2511.94,10314.62,4177.66,3686.79,2948.65,1209.65,1617.59,84.53,1313.88,220.8,578.67,854.01,0,0,-334.71,71.49
2026-04-30T08:00:00+03:00,08:00,29768.47,3452.12,9073.75,4245.88,3645.83,2995.96,1269.53,2261.03,83.94,1284.95,216.38,550.28,866.96,0,0,-249.74,71.6
2026-04-30T09:00:00+03:00,09:00,28110.14,3819.15,8407.74,4147.93,2068.14,3184.14,1147.1,2485.23,84.86,1242.2,218.59,569.09,856.4,0,0,-196.19,75.76
2026-04-30T10:00:00+03:00,10:00,26034.45,3119.29,7472.15,4077.65,1589.32,3275.8,1103.62,2589.78,84.9,1201.41,216.38,558.13,857.13,0,0,-180.03,68.92
2026-04-30T11:00:00+03:00,11:00,25553.76,3125.77,6880.9,4091.34,1568.84,3251.14,1139.64,2716.25,87.53,1173.6,218.59,549.04,845.7,0,0,-162.71,68.13
2026-04-30T12:00:00+03:00,12:00,23242.62,2827.01,5428.12,4101.73,1508.67,2629.99,1339.53,2646.06,85.36,1128.43,220.8,559.99,842.03,0,0,-146.69,71.59
2026-04-30T13:00:00+03:00,13:00,24428.21,3029.15,6681.77,4060.82,1493.78,2370.68,1363.65,2607.26,86.24,1120.71,220.8,564.38,846.4,0,0,-91.08,73.65
2026-04-30T14:00:00+03:00,14:00,26740.6,3376.14,8295.13,4009.12,1522.22,2734.64,1562.59,2452.31,86.07,1080.31,223.0,568.11,839.31,0,0,-84.77,76.42
2026-04-30T15:00:00+03:00,15:00,28981.87,3327.5,10185.74,3966.12,1592.77,2899.44,2042.31,2221.24,83.84,1087.66,220.8,543.26,838.07,0,0,-101.7,74.82
2026-04-30T16:00:00+03:00,16:00,32373.97,3405.67,12139.1,4070.16,2345.94,2902.9,2786.05,2027.68,85.75,1079.69,216.38,550.57,844.99,0,0,-154.98,74.07
2026-04-30T17:00:00+03:00,17:00,36121.44,3834.33,13569.93,4113.95,4375.6,3032.61,3639.17,959.5,87.79,1092.19,220.8,567.82,843.62,0,0,-292.03,76.16
2026-04-30T18:00:00+03:00,18:00,38712.92,4046.47,14963.4,3976.18,5615.95,3185.27,4037.48,304.72,90.11,1120.68,220.8,572.01,881.56,0,0,-378.87,77.16
2026-04-30T19:00:00+03:00,19:00,41035.4,3912.85,16232.73,4274.35,6026.42,3624.93,4308.16,25.11,81.11,1151.2,218.59,581.92,892.88,0,0,-373.31,78.46
2026-04-30T20:00:00+03:00,20:00,42357.27,4609.27,16273.86,4301.25,6038.36,3766.1,4653.16,35.16,88.9,1178.7,218.59,598.43,898.93,0,0,-383.71,80.27
2026-04-30T21:00:00+03:00,21:00,41013.62,4126.78,15457.65,4267.64,6038.67,3549.28,4856.92,1.61,81.42,1208.45,203.13,599.92,905.21,0,0,-363.54,80.48
2026-04-30T22:00:00+03:00,22:00,38701.6,3563.82,15155.11,4111.99,5881.76,2369.24,4831.59,25.23,80.93,1231.29,216.38,598.28,887.7,0,0,-333.79,82.07
2026-04-30T23:00:00+03:00,23:00,36682.76,3039.15,14728.39,4092.86,4851.01,2392.23,4850.14,1.02,80.98,1253.33,220.79,583.89,833.41,0,0,-326.65,82.21
2026-05-01T00:00:00+03:00,00:00,34075.67,3395.36,14490.08,3989.07,3005.5,1846.85,4723.61,1.0,80.62,1269.72,198.72,508.18,843.55,0,0,-360.31,83.72
2026-05-01T01:00:00+03:00,01:00,32119.51,3398.91,13316.1,3875.01,2698.07,1182.67,5021.63,1.03,81.25,1281.44,209.75,471.47,846.91,0,0,-348.03,83.3
2026-05-01T02:00:00+03:00,02:00,29853.4,1898.1,12796.48,3577.97,2582.71,1201.86,5091.48,1.02,79.11,1287.21,220.8,478.31,847.11,0,0,-291.4,82.64
2026-05-01T03:00:00+03:00,03:00,29917.31,2316.47,12304.04,3533.04,2481.06,1197.41,5389.7,1.0,78.61,1299.11,220.79,468.56,846.4,0,0,-299.81,80.93
2026-05-01T04:00:00+03:00,04:00,29274.85,1046.52,12678.51,3545.94,2502.79,1201.42,5546.66,1.4,78.7,1303.83,223.0,476.16,846.61,0,0,-259.59,82.9
2026-05-01T05:00:00+03:00,05:00,29267.18,589.51,12955.76,3547.86,2697.3,1219.99,5479.28,17.09,77.79,1304.0,220.8,466.94,842.43,0,0,-235.18,83.61
2026-05-01T06:00:00+03:00,06:00,27411.11,515.85,11871.12,3568.78,1991.95,1176.88,5254.38,353.39,77.23,1300.95,220.8,456.0,832.13,0,0,-290.35,82.0
2026-05-01T07:00:00+03:00,07:00,25031.24,836.56,8547.07,3592.38,1617.28,1169.49,5361.0,1161.56,85.95,1296.36,223.0,470.91,849.01,0,0,-260.58,81.25
2026-05-01T08:00:00+03:00,08:00,24819.35,1192.69,6981.67,3640.93,1582.68,1192.69,5629.07,1790.64,84.82,1284.24,216.38,461.68,845.65,0,0,-165.82,82.03
2026-05-01T09:00:00+03:00,09:00,24980.35,1212.09,6433.09,3627.73,1535.54,1195.69,5898.1,2040.59,84.27,1276.55,209.76,469.22,845.37,0,0,72.0,80.35
2026-05-01T10:00:00+03:00,10:00,25520.71,1199.08,6402.65,3664.96,1513.29,1200.49,6038.28,2110.14,84.27,1263.27,223.0,470.71,836.7,0,0,436.3,77.57
2026-05-01T11:00:00+03:00,11:00,26461.92,1202.45,7357.47,3622.83,1537.11,1212.61,5984.59,2130.74,83.31,1255.18,214.16,477.87,825.72,0,0,477.43,80.45
2026-05-01T12:00:00+03:00,12:00,25898.53,1197.3,7067.15,3617.97,1528.75,1183.39,5848.79,2037.3,82.53,1258.28,205.33,472.91,841.34,0,0,484.86,72.63
2026-05-01T13:00:00+03:00,13:00,26173.56,1202.35,7497.79,3643.84,1556.85,1194.17,5651.94,1990.61,85.75,1253.35,192.09,467.2,848.35,0,0,513.36,75.91
2026-05-01T14:00:00+03:00,14:00,28470.9,1207.0,9599.21,3587.92,1607.75,1217.78,5960.31,1845.13,86.37,1244.76,192.09,453.79,850.04,0,0,541.22,77.53
2026-05-01T15:00:00+03:00,15:00,30893.29,1568.66,11923.09,3559.36,1633.82,1217.84,6073.32,1513.9,84.19,1242.49,196.51,475.91,840.71,0,0,480.08,83.41
2026-05-01T16:00:00+03:00,16:00,33331.31,1978.44,14656.66,3595.3,1718.65,1226.45,6071.14,734.69,79.87,1244.2,194.3,476.65,826.6,0,0,442.36,86.0
2026-05-01T17:00:00+03:00,17:00,35404.04,2745.06,15212.59,3582.12,2266.36,1215.69,6604.77,631.87,82.51,1254.61,192.09,481.1,825.79,0,0,227.82,81.66
2026-05-01T18:00:00+03:00,18:00,36713.88,2775.04,15367.19,3607.83,3011.43,1345.95,7779.13,237.98,82.8,1265.4,198.72,481.72,837.39,0,0,-358.31,81.61
2026-05-01T19:00:00+03:00,19:00,38256.94,2201.35,15537.27,3605.56,4205.46,1521.41,8577.51,13.66,77.08,1278.97,194.3,482.91,841.61,0,0,-359.26,79.11
2026-05-01T20:00:00+03:00,20:00,39099.45,2189.94,15554.85,3642.59,4362.53,1507.46,9282.87,14.79,78.4,1281.5,194.3,456.13,837.81,0,0,-388.57,84.85
2026-05-01T21:00:00+03:00,21:00,37911.04,2188.89,15261.6,3758.64,4124.54,1256.9,8763.85,0.07,77.42,1303.23,192.09,462.04,843.37,0,0,-403.55,81.95
2026-05-01T22:00:00+03:00,22:00,36168.69,1816.98,15025.11,3802.38,3200.55,1195.93,8508.75,0.31,79.1,1306.34,194.3,479.49,844.65,0,0,-366.77,81.57
2026-05-01T23:00:00+03:00,23:00,34273.68,1233.7,15387.67,3851.98,2706.43,1201.64,7295.47,0.05,77.5,1312.86,192.09,460.11,829.4,0,0,-357.74,82.52
2026-05-02T00:00:00+03:00,00:00,33151.7,1219.21,14576.71,3899.38,2480.72,1177.98,7170.35,1.47,76.36,1314.9,178.84,472.55,831.49,0,0,-331.35,83.09
2026-05-02T01:00:00+03:00,01:00,31412.27,749.05,13730.54,3886.5,2363.35,1184.02,6893.45,1.18,76.07,1317.34,176.63,469.02,821.16,0,0,-339.34,83.3
2026-05-02T02:00:00+03:00,02:00,30020.44,478.92,12833.95,3839.62,2338.63,1182.84,6726.01,1.19,76.46,1319.8,178.84,478.09,785.35,0,0,-300.58,81.32
2026-05-02T03:00:00+03:00,03:00,28996.24,481.42,12063.1,3782.21,2331.98,1187.6,6532.84,1.24,76.97,1322.3,176.63,477.15,791.64,0,0,-314.99,86.15
2026-05-02T04:00:00+03:00,04:00,28982.06,481.37,12376.36,3717.53,2383.14,1206.61,6165.44,1.3,76.84,1327.73,178.84,463.73,797.23,0,0,-280.89,86.83
2026-05-02T05:00:00+03:00,05:00,28487.75,480.93,12173.95,3731.53,2468.91,1205.5,5792.24,7.08,76.03,1323.8,187.67,473.62,778.97,0,0,-299.59,87.11
2026-05-02T06:00:00+03:00,06:00,27257.51,502.89,11638.43,3634.41,2325.43,1194.09,5185.05,129.69,78.88,1330.82,185.46,469.84,777.0,0,0,-283.33,88.85
2026-05-02T07:00:00+03:00,07:00,26850.9,715.02,11480.14,3617.43,1959.37,1200.38,4869.98,384.67,79.74,1330.16,178.84,464.82,771.52,0,0,-287.76,86.59
2026-05-02T08:00:00+03:00,08:00,28746.31,787.96,12283.96,3629.16,2061.37,1206.25,5196.36,878.46,79.96,1321.8,178.84,481.89,788.37,0,0,-232.17,84.1
2026-05-02T09:00:00+03:00,09:00,29664.2,1029.13,12476.38,3614.86,2056.55,1266.81,5357.58,1051.01,82.83,1308.13,178.84,468.47,797.13,0,0,-105.88,82.36
2026-05-02T10:00:00+03:00,10:00,30069.85,1493.81,11926.56,3621.47,2047.77,1493.43,5335.0,1190.48,82.95,1298.97,178.84,474.87,787.17,0,0,58.21,80.32
2026-05-02T11:00:00+03:00,11:00,30716.39,1519.82,11887.64,3611.75,1957.41,1517.64,5403.77,1692.04,79.28,1284.73,176.64,467.93,798.5,0,0,245.72,73.52
2026-05-02T12:00:00+03:00,12:00,29719.08,1448.78,11273.47,3565.3,1807.85,1486.0,5456.81,1599.09,82.81,1282.89,178.84,484.33,790.03,0,0,186.77,76.11
2026-05-02T13:00:00+03:00,13:00,30612.6,1347.24,11841.51,3577.23,2006.73,1511.07,5662.57,1584.01,76.87,1272.38,178.84,489.18,791.75,0,0,189.81,83.41
2026-05-02T14:00:00+03:00,14:00,31813.65,1506.7,12702.37,3595.14,2181.33,1515.31,5793.81,1451.95,84.42,1245.18,181.04,487.28,795.2,0,0,190.36,83.56
2026-05-02T15:00:00+03:00,15:00,32915.7,1530.32,13876.3,3606.93,2268.58,1560.71,5910.14,1146.53,84.88,1242.22,178.84,477.54,805.51,0,0,139.8,87.4
2026-05-02T16:00:00+03:00,16:00,34620.15,1786.05,14640.19,3767.21,2913.7,1607.33,6475.82,477.72,82.32,1269.09,178.84,488.08,779.83,0,0,68.53,85.44
2026-05-02T17:00:00+03:00,17:00,36326.27,2625.51,14216.1,3694.69,3428.62,1539.59,7766.21,342.93,80.76,1274.88,178.84,464.6,801.51,0,0,-177.21,89.24
2026-05-02T18:00:00+03:00,18:00,37567.66,2603.51,15023.54,3583.88,3700.54,1509.85,8572.9,148.65,77.98,1284.45,178.84,474.69,794.99,0,0,-470.78,84.62
2026-05-02T19:00:00+03:00,19:00,38890.4,2285.05,15202.76,3596.83,5093.0,1396.92,8841.71,14.2,77.53,1297.57,183.25,471.27,792.95,0,0,-444.41,81.77
2026-05-02T20:00:00+03:00,20:00,39812.08,2205.06,15463.43,3597.61,5833.88,1219.03,9041.83,17.37,78.23,1304.85,178.84,471.69,799.36,0,0,-482.68,83.58
2026-05-02T21:00:00+03:00,21:00,38727.64,2158.59,14839.42,3587.34,5654.37,1204.21,8789.08,0.01,78.87,1309.85,178.84,483.67,788.77,0,0,-432.89,87.51
2026-05-02T22:00:00+03:00,22:00,36978.41,2005.07,15174.4,3571.11,4344.93,1222.68,8156.86,0.01,79.67,1313.61,181.05,475.15,760.55,0,0,-385.86,79.18
2026-05-02T23:00:00+03:00,23:00,35351.79,2061.03,15361.98,3583.9,2947.72,1201.44,7682.91,0.02,79.28,1318.13,178.84,466.43,781.56,0,0,-394.29,82.84
2026-05-03T00:00:00+03:00,00:00,33394.8,1643.48,14918.4,3558.05,2445.51,1205.88,7059.75,0.01,77.54,1322.05,181.05,479.07,800.49,0,0,-372.84,76.36
2026-05-03T01:00:00+03:00,01:00,31629.54,1318.41,13993.42,3574.16,2283.16,1197.43,6733.11,0.01,78.67,1326.42,178.84,483.56,802.15,0,0,-414.55,74.75
2026-05-03T02:00:00+03:00,02:00,30333.96,1060.42,13231.43,3575.35,2354.29,1201.9,6369.86,0.01,77.93,1329.69,178.84,484.84,802.86,0,0,-411.55,78.09
2026-05-03T03:00:00+03:00,03:00,29348.15,498.1,12680.38,3624.52,2501.54,1196.96,6299.36,0.01,77.2,1330.64,205.33,476.97,802.8,0,0,-423.51,77.85
2026-05-03T04:00:00+03:00,04:00,29140.06,498.09,12566.76,3672.06,2325.35,1205.26,6295.89,0.01,78.14,1323.95,198.71,474.34,793.86,0,0,-366.9,74.54
2026-05-03T05:00:00+03:00,05:00,28518.64,495.26,11989.27,3661.07,2266.54,1192.95,6371.34,3.18,77.53,1331.07,189.88,458.18,792.75,0,0,-384.6,74.22
2026-05-03T06:00:00+03:00,06:00,26935.23,516.82,10615.12,3656.71,2090.89,1191.92,6278.77,90.99,79.95,1336.21,185.46,436.32,789.26,0,0,-407.97,74.78
2026-05-03T07:00:00+03:00,07:00,26026.86,845.68,10020.71,3678.55,1800.56,1189.3,5925.59,142.49,79.6,1333.09,174.42,458.87,794.55,0,0,-492.5,75.95
2026-05-03T08:00:00+03:00,08:00,26294.52,875.15,9749.34,3665.38,1803.66,1218.27,6031.36,303.74,79.12,1332.63,176.63,479.81,805.32,0,0,-304.93,79.04
2026-05-03T09:00:00+03:00,09:00,27120.3,876.83,10613.97,3660.33,1768.62,1192.39,6033.2,403.52,81.66,1336.15,178.84,474.05,791.06,0,0,-369.84,79.52
2026-05-03T10:00:00+03:00,10:00,28519.03,873.17,11359.67,3691.8,1754.44,1198.73,6084.55,659.72,82.17,1337.86,178.84,460.47,780.71,0,0,-18.72,75.62
2026-05-03T11:00:00+03:00,11:00,29128.42,872.13,11774.47,3691.1,1710.53,1203.5,6192.71,700.88,79.66,1341.63,174.43,468.51,784.27,0,0,56.01,78.59
2026-05-03T12:00:00+03:00,12:00,29661.74,872.43,12202.76,3686.14,1741.84,1219.63,6163.1,696.65,80.03,1338.22,174.43,482.54,774.77,0,0,148.69,80.51
2026-05-03T13:00:00+03:00,13:00,30843.4,953.68,12820.57,3669.34,1864.9,1221.58,6338.3,888.08,81.6,1333.97,178.84,478.98,778.91,0,0,156.93,77.72
2026-05-03T14:00:00+03:00,14:00,31824.11,1096.97,13798.14,3655.14,1875.6,1203.26,6470.55,716.75,79.89,1332.6,198.72,460.45,764.04,0,0,92.32,79.68
2026-05-03T15:00:00+03:00,15:00,33014.84,1308.24,14584.37,3714.79,1850.91,1210.08,6769.78,450.14,80.64,1339.16,218.59,456.63,773.33,0,0,182.23,75.95
2026-05-03T16:00:00+03:00,16:00,34245.78,1751.64,15151.6,3782.16,2006.73,1208.23,6965.25,479.53,78.99,1339.31,220.8,464.25,759.52,0,0,-32.37,70.14
2026-05-03T17:00:00+03:00,17:00,35572.93,2219.04,14449.68,3835.76,2817.03,1216.4,7875.43,296.65,78.11,1342.51,220.8,465.26,754.29,0,0,-69.17,71.14
2026-05-03T18:00:00+03:00,18:00,36623.97,2632.05,15046.4,3839.55,2957.21,1250.21,8280.45,137.06,79.06,1344.19,192.09,462.68,772.43,0,0,-441.4,71.99
2026-05-03T19:00:00+03:00,19:00,37690.19,2533.49,14331.6,3966.65,3701.07,1657.64,9068.84,27.4,78.4,1343.19,218.59,469.14,751.44,0,0,-532.07,74.81
2026-05-03T20:00:00+03:00,20:00,38699.34,2776.7,14243.51,3989.14,4203.51,1585.84,9474.65,14.49,80.07,1340.11,218.59,461.49,756.36,0,0,-521.22,76.1
2026-05-03T21:00:00+03:00,21:00,37809.25,2727.07,14203.06,3965.53,3731.9,1543.47,9230.07,0.01,79.54,1338.42,223.0,475.1,761.25,0,0,-547.08,77.91
2026-05-03T22:00:00+03:00,22:00,36203.84,2502.33,14299.31,3963.16,3111.05,1543.01,8339.02,0.01,79.78,1338.28,218.59,471.27,747.62,0,0,-485.94,76.35
2026-05-03T23:00:00+03:00,23:00,34842.09,2633.85,14061.56,3969.46,2666.28,1535.6,7528.39,0.01,79.18,1312.31,218.59,478.42,748.35,0,0,-470.7,80.79
2026-05-04T00:00:00+03:00,00:00,32951.05,2108.79,13315.43,3887.36,2518.74,1536.87,7068.11,0.85,77.81,1338.03,218.59,471.06,781.2,0,0,-449.94,78.15
2026-05-04T01:00:00+03:00,01:00,31129.09,1124.08,12458.45,3923.49,2548.24,1536.38,6845.84,0.87,76.99,1334.06,218.59,469.42,785.51,0,0,-270.01,77.18
2026-05-04T02:00:00+03:00,02:00,30036.85,900.54,11637.74,3930.5,2549.75,1537.82,6713.2,0.87,77.25,1336.19,218.59,526.87,794.25,0,0,-261.53,74.81
2026-05-04T03:00:00+03:00,03:00,29444.73,786.03,11239.4,3944.34,2557.59,1538.75,6516.0,0.77,77.67,1338.61,220.8,606.59,793.92,0,0,-247.51,71.77
2026-05-04T04:00:00+03:00,04:00,29208.39,807.61,11311.86,3925.42,2557.25,1511.3,6256.32,1.46,77.2,1336.96,218.59,599.47,762.7,0,0,-230.66,72.91
2026-05-04T05:00:00+03:00,05:00,29387.85,915.12,11819.55,3874.18,2425.97,1267.17,6285.32,14.56,76.01,1320.0,207.54,577.77,751.44,0,0,-221.5,74.72
2026-05-04T06:00:00+03:00,06:00,28771.24,1359.58,11164.45,3870.36,2086.37,1199.02,6095.43,232.53,78.19,1339.6,194.3,579.03,759.01,0,0,-259.01,72.38
2026-05-04T07:00:00+03:00,07:00,30195.92,2525.43,11057.82,3876.27,2170.53,1212.4,5939.09,626.36,76.82,1339.48,178.84,592.49,767.76,0,0,-242.91,75.54
2026-05-04T08:00:00+03:00,08:00,35127.19,3866.44,11959.49,3885.09,3123.57,1239.53,7017.86,1198.31,75.75,1328.92,175.43,583.33,767.32,0,0,-171.1,77.25
2026-05-04T09:00:00+03:00,09:00,35722.83,3733.13,10831.69,4120.96,3585.77,1500.63,7420.08,1584.4,80.36,1317.13,178.84,594.2,749.28,0,0,-47.59,73.95
2026-05-04T10:00:00+03:00,10:00,35792.49,4203.84,10094.68,3987.87,3656.31,1543.74,7689.05,1739.54,82.68,1303.9,174.43,595.14,771.7,0,0,-117.4,67.01
2026-05-04T11:00:00+03:00,11:00,36699.77,4466.14,10427.18,4101.61,3798.36,1575.63,7527.89,1943.59,87.15,1293.33,165.6,591.53,771.09,0,0,-124.86,75.53
2026-05-04T12:00:00+03:00,12:00,35344.8,4013.12,10472.97,4050.16,3520.88,1475.9,7192.48,1767.98,86.47,1285.14,163.39,558.24,785.61,0,0,-104.27,76.73
2026-05-04T13:00:00+03:00,13:00,36592.81,4462.92,11353.64,3973.59,3737.09,1556.69,6812.62,1823.18,76.71,1276.64,170.01,566.21,805.41,0,0,-94.84,72.94
2026-05-04T14:00:00+03:00,14:00,38251.54,4532.59,12460.22,4130.5,3996.65,1956.68,6356.35,1755.32,83.5,1269.68,181.04,569.54,795.65,0,0,87.59,76.23
2026-05-04T15:00:00+03:00,15:00,38880.15,4661.54,13162.6,4176.38,4241.67,2453.6,5605.97,1510.19,81.06,1264.04,176.64,581.06,790.74,0,0,99.49,75.17
2026-05-04T16:00:00+03:00,16:00,40673.84,5556.05,12750.02,4162.1,5506.47,2858.34,5513.32,1390.93,79.49,1277.06,178.84,580.06,803.9,0,0,-52.74,70.0
2026-05-04T17:00:00+03:00,17:00,42735.74,5833.94,14031.43,4180.94,6126.52,3890.44,5123.47,790.16,79.02,1278.28,178.84,573.8,820.25,0,0,-241.35,70.0
2026-05-04T18:00:00+03:00,18:00,42817.59,5645.43,14746.93,4114.73,6313.22,4315.31,4839.05,174.39,84.53,1296.53,178.84,580.43,830.97,0,0,-373.68,70.91
2026-05-04T19:00:00+03:00,19:00,43955.19,5557.41,15780.27,4209.68,6365.91,4381.66,4888.42,27.87,101.91,1305.08,174.43,636.9,835.13,0,0,-379.96,70.48
2026-05-04T20:00:00+03:00,20:00,44814.35,6332.59,16076.28,4214.11,6367.53,4357.06,4713.11,40.94,103.22,1319.6,181.04,607.72,828.63,0,0,-402.17,74.69
2026-05-04T21:00:00+03:00,21:00,43676.22,6399.69,15188.98,4187.54,6365.7,4344.81,4424.47,8.69,103.5,1329.04,176.63,619.37,825.5,0,0,-374.44,76.74
2026-05-04T22:00:00+03:00,22:00,41585.18,5193.78,14629.59,4210.45,6298.77,4344.37,4104.18,20.73,89.24,1334.2,174.43,616.09,824.26,0,0,-330.72,75.81
2026-05-04T23:00:00+03:00,23:00,39668.54,4883.74,14432.58,4025.15,6244.54,3732.69,3682.16,8.09,76.77,1289.78,176.64,583.8,808.63,0,0,-348.56,72.53
2026-05-05T00:00:00+03:00,00:00,37122.4,4576.4,13880.25,3941.44,5907.65,2629.83,3410.63,8.18,77.17,1341.67,176.64,577.54,801.61,0,0,-283.5,76.89
2026-05-05T01:00:00+03:00,01:00,35175.19,4361.34,12874.72,3852.39,5979.52,2206.27,3086.93,8.83,78.3,1343.83,176.64,579.75,803.44,0,0,-258.09,81.32
2026-05-05T02:00:00+03:00,02:00,33718.9,3469.19,12638.81,3862.49,5917.99,2048.95,2952.36,9.46,77.97,1343.59,178.84,575.87,804.56,0,0,-240.03,78.85
2026-05-05T03:00:00+03:00,03:00,33078.0,3049.4,12777.67,3849.0,5587.45,2064.5,2881.41,8.8,77.49,1347.51,178.84,578.19,804.77,0,0,-207.31,80.28
2026-05-05T04:00:00+03:00,04:00,32980.87,2333.95,13177.75,3829.15,5596.21,2179.7,2932.72,8.7,77.26,1351.01,176.63,568.51,811.3,0,0,-140.67,78.65
2026-05-05T05:00:00+03:00,05:00,32793.88,2329.11,12559.67,3755.64,5766.34,2628.09,2851.74,37.5,75.78,1349.35,176.64,573.95,813.76,0,0,-200.76,77.07
2026-05-05T06:00:00+03:00,06:00,31327.25,2164.12,11393.83,3748.03,5440.36,2577.25,2804.16,353.32,77.84,1348.0,176.63,573.88,815.55,0,0,-219.77,74.05
2026-05-05T07:00:00+03:00,07:00,32560.4,4135.74,10934.92,3739.12,5261.49,2020.24,2750.76,897.97,78.58,1341.68,178.84,567.74,812.35,0,0,-233.26,74.23
2026-05-05T08:00:00+03:00,08:00,36307.46,5295.51,11939.44,3797.03,6087.47,2374.64,2637.09,1205.54,80.04,1323.33,176.64,547.88,827.97,0,0,-56.73,71.61
2026-05-05T09:00:00+03:00,09:00,36755.37,5430.95,11068.84,3894.57,6105.74,3030.91,2593.45,1523.42,75.25,1295.5,176.64,540.55,826.07,0,0,119.02,74.46
2026-05-05T10:00:00+03:00,10:00,35680.65,5601.59,9915.65,3923.19,5833.25,2640.28,2883.93,1884.38,80.46,1273.89,178.84,550.21,823.32,0,0,20.18,71.48
2026-05-05T11:00:00+03:00,11:00,35074.73,5486.15,10101.61,3842.25,5411.99,2409.31,2946.05,1934.78,76.84,1257.54,176.64,549.94,810.03,0,0,-2.1,73.7
2026-05-05T12:00:00+03:00,12:00,32881.04,5297.92,9760.38,3748.62,4221.28,2092.71,2758.27,1950.88,76.9,1245.01,176.64,552.99,821.04,0,0,105.89,72.51
2026-05-05T13:00:00+03:00,13:00,33625.84,5402.63,9980.03,3762.17,4445.74,2025.89,2807.54,2130.98,76.32,1237.04,178.84,551.49,817.17,0,0,136.75,73.25
2026-05-05T14:00:00+03:00,14:00,34573.25,5650.17,10554.77,3841.25,4767.67,1948.62,2907.07,1929.56,82.38,1202.22,176.63,553.29,820.7,0,0,63.04,75.88
2026-05-05T15:00:00+03:00,15:00,35523.27,5666.01,11135.51,3868.06,4966.98,2121.85,3026.94,1741.89,81.53,1220.81,189.88,538.07,831.31,0,0,62.79,71.64
2026-05-05T16:00:00+03:00,16:00,37328.72,5904.08,11462.4,3843.25,5881.21,2905.71,2945.68,1264.0,86.64,1224.75,214.16,547.2,849.55,0,0,123.59,76.5
2026-05-05T17:00:00+03:00,17:00,39324.36,6904.75,11799.39,3804.47,6219.56,4090.31,2805.04,834.53,87.36,1220.44,229.62,567.89,849.48,0,0,-160.24,71.76
2026-05-05T18:00:00+03:00,18:00,40313.45,6492.25,13196.14,3806.29,6274.63,4751.69,2723.94,260.16,91.1,1200.24,231.83,573.97,855.2,0,0,-215.35,71.36
2026-05-05T19:00:00+03:00,19:00,41957.98,7602.27,13765.47,3864.22,6370.48,4907.94,2469.42,34.52,103.7,1211.85,236.24,621.2,859.89,0,0,-166.75,77.53
2026-05-05T20:00:00+03:00,20:00,43652.68,7833.93,15264.75,3906.67,6350.26,4912.62,2386.22,42.63,103.9,1238.32,238.46,615.71,865.73,0,0,-181.96,75.44
2026-05-05T21:00:00+03:00,21:00,42753.36,7581.09,14575.53,3964.65,6374.31,4840.6,2457.47,6.31,90.87,1257.47,234.04,624.95,859.66,0,0,-191.59,78.0
2026-05-05T22:00:00+03:00,22:00,40835.25,6794.9,13589.21,4002.89,6296.95,4830.67,2402.55,6.31,73.95,1279.99,245.08,615.29,862.49,0,0,-244.08,79.05
2026-05-05T23:00:00+03:00,23:00,38070.04,5735.1,13585.41,3553.25,6172.24,3936.17,2274.31,6.32,62.17,1259.61,240.66,565.96,827.32,0,0,-217.23,68.75
2026-05-06T00:00:00+03:00,00:00,36712.41,5558.52,13402.44,4029.6,6044.48,2758.1,2063.91,1.39,61.99,1296.21,234.04,579.94,838.18,0,0,-228.26,71.87
2026-05-06T01:00:00+03:00,01:00,34805.95,5114.36,12830.44,4019.14,5750.86,2394.42,1865.12,1.26,63.23,1296.5,236.24,569.71,836.91,0,0,-249.7,77.46
2026-05-06T02:00:00+03:00,02:00,33483.71,4448.51,12500.48,4039.7,5580.94,2384.56,1741.3,1.41,62.94,1285.65,231.83,568.07,836.07,0,0,-269.83,72.08
2026-05-06T03:00:00+03:00,03:00,32880.54,4019.38,12404.45,4061.19,5369.23,2405.45,1803.05,1.41,61.89,1288.34,236.24,549.76,834.6,0,0,-230.79,76.34
2026-05-06T04:00:00+03:00,04:00,32758.88,3663.6,12646.63,4072.83,5352.25,2438.12,1758.26,1.36,63.26,1287.05,238.45,562.63,827.26,0,0,-229.99,77.17
2026-05-06T05:00:00+03:00,05:00,32663.99,3861.0,12382.3,4066.76,5322.26,2483.64,1719.18,10.57,61.17,1290.04,236.24,553.62,830.37,0,0,-228.96,75.8
2026-05-06T06:00:00+03:00,06:00,31603.73,3820.66,11758.26,4084.86,4786.69,2465.41,1611.86,296.2,60.51,1305.33,231.83,544.55,829.78,0,0,-269.08,76.87
2026-05-06T07:00:00+03:00,07:00,30887.17,4780.85,10713.14,4090.89,3667.78,2338.71,1476.17,1032.72,66.49,1272.91,240.66,557.88,824.27,0,0,-251.4,76.1
2026-05-06T08:00:00+03:00,08:00,32442.82,6047.25,10208.34,4055.42,3907.62,2329.53,1263.62,1802.7,67.84,1260.54,236.25,559.6,843.15,0,0,-215.55,76.51
2026-05-06T09:00:00+03:00,09:00,31134.34,6526.24,8943.54,3970.04,3467.37,2283.21,983.69,2165.68,65.84,1235.45,220.78,550.67,824.88,0,0,-178.73,75.68
2026-05-06T10:00:00+03:00,10:00,30101.12,6048.83,8993.06,4000.93,2675.86,2266.25,789.18,2404.57,62.42,1214.19,189.88,563.11,831.14,0,0,-14.27,75.97
2026-05-06T11:00:00+03:00,11:00,30311.64,6030.95,9625.09,3992.4,2585.51,2278.4,729.08,2236.6,56.17,1174.66,181.05,565.91,815.56,0,0,-37.79,78.05
2026-05-06T12:00:00+03:00,12:00,28382.39,5807.72,9021.67,4009.85,1991.95,2261.45,656.13,1868.25,56.08,1150.4,183.25,553.07,828.87,0,0,-84.03,77.73
2026-05-06T13:00:00+03:00,13:00,28538.85,5226.79,9532.83,4033.03,2045.78,2418.91,642.95,1872.17,60.25,1153.78,181.04,548.47,830.14,0,0,-84.31,77.02
2026-05-06T14:00:00+03:00,14:00,29797.35,5574.27,9860.77,4012.27,2294.03,2290.98,702.07,2384.81,64.91,1137.09,181.04,561.27,832.32,0,0,-176.9,78.42
2026-05-06T15:00:00+03:00,15:00,30673.04,6394.4,9701.53,3987.43,2616.29,2255.97,824.82,2239.74,62.17,1125.89,181.04,551.28,831.92,0,0,-178.72,79.28
2026-05-06T16:00:00+03:00,16:00,33103.32,6363.16,10671.24,4065.63,3610.83,2409.45,1200.88,1940.2,62.51,1125.43,181.04,558.92,852.14,0,0,-16.0,77.89
2026-05-06T17:00:00+03:00,17:00,36465.02,6951.77,12360.82,3889.78,5229.2,2507.04,1264.19,1668.79,62.98,1123.44,178.84,549.94,847.8,0,0,-244.38,74.81
2026-05-06T18:00:00+03:00,18:00,38816.5,7951.41,13326.55,3958.76,6082.45,2904.55,1394.54,588.28,65.5,1126.55,183.25,554.34,869.54,0,0,-266.12,76.9
2026-05-06T19:00:00+03:00,19:00,41271.74,8485.11,14479.52,4081.98,6266.23,3819.38,1341.37,49.83,71.37,1163.41,176.64,553.0,872.95,0,0,-167.28,78.23
2026-05-06T20:00:00+03:00,20:00,43538.46,8317.81,16746.89,4131.17,6303.68,3838.92,1314.11,43.27,70.83,1196.38,185.46,540.71,880.96,0,0,-110.66,78.93
2026-05-06T21:00:00+03:00,21:00,42645.72,7762.95,16627.64,4101.6,6287.69,3974.27,1081.44,1.46,72.07,1214.17,178.84,554.44,887.75,0,0,-177.9,79.3
2026-05-06T22:00:00+03:00,22:00,40858.88,7700.69,15129.74,4056.8,6320.3,3915.69,973.7,1.27,40.55,1232.4,181.04,547.94,877.21,0,0,-195.78,77.33
2026-05-06T23:00:00+03:00,23:00,38599.15,7179.03,14245.98,3574.88,6217.94,3621.23,991.81,1.3,58.69,1253.74,181.04,546.54,866.44,0,0,-216.18,76.71
2026-05-07T00:00:00+03:00,00:00,36681.77,6372.32,13647.24,3894.72,5998.03,3108.42,953.31,1.48,60.79,1261.41,181.04,557.16,829.74,0,0,-258.83,74.94
2026-05-07T01:00:00+03:00,01:00,34921.95,5498.78,13391.95,3716.91,5733.47,3006.3,872.42,1.47,60.75,1272.02,181.04,544.56,828.93,0,0,-253.76,67.11
2026-05-07T02:00:00+03:00,02:00,33567.11,4804.16,12855.11,3683.55,5646.21,2905.1,953.58,1.48,61.12,1281.16,181.04,546.96,827.47,0,0,-252.28,72.45
2026-05-07T03:00:00+03:00,03:00,32672.84,4262.95,13077.13,3644.23,5108.34,2765.3,1049.68,1.41,60.19,1296.85,178.84,550.21,818.56,0,0,-215.37,74.52
2026-05-07T04:00:00+03:00,04:00,32553.8,4800.83,12507.14,3797.57,4812.11,2765.42,1088.45,1.91,59.78,1290.7,181.04,552.86,823.44,0,0,-201.71,74.26
2026-05-07T05:00:00+03:00,05:00,32242.33,4188.93,12724.32,3859.88,4658.96,2791.93,1175.34,25.78,63.74,1290.01,178.84,554.89,823.23,0,0,-170.18,76.66
2026-05-07T06:00:00+03:00,06:00,30722.85,4384.56,11606.18,3939.46,3457.11,2742.88,1295.15,588.54,59.89,1282.68,178.84,552.67,820.57,0,0,-264.22,78.54
2026-05-07T07:00:00+03:00,07:00,29185.14,5243.71,8761.73,3974.63,2722.45,2700.99,1226.04,1864.64,61.59,1271.78,181.04,565.3,838.43,0,0,-303.68,76.49
2026-05-07T08:00:00+03:00,08:00,29241.95,4697.1,9105.07,3982.85,2364.93,2768.13,1065.32,2523.2,63.17,1245.51,181.04,562.99,834.99,0,0,-227.27,74.92
2026-05-07T09:00:00+03:00,09:00,28131.16,5435.01,8399.39,3919.45,1868.8,2635.06,701.22,2460.36,64.07,1213.79,176.63,565.79,826.65,0,0,-209.95,74.89
2026-05-07T10:00:00+03:00,10:00,26688.03,4913.8,7514.94,4012.93,1758.67,2552.45,635.89,2567.68,61.16,1187.97,176.63,565.35,834.29,0,0,-168.46,74.73
2026-05-07T11:00:00+03:00,11:00,26558.23,5191.0,7207.9,4071.24,1704.93,2566.97,648.44,2490.21,61.71,1170.65,178.84,565.01,821.4,0,0,-195.99,75.92
2026-05-07T12:00:00+03:00,12:00,24756.13,5015.74,6079.66,3996.93,1469.28,2522.21,669.4,2373.17,62.12,1148.74,181.04,566.7,821.57,0,0,-223.39,72.96
2026-05-07T13:00:00+03:00,13:00,25806.73,5198.86,6744.1,3954.05,1600.1,2586.11,798.81,2306.06,62.18,1122.57,181.04,558.61,821.99,0,0,-201.34,73.59
2026-05-07T14:00:00+03:00,14:00,27002.35,5101.96,7802.14,3927.36,1729.58,2562.25,956.98,2338.03,69.2,1123.06,181.04,559.14,785.27,0,0,-205.76,72.1
2026-05-07T15:00:00+03:00,15:00,28760.24,5175.98,9527.69,3935.11,1793.1,2595.84,1024.04,2115.0,60.64,1116.93,178.84,557.19,811.99,0,0,-204.99,72.88
2026-05-07T16:00:00+03:00,16:00,31688.41,5797.03,10913.8,4000.86,2199.51,2650.07,1223.31,2280.53,59.38,1120.12,178.84,561.02,796.58,0,0,-164.86,72.22
2026-05-07T17:00:00+03:00,17:00,35857.0,6741.41,12071.87,4011.95,4115.63,2748.87,1578.73,2011.73,66.54,1125.04,178.84,555.76,790.23,0,0,-211.04,71.44
2026-05-07T18:00:00+03:00,18:00,38706.67,7236.94,13248.76,4115.14,5734.87,3400.25,1653.06,768.6,67.53,1142.82,178.84,549.92,790.31,0,0,-254.25,73.88
2026-05-07T19:00:00+03:00,19:00,40967.77,7681.69,13369.7,4471.69,6171.27,4568.42,2031.99,57.31,72.59,1165.64,181.04,549.71,813.25,0,0,-238.71,72.18
2026-05-07T20:00:00+03:00,20:00,42936.83,7878.52,15126.57,4526.29,6201.03,4383.64,2119.97,15.28,73.81,1195.16,178.84,548.4,818.38,0,0,-201.33,72.27
2026-05-07T21:00:00+03:00,21:00,41977.15,7903.33,14195.04,4494.87,6189.76,4277.95,2224.32,1.24,75.72,1221.88,178.84,549.94,806.86,0,0,-209.22,66.62
2026-05-07T22:00:00+03:00,22:00,40100.49,7313.87,13630.12,4325.13,6026.28,3786.0,2295.85,1.2,60.66,1238.62,178.84,556.11,809.23,0,0,-188.56,67.14
2026-05-07T23:00:00+03:00,23:00,37908.99,6346.8,13511.08,4095.14,5758.57,3297.8,2238.76,1.22,60.08,1246.0,178.84,551.02,779.89,0,0,-225.12,68.91
2026-05-08T00:00:00+03:00,00:00,36134.96,6005.05,12678.2,4189.51,5714.22,2785.57,2086.89,1.2,79.38,1282.74,178.84,554.72,782.58,0,0,-272.47,68.53
2026-05-08T01:00:00+03:00,01:00,34388.36,4617.13,13100.15,4151.0,4968.43,2739.58,2021.15,1.21,76.55,1297.21,178.84,548.29,783.26,0,0,-161.96,67.52
2026-05-08T02:00:00+03:00,02:00,33010.53,4191.01,12477.02,4080.64,4922.79,2446.75,2120.99,1.22,77.58,1305.75,181.04,561.4,777.12,0,0,-202.41,69.63
2026-05-08T03:00:00+03:00,03:00,32145.87,3311.83,12506.88,4054.25,4941.84,2303.38,2211.44,1.23,80.27,1284.92,181.04,565.78,787.62,0,0,-150.42,65.81
2026-05-08T04:00:00+03:00,04:00,31864.73,3179.55,12744.72,4024.26,4917.59,2136.69,2002.09,1.83,81.18,1313.47,178.84,561.92,790.79,0,0,-137.21,69.01
2026-05-08T05:00:00+03:00,05:00,31777.88,3623.29,12146.13,4051.76,5039.51,2091.97,1955.84,40.5,83.22,1316.53,176.64,561.73,804.65,0,0,-184.84,70.95
2026-05-08T06:00:00+03:00,06:00,30256.98,3526.55,11744.9,4060.86,3397.4,2082.44,1969.8,622.9,82.27,1317.74,181.04,561.57,811.5,0,0,-173.84,71.85
2026-05-08T07:00:00+03:00,07:00,28794.87,4490.78,10045.42,4074.66,2101.08,2067.61,1659.08,1489.85,84.4,1300.01,176.64,565.11,815.35,0,0,-147.07,71.95
2026-05-08T08:00:00+03:00,08:00,29701.16,4802.74,10610.83,4122.27,1698.01,2112.06,1330.99,2100.99,83.89,1272.31,178.84,559.8,810.1,0,0,-47.55,65.88
2026-05-08T09:00:00+03:00,09:00,28355.75,5482.95,9006.92,4097.61,1654.04,2023.34,951.24,2314.45,85.32,1230.06,178.84,564.06,802.39,0,0,-100.83,65.36
2026-05-08T10:00:00+03:00,10:00,27217.23,5421.39,7949.53,4079.84,1659.3,2040.87,852.19,2426.2,85.93,1202.52,178.84,554.14,789.98,0,0,-85.65,62.15
2026-05-08T11:00:00+03:00,11:00,27288.78,5423.21,8020.26,4036.64,1648.34,2050.05,922.82,2455.64,85.33,1173.51,181.04,561.38,779.99,0,0,-109.95,60.52
2026-05-08T12:00:00+03:00,12:00,24954.51,5427.78,5823.08,3995.29,1446.19,2037.32,1208.01,2254.37,84.4,1167.22,178.84,560.32,799.69,0,0,-90.09,62.09
2026-05-08T13:00:00+03:00,13:00,25289.37,5219.09,6405.02,4004.84,1251.58,2100.85,1387.79,2175.04,82.65,1151.88,178.84,534.26,792.46,0,0,-51.19,56.26
2026-05-08T14:00:00+03:00,14:00,28495.24,5438.62,8718.69,4027.99,1628.03,2075.47,1662.32,2252.87,81.45,1131.69,178.84,537.65,783.33,0,0,-77.68,55.97
2026-05-08T15:00:00+03:00,15:00,30591.76,5868.84,10553.08,4034.18,1731.77,2110.58,1623.56,2024.54,81.81,1123.51,178.84,549.16,773.65,0,0,-118.32,56.56
2026-05-08T16:00:00+03:00,16:00,34245.5,6761.3,12663.65,4138.75,2158.58,2390.66,1553.77,1900.01,84.39,1135.66,178.84,550.34,771.23,0,0,-98.45,56.77
2026-05-08T17:00:00+03:00,17:00,37464.53,7957.66,12230.0,4277.28,4482.29,2584.88,1768.95,1570.2,83.31,1156.24,178.84,534.11,793.72,0,0,-209.96,57.01
2026-05-08T18:00:00+03:00,18:00,39306.17,7594.87,14530.33,4258.42,5642.5,2221.91,1867.61,526.81,84.24,1174.48,181.04,551.67,791.0,0,0,-178.62,59.91
2026-05-08T19:00:00+03:00,19:00,40872.08,7516.43,15534.83,4270.36,5912.14,2684.72,2190.33,44.62,85.84,1183.25,183.25,549.13,828.47,0,0,-175.79,64.5
2026-05-08T20:00:00+03:00,20:00,42347.63,7645.14,15629.77,4335.19,6164.85,3419.77,2386.98,32.88,87.66,1215.29,181.04,556.21,814.2,0,0,-186.4,65.05
2026-05-08T21:00:00+03:00,21:00,41229.81,6971.55,15209.52,4346.35,6211.69,3189.99,2506.04,0.03,79.77,1232.67,178.88,557.41,808.49,0,0,-132.76,70.18
2026-05-08T22:00:00+03:00,22:00,39543.1,6207.4,15006.59,4231.41,5979.11,2747.0,2566.5,0.03,79.12,1247.24,181.08,562.84,795.01,0,0,-135.37,75.14
2026-05-08T23:00:00+03:00,23:00,37417.03,5189.15,15121.61,4199.68,5580.69,2009.4,2570.9,0.01,79.19,1257.93,178.84,557.42,776.65,0,0,-179.72,75.28
2026-05-09T00:00:00+03:00,00:00,35948.88,4283.16,13989.64,4185.26,5877.43,2144.18,2839.67,0.01,78.42,1266.22,178.84,455.34,790.73,0,0,-213.64,73.62
2026-05-09T01:00:00+03:00,01:00,34123.1,3260.09,13591.25,4157.46,5459.72,2131.86,2871.71,0.01,80.44,1269.31,176.63,456.26,790.44,0,0,-197.04,74.96
2026-05-09T02:00:00+03:00,02:00,32765.6,2571.61,13097.12,4143.08,5188.03,2117.74,3067.79,0.01,80.75,1272.99,178.84,458.12,792.71,0,0,-277.89,74.7
2026-05-09T03:00:00+03:00,03:00,31910.21,2437.78,12624.53,4113.63,4731.27,2119.2,3279.54,0.01,80.34,1270.76,185.46,454.94,796.73,0,0,-257.83,73.85
2026-05-09T04:00:00+03:00,04:00,31534.42,2440.41,12068.23,4104.15,4653.81,2117.79,3506.45,0.24,80.46,1288.7,178.84,459.19,807.7,0,0,-249.1,77.55
2026-05-09T05:00:00+03:00,05:00,30985.61,2450.18,11411.59,4104.51,4639.85,2120.68,3602.31,31.85,78.83,1294.69,178.84,451.51,800.81,0,0,-256.19,76.15
2026-05-09T06:00:00+03:00,06:00,29155.12,2698.85,10961.43,4104.43,3212.25,2123.6,2994.74,411.61,79.88,1295.53,181.04,458.38,796.86,0,0,-240.5,77.02
2026-05-09T07:00:00+03:00,07:00,27393.52,3040.68,10636.21,4041.32,1894.53,2114.71,2399.72,690.23,82.21,1286.73,183.25,465.82,802.33,0,0,-320.06,75.84
2026-05-09T08:00:00+03:00,08:00,28008.12,3725.34,10726.83,3866.29,1625.32,2124.55,2239.83,1141.76,84.9,1267.33,178.84,463.9,792.5,0,0,-305.58,76.31
2026-05-09T09:00:00+03:00,09:00,27850.87,3923.88,10313.37,3734.27,1615.69,2105.33,2092.72,1502.67,84.79,1234.04,181.05,455.42,811.9,0,0,-279.13,74.87
2026-05-09T10:00:00+03:00,10:00,27125.68,4058.09,9222.8,3615.2,1627.58,2089.66,2069.52,1877.87,82.85,1193.22,181.04,457.02,811.11,0,0,-232.92,72.64
2026-05-09T11:00:00+03:00,11:00,26648.46,3737.55,8756.65,3574.31,1580.35,2083.15,1894.17,2312.67,80.31,1188.57,178.84,459.75,813.66,0,0,-86.13,74.61
2026-05-09T12:00:00+03:00,12:00,25317.43,3537.79,7708.36,3570.63,1528.08,2112.52,1777.84,2381.2,78.1,1174.19,178.84,463.71,824.93,0,0,-93.91,75.15
2026-05-09T13:00:00+03:00,13:00,26911.71,4116.2,8853.83,3657.99,1546.07,2116.97,1653.47,2313.92,79.84,1132.93,178.84,467.4,815.83,0,0,-97.11,75.53
2026-05-09T14:00:00+03:00,14:00,28116.44,4321.39,9956.28,3694.85,1608.77,2140.97,1585.24,2223.28,81.16,1117.91,176.64,467.87,817.85,0,0,-152.01,76.24
2026-05-09T15:00:00+03:00,15:00,29340.0,4396.35,11152.24,3827.65,1664.02,2203.76,1509.25,1978.88,83.47,1131.07,178.84,458.26,824.34,0,0,-140.4,72.27
2026-05-09T16:00:00+03:00,16:00,31337.6,4780.15,12562.49,3847.81,2155.24,2221.31,1406.77,1762.88,79.66,1120.47,176.63,461.0,810.42,0,0,-125.1,77.87
2026-05-09T17:00:00+03:00,17:00,34595.73,5450.19,13818.42,3865.01,3512.23,2209.57,1768.71,1447.85,83.17,1120.54,176.63,458.42,818.16,0,0,-212.33,79.16
2026-05-09T18:00:00+03:00,18:00,37256.84,6500.65,14368.15,3883.03,5479.49,2284.51,1756.87,472.13,78.58,1139.45,181.04,462.36,849.54,0,0,-282.57,83.61
2026-05-09T19:00:00+03:00,19:00,39202.81,6889.07,15013.6,3867.34,6189.88,2789.05,1812.25,43.93,81.57,1170.83,178.84,463.22,853.94,0,0,-233.87,83.16
2026-05-09T20:00:00+03:00,20:00,40757.52,7269.59,14668.59,4051.06,6528.13,3973.51,1655.41,34.4,91.93,1206.4,178.84,461.86,841.57,0,0,-281.57,77.8
2026-05-09T21:00:00+03:00,21:00,39836.31,7029.81,14186.99,4202.26,6261.74,4008.46,1552.86,0.03,86.34,1233.31,178.84,465.35,841.49,0,0,-289.51,78.34
2026-05-09T22:00:00+03:00,22:00,38279.94,6247.37,14662.75,4153.37,6174.6,2839.77,1581.06,0.03,79.91,1248.98,181.04,459.33,839.16,0,0,-259.23,71.8
2026-05-09T23:00:00+03:00,23:00,36318.2,5468.64,14653.78,4071.97,5799.79,2352.16,1436.2,0.03,79.09,1261.53,178.84,452.46,770.81,0,0,-282.54,75.44
2026-05-10T00:00:00+03:00,00:00,34332.82,5087.89,13990.94,4038.28,5345.38,2112.34,1174.65,0.01,78.69,1276.87,183.25,450.69,837.22,0,0,-313.05,69.66
2026-05-10T01:00:00+03:00,01:00,32532.36,4466.18,13164.42,4022.64,5749.69,1566.47,969.11,1.01,78.64,1282.83,178.84,457.88,814.05,0,0,-290.93,71.53
2026-05-10T02:00:00+03:00,02:00,31171.85,3730.11,12630.01,4012.56,5665.61,1600.95,867.6,1.32,79.45,1293.99,183.25,463.2,820.14,0,0,-246.13,69.79
2026-05-10T03:00:00+03:00,03:00,30316.2,2862.0,12672.75,3993.21,5707.31,1611.13,778.09,1.47,78.94,1305.57,181.04,456.15,837.29,0,0,-238.08,69.33
2026-05-10T04:00:00+03:00,04:00,29921.48,2987.85,12342.79,3973.34,5613.73,1595.37,787.19,3.35,78.34,1313.84,178.84,461.49,849.63,0,0,-336.74,72.46
2026-05-10T05:00:00+03:00,05:00,28883.08,2947.55,11463.23,3970.92,5497.23,1578.85,747.88,43.43,81.31,1316.66,181.04,463.9,817.55,0,0,-302.72,76.25
2026-05-10T06:00:00+03:00,06:00,26323.52,2597.11,11000.98,3974.82,3335.64,1575.41,700.15,540.52,82.23,1323.3,181.04,463.47,823.44,0,0,-355.31,80.72
2026-05-10T07:00:00+03:00,07:00,23366.87,2337.46,9452.95,3938.15,1775.64,1559.89,464.49,1311.68,81.4,1305.89,181.04,461.63,829.29,0,0,-410.64,78.0
2026-05-10T08:00:00+03:00,08:00,21317.62,1757.63,7388.51,3951.27,1629.21,1571.77,369.35,2059.45,85.06,1275.54,183.25,457.07,839.29,0,0,-326.76,76.98
2026-05-10T09:00:00+03:00,09:00,19918.58,1853.87,5876.93,3943.3,1525.88,1567.39,311.58,2266.79,79.01,1239.07,176.64,469.19,840.89,0,0,-311.84,79.88
2026-05-10T10:00:00+03:00,10:00,19992.46,1532.49,6125.09,3935.67,1472.98,1599.12,310.13,2239.65,78.09,1200.62,178.84,465.36,841.57,0,0,-65.42,78.27
2026-05-10T11:00:00+03:00,11:00,20260.33,1513.84,6299.58,3929.71,1490.17,1586.84,375.29,2354.19,77.88,1164.87,178.84,467.23,829.4,0,0,-86.97,79.46
2026-05-10T12:00:00+03:00,12:00,20125.26,1510.42,6301.06,3904.9,1490.6,1576.1,544.62,1993.69,77.54,1136.08,178.84,460.78,824.43,0,0,48.38,77.82
2026-05-10T13:00:00+03:00,13:00,20948.64,1507.14,6728.62,3931.94,1539.02,1601.36,707.84,2159.8,86.38,1110.85,178.84,458.94,839.08,0,0,20.27,78.56
2026-05-10T14:00:00+03:00,14:00,21955.56,1494.42,7286.82,3933.31,1599.79,1592.45,883.0,2289.93,85.06,1098.47,181.04,461.13,836.82,0,0,127.19,86.13
2026-05-10T15:00:00+03:00,15:00,23250.97,1658.96,8799.73,3936.36,1652.01,1591.3,971.44,1803.39,84.24,1094.39,181.04,466.6,831.81,0,0,95.69,84.01
2026-05-10T16:00:00+03:00,16:00,25764.43,2603.13,10439.21,3914.75,1696.44,1588.98,988.72,1921.26,79.72,1097.85,181.04,456.28,826.7,0,0,-111.81,82.16
2026-05-10T17:00:00+03:00,17:00,28822.17,3658.83,13203.35,3951.24,1924.19,1618.52,1071.74,908.8,81.18,1117.09,174.43,456.44,828.1,0,0,-254.0,82.26
2026-05-10T18:00:00+03:00,18:00,32546.71,4297.78,14533.82,3985.8,3452.7,1715.13,1617.13,455.22,77.23,1139.57,178.84,465.88,838.47,0,0,-295.95,85.09
2026-05-10T19:00:00+03:00,19:00,35627.3,5120.35,14648.39,4013.66,5651.19,1899.85,1740.7,54.92,80.92,1165.2,183.25,466.39,842.43,0,0,-324.92,84.97
2026-05-10T20:00:00+03:00,20:00,37628.56,6344.69,14709.61,4159.44,6074.39,2209.52,1539.31,0.24,92.03,1198.44,183.25,467.15,891.6,0,0,-325.32,84.21
2026-05-10T21:00:00+03:00,21:00,37183.6,6390.57,14289.53,4196.02,6024.61,2460.41,1228.4,0.08,87.28,1220.86,178.84,467.39,893.67,0,0,-339.83,85.77
2026-05-10T22:00:00+03:00,22:00,35863.87,6378.13,13850.03,4101.34,5880.9,2068.88,1032.15,0.88,79.26,1243.19,181.04,462.45,871.73,0,0,-371.39,85.28
2026-05-10T23:00:00+03:00,23:00,34411.46,5832.67,14048.29,3995.79,5196.23,1826.8,989.43,0.07,78.46,1251.4,183.25,465.41,835.27,0,0,-376.76,85.15
2026-05-11T00:00:00+03:00,00:00,32428.99,5682.55,13542.28,3813.17,4296.31,1703.27,871.41,0.89,79.78,1271.24,183.25,438.69,836.64,0,0,-377.24,86.75
2026-05-11T01:00:00+03:00,01:00,30886.91,5196.5,12609.72,3794.31,4094.35,1683.84,818.7,0.79,79.11,1286.61,183.25,428.4,836.81,0,0,-212.91,87.43
2026-05-11T02:00:00+03:00,02:00,29587.38,4588.08,11980.58,3783.75,4054.63,1685.98,762.58,0.81,79.0,1297.46,183.25,439.99,840.28,0,0,-194.27,85.26
2026-05-11T03:00:00+03:00,03:00,28955.74,3503.62,12151.15,3785.63,4447.28,1703.67,590.84,0.81,78.3,1305.83,185.46,450.34,839.6,0,0,-175.81,89.02
2026-05-11T04:00:00+03:00,04:00,28977.37,3099.01,12635.98,3757.38,4491.9,1718.66,496.47,1.13,78.24,1313.89,183.25,458.97,830.18,0,0,-174.17,86.48
2026-05-11T05:00:00+03:00,05:00,28713.74,3411.28,12111.63,3767.34,4565.59,1622.29,476.18,24.75,80.88,1298.68,183.25,465.12,826.05,0,0,-197.37,78.07
2026-05-11T06:00:00+03:00,06:00,27279.66,3737.26,10670.12,3735.09,3765.1,1568.0,527.7,534.91,82.65,1291.6,183.25,475.35,832.43,0,0,-204.95,81.15
2026-05-11T07:00:00+03:00,07:00,27248.45,4393.2,9864.69,3739.18,2736.11,1561.03,599.48,1650.09,81.91,1271.75,192.08,460.82,837.56,0,0,-223.91,84.46
2026-05-11T08:00:00+03:00,08:00,29707.77,5848.38,10877.44,3680.99,2279.68,1661.29,511.22,2088.13,87.1,1240.95,196.5,455.14,839.55,0,0,-138.54,79.94
2026-05-11T09:00:00+03:00,09:00,28868.3,6196.48,9887.67,3696.32,1812.19,1905.38,453.01,2244.98,83.29,1203.49,200.92,439.98,831.94,0,0,-172.74,85.39
2026-05-11T10:00:00+03:00,10:00,27590.79,5696.57,9090.95,3683.45,1729.88,1862.27,451.05,2419.46,79.17,1170.36,207.54,436.62,829.17,0,0,-149.86,84.16
2026-05-11T11:00:00+03:00,11:00,27923.67,6068.08,9014.84,3591.94,1723.56,1805.61,588.74,2517.05,79.89,1118.52,216.37,445.14,823.38,0,0,-152.35,82.9
2026-05-11T12:00:00+03:00,12:00,26581.36,5174.09,8384.85,3590.65,1703.1,1884.27,786.84,2484.95,85.15,1092.03,218.58,445.38,832.16,0,0,-186.19,85.5
2026-05-11T13:00:00+03:00,13:00,28188.78,5282.35,9666.73,3588.08,1713.73,1929.63,940.37,2417.87,89.08,1087.58,211.96,438.04,825.41,0,0,-86.34,84.29
2026-05-11T14:00:00+03:00,14:00,30349.84,5841.52,10980.35,3581.6,1881.72,2027.04,1154.11,2347.97,87.35,1072.6,181.05,427.52,809.67,0,0,-130.8,88.14
2026-05-11T15:00:00+03:00,15:00,31933.97,5983.76,11982.14,3582.04,2149.7,2174.94,1250.73,2308.63,89.48,1060.91,183.25,421.27,818.11,0,0,-154.8,83.81
2026-05-11T16:00:00+03:00,16:00,34454.28,5989.92,12827.31,3556.67,2901.58,2402.62,1977.04,2230.2,86.21,1060.14,178.84,426.46,829.83,0,0,-97.35,84.81
2026-05-11T17:00:00+03:00,17:00,37761.33,6549.89,13967.11,3503.75,4799.84,2635.94,2261.89,1654.04,80.66,1066.48,174.43,416.61,830.98,0,0,-266.1,85.81
2026-05-11T18:00:00+03:00,18:00,39350.92,6780.54,14420.7,3593.85,6097.7,2719.95,2517.69,747.08,89.13,1082.09,178.84,411.0,857.33,0,0,-229.76,84.78
2026-05-11T19:00:00+03:00,19:00,41266.44,7029.64,15904.37,3752.14,6261.64,3107.94,2567.99,61.32,94.56,1110.11,176.63,422.3,855.0,0,0,-157.4,80.2
2026-05-11T20:00:00+03:00,20:00,42126.85,7188.32,16984.84,3755.83,6383.66,2520.65,2593.27,26.2,94.86,1136.53,176.63,418.07,849.4,0,0,-82.3,80.89
2026-05-11T21:00:00+03:00,21:00,41601.62,7254.24,15307.35,3801.51,6455.86,3696.16,2573.49,0.01,90.7,1156.36,178.84,422.05,852.53,0,0,-266.9,79.42
2026-05-11T22:00:00+03:00,22:00,39784.65,6977.29,14253.39,3784.85,6232.42,3273.71,2670.93,5.25,81.78,1164.34,181.04,420.51,837.82,0,0,-176.01,77.33
2026-05-11T23:00:00+03:00,23:00,37766.76,5882.25,14041.39,3656.39,6118.04,2786.65,2757.58,0.01,79.95,1159.9,176.64,424.13,788.49,0,0,-187.71,83.05
2026-05-12T00:00:00+03:00,00:00,35617.0,4841.28,12711.37,3570.45,6013.19,2644.26,3253.75,1.17,80.07,1190.2,176.64,419.04,831.79,0,0,-202.09,85.88
2026-05-12T01:00:00+03:00,01:00,33874.96,3884.18,11743.68,3531.28,5893.07,2578.32,3669.1,1.17,79.7,1218.06,176.64,430.99,813.37,0,0,-233.06,88.46
2026-05-12T02:00:00+03:00,02:00,32579.34,3305.52,11670.36,3523.8,5625.41,2087.06,3774.3,1.16,79.03,1235.77,178.84,422.46,813.22,0,0,-220.54,82.95
2026-05-12T03:00:00+03:00,03:00,31604.11,2689.22,11743.68,3531.01,5115.56,2047.25,3837.95,1.05,79.49,1246.72,178.84,429.56,812.91,0,0,-196.18,87.05
2026-05-12T04:00:00+03:00,04:00,31532.03,2423.09,12175.3,3488.32,5045.03,2066.35,3676.75,1.74,78.97,1254.74,178.84,439.94,813.7,0,0,-199.36,88.62
2026-05-12T05:00:00+03:00,05:00,31125.05,2578.56,11784.46,3485.48,4947.05,2051.35,3643.13,28.36,82.58,1263.26,176.63,425.7,817.96,0,0,-242.77,83.3
2026-05-12T06:00:00+03:00,06:00,29503.26,2967.47,10994.68,3485.21,3773.33,1957.92,3298.03,427.2,83.57,1259.76,178.84,413.35,813.8,0,0,-233.17,83.27
2026-05-12T07:00:00+03:00,07:00,29058.92,3753.64,10744.11,3484.18,2583.32,1946.07,2686.7,1257.75,81.72,1250.85,181.05,411.01,810.21,0,0,-214.25,82.56
2026-05-12T08:00:00+03:00,08:00,31059.76,4841.74,12225.73,3479.36,2285.83,1972.46,1998.78,1674.45,83.21,1211.86,183.25,410.94,802.34,0,0,-189.39,79.2
2026-05-12T09:00:00+03:00,09:00,30101.02,5308.61,11076.99,3521.17,1830.03,1935.37,1901.07,2081.79,82.21,1160.81,183.26,394.32,800.35,0,0,-253.45,78.49
2026-05-12T10:00:00+03:00,10:00,28080.85,4840.76,9275.52,3374.9,1726.71,1923.42,2132.86,2366.23,83.77,1122.79,181.05,393.9,781.12,0,0,-200.71,78.53
2026-05-12T11:00:00+03:00,11:00,27701.81,4473.42,8810.79,3412.34,1724.05,1924.96,2424.93,2537.45,81.83,1097.75,185.46,418.5,791.95,0,0,-261.63,80.01
2026-05-12T12:00:00+03:00,12:00,25700.06,4145.08,6696.52,3528.65,1735.11,1926.31,2830.02,2467.17,79.91,1078.21,181.05,389.22,793.66,0,0,-232.98,82.13
2026-05-12T13:00:00+03:00,13:00,27273.62,3943.24,8044.43,3585.1,1765.97,1969.66,3195.94,2252.31,82.51,1065.02,187.67,390.23,797.04,0,0,-86.58,81.08
2026-05-12T14:00:00+03:00,14:00,29427.65,4035.99,9804.95,3599.26,1781.51,1953.82,3445.29,2051.52,79.53,1054.75,185.46,388.23,770.64,0,0,195.0,81.7
2026-05-12T15:00:00+03:00,15:00,31522.67,4692.55,10888.12,3619.52,1945.16,1980.15,4080.09,1879.52,81.8,1049.04,183.26,417.97,790.76,0,0,-167.74,82.47
2026-05-12T16:00:00+03:00,16:00,34333.8,4836.23,12070.15,3671.64,2610.04,2063.25,4710.32,1902.19,82.09,1050.31,181.05,433.65,781.6,0,0,-139.5,80.78
2026-05-12T17:00:00+03:00,17:00,37520.29,5158.36,13017.66,3682.92,3801.77,2070.59,5864.85,1419.72,84.06,1058.73,183.26,430.47,784.93,0,0,-121.14,84.11
2026-05-12T18:00:00+03:00,18:00,39735.64,5552.94,13546.96,3708.99,5120.05,2050.79,6671.11,664.95,81.76,1080.26,178.84,435.49,790.48,0,0,-226.44,79.46
2026-05-12T19:00:00+03:00,19:00,41600.38,5848.93,14419.05,3738.8,6126.4,2229.9,6642.4,72.22,86.52,1111.77,176.63,433.32,825.34,0,0,-196.26,85.36
2026-05-12T20:00:00+03:00,20:00,43079.03,5941.41,15054.72,3822.8,6283.61,2465.35,6908.79,15.33,86.63,1126.16,178.84,431.94,821.97,0,0,-142.06,83.54
2026-05-12T21:00:00+03:00,21:00,42061.2,5784.91,14506.51,3798.26,6300.14,2536.84,6569.98,0.03,83.06,1149.92,178.84,427.31,825.5,0,0,-184.5,84.4
2026-05-12T22:00:00+03:00,22:00,40181.72,5307.67,14226.33,3736.96,6126.29,2209.29,5981.71,0.01,81.39,1174.46,176.63,437.05,804.95,0,0,-163.59,82.57
2026-05-12T23:00:00+03:00,23:00,37622.52,4587.27,13820.88,3734.55,5368.96,1923.98,5606.23,0.01,81.07,1202.51,178.84,434.01,790.96,0,0,-188.57,81.82
2026-05-13T00:00:00+03:00,00:00,35757.41,4459.17,14872.75,3691.46,3791.04,1798.09,4584.66,0.91,81.7,1216.63,176.64,418.46,825.4,0,0,-236.84,77.34
2026-05-13T01:00:00+03:00,01:00,33911.25,4115.09,14391.72,3686.6,3210.41,1787.98,4100.97,1.17,81.03,1225.32,178.84,426.99,831.11,0,0,-206.36,80.38
2026-05-13T02:00:00+03:00,02:00,32675.56,3615.21,13687.0,3694.46,3432.66,1781.98,3818.53,1.19,80.46,1237.1,178.84,435.39,834.72,0,0,-201.46,79.48
2026-05-13T03:00:00+03:00,03:00,31857.04,3238.43,13276.79,3682.46,3273.88,1784.37,3868.46,1.18,80.82,1247.12,176.64,514.38,838.25,0,0,-208.64,82.9
2026-05-13T04:00:00+03:00,04:00,31681.18,2966.46,13114.36,3700.28,3229.03,1737.99,4106.42,3.13,80.27,1255.38,176.64,587.35,838.53,0,0,-195.68,81.02
2026-05-13T05:00:00+03:00,05:00,31194.24,2984.27,12976.43,3705.77,3261.09,1656.82,3800.6,37.92,82.48,1264.26,181.04,572.6,830.12,0,0,-241.37,82.21
2026-05-13T06:00:00+03:00,06:00,29859.71,3345.66,12153.45,3700.4,2589.02,1554.27,3318.15,420.01,84.83,1272.44,181.04,570.09,836.96,0,0,-248.4,81.79
2026-05-13T07:00:00+03:00,07:00,28843.26,4518.38,10746.08,3692.62,2246.0,1534.53,2189.23,1170.86,88.32,1251.04,176.64,578.31,832.97,0,0,-263.99,82.27
2026-05-13T08:00:00+03:00,08:00,30342.36,5110.61,11672.73,3691.52,1881.03,1548.71,1539.77,2165.03,83.28,1206.23,176.64,593.26,833.66,0,0,-238.75,78.64
2026-05-13T09:00:00+03:00,09:00,29404.38,5518.96,10668.64,3677.02,1738.36,1543.88,1300.61,2337.72,83.75,1166.15,176.64,590.55,791.44,0,0,-260.79,71.45
2026-05-13T10:00:00+03:00,10:00,28108.13,4808.19,9748.48,3693.64,1714.82,1525.49,1511.96,2479.36,85.58,1132.25,176.64,589.91,774.36,0,0,-205.09,72.54
2026-05-13T11:00:00+03:00,11:00,28612.42,5536.06,9197.93,3683.3,1699.02,1517.33,1761.61,2518.12,93.93,1110.47,178.84,596.42,794.89,0,0,-149.97,74.47
2026-05-13T12:00:00+03:00,12:00,26880.28,4386.08,8344.03,3665.75,1698.44,1522.64,2178.45,2454.15,93.79,1087.5,176.64,569.74,794.04,0,0,-166.47,75.5
2026-05-13T13:00:00+03:00,13:00,27785.14,4415.77,8822.7,3697.41,1712.78,1565.98,2497.77,2434.94,86.05,1063.88,181.04,566.49,794.13,0,0,-126.41,72.61
2026-05-13T14:00:00+03:00,14:00,29511.52,4908.89,9793.19,3697.27,1740.18,1713.42,2763.25,2355.54,84.31,1053.75,178.84,562.19,776.74,0,0,-190.69,74.64
2026-05-13T15:00:00+03:00,15:00,31087.68,5172.82,10871.73,3691.67,1771.15,1735.49,3123.59,2152.73,90.7,1052.53,176.64,568.36,788.14,0,0,-179.53,71.66
2026-05-13T16:00:00+03:00,16:00,33914.05,5215.73,12647.29,3701.01,2173.52,1817.72,3655.74,2141.26,83.02,1065.58,181.05,579.29,803.67,0,0,-220.27,69.44
2026-05-13T17:00:00+03:00,17:00,37571.59,5542.08,13377.3,3694.12,4407.65,1775.56,4488.55,1798.09,84.7,1081.46,178.84,580.59,800.03,0,0,-308.45,71.07
2026-05-13T18:00:00+03:00,18:00,39874.12,5816.57,14282.2,3772.42,5943.47,2052.44,4651.62,792.98,94.74,1105.63,183.25,578.43,815.81,0,0,-287.33,71.89
2026-05-13T19:00:00+03:00,19:00,41299.29,6568.21,14797.09,3906.38,6104.31,2590.06,4543.15,71.04,105.61,1128.01,181.04,613.75,842.26,0,0,-226.08,74.46
2026-05-13T20:00:00+03:00,20:00,43145.55,6637.13,16360.03,3989.68,6227.77,2622.0,4519.99,14.98,108.4,1157.9,183.25,617.22,840.27,0,0,-211.5,78.43
2026-05-13T21:00:00+03:00,21:00,42072.69,6444.81,15620.05,4049.95,6240.52,2534.64,4447.35,0.25,105.15,1178.77,183.25,611.39,817.27,0,0,-241.66,80.95
2026-05-13T22:00:00+03:00,22:00,40239.84,5764.98,15131.26,3959.58,6140.91,2320.91,4178.73,0.26,51.84,1183.0,181.04,579.43,843.75,0,0,-178.81,82.96
2026-05-13T23:00:00+03:00,23:00,38323.92,5114.88,14735.22,3764.01,5892.2,1868.56,4187.12,0.27,81.93,1213.88,183.25,573.15,824.79,0,0,-195.62,80.28
2026-05-14T00:00:00+03:00,00:00,36313.84,4177.2,14746.55,3788.13,4795.53,1614.55,4413.53,1.42,82.62,1233.7,185.46,589.9,839.99,0,0,-235.74,81.0
2026-05-14T01:00:00+03:00,01:00,34621.03,3873.9,14270.36,3780.13,4220.27,1427.4,4318.94,1.44,81.56,1241.49,176.63,585.14,837.26,0,0,-275.25,81.76
2026-05-14T02:00:00+03:00,02:00,33240.3,3550.47,13644.72,3772.89,4228.28,1411.04,3914.5,1.44,81.27,1252.72,183.26,534.18,830.33,0,0,-246.17,81.37
2026-05-14T03:00:00+03:00,03:00,32479.94,3158.24,13986.56,3751.02,4047.76,1427.4,3391.51,1.43,81.21,1263.64,185.46,521.65,819.15,0,0,-233.22,78.13
2026-05-14T04:00:00+03:00,04:00,32265.48,3586.44,13839.81,3748.94,3944.22,1414.98,3034.09,2.15,80.83,1250.3,181.05,540.88,823.19,0,0,-262.91,81.51
2026-05-14T05:00:00+03:00,05:00,31694.02,4033.43,12750.13,3763.13,3974.61,1391.04,3001.8,51.04,85.02,1273.35,178.84,554.34,821.92,0,0,-267.19,82.56
2026-05-14T06:00:00+03:00,06:00,30100.49,4082.08,11916.17,3758.52,2831.91,1317.18,2881.72,545.25,88.38,1277.73,185.46,560.4,819.8,0,0,-244.67,80.56
2026-05-14T07:00:00+03:00,07:00,29681.88,4186.41,10975.67,3737.59,2540.0,1304.89,2654.57,1535.3,80.61,1244.01,178.84,563.1,825.7,0,0,-226.2,81.39
2026-05-14T08:00:00+03:00,08:00,31471.55,5213.03,11133.96,3728.01,2362.35,1297.16,2786.78,2206.92,86.75,1218.0,178.84,550.45,831.54,0,0,-206.99,84.75
2026-05-14T09:00:00+03:00,09:00,30839.98,6020.46,10718.54,3687.7,1782.18,1285.87,2529.73,2146.32,87.19,1181.83,176.64,547.28,833.35,0,0,-241.13,84.02
2026-05-14T10:00:00+03:00,10:00,29703.96,5869.73,9719.87,3563.09,1765.71,1282.24,2670.52,2172.35,87.63,1161.88,178.84,555.35,812.88,0,0,-220.73,84.6
2026-05-14T11:00:00+03:00,11:00,29897.42,6165.29,9117.1,3478.75,1757.39,1291.74,3294.91,2101.5,87.71,1124.87,181.04,548.33,812.29,0,0,-143.33,79.83
2026-05-14T12:00:00+03:00,12:00,29460.15,5250.08,9099.51,3475.26,1742.56,1292.76,3804.6,2040.67,86.33,1140.96,176.63,568.25,813.26,0,0,-107.84,77.12
2026-05-14T13:00:00+03:00,13:00,31498.65,5982.25,10740.72,3445.06,1783.46,1332.92,3608.78,1860.97,88.94,1133.95,178.84,557.99,792.31,0,0,-81.38,73.84
2026-05-14T14:00:00+03:00,14:00,34540.45,6559.71,12937.24,3575.07,1897.85,1356.61,3823.79,1687.14,89.55,1176.02,178.84,554.3,797.41,0,0,-163.87,70.79
2026-05-14T15:00:00+03:00,15:00,36014.03,6743.93,13398.25,3668.44,2283.43,1393.83,4284.0,1516.14,86.95,1184.19,174.43,544.82,767.82,0,0,-101.07,68.87
2026-05-14T16:00:00+03:00,16:00,37861.65,6855.32,13034.58,3704.22,3549.0,1483.41,5044.18,1375.25,79.49,1194.17,178.84,559.54,805.24,0,0,-74.5,72.91
2026-05-14T17:00:00+03:00,17:00,39837.16,7028.89,13078.39,3761.53,5566.65,1494.05,5191.52,1098.34,86.27,1211.6,176.64,568.0,829.64,0,0,-327.66,73.3
2026-05-14T18:00:00+03:00,18:00,40228.11,7606.28,12838.76,3787.72,6140.4,1759.68,5017.4,370.19,91.35,1202.02,176.64,582.12,843.73,0,0,-266.11,77.93
2026-05-14T19:00:00+03:00,19:00,41345.56,7926.25,13975.32,3780.27,6177.45,2273.61,4382.6,30.63,93.92,1230.64,178.84,602.02,839.88,0,0,-225.29,79.42
2026-05-14T20:00:00+03:00,20:00,42789.1,8586.01,15439.34,3775.91,6236.42,2206.5,3719.75,0.61,94.73,1253.44,178.84,593.74,839.7,0,0,-216.52,80.63
2026-05-14T21:00:00+03:00,21:00,41821.8,8587.07,14987.73,3823.44,6167.93,2173.33,3228.74,27.43,94.45,1251.09,178.84,601.28,833.47,0,0,-214.43,81.43
2026-05-14T22:00:00+03:00,22:00,39942.84,7926.72,14232.48,3848.92,6180.92,2171.98,2773.1,0.32,91.22,1254.43,178.84,573.89,826.65,0,0,-197.58,80.95
2026-05-14T23:00:00+03:00,23:00,38253.32,6991.73,14432.49,3726.71,6175.62,2008.66,2151.46,0.01,87.38,1256.59,181.04,568.73,839.86,0,0,-252.66,85.7
2026-05-15T00:00:00+03:00,00:00,36360.95,6193.24,14433.06,3565.63,5981.36,1624.79,1810.35,0.03,81.98,1272.84,183.25,563.02,813.02,0,0,-243.89,82.27
2026-05-15T01:00:00+03:00,01:00,34637.89,5723.01,14015.01,3492.21,5484.82,1450.55,1730.99,0.03,82.62,1278.03,181.04,563.09,798.38,0,0,-242.71,80.82
2026-05-15T02:00:00+03:00,02:00,33186.93,4872.64,13043.77,3545.14,5723.57,1412.4,1887.51,0.07,81.67,1276.95,176.64,559.59,794.54,0,0,-267.0,79.44
2026-05-15T03:00:00+03:00,03:00,32465.9,4224.92,12992.98,3571.33,5687.48,1415.2,1849.62,0.59,82.09,1288.24,178.84,557.31,771.39,0,0,-230.65,76.56
2026-05-15T04:00:00+03:00,04:00,32348.72,4111.28,13275.04,3559.33,5600.12,1409.16,1677.79,0.47,81.69,1295.95,181.04,545.35,771.2,0,0,-236.09,76.39
2026-05-15T05:00:00+03:00,05:00,31997.1,4446.17,12735.62,3564.81,5583.58,1419.87,1488.21,12.11,83.87,1299.38,178.84,546.8,772.47,0,0,-216.54,81.91
2026-05-15T06:00:00+03:00,06:00,30823.92,4637.25,11994.19,3579.47,4794.81,1334.79,1442.17,282.35,87.32,1297.84,176.64,552.79,776.52,0,0,-214.45,82.23
2026-05-15T07:00:00+03:00,07:00,30846.38,5295.3,11065.74,3562.51,4620.81,1295.12,1242.56,980.29,78.02,1287.96,183.25,561.43,781.35,0,0,-189.05,81.09
2026-05-15T08:00:00+03:00,08:00,33446.23,6297.01,11836.73,3600.28,4644.23,1293.34,1125.15,1831.03,86.87,1270.44,178.84,585.34,767.96,0,0,-151.0,80.01
2026-05-15T09:00:00+03:00,09:00,32929.11,6601.75,11180.02,3799.59,3954.2,1349.83,1067.11,2180.03,85.9,1240.37,176.64,582.86,771.33,0,0,-139.56,79.04
2026-05-15T10:00:00+03:00,10:00,31903.52,6571.63,11246.32,3860.94,2739.47,1367.08,1036.77,2214.97,88.75,1236.02,178.84,590.81,778.71,0,0,-89.71,82.92
2026-05-15T11:00:00+03:00,11:00,32305.29,6550.22,12015.51,3757.68,2371.69,1311.92,1130.64,2366.61,87.44,1208.55,183.25,587.43,767.44,0,0,-114.53,81.44
2026-05-15T12:00:00+03:00,12:00,29268.06,5565.06,10927.2,3678.72,1906.48,1277.41,1189.76,1984.55,89.02,1178.99,178.84,552.83,777.3,0,0,-122.85,84.75
2026-05-15T13:00:00+03:00,13:00,29111.36,4924.73,11606.14,3590.89,1888.52,1298.57,1217.38,1873.92,88.92,1155.83,183.25,558.76,760.99,0,0,-115.43,78.89
2026-05-15T14:00:00+03:00,14:00,31911.36,5851.94,12889.65,3546.0,2305.69,1279.62,1490.3,1812.21,89.28,1143.4,181.04,561.52,762.93,0,0,-75.35,73.13
2026-05-15T15:00:00+03:00,15:00,32290.1,6026.72,12536.71,3559.43,2711.72,1302.65,1918.02,1544.84,91.08,1132.49,181.04,559.01,763.17,0,0,-109.15,72.37
2026-05-15T16:00:00+03:00,16:00,34597.23,6190.67,12777.69,3687.18,3900.42,1375.37,2344.3,1610.87,81.44,1135.52,181.04,568.85,768.77,0,0,-95.26,70.37
2026-05-15T17:00:00+03:00,17:00,37265.16,7279.87,12663.06,3770.06,5682.76,1383.42,2467.84,1326.24,89.13,1139.89,178.84,572.83,777.07,0,0,-135.23,69.38
2026-05-15T18:00:00+03:00,18:00,39258.13,7868.56,14040.41,3970.15,6062.69,1671.39,2566.08,483.89,91.61,1151.88,178.84,569.38,808.81,0,0,-278.51,72.95
2026-05-15T19:00:00+03:00,19:00,41186.96,8442.62,14830.95,4024.57,6161.0,2247.69,2701.06,58.07,95.33,1155.96,178.84,595.33,817.4,0,0,-197.97,76.11
2026-05-15T20:00:00+03:00,20:00,42756.53,8534.2,16378.48,3973.43,6166.89,2183.58,2734.38,15.39,108.41,1203.5,176.64,602.82,791.64,0,0,-193.35,80.52
2026-05-15T21:00:00+03:00,21:00,42046.66,8611.19,15741.31,3948.19,6132.51,2122.79,2703.16,0.03,109.03,1221.06,178.84,609.23,799.14,0,0,-210.67,80.85
2026-05-15T22:00:00+03:00,22:00,40003.98,7979.55,14600.78,3944.88,6072.67,2124.53,2514.78,0.03,105.74,1237.37,178.84,618.72,783.49,0,0,-238.9,81.5
2026-05-15T23:00:00+03:00,23:00,38302.79,6951.25,14523.01,3739.03,6055.83,2002.38,2357.11,0.03,82.04,1237.23,178.84,579.55,765.07,0,0,-247.4,78.82
2026-05-16T00:00:00+03:00,00:00,36642.45,6303.32,13815.11,3615.7,6044.43,1670.35,2463.77,0.01,82.62,1270.21,181.05,585.11,796.41,0,0,-267.53,81.89
2026-05-16T01:00:00+03:00,01:00,34567.32,5457.5,12793.88,3662.56,6014.46,1203.38,2778.31,0.01,82.4,1282.32,178.84,578.7,799.44,0,0,-340.85,76.37
2026-05-16T02:00:00+03:00,02:00,33359.59,4397.08,12850.09,3642.17,5859.38,1133.26,2799.63,0.05,81.76,1295.06,181.05,586.42,797.44,0,0,-335.58,71.78
2026-05-16T03:00:00+03:00,03:00,32410.8,4132.13,12243.59,3662.97,5641.38,1133.95,2856.51,0.57,81.62,1300.96,181.04,576.23,808.15,0,0,-287.63,79.33
2026-05-16T04:00:00+03:00,04:00,32296.37,3636.85,13019.43,3706.66,5311.66,1137.34,2854.81,0.33,80.32,1303.11,181.04,463.37,802.97,0,0,-280.96,79.44
2026-05-16T05:00:00+03:00,05:00,31579.91,3912.27,12479.35,3758.1,4757.83,1125.53,2946.72,21.53,81.21,1303.28,183.26,463.04,777.19,0,0,-304.78,75.38
2026-05-16T06:00:00+03:00,06:00,29573.38,3871.21,12046.09,3746.67,3026.41,1052.29,2716.69,509.32,81.42,1299.61,178.84,465.81,779.78,0,0,-277.63,76.87
2026-05-16T07:00:00+03:00,07:00,27497.19,3714.02,10908.66,3732.09,1993.33,1026.88,2026.78,1492.84,81.14,1288.77,181.05,470.91,797.24,0,0,-293.56,77.04
2026-05-16T08:00:00+03:00,08:00,27854.98,4126.75,10947.03,3714.25,1774.69,1039.46,1645.03,2013.15,85.2,1259.22,176.64,462.1,802.48,0,0,-267.99,76.97
2026-05-16T09:00:00+03:00,09:00,27064.42,4406.36,9947.67,3589.38,1707.62,1030.62,1555.41,2266.88,78.65,1223.11,176.64,462.17,808.62,0,0,-265.41,76.7
2026-05-16T10:00:00+03:00,10:00,26387.26,4124.04,9648.15,3425.88,1649.99,1032.46,1603.55,2316.2,75.66,1186.43,178.84,469.31,801.35,0,0,-201.53,76.93
2026-05-16T11:00:00+03:00,11:00,26261.55,4041.44,9267.51,3425.27,1660.0,1033.66,1764.59,2485.47,76.4,1162.37,178.84,467.18,803.97,0,0,-181.72,76.57
2026-05-16T12:00:00+03:00,12:00,24925.25,3532.32,8280.15,3417.48,1687.17,1029.18,1947.01,2533.6,81.48,1141.37,176.64,441.48,793.87,0,0,-214.26,77.76
2026-05-16T13:00:00+03:00,13:00,25656.52,3504.44,8617.64,3413.11,1748.46,1037.0,2272.24,2518.99,78.23,1122.86,178.84,454.95,789.13,0,0,-156.55,77.18
2026-05-16T14:00:00+03:00,14:00,26684.03,3505.44,9483.81,3426.1,1758.7,1034.71,2576.6,2440.85,79.9,1104.19,178.84,457.12,779.63,0,0,-219.31,77.45
2026-05-16T15:00:00+03:00,15:00,27821.02,3488.89,10357.16,3409.91,1800.88,1033.88,3050.08,2259.58,78.83,1103.8,176.69,440.31,792.66,0,0,-247.69,76.04
2026-05-16T16:00:00+03:00,16:00,30701.72,4137.65,12222.96,3394.52,1867.41,1057.08,3530.27,2034.0,80.83,1112.49,174.43,438.88,802.89,0,0,-226.22,74.53
2026-05-16T17:00:00+03:00,17:00,34742.45,4504.02,13852.17,3392.29,2669.03,1136.91,4877.18,1928.18,84.1,1132.85,176.63,442.25,816.09,0,0,-345.63,76.38
2026-05-16T18:00:00+03:00,18:00,38184.35,5281.79,15107.47,3441.96,4183.35,1144.82,5787.35,840.59,83.39,1164.28,178.84,438.56,813.57,0,0,-359.34,77.72
2026-05-16T19:00:00+03:00,19:00,40312.33,5524.42,15007.99,3474.88,5833.03,1347.6,6599.22,66.66,84.26,1192.66,181.05,442.83,836.44,0,0,-355.43,76.72
2026-05-16T20:00:00+03:00,20:00,41725.14,5032.98,16396.47,3470.85,6101.61,1553.65,6600.35,13.74,89.67,1228.02,181.04,444.5,825.45,0,0,-289.35,76.16
2026-05-16T21:00:00+03:00,21:00,40899.73,5188.2,15732.54,3315.45,6096.16,1512.75,6535.54,0.04,81.56,1248.89,179.04,447.74,822.54,0,0,-337.24,76.52
2026-05-16T22:00:00+03:00,22:00,39018.05,5145.21,14672.72,3414.59,5376.39,1305.64,6575.99,0.65,81.64,1253.44,181.05,445.57,787.21,0,0,-298.18,76.13
2026-05-16T23:00:00+03:00,23:00,36730.56,4017.1,14387.84,3466.63,4356.96,1138.98,6744.13,0.1,81.91,1246.12,183.25,525.97,763.19,0,0,-262.44,80.82
2026-05-17T00:00:00+03:00,00:00,34925.95,3363.14,14899.94,3479.89,3039.87,1134.91,6323.5,0.06,81.17,1254.42,181.04,580.71,787.84,0,0,-280.07,79.53
2026-05-17T01:00:00+03:00,01:00,33049.98,1898.29,14884.2,3508.4,2984.55,1137.84,6037.77,0.07,81.0,1254.82,178.84,600.38,795.07,0,0,-389.58,78.33
2026-05-17T02:00:00+03:00,02:00,31564.53,1598.29,14325.82,3507.41,2731.86,1134.66,5647.71,0.05,80.86,1260.29,183.25,596.63,792.78,0,0,-372.96,77.88
2026-05-17T03:00:00+03:00,03:00,30743.2,1705.64,13967.3,3518.95,2789.66,1204.83,4927.56,0.36,80.92,1262.2,200.92,596.6,795.97,0,0,-386.42,78.71
2026-05-17T04:00:00+03:00,04:00,30204.14,1463.76,13492.34,3550.33,3014.12,1454.46,4636.54,1.89,80.47,1259.5,218.58,509.45,800.31,0,0,-351.43,73.82
2026-05-17T05:00:00+03:00,05:00,29282.55,1345.65,12733.14,3536.72,3080.05,1488.45,4524.72,36.07,83.46,1260.18,218.58,456.54,785.74,0,0,-340.28,73.53
2026-05-17T06:00:00+03:00,06:00,27115.78,1424.04,11948.28,3527.37,2263.36,1479.38,3723.28,180.2,83.84,1269.75,218.58,458.0,788.05,0,0,-323.89,75.54
2026-05-17T07:00:00+03:00,07:00,25506.71,1097.64,11540.39,3524.88,1985.74,1376.24,2931.55,549.59,90.34,1261.39,214.17,450.26,781.66,0,0,-372.41,75.27
2026-05-17T08:00:00+03:00,08:00,25040.98,1097.11,10853.24,3539.13,1760.02,1094.05,2749.31,1479.42,88.89,1244.54,187.67,423.33,780.26,0,0,-334.51,78.52
2026-05-17T09:00:00+03:00,09:00,25025.41,1096.02,10548.6,3578.53,1613.94,1026.6,2685.46,2000.87,90.34,1223.34,176.64,420.12,795.0,0,0,-304.93,74.88
2026-05-17T10:00:00+03:00,10:00,25073.92,1090.77,10197.6,3594.3,1560.92,1032.96,2677.39,2297.94,88.61,1189.18,178.84,437.66,806.38,0,0,-158.0,79.37
2026-05-17T11:00:00+03:00,11:00,24815.9,1378.62,9224.14,3602.95,1549.86,1187.18,2933.74,2401.22,86.14,1162.31,181.05,447.28,813.02,0,0,-226.27,74.66
2026-05-17T12:00:00+03:00,12:00,24137.63,1430.7,7982.91,3621.75,1596.58,1234.83,3352.39,2381.4,92.7,1147.8,176.64,480.23,821.71,0,0,-256.52,74.51
2026-05-17T13:00:00+03:00,13:00,24641.35,1630.36,8225.07,3629.6,1602.96,1037.22,3598.6,2335.6,85.61,1135.43,176.64,465.2,821.91,0,0,-183.5,80.65
2026-05-17T14:00:00+03:00,14:00,25491.66,1875.09,9041.54,3626.77,1688.36,1035.8,3642.59,2083.51,87.98,1121.37,176.64,447.27,826.06,0,0,-237.67,76.35
2026-05-17T15:00:00+03:00,15:00,26488.32,1890.7,10237.12,3618.07,1709.65,1042.68,3519.93,2001.19,84.77,1132.76,176.64,451.52,828.89,0,0,-282.64,77.04
2026-05-17T16:00:00+03:00,16:00,28095.75,2536.01,11595.83,3594.39,1750.22,1041.29,3284.5,1870.17,84.23,1130.05,176.64,447.45,826.58,0,0,-323.55,81.94
2026-05-17T17:00:00+03:00,17:00,30659.94,3959.6,12992.39,3605.3,1862.9,1055.29,3276.82,1537.41,78.87,1136.79,178.84,454.2,831.19,0,0,-389.3,79.64
2026-05-17T18:00:00+03:00,18:00,33714.72,4635.21,15463.89,3587.72,2730.04,1140.2,3160.75,646.92,78.8,1143.92,178.84,479.93,827.02,0,0,-438.98,80.46
2026-05-17T19:00:00+03:00,19:00,36481.79,5690.38,15436.31,3444.94,4880.34,1147.3,3360.51,93.06,79.53,1178.59,178.84,475.43,826.08,0,0,-389.72,80.2
2026-05-17T20:00:00+03:00,20:00,38841.7,5764.38,16321.13,3593.0,6137.56,1170.81,3308.32,0.66,79.36,1206.69,181.04,471.4,854.48,0,0,-326.13,79.0
2026-05-17T21:00:00+03:00,21:00,38462.92,5845.46,16043.01,3657.42,6110.02,1209.67,3034.17,14.66,80.9,1226.76,174.43,473.18,859.83,0,0,-342.89,76.3
2026-05-17T22:00:00+03:00,22:00,37062.29,5849.91,15287.76,3636.79,5834.41,1149.91,2741.48,0.03,81.4,1247.11,178.84,473.25,848.56,0,0,-343.63,76.47
2026-05-17T23:00:00+03:00,23:00,35295.75,5841.88,14524.67,3597.93,5274.31,1138.23,2503.15,0.03,82.43,1260.01,176.64,441.42,814.72,0,0,-441.18,81.51
2026-05-18T00:00:00+03:00,00:00,33582.63,5264.76,14021.84,3533.89,4709.63,1138.82,2434.65,0.01,81.28,1273.01,181.04,470.52,794.45,0,0,-401.26,79.99
2026-05-18T01:00:00+03:00,01:00,31835.91,4008.2,14323.06,3558.96,3857.22,1141.01,2347.81,0.01,81.32,1287.37,174.43,446.36,787.22,0,0,-258.25,81.19
2026-05-18T02:00:00+03:00,02:00,30668.95,3480.88,13734.88,3537.58,3624.17,1138.09,2514.57,0.03,80.44,1302.71,178.84,459.08,791.94,0,0,-253.18,78.92
2026-05-18T03:00:00+03:00,03:00,29843.38,3378.66,12704.54,3567.24,3544.86,1137.21,2833.35,0.31,80.54,1313.02,181.04,466.92,800.08,0,0,-243.22,78.83
2026-05-18T04:00:00+03:00,04:00,29716.4,2905.45,13339.48,3518.99,3192.53,1136.17,2908.2,2.56,80.27,1318.26,174.43,455.76,802.04,0,0,-198.75,81.01
2026-05-18T05:00:00+03:00,05:00,29250.29,2985.7,13064.68,3536.03,3111.05,1136.94,2722.87,31.89,82.77,1321.94,183.25,445.09,791.78,0,0,-246.63,82.93
2026-05-18T06:00:00+03:00,06:00,28322.62,2834.28,12846.39,3521.99,2581.87,1137.29,2373.62,354.62,81.04,1321.5,183.25,451.2,784.5,0,0,-226.51,77.58
2026-05-18T07:00:00+03:00,07:00,27998.85,3669.07,11161.1,3520.91,2405.84,1056.45,2167.58,1396.68,84.1,1303.54,183.26,453.2,776.21,0,0,-255.05,75.96
2026-05-18T08:00:00+03:00,08:00,30330.51,4603.44,11883.02,3542.66,2510.73,1034.32,1962.0,2140.69,89.6,1277.39,174.43,447.71,803.87,0,0,-214.82,75.47
2026-05-18T09:00:00+03:00,09:00,30051.65,5143.7,11727.91,3552.48,2195.33,1037.59,1700.25,2103.72,89.93,1245.09,174.43,448.59,797.33,0,0,-231.81,67.11
2026-05-18T10:00:00+03:00,10:00,29866.66,5369.87,11533.28,3561.55,1909.78,1058.85,1530.09,2252.47,90.02,1205.83,181.04,458.76,772.23,0,0,-126.23,69.12
2026-05-18T11:00:00+03:00,11:00,30117.8,6027.89,11233.86,3525.19,1871.48,1029.41,1535.38,2253.57,91.63,1172.49,181.04,479.57,766.78,0,0,-120.69,70.2
2026-05-18T12:00:00+03:00,12:00,28591.84,5475.95,10576.23,3624.59,1753.71,1027.96,1410.18,2178.02,92.28,1147.28,178.84,459.13,777.99,0,0,-178.49,68.17
2026-05-18T13:00:00+03:00,13:00,29447.71,5654.49,10940.59,3687.55,1891.5,1029.78,1418.18,2208.26,90.24,1139.82,178.84,474.0,791.11,0,0,-119.23,62.58
2026-05-18T14:00:00+03:00,14:00,31335.93,5928.44,11541.62,3796.61,2344.92,1187.07,1850.21,2161.82,94.33,1132.13,183.25,454.62,795.23,0,0,-203.29,68.97
2026-05-18T15:00:00+03:00,15:00,32319.92,5917.44,12063.81,3870.6,2395.65,1401.12,2026.23,2122.16,89.06,1130.75,178.84,449.25,792.0,0,0,-184.87,67.88
2026-05-18T16:00:00+03:00,16:00,34762.19,6165.89,12463.61,3899.15,3596.34,1503.85,2414.58,2217.97,82.0,1129.79,178.84,466.85,799.04,0,0,-224.67,68.95
2026-05-18T17:00:00+03:00,17:00,37276.13,6876.59,12604.62,4028.47,5373.53,1500.7,2767.34,1730.14,86.76,1130.04,178.84,463.37,783.57,0,0,-317.58,69.74
2026-05-18T18:00:00+03:00,18:00,39087.09,7511.3,13333.57,4291.4,6145.1,1560.6,3043.5,791.62,88.24,1140.76,181.04,463.17,807.17,0,0,-350.72,80.34
2026-05-18T19:00:00+03:00,19:00,41131.78,7996.59,15338.74,4250.33,6050.02,1699.41,3095.72,79.33,103.67,1159.3,178.84,469.85,821.4,0,0,-191.48,80.06
2026-05-18T20:00:00+03:00,20:00,42853.39,7940.55,17004.74,4147.85,6219.01,1805.37,3050.0,16.62,105.89,1191.07,178.84,468.21,815.63,0,0,-172.84,82.45
2026-05-18T21:00:00+03:00,21:00,41925.49,7611.1,16471.2,4157.59,6083.72,1872.89,3041.94,3.65,106.86,1213.79,181.04,478.48,817.32,0,0,-196.36,82.27
2026-05-18T22:00:00+03:00,22:00,40089.01,6697.31,15855.86,4138.68,6079.25,1778.57,2888.04,6.1,92.8,1232.08,178.84,468.23,820.59,0,0,-227.17,79.83
2026-05-18T23:00:00+03:00,23:00,37754.37,5189.23,15511.79,3866.49,6019.67,1721.08,2809.68,0.03,79.93,1236.12,181.04,472.3,813.78,0,0,-225.76,78.99
2026-05-19T00:00:00+03:00,00:00,35660.05,4832.1,15141.21,3778.85,5325.18,1304.88,2668.11,0.0,80.22,1254.96,176.64,477.04,799.5,0,0,-255.11,76.47
2026-05-19T01:00:00+03:00,01:00,33726.84,4554.28,13978.79,3737.61,5038.56,1133.05,2735.23,0.0,79.69,1266.44,183.25,475.21,808.35,0,0,-343.35,79.73
2026-05-19T02:00:00+03:00,02:00,32319.04,3811.9,13628.3,3790.9,4632.86,1116.45,2755.77,0.03,79.81,1279.48,178.84,468.5,815.19,0,0,-317.31,78.32
2026-05-19T03:00:00+03:00,03:00,31424.81,3275.34,13302.64,3816.51,4502.04,1137.07,2760.79,0.45,80.61,1290.51,178.84,471.92,810.76,0,0,-280.63,77.96
2026-05-19T04:00:00+03:00,04:00,31011.81,3375.6,13012.56,3840.3,4129.72,1139.56,2915.68,2.27,80.09,1283.3,176.64,479.78,809.54,0,0,-312.93,79.7
2026-05-19T05:00:00+03:00,05:00,30148.77,3695.8,12370.76,3827.47,3605.02,1122.19,2848.84,62.42,81.87,1295.48,189.88,478.92,795.99,0,0,-305.76,79.89
2026-05-19T06:00:00+03:00,06:00,28281.74,3462.14,12094.25,3830.97,2226.29,1035.16,2454.06,593.52,83.41,1294.63,178.84,476.44,795.42,0,0,-323.32,79.93
2026-05-19T07:00:00+03:00,07:00,26539.37,3965.23,9825.7,3845.51,1838.36,958.31,1974.29,1553.88,77.52,1269.36,178.84,479.44,804.95,0,0,-307.37,75.35
2026-05-19T08:00:00+03:00,08:00,27391.06,4800.44,9643.3,3842.92,1774.1,847.29,1797.72,2126.79,89.95,1236.28,178.84,471.21,803.01,0,0,-298.59,77.8
2026-05-19T09:00:00+03:00,09:00,26970.53,4676.26,9614.73,3883.32,1645.05,769.24,1569.93,2271.1,87.64,1202.71,176.64,472.76,797.91,0,0,-274.74,77.98
2026-05-19T10:00:00+03:00,10:00,26395.73,4399.51,9378.49,3870.06,1678.91,774.68,1466.71,2287.9,87.45,1170.15,181.05,471.84,788.2,0,0,-235.82,76.6
2026-05-19T11:00:00+03:00,11:00,26848.12,4039.0,10020.04,3896.31,1658.11,773.04,1571.35,2385.14,84.26,1137.89,183.25,480.1,788.48,0,0,-250.06,81.21
2026-05-19T12:00:00+03:00,12:00,25982.52,3865.26,9620.19,3866.81,1641.24,771.16,1541.22,2257.53,86.24,1116.91,186.81,467.9,789.73,0,0,-308.42,79.94
2026-05-19T13:00:00+03:00,13:00,27102.49,3962.31,10574.76,3836.44,1536.37,774.97,1600.56,2331.09,84.77,1107.05,216.37,467.16,795.84,0,0,-265.2,80.0
2026-05-19T14:00:00+03:00,14:00,28747.38,4890.65,11356.58,3839.24,1584.33,771.79,1742.26,2100.22,89.9,1099.26,222.99,464.72,808.19,0,0,-298.96,76.21
2026-05-19T15:00:00+03:00,15:00,30123.46,5098.99,12504.42,3880.15,1669.11,768.97,1929.57,1846.01,86.48,1094.16,229.62,464.17,803.68,0,0,-326.51,74.64
2026-05-19T16:00:00+03:00,16:00,32247.23,5347.76,13794.3,3896.78,2067.47,785.64,2330.27,1604.73,84.17,1106.17,229.62,469.61,818.77,0,0,-362.32,74.26
2026-05-19T17:00:00+03:00,17:00,35217.9,5823.6,14280.78,4058.79,3306.88,836.98,3258.52,1233.03,83.79,1123.54,236.24,454.77,824.77,0,0,-380.27,76.48
2026-05-19T18:00:00+03:00,18:00,37747.76,5740.92,15524.26,3898.98,4978.68,842.23,3819.63,509.09,82.89,1137.44,231.82,452.96,837.56,0,0,-385.69,76.99
2026-05-19T19:00:00+03:00,19:00,39477.93,5883.44,15739.8,4005.91,6027.38,1181.26,4022.66,62.91,85.42,1158.58,233.73,441.44,866.91,0,0,-312.61,81.1
2026-05-19T20:00:00+03:00,20:00,41129.93,5782.26,17013.33,4289.36,6008.75,1422.28,3955.04,31.28,94.6,1179.24,234.04,451.57,861.21,0,0,-273.57,80.54
2026-05-19T21:00:00+03:00,21:00,40741.37,5801.25,16841.7,4329.46,6003.57,1419.4,3702.09,0.27,93.55,1200.84,234.04,465.26,866.37,0,0,-295.97,79.54
2026-05-19T22:00:00+03:00,22:00,39143.12,4959.04,16281.98,4153.21,6085.34,1302.53,3699.4,0.03,83.19,1215.22,231.83,466.27,861.46,0,0,-275.18,78.8
2026-05-19T23:00:00+03:00,23:00,37341.81,4303.98,16188.62,4040.72,5744.17,959.79,3513.71,0.02,82.45,1203.39,234.04,463.13,857.56,0,0,-325.36,75.59
2026-05-20T00:00:00+03:00,00:00,35607.56,4134.23,15543.14,4028.13,5207.7,776.33,3319.76,1.3,82.92,1237.99,234.03,479.95,827.8,0,0,-337.7,71.98
2026-05-20T01:00:00+03:00,01:00,33553.76,2885.81,15372.52,3995.61,4555.9,775.76,3400.73,1.33,81.93,1245.89,231.82,344.28,826.49,0,0,-235.71,71.4
2026-05-20T02:00:00+03:00,02:00,32303.57,2223.88,14902.73,4018.33,4164.3,776.64,3644.34,1.31,81.67,1251.48,240.66,331.64,820.27,0,0,-226.69,73.01
2026-05-20T03:00:00+03:00,03:00,31658.46,1616.77,14533.83,4009.03,4175.77,780.94,3927.6,1.5,81.66,1255.05,234.03,321.37,824.44,0,0,-173.41,69.88
2026-05-20T04:00:00+03:00,04:00,31461.98,1623.67,13540.66,4006.0,4348.52,780.45,4500.28,3.4,81.46,1264.55,234.04,325.57,827.7,0,0,-145.99,71.67
2026-05-20T05:00:00+03:00,05:00,30708.25,1894.08,12896.96,3991.38,4086.71,783.74,4417.13,35.61,84.48,1268.91,234.03,318.47,823.89,0,0,-195.94,68.8
2026-05-20T06:00:00+03:00,06:00,29678.53,2298.11,12254.31,3984.53,3193.33,774.05,4199.85,396.07,88.39,1278.39,231.83,324.62,827.65,0,0,-243.07,70.47
2026-05-20T07:00:00+03:00,07:00,30499.38,3287.77,11544.25,4015.7,3345.65,777.61,4253.65,662.81,91.91,1257.26,229.62,326.59,826.45,0,0,-188.8,68.91
2026-05-20T08:00:00+03:00,08:00,35015.88,5057.75,12950.74,4050.11,3631.75,910.2,4420.57,1336.57,92.12,1217.83,220.79,321.17,806.84,0,0,-69.65,69.09
2026-05-20T09:00:00+03:00,09:00,35394.03,5618.95,12976.02,3873.27,3449.09,1084.4,4217.2,1539.91,87.5,1205.78,172.21,330.71,804.36,0,0,-33.92,68.55
2026-05-20T10:00:00+03:00,10:00,35109.04,5785.96,13372.97,3759.22,2656.16,1076.34,4366.1,1624.94,87.89,1210.41,103.77,327.29,788.48,0,0,-121.67,71.18
2026-05-20T11:00:00+03:00,11:00,35345.35,5760.41,13106.49,3768.38,2754.52,1108.63,4861.41,1650.32,88.52,1200.99,103.77,332.82,776.05,0,0,-235.07,68.11
2026-05-20T12:00:00+03:00,12:00,33754.06,5511.83,12321.37,3864.92,2505.99,1210.44,4414.92,1530.41,87.95,1197.63,105.98,320.78,815.86,0,0,-206.11,72.09
2026-05-20T13:00:00+03:00,13:00,34428.98,5390.41,13133.85,3786.66,2645.71,1339.45,4559.79,1171.42,88.54,1191.68,105.98,323.75,796.84,0,0,-177.19,72.09
2026-05-20T14:00:00+03:00,14:00,36215.2,5926.13,13574.22,3791.74,3039.3,1391.4,5033.87,1094.86,84.82,1179.78,103.77,325.63,794.66,0,0,-197.26,72.28
2026-05-20T15:00:00+03:00,15:00,37173.86,5836.51,13730.1,3852.18,3772.4,1428.45,5127.52,1080.5,82.41,1164.24,103.77,323.55,819.46,0,0,-216.73,69.5
2026-05-20T16:00:00+03:00,16:00,38624.93,5705.31,13644.16,3876.56,4800.06,1514.88,5436.68,1288.62,87.21,1165.37,103.77,328.95,831.78,0,0,-230.3,71.88
2026-05-20T17:00:00+03:00,17:00,40005.42,5808.99,13990.39,3882.43,5754.91,1697.95,6011.53,649.84,82.26,1154.83,101.56,316.27,829.43,0,0,-347.42,72.45
2026-05-20T18:00:00+03:00,18:00,40320.14,5345.04,15001.91,3996.63,5959.15,1814.81,5727.6,233.65,85.49,1162.05,105.98,319.01,843.65,0,0,-351.76,76.93
2026-05-20T19:00:00+03:00,19:00,40801.15,5738.37,14949.32,4127.06,5999.72,2051.67,5568.38,43.08,93.44,1174.6,108.19,315.3,839.94,0,0,-281.92,74.0
2026-05-20T20:00:00+03:00,20:00,42129.3,6136.79,15649.34,4159.65,6093.75,2202.27,5521.42,12.83,93.52,1185.55,103.77,320.82,839.2,0,0,-265.48,75.87
2026-05-20T21:00:00+03:00,21:00,41706.37,6047.21,15185.39,4223.47,6077.94,2164.27,5643.76,0.04,91.42,1209.54,105.98,312.01,840.64,0,0,-273.3,78.0
2026-05-20T22:00:00+03:00,22:00,40042.59,5172.79,14765.25,4150.44,6131.79,1645.98,5760.87,0.03,81.93,1216.98,103.77,318.4,841.44,0,0,-220.21,73.13
2026-05-20T23:00:00+03:00,23:00,38204.03,4561.22,14162.88,4143.16,5713.02,1153.29,6110.06,0.13,81.6,1213.97,105.98,319.94,826.21,0,0,-249.86,62.43
2026-05-21T00:00:00+03:00,00:00,36024.24,3974.26,13478.26,4129.93,4786.14,1134.52,6171.95,1.38,82.51,1229.42,103.77,331.89,809.22,0,0,-282.96,73.95
2026-05-21T01:00:00+03:00,01:00,34051.63,3175.67,13061.15,4139.45,4124.84,1145.98,6000.56,1.13,81.62,1238.21,99.36,415.41,802.91,0,0,-309.53,74.87
2026-05-21T02:00:00+03:00,02:00,33289.54,3061.44,12925.55,4140.68,3965.23,1141.59,5541.65,1.12,80.4,1249.22,117.02,451.98,791.01,0,0,-248.96,71.61
2026-05-21T03:00:00+03:00,03:00,32462.2,3066.44,12511.91,4087.98,3831.69,1136.72,5280.54,1.25,80.13,1248.49,136.89,466.28,792.18,0,0,-249.96,71.66
2026-05-21T04:00:00+03:00,04:00,32115.12,3069.17,12234.75,4149.89,4052.64,1138.69,4976.78,2.04,79.67,1221.2,139.09,452.23,786.48,0,0,-253.78,66.27
2026-05-21T05:00:00+03:00,05:00,31404.02,3098.91,12084.93,4167.07,3774.9,1136.13,4603.48,19.2,81.33,1254.05,152.34,430.93,784.82,0,0,-249.16,65.09
2026-05-21T06:00:00+03:00,06:00,30186.52,3073.33,11180.47,4138.77,3484.46,1139.38,4455.17,189.27,84.52,1252.93,154.55,433.91,798.9,0,0,-266.36,67.22
2026-05-21T07:00:00+03:00,07:00,31083.28,4003.66,10604.14,4136.21,3783.72,1059.67,4260.54,674.85,88.38,1239.13,161.17,447.83,789.71,0,0,-237.76,72.03
2026-05-21T08:00:00+03:00,08:00,34944.49,4924.9,12148.97,4188.37,4758.13,1205.04,3662.02,1561.24,90.16,1206.39,156.76,436.66,796.1,0,0,-262.35,72.1
2026-05-21T09:00:00+03:00,09:00,35270.19,5694.94,11986.24,4196.14,4308.14,1738.63,3325.28,1499.71,86.17,1190.12,156.76,449.17,786.99,0,0,-221.48,73.38
2026-05-21T10:00:00+03:00,10:00,34055.61,5451.58,11577.27,4185.05,3687.59,1754.5,3130.02,1695.02,86.27,1175.66,170.0,439.11,787.41,0,0,-155.43,71.56
2026-05-21T11:00:00+03:00,11:00,33415.94,5172.33,11249.89,4201.21,3374.22,1746.52,2959.76,2181.79,86.34,1141.52,172.22,438.92,794.18,0,0,-173.61,70.65
2026-05-21T12:00:00+03:00,12:00,31206.59,4656.85,10736.42,4165.03,2636.8,1745.33,2514.35,2229.83,86.73,1143.11,176.64,448.97,800.61,0,0,-203.78,69.7
2026-05-21T13:00:00+03:00,13:00,32515.36,4783.5,11710.83,4146.0,2776.08,1747.93,2784.85,1999.21,86.81,1123.66,179.42,438.67,805.55,0,0,-131.84,64.69
2026-05-21T14:00:00+03:00,14:00,33956.49,5125.56,11790.27,4149.93,3423.72,1754.3,2933.21,2287.04,87.11,1125.14,189.88,441.44,797.78,0,0,-217.96,69.07
2026-05-21T15:00:00+03:00,15:00,34998.21,5836.65,11205.45,4193.5,4085.27,1746.14,3156.53,2318.38,86.17,1122.61,183.25,441.39,784.55,0,0,-227.29,65.61
2026-05-21T16:00:00+03:00,16:00,36930.76,5547.26,12457.78,4197.05,5244.67,1775.44,3304.01,1917.01,86.4,1130.21,176.64,438.21,789.76,0,0,-198.38,64.7
2026-05-21T17:00:00+03:00,17:00,39149.46,6134.44,13758.84,4324.88,5705.03,1918.85,3524.23,1361.86,88.2,1138.05,176.63,443.63,844.75,0,0,-329.04,59.11
2026-05-21T18:00:00+03:00,18:00,39980.53,6967.82,14552.67,4207.47,5808.18,1926.31,3362.15,724.12,87.41,1141.08,181.04,453.24,840.89,0,0,-338.4,66.55
2026-05-21T19:00:00+03:00,19:00,41430.66,7296.22,15760.92,4282.87,6053.66,2018.84,3425.27,72.2,98.36,1148.97,176.63,459.69,839.54,0,0,-270.22,67.71
2026-05-21T20:00:00+03:00,20:00,42893.29,8002.82,16405.44,4240.62,6211.76,2061.44,3419.91,27.09,98.38,1173.85,181.04,467.83,822.42,0,0,-287.41,68.1
2026-05-21T21:00:00+03:00,21:00,42197.49,8128.48,15842.59,4257.58,6066.69,2051.71,3308.17,1.22,98.18,1185.96,181.04,449.02,830.09,0,0,-271.99,68.75
2026-05-21T22:00:00+03:00,22:00,40213.42,7404.87,14917.4,4263.74,6074.62,1964.2,3042.73,7.5,89.7,1195.34,181.04,446.0,824.4,0,0,-270.65,72.53
2026-05-21T23:00:00+03:00,23:00,38423.22,6431.43,14526.53,4242.99,5975.14,1783.99,2962.81,1.19,83.4,1209.42,178.84,448.31,816.95,0,0,-305.55,67.77
2026-05-22T00:00:00+03:00,00:00,36475.75,5552.03,14467.16,4013.3,5882.81,1321.83,2714.39,1.17,78.51,1223.57,178.84,422.97,836.0,0,0,-283.92,67.09
2026-05-22T01:00:00+03:00,01:00,34461.96,5461.92,13559.59,3970.88,5284.47,1170.8,2474.28,1.18,78.48,1231.12,181.04,438.94,823.56,0,0,-286.1,71.8
2026-05-22T02:00:00+03:00,02:00,33122.17,4911.61,12939.32,3996.23,5131.72,1165.16,2383.26,1.17,78.56,1242.94,178.84,427.09,832.32,0,0,-241.13,75.08
2026-05-22T03:00:00+03:00,03:00,32310.37,4285.1,13074.13,3926.04,4900.87,1182.45,2320.99,1.16,78.49,1257.28,176.64,418.09,837.21,0,0,-222.59,74.51
2026-05-22T04:00:00+03:00,04:00,31890.72,3932.32,13290.54,3923.03,4690.08,1183.94,2197.33,2.34,77.89,1276.25,181.04,442.68,846.6,0,0,-226.8,73.48
2026-05-22T05:00:00+03:00,05:00,31066.61,3852.3,13302.62,3931.12,4064.95,1190.24,2026.91,61.55,79.73,1292.66,181.04,425.46,833.54,0,0,-249.44,73.93
2026-05-22T06:00:00+03:00,06:00,29727.37,3717.79,13147.14,3911.3,2712.69,1186.8,1825.16,597.47,82.23,1276.62,181.04,411.7,830.69,0,0,-228.04,74.78
2026-05-22T07:00:00+03:00,07:00,27995.32,3990.32,11016.9,3503.35,2660.03,1033.85,1636.68,1710.31,85.46,1171.74,181.04,441.59,708.72,0,0,-215.52,70.85
2026-05-22T08:00:00+03:00,08:00,29501.73,5164.39,11040.3,3551.43,2683.26,1170.29,1401.7,2163.31,87.84,1096.23,178.84,438.97,625.5,0,0,-171.41,71.08
2026-05-22T09:00:00+03:00,09:00,28105.25,5334.47,9456.11,3679.26,2400.69,1724.7,1056.03,2188.39,82.02,1059.04,178.84,458.14,595.18,0,0,-173.64,66.02
2026-05-22T10:00:00+03:00,10:00,26083.91,4667.21,10333.36,3588.73,1997.97,697.82,765.57,1924.71,37.69,966.74,183.25,459.62,481.83,0,0,-84.72,64.13
2026-05-23T00:00:00+03:00,00:00,36017.47,5082.94,14748.23,4184.49,6008.87,1396.46,2068.7,0.04,78.43,1264.71,181.04,409.88,795.37,0,0,-273.67,71.98
2026-05-23T01:00:00+03:00,01:00,34036.62,4418.82,14352.92,4151.86,5162.07,1374.56,2048.74,0.03,78.25,1274.38,176.63,404.63,790.08,0,0,-269.49,73.14
2026-05-23T02:00:00+03:00,02:00,32567.85,3576.92,13855.62,4120.0,4963.24,1357.92,2120.14,0.04,78.5,1280.46,178.84,408.42,801.1,0,0,-246.34,72.99
2026-05-23T03:00:00+03:00,03:00,31460.3,2851.75,13537.18,4093.4,4687.39,1338.33,2352.74,0.17,76.6,1286.43,176.64,424.53,809.05,0,0,-247.42,73.51
2026-05-23T04:00:00+03:00,04:00,31320.42,2788.66,13635.4,4138.46,4640.72,1045.28,2446.31,1.78,77.14,1287.19,181.04,429.95,806.24,0,0,-231.07,73.32
2026-05-23T05:00:00+03:00,05:00,30338.28,2775.75,13468.66,4140.96,3854.08,963.94,2448.54,59.41,81.62,1291.04,181.04,442.11,801.65,0,0,-243.58,73.06
2026-05-23T06:00:00+03:00,06:00,28546.65,2782.68,12899.78,4023.68,2654.33,971.44,2209.52,401.31,79.87,1292.15,178.84,430.74,791.37,0,0,-242.99,73.93
2026-05-23T07:00:00+03:00,07:00,27194.15,3234.54,10862.65,3928.21,2216.79,956.72,2200.75,1200.65,80.82,1278.93,178.84,428.58,797.15,0,0,-241.88,71.4
2026-05-23T08:00:00+03:00,08:00,28732.96,3484.69,11767.14,3942.28,2063.69,951.37,2313.95,1505.79,82.33,1258.25,176.63,437.34,803.03,0,0,-124.66,71.13
2026-05-23T09:00:00+03:00,09:00,28793.6,4538.93,11144.0,3726.76,1855.53,995.14,2145.09,1742.48,81.26,1237.09,174.43,442.47,788.14,0,0,-149.84,72.12
2026-05-23T10:00:00+03:00,10:00,28774.81,4746.48,10483.53,3759.98,1737.32,1431.3,2131.66,1836.81,81.36,1196.74,181.04,437.8,781.8,0,0,-100.87,69.86
2026-05-23T11:00:00+03:00,11:00,29234.25,4852.61,10018.61,3961.39,1945.75,1598.07,2279.51,1904.78,78.75,1189.35,181.04,438.92,787.92,0,0,-74.47,72.02
2026-05-23T12:00:00+03:00,12:00,28299.01,4192.2,10275.23,3984.03,1777.64,1643.56,2117.31,1409.79,80.81,1163.81,178.84,441.11,789.48,0,0,175.64,69.56
2026-05-23T13:00:00+03:00,13:00,29275.45,4410.9,10542.54,4014.73,1825.96,1695.27,2255.55,1625.77,80.95,1148.16,178.84,427.57,785.57,0,0,213.23,70.41
2026-05-23T14:00:00+03:00,14:00,30990.08,4846.46,11968.07,3956.28,1901.09,1680.75,2622.64,1068.04,80.25,1137.44,174.42,441.12,769.14,0,0,272.32,72.06
2026-05-23T15:00:00+03:00,15:00,32272.26,4954.98,13128.4,3865.83,2071.43,1685.92,2797.54,914.8,80.71,1167.46,176.63,416.46,775.07,0,0,165.88,71.15
2026-05-23T16:00:00+03:00,16:00,32993.0,4481.64,12887.2,3816.4,2774.13,1691.54,3474.22,1143.71,80.83,1121.84,181.04,413.84,780.46,0,0,76.23,69.92
2026-05-23T17:00:00+03:00,17:00,34845.62,4132.08,13854.84,3836.86,4053.46,1685.68,3886.72,925.15,81.37,982.08,181.04,410.62,779.99,0,0,-38.08,73.81
2026-05-23T18:00:00+03:00,18:00,36833.4,4526.34,15128.38,3820.32,5175.24,1701.66,3824.04,334.46,82.14,1065.27,181.04,412.53,791.84,0,0,-278.84,68.98
2026-05-23T19:00:00+03:00,19:00,38630.38,4910.88,15361.86,3918.99,6122.48,1893.74,3989.15,46.45,81.79,1128.97,183.25,426.04,820.79,0,0,-325.43,71.42
2026-05-23T20:00:00+03:00,20:00,39935.69,5050.4,16292.01,3980.18,6071.33,1947.57,4018.0,15.71,88.17,1187.52,181.04,435.99,827.14,0,0,-231.58,72.21
2026-05-23T21:00:00+03:00,21:00,39327.91,5144.36,16074.15,4075.72,6096.63,1897.18,3475.25,0.46,88.58,1202.58,181.05,444.09,825.18,0,0,-246.85,69.53
2026-05-23T22:00:00+03:00,22:00,37578.39,5098.22,15338.82,4002.45,5926.26,1729.88,2967.24,0.03,81.54,1218.04,183.25,440.98,790.11,0,0,-266.25,67.82
2026-05-23T23:00:00+03:00,23:00,35256.61,4811.03,14603.08,3880.36,5262.43,1486.29,2854.47,0.03,80.49,1168.16,183.25,439.39,777.95,0,0,-356.28,65.96
2026-05-24T00:00:00+03:00,00:00,33199.93,3420.38,13856.04,3844.5,5028.48,1379.5,3156.0,0.01,75.8,1228.04,183.25,440.75,776.17,0,0,-263.93,74.94
2026-05-24T01:00:00+03:00,01:00,31307.36,2410.43,12704.67,3840.02,4844.67,1379.01,3604.84,0.01,76.59,1250.96,178.84,438.59,803.21,0,0,-299.25,74.77
2026-05-24T02:00:00+03:00,02:00,29947.68,1452.79,12049.25,3839.84,4691.2,1385.04,3967.67,0.1,77.15,1257.21,178.84,437.87,781.44,0,0,-244.7,73.98
2026-05-24T03:00:00+03:00,03:00,29139.89,832.32,11785.34,3861.12,4547.58,1300.02,4188.69,0.46,77.45,1287.64,178.84,435.08,788.77,0,0,-220.65,77.23
2026-05-24T04:00:00+03:00,04:00,28714.18,686.8,12143.62,3858.82,4134.13,1001.29,4246.46,1.78,77.76,1290.39,183.25,437.5,797.37,0,0,-224.72,79.73
2026-05-24T05:00:00+03:00,05:00,27794.4,684.83,11740.19,3859.37,3667.82,946.86,4194.22,41.36,79.83,1293.02,176.64,436.35,825.91,0,0,-231.35,79.35
2026-05-24T06:00:00+03:00,06:00,25880.45,858.29,11200.44,3877.91,2648.74,616.46,3652.27,315.92,78.79,1291.9,198.71,435.34,846.11,0,0,-219.54,79.11
2026-05-24T07:00:00+03:00,07:00,23756.24,779.46,9847.53,3879.73,1758.92,624.87,3399.23,790.9,80.99,1286.33,187.67,439.98,839.34,0,0,-237.36,78.65
2026-05-24T08:00:00+03:00,08:00,23080.99,671.76,8825.41,3833.18,1608.8,626.61,3715.93,1076.63,84.78,1267.1,178.84,425.91,842.06,0,0,-152.72,76.7
2026-05-24T09:00:00+03:00,09:00,23454.32,658.93,8948.38,3844.58,1551.24,559.61,3709.52,1433.1,81.64,1238.48,178.84,417.34,853.72,0,0,-93.66,72.6
2026-05-24T10:00:00+03:00,10:00,24504.77,420.8,10166.09,3816.47,1522.78,411.16,3546.65,1749.51,85.92,1227.74,181.04,429.64,852.74,0,0,18.87,75.36
2026-05-24T11:00:00+03:00,11:00,25253.76,431.92,10756.72,3836.12,1511.0,431.42,3399.14,1946.49,84.45,1207.19,181.04,425.43,861.05,0,0,108.82,72.97
2026-05-24T12:00:00+03:00,12:00,24933.18,432.77,10277.59,3812.85,1519.17,447.47,3434.05,1970.26,85.06,1186.65,181.04,422.28,850.72,0,0,241.01,72.26
2026-05-24T13:00:00+03:00,13:00,24958.16,428.59,10233.37,3819.23,1537.25,455.26,3505.71,1965.68,77.4,1169.06,178.84,437.53,845.9,0,0,230.0,74.34
2026-05-24T14:00:00+03:00,14:00,25391.16,425.74,10564.79,3820.56,1543.46,463.98,3774.73,1809.19,73.1,1161.55,178.84,425.94,846.62,0,0,227.72,74.94
2026-05-24T15:00:00+03:00,15:00,26155.68,427.6,10993.16,3848.62,1544.3,497.75,4278.59,1619.77,83.86,1153.14,178.84,435.98,851.63,0,0,168.68,73.76
2026-05-24T16:00:00+03:00,16:00,27971.92,425.17,12765.14,3915.42,1636.39,515.93,4658.0,1097.58,83.13,1144.41,178.84,428.84,840.0,0,0,208.94,74.13
2026-05-24T17:00:00+03:00,17:00,30562.62,750.93,15046.27,3926.41,2074.49,510.68,4906.28,681.97,83.78,1146.9,181.05,427.47,835.24,0,0,-86.2,77.35
2026-05-24T18:00:00+03:00,18:00,33167.94,1345.55,16556.34,3953.81,2884.62,408.67,5243.32,307.97,78.69,1152.53,203.13,401.47,835.88,0,0,-277.52,73.48
2026-05-24T19:00:00+03:00,19:00,35499.46,1505.33,16462.99,4005.48,4075.66,387.61,6537.25,72.66,76.65,1163.77,200.92,408.47,838.63,0,0,-311.55,75.59
2026-05-24T20:00:00+03:00,20:00,37386.84,1747.56,15803.85,3964.44,5908.39,390.04,7088.07,0.78,77.5,1182.26,178.84,407.42,852.57,0,0,-300.96,86.08
2026-05-24T21:00:00+03:00,21:00,36996.72,2058.7,15156.13,3931.29,6053.4,385.36,6875.94,0.01,77.89,1200.95,181.04,426.11,832.63,0,0,-268.21,85.48
2026-05-24T22:00:00+03:00,22:00,35475.52,1808.86,16252.67,3909.65,4353.98,386.96,6150.55,0.01,79.13,1211.12,176.63,443.99,829.97,0,0,-214.16,86.16
2026-05-24T23:00:00+03:00,23:00,33984.83,1606.72,16803.45,3917.15,3284.79,394.32,5457.91,0.01,79.32,1227.86,178.84,438.16,808.27,0,0,-289.58,77.61
2026-05-25T00:00:00+03:00,00:00,32321.81,1606.87,16390.55,3827.6,2760.31,381.53,4776.68,1.06,79.2,1237.65,181.04,430.47,828.26,0,0,-268.84,89.43
2026-05-25T01:00:00+03:00,01:00,30428.7,1266.83,14520.13,3787.83,3141.91,382.99,4702.59,1.07,78.7,1249.89,207.55,429.21,839.38,0,0,-269.5,90.12
2026-05-25T02:00:00+03:00,02:00,28782.9,945.58,13310.27,3807.35,3106.1,380.48,4573.97,1.09,77.73,1258.53,218.58,428.27,854.47,0,0,-267.94,88.42
2026-05-25T03:00:00+03:00,03:00,28205.93,741.23,12827.72,3812.1,2953.87,398.91,4791.71,1.1,77.88,1265.71,214.16,444.97,855.81,0,0,-270.99,91.75
2026-05-25T04:00:00+03:00,04:00,28057.26,487.44,12901.28,3820.74,2887.99,480.4,4761.03,2.28,77.92,1271.27,218.58,446.45,847.93,0,0,-231.3,85.25
2026-05-25T05:00:00+03:00,05:00,26866.06,410.75,12264.85,3825.04,2493.64,695.05,4480.59,41.27,80.72,1249.83,205.34,448.34,832.51,0,0,-247.2,85.33
2026-05-25T06:00:00+03:00,06:00,24947.43,642.0,10961.29,3834.67,1871.57,989.04,3761.65,237.18,79.96,1235.37,176.64,448.04,838.87,0,0,-213.25,84.4
2026-05-25T07:00:00+03:00,07:00,23132.58,1303.28,8676.04,3832.45,1733.62,1070.62,3354.31,539.39,77.86,1243.96,178.84,444.47,830.19,0,0,-237.3,84.85
2026-05-25T08:00:00+03:00,08:00,23465.94,1623.36,8827.9,3789.22,1722.42,1075.64,2812.62,922.09,83.28,1233.75,178.84,450.13,847.9,0,0,-183.57,82.36
2026-05-25T09:00:00+03:00,09:00,23242.8,1505.93,8650.72,3764.77,1693.6,1063.54,2531.62,1314.56,79.36,1200.7,178.84,447.88,845.82,0,0,-117.42,82.88
2026-05-25T10:00:00+03:00,10:00,23328.26,765.16,9111.39,3746.52,1699.65,992.64,2637.14,1641.21,80.0,1158.67,181.04,457.32,841.1,0,0,-66.52,82.94
2026-05-25T11:00:00+03:00,11:00,23952.3,473.43,9875.14,3704.87,1727.9,929.01,2685.82,1819.93,80.22,1146.66,176.64,450.33,860.98,0,0,-63.37,84.74
2026-05-25T12:00:00+03:00,12:00,23993.52,391.91,10134.36,3677.42,1707.36,1000.55,2701.27,1567.12,89.44,1140.69,178.84,449.41,858.87,0,0,11.58,84.7
2026-05-25T13:00:00+03:00,13:00,24484.22,385.13,10515.29,3670.23,1737.87,1015.9,2774.43,1599.53,82.38,1132.3,181.04,457.69,861.42,0,0,-13.74,84.75
2026-05-25T14:00:00+03:00,14:00,25500.59,407.92,11029.7,3757.58,1730.12,1036.56,2994.55,1777.33,80.05,1111.76,178.74,456.05,843.78,0,0,15.77,80.68
2026-05-25T15:00:00+03:00,15:00,26068.75,418.79,11461.75,3845.79,1699.99,1060.2,3194.35,1634.75,85.38,1105.72,181.05,460.74,814.02,0,0,24.11,82.11
2026-05-25T16:00:00+03:00,16:00,28334.75,579.31,13134.62,3854.04,2074.7,1198.26,3731.25,1018.38,84.98,1101.45,181.04,462.64,825.65,0,0,5.59,82.84
2026-05-25T17:00:00+03:00,17:00,30754.56,1173.97,12901.73,3791.22,2802.92,1475.66,5245.1,913.15,83.35,1110.58,174.42,433.76,848.82,0,0,-284.09,83.97
2026-05-25T18:00:00+03:00,18:00,33310.9,1350.09,14697.21,3754.32,3407.1,1147.27,5816.2,718.55,77.83,1127.54,176.64,442.13,852.3,0,0,-341.81,85.53
2026-05-25T19:00:00+03:00,19:00,35591.79,1702.31,14955.56,3768.93,5178.15,1390.61,6057.8,85.85,78.64,1144.62,181.05,415.73,851.91,0,0,-309.74,90.37
2026-05-25T20:00:00+03:00,20:00,37438.48,1984.58,15104.87,3814.31,6029.16,1620.51,6359.22,3.34,79.27,1158.18,178.84,416.47,866.34,0,0,-264.74,88.13
2026-05-25T21:00:00+03:00,21:00,37186.22,2002.03,15083.17,3878.89,5975.61,1609.21,6093.41,0.89,79.66,1174.47,181.04,418.46,855.71,0,0,-254.58,88.25
2026-05-25T22:00:00+03:00,22:00,35577.86,1711.44,15486.25,3905.67,4910.38,1616.4,5360.55,0.03,79.46,1183.73,178.84,421.02,862.06,0,0,-224.9,86.93
2026-05-25T23:00:00+03:00,23:00,33676.76,1683.44,15490.37,3941.05,3678.7,1598.55,4767.49,0.02,79.84,1196.16,178.84,423.4,849.21,0,0,-298.8,88.49
2026-05-26T00:00:00+03:00,00:00,31422.57,1459.78,14567.85,3867.22,3337.11,1140.94,4454.88,1.09,80.04,1214.49,174.43,429.75,880.29,0,0,-275.38,90.08
2026-05-26T01:00:00+03:00,01:00,29395.73,1005.1,13980.42,3919.38,2826.32,991.06,4060.64,0.91,80.08,1222.94,181.05,430.27,865.92,0,0,-259.22,90.86
2026-05-26T02:00:00+03:00,02:00,27824.87,668.33,13231.79,3961.59,2417.59,832.41,4094.93,0.9,79.37,1234.18,176.64,439.75,867.53,0,0,-267.82,87.68
2026-05-26T03:00:00+03:00,03:00,26919.08,502.99,12542.55,3954.53,2485.24,643.73,4094.61,1.25,79.07,1249.98,178.84,433.94,882.82,0,0,-217.81,87.34
2026-05-26T04:00:00+03:00,04:00,26250.06,497.94,12427.51,3942.4,2392.22,643.44,3666.61,2.93,77.75,1256.65,179.42,436.34,861.3,0,0,-224.13,89.68
2026-05-26T05:00:00+03:00,05:00,24917.65,492.41,11765.79,3959.26,2099.09,639.67,3276.47,46.8,82.3,1262.63,181.04,420.37,848.01,0,0,-244.26,88.07
2026-05-26T06:00:00+03:00,06:00,22556.5,489.26,9910.44,3978.0,1728.06,634.6,2727.41,460.94,78.86,1264.47,176.64,418.08,848.57,0,0,-246.39,87.56
2026-05-26T07:00:00+03:00,07:00,19559.35,478.71,6583.66,3997.13,1513.18,629.15,2288.37,1429.01,81.43,1246.16,176.64,423.12,866.86,0,0,-242.1,88.03
2026-05-26T08:00:00+03:00,08:00,18723.61,466.7,6078.87,3990.76,1343.77,647.31,1708.82,1791.42,86.05,1219.05,176.64,426.61,882.3,0,0,-181.27,86.58
2026-05-26T09:00:00+03:00,09:00,18407.45,459.88,6567.53,3905.63,1380.37,639.21,1273.53,1424.44,83.72,1183.62,181.04,426.98,894.17,0,0,-95.44,82.77
2026-05-26T10:00:00+03:00,10:00,19004.25,455.02,7507.76,3638.87,1322.8,639.41,1307.05,1461.14,85.29,1114.53,178.84,431.68,880.25,0,0,-103.8,85.41
2026-05-26T11:00:00+03:00,11:00,19740.7,454.2,7750.53,3668.39,1393.6,639.78,1566.76,1623.49,84.19,1090.75,178.84,435.77,883.57,0,0,-113.87,84.7
2026-05-26T12:00:00+03:00,12:00,19771.0,453.1,7305.76,3763.03,1491.31,642.46,1753.48,1764.43,83.64,1088.88,178.84,419.6,868.61,0,0,-125.73,83.59
2026-05-26T13:00:00+03:00,13:00,20001.83,435.08,7165.12,3853.73,1569.58,633.64,2054.58,1715.26,83.18,1068.5,178.84,420.15,881.77,0,0,-146.29,88.69
2026-05-26T14:00:00+03:00,14:00,20334.03,437.49,7349.59,3904.63,1571.43,640.41,2199.24,1734.14,82.67,1074.94,176.64,403.27,885.22,0,0,-210.1,84.46
2026-05-26T15:00:00+03:00,15:00,21299.5,438.91,8010.4,3882.66,1637.6,636.54,2458.68,1733.96,80.47,1063.71,178.84,412.72,869.48,0,0,-190.02,85.55
2026-05-26T16:00:00+03:00,16:00,22889.98,458.28,9237.96,3841.13,1680.21,638.76,2682.65,1875.42,78.23,1057.53,176.64,438.59,870.71,0,0,-232.99,86.86
2026-05-26T17:00:00+03:00,17:00,25250.66,822.31,11296.13,3876.53,1777.25,573.23,2893.6,1595.87,82.59,1057.23,176.64,441.7,873.75,0,0,-299.03,82.86
2026-05-26T18:00:00+03:00,18:00,28710.78,1632.23,14294.44,3835.98,2120.11,542.67,3144.2,758.76,80.89,1052.24,176.64,430.05,861.51,0,0,-305.78,86.84
2026-05-26T19:00:00+03:00,19:00,31979.0,2416.09,15578.33,3860.76,2616.59,546.88,4515.65,97.48,77.18,1083.03,183.25,430.57,854.73,0,0,-369.3,87.76
2026-05-26T20:00:00+03:00,20:00,34017.04,2252.39,14829.85,3887.45,4486.31,464.73,5657.28,1.36,78.81,1117.28,178.84,423.97,868.03,0,0,-320.88,91.62
2026-05-26T21:00:00+03:00,21:00,34290.61,2061.32,15449.34,3901.96,4546.17,351.5,5437.88,0.02,77.4,1147.48,178.84,449.7,854.69,0,0,-257.23,91.54
2026-05-26T22:00:00+03:00,22:00,32987.24,2069.52,15177.43,3869.82,3949.87,305.2,5093.98,0.0,79.01,1173.49,178.84,451.78,845.41,0,0,-300.16,93.05
2026-05-26T23:00:00+03:00,23:00,31291.4,2068.53,16066.38,3723.37,2730.59,308.23,3850.61,0.0,79.23,1191.01,178.84,442.75,824.26,0,0,-252.42,80.02
2026-05-27T00:00:00+03:00,00:00,29100.15,2069.37,15424.53,3508.06,2457.18,302.88,2770.24,0.0,79.66,1210.95,181.04,438.41,845.73,0,0,-280.99,93.09
2026-05-27T01:00:00+03:00,01:00,26663.56,1599.38,14010.47,3503.17,2311.01,304.94,2370.26,0.0,80.06,1222.07,181.04,438.88,845.65,0,0,-294.59,91.22
2026-05-27T02:00:00+03:00,02:00,24878.98,1115.76,12906.95,3482.41,2271.99,301.87,2215.06,0.03,78.98,1229.1,176.64,440.39,856.72,0,0,-284.27,87.35
2026-05-27T03:00:00+03:00,03:00,24037.32,688.36,12295.18,3538.93,2487.15,308.87,2058.72,0.31,79.51,1237.23,181.05,455.67,852.26,0,0,-236.5,90.58
2026-05-27T04:00:00+03:00,04:00,23856.46,670.17,12316.32,3551.97,2404.72,303.33,1919.75,3.36,79.75,1244.17,183.25,458.04,847.16,0,0,-220.09,94.56
2026-05-27T05:00:00+03:00,05:00,23425.07,670.33,11965.34,3553.98,2357.41,298.83,1904.03,34.06,80.58,1250.35,185.46,439.44,833.44,0,0,-242.14,93.96
2026-05-27T06:00:00+03:00,06:00,21919.18,667.81,10698.87,3549.89,1682.73,301.45,1861.64,483.44,80.48,1247.69,200.92,446.59,844.16,0,0,-241.88,95.39
2026-05-27T07:00:00+03:00,07:00,19222.73,666.26,7567.97,3564.02,1579.07,300.78,1683.75,1238.04,80.55,1225.18,181.05,439.84,847.62,0,0,-246.17,94.77
2026-05-27T08:00:00+03:00,08:00,16791.84,544.02,5976.35,3538.63,1423.7,308.25,1027.72,1296.98,82.57,1196.44,179.44,447.36,830.91,0,0,-154.23,93.7
2026-05-27T09:00:00+03:00,09:00,15238.7,408.72,5200.85,3360.44,1348.74,301.76,612.47,1372.77,82.48,1163.24,176.64,428.61,799.19,0,0,-110.88,93.67
2026-05-27T10:00:00+03:00,10:00,14484.3,396.14,5503.86,3231.53,1120.85,300.91,345.15,914.92,83.55,1130.49,178.84,446.63,797.44,0,0,-60.73,94.72
2026-05-27T11:00:00+03:00,11:00,13836.09,392.33,5618.66,3152.14,1117.82,301.92,320.54,892.59,82.96,1101.87,176.63,444.36,788.77,0,0,-647.99,93.49
2026-05-27T12:00:00+03:00,12:00,14004.58,407.49,5728.27,3160.86,1126.98,299.74,386.69,908.99,81.85,1078.09,181.04,441.08,787.78,0,0,-678.68,94.4
2026-05-27T13:00:00+03:00,13:00,14599.35,403.33,5785.56,3185.03,1129.95,291.96,580.88,1270.1,85.11,1046.16,176.64,452.83,788.49,0,0,-691.34,94.65
2026-05-27T14:00:00+03:00,14:00,15395.09,416.66,6076.2,3151.94,1230.26,294.95,663.61,1626.14,86.58,1035.11,178.84,437.29,792.38,0,0,-685.82,90.95
2026-05-27T15:00:00+03:00,15:00,16829.92,453.43,7186.04,3171.53,1279.59,305.38,725.56,1799.61,79.47,1063.07,181.04,428.7,783.27,0,0,-716.77,90.0
2026-05-27T16:00:00+03:00,16:00,19100.71,460.94,9045.42,3165.89,1362.13,317.54,827.22,1972.62,79.54,1088.42,176.64,432.22,803.09,0,0,-722.1,91.14
2026-05-27T17:00:00+03:00,17:00,21853.19,982.55,11610.86,3188.24,1493.58,310.34,932.69,1402.17,79.69,1121.73,176.64,436.16,821.2,0,0,-794.06,91.4
2026-05-27T18:00:00+03:00,18:00,25270.93,2381.22,13878.7,3223.13,2253.38,303.33,980.39,364.34,78.75,1126.67,181.04,434.39,829.09,0,0,-855.48,91.98
2026-05-27T19:00:00+03:00,19:00,27750.09,3480.29,14093.23,3200.07,3261.42,305.72,1419.57,70.33,78.49,1151.8,178.84,428.22,838.71,0,0,-850.26,93.66
2026-05-27T20:00:00+03:00,20:00,30209.58,3093.86,15088.65,3205.3,4885.38,311.91,1615.44,1.55,78.07,1176.64,183.25,436.79,840.21,0,0,-799.99,92.52
2026-05-27T21:00:00+03:00,21:00,30419.32,3343.65,14994.81,3180.57,4983.36,305.25,1600.31,0.24,77.7,1193.0,176.64,439.46,844.96,0,0,-812.59,91.96
2026-05-27T22:00:00+03:00,22:00,29281.89,3394.51,14605.81,3176.65,4650.86,305.56,1179.17,0.0,78.88,1208.05,178.84,448.29,832.86,0,0,-867.52,89.93
2026-05-27T23:00:00+03:00,23:00,28356.1,3267.83,14611.6,3184.26,4235.46,313.81,767.64,0.0,78.45,1215.14,178.84,440.06,822.49,0,0,-843.01,83.53
2026-05-28T00:00:00+03:00,00:00,27377.66,2499.05,13549.05,3225.14,5014.33,314.39,728.99,0.23,78.78,1238.45,181.04,448.74,824.72,0,0,-817.48,92.23
2026-05-28T01:00:00+03:00,01:00,25814.26,2197.57,12592.68,3208.11,4768.39,305.65,702.82,0.0,79.7,1249.58,178.84,441.48,826.86,0,0,-827.89,90.47
2026-05-28T02:00:00+03:00,02:00,24533.88,1464.16,12113.07,3219.51,4607.67,310.7,749.43,0.04,79.12,1261.74,181.04,440.09,828.74,0,0,-801.47,80.04
2026-05-28T03:00:00+03:00,03:00,23721.14,1158.31,11859.81,3187.93,4320.09,306.77,811.65,0.36,78.71,1270.88,181.04,436.84,825.68,0,0,-803.23,86.3
2026-05-28T04:00:00+03:00,04:00,23290.56,1163.86,11843.86,3195.62,3923.46,310.31,698.12,2.56,77.84,1273.7,178.84,434.27,822.43,0,0,-725.25,90.94
2026-05-28T05:00:00+03:00,05:00,22113.98,756.09,11231.51,3204.95,3516.86,303.7,878.78,41.58,75.87,1278.54,181.04,448.79,825.16,0,0,-718.95,90.06
2026-05-28T06:00:00+03:00,06:00,20283.89,668.07,11430.69,3190.17,1668.21,300.79,743.17,117.03,79.51,1278.78,181.04,451.62,796.85,0,0,-713.14,91.1
2026-05-28T07:00:00+03:00,07:00,19106.69,668.38,10344.49,3190.13,1505.71,298.43,650.08,329.71,79.95,1271.93,181.04,449.94,802.94,0,0,-755.11,89.07
2026-05-28T08:00:00+03:00,08:00,18489.45,559.05,9672.56,3166.91,1507.23,299.3,542.43,622.27,84.83,1256.41,181.05,437.45,807.04,0,0,-739.36,92.28
2026-05-28T09:00:00+03:00,09:00,18728.31,421.09,9699.29,3151.4,1432.03,295.66,601.69,986.87,84.71,1225.42,178.84,450.04,807.64,0,0,-699.66,93.29
2026-05-28T10:00:00+03:00,10:00,18828.77,418.7,9506.45,3163.29,1432.83,297.37,701.12,1204.43,84.8,1200.01,178.84,442.54,800.76,0,0,-698.28,95.91
2026-05-28T11:00:00+03:00,11:00,19044.51,418.06,9596.39,3162.19,1454.45,297.99,858.45,1141.7,83.27,1176.68,178.84,434.68,799.01,0,0,-647.28,90.08
2026-05-28T12:00:00+03:00,12:00,19026.04,634.82,9276.14,2999.36,1422.77,297.87,1021.34,1296.32,81.34,1154.06,176.64,436.51,803.18,0,0,-660.08,85.77
2026-05-28T13:00:00+03:00,13:00,18917.01,743.89,9012.03,2999.12,1445.13,308.25,1280.93,1087.61,81.11,1135.11,178.84,427.06,784.16,0,0,-650.78,84.55
2026-05-28T14:00:00+03:00,14:00,19219.61,796.92,9138.8,2994.22,1444.74,298.72,1648.35,870.64,80.76,1144.71,176.64,441.19,772.7,0,0,-673.72,84.94
2026-05-28T15:00:00+03:00,15:00,20291.44,1456.12,8612.46,2999.3,1418.89,300.89,2097.26,1368.83,75.57,1162.01,178.84,441.32,780.68,0,0,-683.06,82.33
2026-05-28T16:00:00+03:00,16:00,22315.37,2579.92,9695.6,2990.19,1461.39,309.42,2351.68,895.34,75.11,1151.54,181.08,444.18,787.38,0,0,-690.2,82.74
2026-05-28T17:00:00+03:00,17:00,24843.21,2511.85,12207.46,3012.2,1628.91,310.92,2446.03,759.47,80.86,1160.12,178.84,445.38,791.92,0,0,-772.54,81.79
2026-05-28T18:00:00+03:00,18:00,27109.66,2503.61,14128.81,3031.37,2075.54,304.84,2778.15,350.36,79.89,1187.43,176.64,452.45,796.23,0,0,-835.83,80.17
2026-05-28T19:00:00+03:00,19:00,28869.18,2503.7,13653.27,3070.47,3154.14,313.55,4185.69,56.87,78.08,1218.89,178.84,447.76,775.86,0,0,-849.88,81.94
2026-05-28T20:00:00+03:00,20:00,30749.65,2527.9,14073.01,3105.85,4466.84,308.75,4259.72,1.49,79.19,1241.57,181.04,448.38,782.5,0,0,-803.25,76.66
2026-05-28T21:00:00+03:00,21:00,30699.75,2628.96,14755.18,3006.31,4400.75,306.47,3576.43,0.03,78.66,1250.06,178.84,449.7,788.76,0,0,-801.92,81.52
2026-05-28T22:00:00+03:00,22:00,29723.67,2306.0,14942.52,2962.43,3990.21,306.11,3200.18,0.03,79.45,1249.73,178.84,450.24,787.76,0,0,-812.67,82.84
2026-05-28T23:00:00+03:00,23:00,28759.33,1823.01,14953.79,3002.26,3417.17,311.09,3223.17,0.02,78.51,1259.23,178.84,450.93,787.13,0,0,-809.7,83.88
2026-05-29T00:00:00+03:00,00:00,27687.03,1840.07,14440.3,3035.19,2958.2,308.83,3075.65,0.02,77.93,1268.12,176.64,454.25,799.83,0,0,-829.14,81.14
2026-05-29T01:00:00+03:00,01:00,26096.23,1020.52,14622.43,3047.77,2265.88,306.89,2776.37,0.03,79.0,1272.62,176.64,440.81,805.4,0,0,-798.05,79.92
2026-05-29T02:00:00+03:00,02:00,24957.82,559.94,13951.9,3112.32,2168.7,308.93,2758.41,0.06,78.5,1282.67,187.67,452.59,803.69,0,0,-789.76,82.2
2026-05-29T03:00:00+03:00,03:00,24059.39,430.41,13251.29,3106.48,2083.69,307.05,2766.12,0.3,77.77,1289.26,214.17,448.89,801.93,0,0,-804.02,86.05
2026-05-29T04:00:00+03:00,04:00,23677.16,429.83,12771.94,3197.05,1932.27,310.75,2895.35,1.94,79.05,1293.69,216.38,449.68,804.37,0,0,-794.17,89.03
2026-05-29T05:00:00+03:00,05:00,22308.27,431.96,11172.59,3345.93,1655.37,308.86,3293.48,16.7,81.17,1298.41,207.54,442.53,797.31,0,0,-829.57,85.99
2026-05-29T06:00:00+03:00,06:00,20433.04,431.99,9052.9,3367.91,1469.24,310.94,3558.08,206.59,80.48,1301.41,178.84,436.37,793.51,0,0,-838.09,82.87
2026-05-29T07:00:00+03:00,07:00,18763.91,430.74,6924.49,3303.85,1427.39,301.0,3680.34,594.94,82.2,1283.4,181.05,440.71,794.55,0,0,-763.92,83.17
2026-05-29T08:00:00+03:00,08:00,18534.83,428.47,6367.7,3243.53,1384.59,303.43,3643.93,1054.05,82.37,1251.52,181.04,442.14,813.62,0,0,-745.2,83.64
2026-05-29T09:00:00+03:00,09:00,18264.16,426.42,5864.13,3195.06,1217.37,302.16,3753.47,1393.44,84.77,1220.07,176.64,438.86,798.93,0,0,-691.36,84.2
2026-05-29T10:00:00+03:00,10:00,18862.98,424.88,6427.82,3162.32,1240.16,296.15,3643.57,1554.41,84.57,1188.0,185.46,444.93,796.61,0,0,-669.9,84.0
2026-05-29T11:00:00+03:00,11:00,19238.85,426.81,6705.96,3245.41,1301.35,300.79,3440.72,1741.07,91.96,1160.22,181.04,436.13,805.72,0,0,-683.02,84.69
2026-05-29T12:00:00+03:00,12:00,19462.27,428.28,8150.29,3289.66,1387.48,300.52,2351.98,1391.03,88.5,1132.39,183.25,440.37,805.45,0,0,-574.98,88.05
2026-05-29T13:00:00+03:00,13:00,19444.12,421.58,8776.76,3280.37,1352.3,298.77,2201.47,1027.21,85.05,1106.46,181.04,437.45,811.48,0,0,-627.05,91.23
2026-05-29T14:00:00+03:00,14:00,20230.79,498.2,9119.42,3276.09,1315.71,295.32,2383.22,1280.51,77.59,1094.23,181.05,448.24,816.29,0,0,-642.92,87.84
2026-05-29T15:00:00+03:00,15:00,20700.28,551.31,9497.56,3295.84,1347.79,300.03,2543.48,1152.88,77.71,1086.85,181.04,447.34,821.67,0,0,-690.67,87.45
2026-05-29T16:00:00+03:00,16:00,21998.53,615.08,9721.93,3324.25,1362.85,301.18,3457.55,1328.79,78.48,1093.8,178.84,449.78,785.4,0,0,-788.19,88.79
2026-05-29T17:00:00+03:00,17:00,23352.12,1341.27,10396.06,3338.07,1426.2,300.47,3638.84,1074.04,78.43,1095.29,181.04,429.4,801.97,0,0,-838.35,89.39
2026-05-29T18:00:00+03:00,18:00,26782.65,2027.75,13673.6,3359.79,1510.06,302.06,3497.06,464.1,75.68,1115.03,183.25,427.89,804.48,0,0,-744.66,86.56
2026-05-29T19:00:00+03:00,19:00,29748.65,2120.06,15965.36,3406.22,2042.97,305.22,3957.56,87.55,76.94,1138.38,181.05,446.39,799.1,0,0,-866.96,88.81
2026-05-29T20:00:00+03:00,20:00,31550.42,2322.86,15633.19,3448.04,2699.54,308.75,5216.43,1.8,78.16,1167.76,181.04,436.32,791.65,0,0,-823.02,87.9
2026-05-29T21:00:00+03:00,21:00,31614.84,2115.82,15502.73,3530.62,2902.26,308.09,5265.92,0.0,78.01,1199.56,181.04,439.49,816.69,0,0,-812.34,86.95
2026-05-29T22:00:00+03:00,22:00,30397.52,1647.74,15350.15,3578.28,2558.84,309.72,4966.67,0.0,78.65,1222.21,181.04,441.5,807.96,0,0,-829.17,83.93
2026-05-29T23:00:00+03:00,23:00,29419.44,1181.07,15759.4,3626.5,2365.66,312.05,4178.44,0.0,78.02,1241.62,178.84,440.97,786.63,0,0,-814.64,84.88
2026-05-30T00:00:00+03:00,00:00,28080.75,1544.59,15093.27,3526.36,2185.24,316.04,3393.99,0.0,78.21,1252.71,178.84,458.88,812.32,0,0,-851.23,91.53
2026-05-30T01:00:00+03:00,01:00,26500.67,1303.9,14597.27,3541.27,1995.53,306.19,2747.61,0.0,78.91,1261.86,176.64,441.67,820.86,0,0,-858.85,87.81
2026-05-30T02:00:00+03:00,02:00,25367.54,726.09,13964.5,3534.57,2061.36,303.74,2672.01,0.0,77.34,1274.47,183.25,434.1,842.49,0,0,-793.61,87.23
2026-05-30T03:00:00+03:00,03:00,24524.93,448.32,13708.13,3546.51,1965.47,306.49,2389.95,0.0,77.21,1290.04,209.75,450.74,850.96,0,0,-804.82,86.18
2026-05-30T04:00:00+03:00,04:00,24216.3,448.6,13436.67,3605.54,1916.51,308.29,2316.66,0.71,77.97,1298.9,218.58,438.86,853.79,0,0,-788.43,83.65
2026-05-30T05:00:00+03:00,05:00,22891.6,449.4,12498.12,3637.36,1628.58,305.94,2163.52,30.05,80.81,1307.3,216.37,431.19,852.06,0,0,-794.97,85.87
2026-05-30T06:00:00+03:00,06:00,20775.59,448.33,10348.32,3716.78,1459.81,307.26,1897.04,460.76,80.06,1309.53,183.26,447.89,845.34,0,0,-810.31,81.52
2026-05-30T07:00:00+03:00,07:00,18363.9,446.9,7102.61,3772.76,1367.44,301.76,1760.92,1509.29,79.67,1285.94,178.84,445.19,857.51,0,0,-828.99,84.06
2026-05-30T08:00:00+03:00,08:00,16827.13,445.28,5404.46,3799.03,1395.85,299.23,1372.52,1983.76,79.98,1259.36,181.04,445.79,849.21,0,0,-775.12,86.74
2026-05-30T09:00:00+03:00,09:00,16352.53,415.8,5523.56,3849.07,1351.03,298.79,1080.98,1657.02,81.06,1235.35,178.84,440.23,851.31,0,0,-692.45,81.94
2026-05-30T10:00:00+03:00,10:00,16484.44,404.3,5667.0,3876.4,1359.55,297.49,1048.29,1671.65,81.73,1206.74,181.04,439.89,857.01,0,0,-691.74,85.09
2026-05-30T11:00:00+03:00,11:00,17043.7,403.73,5689.06,3861.04,1413.08,299.68,1250.76,1964.89,82.5,1186.72,178.84,438.03,857.92,0,0,-671.48,88.93
2026-05-30T12:00:00+03:00,12:00,17160.91,400.75,5353.9,3828.02,1407.45,303.59,1562.06,2180.4,86.28,1163.96,178.84,436.43,860.92,0,0,-687.46,85.77
2026-05-30T13:00:00+03:00,13:00,17641.35,400.63,5775.73,3831.3,1468.88,303.92,1573.21,2200.52,90.42,1144.03,178.84,428.93,844.77,0,0,-687.78,87.95
2026-05-30T14:00:00+03:00,14:00,17946.64,424.69,6085.75,3827.1,1525.82,301.19,1560.6,2136.03,82.18,1129.56,174.43,426.35,854.68,0,0,-668.89,87.15
2026-05-30T15:00:00+03:00,15:00,18882.99,423.99,6716.04,3837.91,1539.88,301.05,1663.88,2322.99,81.29,1118.93,181.04,432.56,855.1,0,0,-681.21,89.54
2026-05-30T16:00:00+03:00,16:00,20751.63,455.37,8603.91,3827.76,1552.54,303.89,1753.73,2163.5,79.81,1107.77,176.64,423.22,852.32,0,0,-640.8,91.97
2026-05-30T17:00:00+03:00,17:00,23319.78,1225.5,10713.19,3825.4,1605.1,304.78,1787.61,1792.36,80.27,1107.6,176.64,435.69,838.86,0,0,-663.21,89.99
2026-05-30T18:00:00+03:00,18:00,27557.55,1996.45,14775.29,3840.64,2042.72,304.55,1801.26,841.92,79.46,1114.37,181.04,439.98,849.06,0,0,-789.02,79.83
2026-05-30T19:00:00+03:00,19:00,30848.06,2663.66,15582.04,3835.43,3968.05,306.84,2488.99,111.7,80.14,1132.65,176.64,433.3,875.57,0,0,-888.39,81.44
2026-05-30T20:00:00+03:00,20:00,33204.05,2797.0,16080.58,3881.09,5394.28,308.14,2682.21,1.4,79.68,1168.85,178.84,441.28,879.85,0,0,-777.08,87.93
2026-05-30T21:00:00+03:00,21:00,33012.59,2886.8,15281.99,3966.92,5770.45,306.35,2631.11,18.53,78.15,1201.75,178.84,446.77,889.75,0,0,-730.5,85.68
2026-05-30T22:00:00+03:00,22:00,31722.8,2918.37,14760.6,3989.29,5491.18,303.55,2235.92,0.01,79.45,1229.26,181.04,441.67,873.95,0,0,-862.24,80.75
2026-05-30T23:00:00+03:00,23:00,29835.89,2850.04,14410.14,3554.41,4657.11,311.09,2008.16,0.01,79.18,1247.85,178.84,441.67,848.8,0,0,-832.52,81.11
2026-05-31T00:00:00+03:00,00:00,29084.89,2673.12,13537.29,3774.1,4716.5,313.04,1985.36,0.01,79.86,1266.89,183.25,449.47,871.8,0,0,-845.84,80.04
2026-05-31T01:00:00+03:00,01:00,27381.85,2687.56,12181.66,3730.42,4462.52,307.42,1911.34,0.01,79.36,1281.83,178.84,446.22,863.87,0,0,-831.65,82.45
2026-05-31T02:00:00+03:00,02:00,26149.31,2681.29,11117.94,3735.69,4314.02,305.06,1872.93,0.05,80.09,1296.08,181.04,436.67,866.75,0,0,-813.81,75.51
2026-05-31T03:00:00+03:00,03:00,25357.6,2004.93,11209.31,3770.4,4022.8,306.52,1905.77,0.35,79.06,1302.2,178.84,441.61,852.76,0,0,-796.86,79.91
2026-05-31T04:00:00+03:00,04:00,25091.18,1432.12,11738.4,3848.23,3669.14,310.72,1958.73,2.88,78.29,1311.63,183.25,443.23,856.01,0,0,-819.66,78.21
2026-05-31T05:00:00+03:00,05:00,23766.74,1408.0,10824.75,3882.35,3019.92,304.81,2087.67,81.73,80.15,1316.21,181.04,438.38,861.43,0,0,-802.8,83.1
2026-05-31T06:00:00+03:00,06:00,21672.25,1301.05,10416.3,3846.04,1600.17,298.35,1380.03,645.59,80.62,1311.92,187.67,443.15,852.23,0,0,-773.98,83.11
2026-05-31T07:00:00+03:00,07:00,19272.7,842.51,7811.31,3839.68,1453.64,297.24,1228.55,1675.72,84.44,1287.08,183.25,437.4,840.78,0,0,-793.87,84.97
2026-05-31T08:00:00+03:00,08:00,17668.87,409.67,6591.64,3768.21,1502.69,298.72,860.82,2068.64,83.2,1252.97,181.04,447.78,843.74,0,0,-721.48,81.23
2026-05-31T09:00:00+03:00,09:00,17296.78,391.51,6654.57,3791.58,1489.99,296.97,561.08,1979.04,84.28,1206.28,178.84,443.55,860.43,0,0,-729.81,88.47
2026-05-31T10:00:00+03:00,10:00,17804.48,401.27,7363.74,3835.8,1482.34,295.04,534.48,1770.98,83.34,1178.41,178.84,438.37,858.21,0,0,-703.48,87.14
2026-05-31T11:00:00+03:00,11:00,18841.51,401.79,8238.76,3920.8,1470.52,301.17,604.08,1799.46,83.42,1148.05,181.04,436.81,847.22,0,0,-677.64,86.03
2026-05-31T12:00:00+03:00,12:00,19208.65,399.28,8554.65,3984.38,1447.62,301.9,589.37,1845.81,79.91,1124.26,178.84,440.11,862.76,0,0,-690.71,90.47
2026-05-31T13:00:00+03:00,13:00,19483.63,539.53,8706.45,3921.35,1460.31,296.06,679.69,1801.55,81.18,1099.08,178.84,431.86,872.47,0,0,-672.83,88.09
2026-05-31T14:00:00+03:00,14:00,19798.17,633.23,8736.88,3916.97,1447.39,295.73,889.84,1815.83,85.5,1086.85,176.64,435.16,869.61,0,0,-678.84,87.38
2026-05-31T15:00:00+03:00,15:00,20803.61,667.95,9010.56,3935.18,1460.75,299.9,1108.15,2332.8,80.29,1072.13,183.25,415.32,862.36,0,0,-712.69,87.66
2026-05-31T16:00:00+03:00,16:00,23240.67,782.63,11386.0,3948.23,1521.03,299.94,1193.36,2142.44,87.95,1062.77,178.84,418.74,862.28,0,0,-731.03,87.49
2026-05-31T17:00:00+03:00,17:00,26521.5,1375.73,13998.13,3948.92,1800.63,296.0,1306.77,1804.99,84.03,1056.66,181.04,426.47,852.06,0,0,-696.39,86.46
2026-05-31T18:00:00+03:00,18:00,30330.99,3311.6,14426.12,4112.28,3323.35,336.39,1916.93,1087.52,79.08,1047.83,183.25,436.78,846.82,0,0,-865.68,88.72
2026-05-31T19:00:00+03:00,19:00,33254.66,4489.97,14344.06,4221.4,5501.66,434.95,2252.19,140.36,85.92,1075.57,181.05,440.4,868.86,0,0,-871.52,89.79
2026-05-31T20:00:00+03:00,20:00,35425.41,4676.86,15711.38,4378.82,6000.12,516.68,2167.35,1.21,90.74,1111.14,181.04,453.66,884.78,0,0,-835.07,86.7
2026-05-31T21:00:00+03:00,21:00,35475.81,5161.49,15365.62,4368.43,5906.77,559.29,2110.86,14.79,90.52,1123.36,185.46,458.35,891.44,0,0,-850.1,89.53
2026-05-31T22:00:00+03:00,22:00,34063.07,4617.15,14659.02,4432.48,5876.25,560.51,1950.81,0.02,88.06,1154.53,178.84,458.49,896.29,0,0,-900.36,90.98
2026-05-31T23:00:00+03:00,23:00,32493.87,3610.8,14563.02,4264.01,5891.44,541.26,1676.81,0.03,78.11,1179.17,183.25,425.56,861.03,0,0,-861.1,80.48
2026-06-01T00:00:00+03:00,00:00,31080.63,3515.49,14014.87,4215.82,5420.57,423.45,1601.04,0.03,78.72,1182.71,181.04,446.45,833.92,0,0,-915.35,81.87
2026-06-01T01:00:00+03:00,01:00,29368.59,3131.69,12915.33,4209.56,5211.59,307.12,1596.33,0.04,77.92,1215.48,181.04,434.18,853.73,0,0,-850.87,85.45
2026-06-01T02:00:00+03:00,02:00,28309.19,2679.21,12593.78,4252.99,4916.76,303.26,1529.36,0.07,77.42,1245.92,176.64,433.42,843.44,0,0,-826.6,83.52
2026-06-01T03:00:00+03:00,03:00,27652.94,2582.94,12024.27,4153.48,4939.18,302.79,1621.87,0.44,77.7,1250.79,181.04,425.95,851.15,0,0,-845.91,87.25
2026-06-01T04:00:00+03:00,04:00,27455.07,2448.08,11810.64,4190.59,4939.49,308.07,1657.15,2.84,78.11,1260.87,181.04,435.69,860.03,0,0,-804.8,87.27
2026-06-01T05:00:00+03:00,05:00,26517.94,2376.98,11480.08,4275.76,4388.67,306.26,1524.33,84.17,81.47,1264.61,181.04,452.78,850.36,0,0,-839.54,90.97
2026-06-01T06:00:00+03:00,06:00,25151.85,2641.72,11078.09,4281.27,2821.29,302.56,1201.92,745.25,83.94,1259.06,178.84,456.53,853.19,0,0,-839.87,88.06
2026-06-01T07:00:00+03:00,07:00,24502.22,3317.21,9953.59,4281.17,2090.06,305.49,881.34,1638.99,78.42,1233.74,181.05,446.26,842.19,0,0,-838.38,91.09
2026-06-01T08:00:00+03:00,08:00,26383.06,4227.7,10657.48,4252.22,2123.59,301.08,657.43,2171.34,86.14,1202.32,176.63,438.49,827.83,0,0,-828.35,89.16
2026-06-01T09:00:00+03:00,09:00,25991.08,4947.53,9787.09,4257.39,1962.29,297.75,501.8,2271.21,83.0,1156.17,178.84,427.16,857.12,0,0,-821.63,85.36
2026-06-01T10:00:00+03:00,10:00,25046.9,4579.15,9049.29,4094.26,1767.38,297.19,442.86,2597.03,81.69,1125.33,181.04,431.8,856.75,0,0,-541.89,85.02
2026-06-01T11:00:00+03:00,11:00,26146.48,5004.8,9444.62,4142.53,1901.47,297.92,513.5,2666.19,88.67,1099.47,178.84,422.23,854.41,0,0,-551.31,83.14
2026-06-01T12:00:00+03:00,12:00,24798.91,4633.5,8824.27,4212.6,1651.79,308.7,645.88,2424.65,89.86,1070.71,178.84,414.67,850.35,0,0,-593.6,86.69
2026-06-01T13:00:00+03:00,13:00,26648.35,4950.97,10042.48,4170.85,1878.63,327.3,790.09,2418.1,89.68,1050.13,176.64,420.24,840.4,0,0,-595.1,87.94
2026-06-01T14:00:00+03:00,14:00,28862.72,5191.27,10620.71,4271.84,2213.01,617.26,1110.52,2832.75,85.64,1031.23,178.84,432.68,844.72,0,0,-657.26,89.51
2026-06-01T15:00:00+03:00,15:00,30156.99,5211.8,10778.23,4425.87,2644.12,774.37,1411.71,2907.07,79.21,1016.3,178.84,432.26,840.11,0,0,-634.16,91.26
2026-06-01T16:00:00+03:00,16:00,33146.87,5442.31,11470.68,4355.19,4168.14,906.3,1972.23,2830.22,79.19,1013.03,176.63,433.23,836.66,0,0,-625.47,88.53
2026-06-01T17:00:00+03:00,17:00,36217.67,6059.63,12441.13,4450.92,5325.13,1511.93,2045.81,2297.28,87.53,1020.41,178.84,432.44,847.57,0,0,-569.62,88.67
2026-06-01T18:00:00+03:00,18:00,38434.44,7380.81,14264.35,4454.87,5549.93,1887.67,2090.26,1018.04,97.69,1033.33,181.04,456.92,848.18,0,0,-918.81,90.16
2026-06-01T19:00:00+03:00,19:00,40328.68,8352.31,15610.87,4605.45,5791.61,2089.32,1967.59,126.23,92.67,1059.34,181.04,450.21,859.52,0,0,-950.28,92.8
2026-06-01T20:00:00+03:00,20:00,42253.76,8546.54,16888.41,4683.75,5919.37,2096.49,1982.52,31.35,100.81,1093.52,189.88,462.32,863.28,0,0,-695.61,91.13
2026-06-01T21:00:00+03:00,21:00,41874.0,8437.09,16739.18,4744.65,5930.14,2104.65,1737.44,10.16,100.69,1123.4,220.79,460.25,871.44,0,0,-695.55,89.67
2026-06-01T22:00:00+03:00,22:00,39921.53,7890.23,15807.32,4730.41,5799.27,2190.54,1552.89,0.01,99.4,1144.98,209.75,453.25,865.77,0,0,-909.7,87.41
2026-06-01T23:00:00+03:00,23:00,37658.95,7205.97,14640.58,4686.83,5707.43,2233.12,1262.07,0.01,98.84,1169.17,181.05,458.28,851.31,0,0,-923.29,87.58
2026-06-02T00:00:00+03:00,00:00,35759.92,6323.12,13745.31,4619.8,5816.44,2159.2,1126.83,0.01,79.69,1187.52,176.63,446.32,875.22,0,0,-882.41,86.24
2026-06-02T01:00:00+03:00,01:00,33865.26,5599.13,12882.98,4558.41,5816.87,1984.82,1080.02,0.01,79.05,1203.17,181.04,426.76,871.36,0,0,-907.11,88.75
2026-06-02T02:00:00+03:00,02:00,32494.41,4923.62,12153.22,4499.0,5763.47,2080.11,1038.61,0.02,79.88,1214.04,181.04,443.75,866.35,0,0,-835.66,86.96
2026-06-02T03:00:00+03:00,03:00,31781.29,3979.23,12236.76,4618.49,5679.89,2088.34,1067.55,0.01,92.07,1225.82,178.84,461.55,871.39,0,0,-807.87,89.22
2026-06-02T04:00:00+03:00,04:00,31376.93,3424.5,12334.18,4682.69,5594.64,2211.01,1036.76,1.79,86.01,1233.22,178.84,458.91,865.2,0,0,-821.66,90.84
2026-06-02T05:00:00+03:00,05:00,30375.37,3375.9,11565.32,4624.97,5539.04,2213.66,937.69,90.38,81.66,1232.9,181.04,431.52,861.59,0,0,-849.04,88.74
2026-06-02T06:00:00+03:00,06:00,28879.4,3148.65,10943.94,4328.06,4881.11,1743.31,854.05,905.43,80.13,1232.67,178.84,438.02,850.98,0,0,-795.01,89.22
2026-06-02T07:00:00+03:00,07:00,27770.68,3777.32,10224.92,4491.17,3076.51,1242.66,812.44,2094.43,81.65,1177.24,181.05,436.75,854.12,0,0,-769.43,89.85
2026-06-02T08:00:00+03:00,08:00,28901.27,5057.41,10978.96,4379.19,2286.06,1184.4,570.89,2493.39,83.6,1118.43,181.04,431.21,843.15,0,0,-790.37,83.91
2026-06-02T09:00:00+03:00,09:00,28007.25,5085.55,9903.47,4439.44,1977.04,1742.91,432.62,2554.51,84.68,1077.52,181.04,420.91,834.92,0,0,-810.6,83.24
2026-06-02T10:00:00+03:00,10:00,26762.75,4794.96,9218.43,4310.92,1564.02,1921.85,455.01,2647.85,84.92,1038.11,181.04,398.21,830.14,0,0,-763.37,80.66
2026-06-02T11:00:00+03:00,11:00,27015.05,5052.92,8917.87,4364.12,1559.77,1932.13,633.18,2686.48,85.05,1011.56,178.84,400.86,821.01,0,0,-709.54,80.8
2026-06-02T12:00:00+03:00,12:00,25803.06,4629.07,8120.92,4407.04,1500.85,1936.31,737.18,2637.21,92.42,981.36,183.25,411.25,825.54,0,0,-745.4,86.06
2026-06-02T13:00:00+03:00,13:00,27534.03,4836.03,9453.01,4339.67,1566.35,2026.07,962.99,2506.61,86.95,963.66,176.64,421.21,811.29,0,0,-697.12,80.67
2026-06-02T14:00:00+03:00,14:00,30006.28,5295.42,10506.4,4211.91,1886.72,2196.46,1292.88,2793.27,90.81,954.27,181.04,443.98,807.14,0,0,-736.28,82.26
2026-06-02T15:00:00+03:00,15:00,31668.24,5343.53,10792.36,4276.75,2438.02,2351.35,1913.52,2787.93,84.5,921.43,181.04,420.98,814.53,0,0,-740.19,82.49
2026-06-02T16:00:00+03:00,16:00,34795.16,5462.61,11551.86,4131.64,4098.9,2512.65,2566.78,2802.34,87.72,953.47,174.43,418.64,794.91,0,0,-843.88,83.09
2026-06-02T17:00:00+03:00,17:00,37970.54,6287.15,12624.98,4345.69,5398.19,2697.32,2782.09,2195.54,85.98,968.45,181.04,414.58,813.08,0,0,-908.33,84.78
2026-06-02T18:00:00+03:00,18:00,40005.79,7354.93,13604.49,4549.92,5702.72,2963.35,3223.78,964.87,89.89,987.32,178.84,411.66,828.4,0,0,-938.06,83.68
2026-06-02T19:00:00+03:00,19:00,41341.02,7529.54,15587.01,4580.37,5759.97,3095.3,2980.59,101.45,90.87,1011.55,181.04,430.09,843.71,0,0,-936.64,86.17
2026-06-02T20:00:00+03:00,20:00,42936.8,7808.55,17007.77,4584.95,5862.34,3230.18,2676.6,16.46,105.52,1045.79,176.64,420.29,856.75,0,0,-939.55,84.51
2026-06-02T21:00:00+03:00,21:00,42446.77,7966.84,16394.44,4554.48,5906.64,3253.13,2512.96,0.08,108.42,1074.14,178.84,437.35,865.29,0,0,-893.26,87.42
2026-06-02T22:00:00+03:00,22:00,40411.09,7600.94,15638.54,4561.88,5777.45,3020.22,1919.1,0.01,101.75,1115.73,181.04,444.76,870.81,0,0,-913.08,91.94
2026-06-02T23:00:00+03:00,23:00,38250.7,6363.52,15361.91,4520.29,5766.7,2830.17,1511.82,0.01,82.5,1142.61,181.04,426.76,853.49,0,0,-881.0,90.88
2026-06-03T00:00:00+03:00,00:00,35785.41,5267.55,14534.28,4461.05,5732.46,2259.25,1626.96,0.01,80.36,1168.66,181.04,418.82,827.36,0,0,-856.32,83.93
2026-06-03T01:00:00+03:00,01:00,34048.87,4662.76,13995.52,4333.7,5634.16,1705.82,1764.77,0.01,80.48,1193.94,178.84,415.0,831.99,0,0,-826.36,78.24
2026-06-03T02:00:00+03:00,02:00,32621.07,4118.46,13791.43,4301.55,5133.95,1589.6,1769.74,0.01,80.64,1205.38,178.84,435.34,794.48,0,0,-866.0,87.65
2026-06-03T03:00:00+03:00,03:00,31837.95,3906.07,13224.57,4430.25,4738.17,1559.31,2044.12,0.01,80.05,1220.25,178.84,423.29,789.2,0,0,-842.74,86.56
2026-06-03T04:00:00+03:00,04:00,31324.24,3017.67,13530.83,4280.7,4442.73,1549.19,2416.72,0.61,79.89,1231.03,181.04,443.88,817.14,0,0,-755.69,88.5
2026-06-03T05:00:00+03:00,05:00,30193.04,3011.66,13604.96,4252.87,3517.16,1610.33,2123.44,77.22,83.05,1243.02,176.64,439.52,801.91,0,0,-836.18,87.44
2026-06-03T06:00:00+03:00,06:00,28906.6,3142.71,13069.68,4311.65,2423.06,1550.7,1832.94,555.63,80.87,1234.74,181.04,446.34,783.52,0,0,-794.9,88.62
2026-06-03T07:00:00+03:00,07:00,27662.69,3820.49,11706.11,4303.75,1800.16,1603.79,1397.54,1382.88,88.46,1018.9,178.84,434.95,672.41,0,0,-828.69,83.1
2026-06-03T08:00:00+03:00,08:00,29086.36,4483.82,12060.41,4259.39,1814.83,1666.82,1250.36,2000.04,95.81,969.86,181.04,429.54,602.73,0,0,-811.26,82.97
2026-06-03T09:00:00+03:00,09:00,27496.24,4650.37,10543.41,4286.45,1528.44,1961.24,1002.98,2111.88,90.04,919.15,181.04,440.21,569.88,0,0,-871.94,83.09
2026-06-03T10:00:00+03:00,10:00,23140.76,3979.13,9351.35,3252.25,1244.3,1039.9,989.05,2066.98,0.0,835.3,178.84,439.7,493.33,0,0,-801.36,71.99
2026-06-04T00:00:00+03:00,00:00,36769.86,4970.18,13299.72,4178.56,5772.11,3036.12,2913.57,0.05,78.39,1174.5,176.64,443.43,909.31,0,0,-272.0,89.28
2026-06-04T01:00:00+03:00,01:00,34903.96,4754.48,12583.51,3866.34,5535.64,2432.06,3132.12,0.04,77.46,1188.62,176.64,437.81,907.1,0,0,-276.86,89.0
2026-06-04T02:00:00+03:00,02:00,33740.27,3784.06,12584.79,3736.22,5462.55,2368.56,3153.95,0.03,78.15,1199.61,181.04,443.81,906.08,0,0,-247.03,88.45
2026-06-04T03:00:00+03:00,03:00,32771.07,3752.39,11526.58,3850.95,5531.4,2289.87,3169.75,0.13,78.4,1212.87,181.04,437.09,909.13,0,0,-259.72,91.19
2026-06-04T04:00:00+03:00,04:00,32342.79,3714.74,11238.44,3895.28,5484.39,2293.95,3045.3,1.91,77.92,1224.1,181.04,435.47,909.75,0,0,-249.73,90.23
2026-06-04T05:00:00+03:00,05:00,31413.72,3704.45,10632.48,3908.02,5167.89,2269.91,2981.2,85.14,79.61,1226.57,178.84,434.3,910.98,0,0,-258.3,92.63
2026-06-04T06:00:00+03:00,06:00,29800.13,3701.19,9965.96,3863.03,3834.4,2279.18,2667.68,845.22,75.82,1227.86,178.84,447.63,899.04,0,0,-273.95,88.23
2026-06-04T07:00:00+03:00,07:00,28753.32,3708.13,9617.59,3858.6,2431.35,2218.29,2296.92,1969.05,82.33,1208.38,178.84,428.85,886.16,0,0,-213.85,82.68
2026-06-04T08:00:00+03:00,08:00,30440.62,4279.78,10198.72,3831.72,2508.62,2138.01,2118.87,2791.69,85.31,1166.12,176.64,407.56,879.21,0,0,-226.86,85.23
2026-06-04T09:00:00+03:00,09:00,29455.84,4480.18,9251.51,3859.62,1955.2,2640.89,1880.97,2906.6,84.52,1128.31,178.84,409.16,862.13,0,0,-264.64,82.55
2026-06-04T10:00:00+03:00,10:00,28178.21,3836.35,8464.91,3856.78,1775.5,3481.76,1499.44,2736.88,86.31,1094.16,181.04,400.64,844.96,0,0,-162.16,81.64
2026-06-04T11:00:00+03:00,11:00,28329.66,3950.08,8564.33,3830.89,1617.2,3565.04,1454.0,2823.62,87.37,1061.83,178.84,405.77,822.42,0,0,-116.96,85.23
2026-06-04T12:00:00+03:00,12:00,27472.28,3797.88,8406.09,3780.04,1535.68,3383.72,1515.44,2579.16,90.19,1026.65,176.64,412.84,809.27,0,0,-130.35,89.03
2026-06-04T13:00:00+03:00,13:00,29112.98,3745.38,8921.22,3863.63,1764.98,3597.92,2082.16,2740.55,84.56,959.94,178.84,430.74,811.91,0,0,-157.01,88.16
2026-06-04T14:00:00+03:00,14:00,31366.73,3801.67,9803.57,3877.99,2085.43,3548.8,2877.14,2976.5,92.3,977.85,176.64,442.38,817.86,0,0,-199.69,88.29
2026-06-04T15:00:00+03:00,15:00,32815.34,4124.12,10659.1,3887.43,2346.6,3577.53,3183.94,2738.67,79.64,980.02,174.43,408.27,819.29,0,0,-252.91,89.21
2026-06-04T16:00:00+03:00,16:00,35988.64,4810.45,11579.49,3910.26,3499.72,3582.01,3594.52,2619.93,80.85,995.21,183.25,419.07,849.19,0,0,-219.84,84.53
2026-06-04T17:00:00+03:00,17:00,39278.07,5640.65,12406.09,3921.38,5167.13,3635.69,3986.2,2109.58,83.93,1017.53,176.64,415.6,876.99,0,0,-244.53,85.19
2026-06-04T18:00:00+03:00,18:00,40789.27,6319.3,13974.76,4104.74,5531.53,3902.58,3608.14,976.02,88.84,1031.58,178.84,422.43,907.18,0,0,-344.21,87.54
2026-06-04T19:00:00+03:00,19:00,42460.45,6752.82,15462.65,4158.88,5857.96,4477.51,3169.43,152.47,89.11,1058.86,181.04,440.77,903.75,0,0,-331.92,87.12
2026-06-04T20:00:00+03:00,20:00,44309.22,7110.88,16693.79,4159.19,5981.12,4811.09,3011.24,44.25,90.68,1092.13,178.84,445.5,928.62,0,0,-327.67,89.56
2026-06-04T21:00:00+03:00,21:00,43701.91,7033.8,16619.88,4179.57,6052.25,4513.86,2707.14,18.14,90.5,1108.04,178.84,456.11,937.76,0,0,-282.72,88.74
2026-06-04T22:00:00+03:00,22:00,41698.27,6439.42,16188.48,4168.59,5753.76,4198.68,2336.5,0.01,87.76,1130.16,178.84,444.56,944.84,0,0,-260.57,87.24
2026-06-04T23:00:00+03:00,23:00,39171.32,5345.98,15850.8,3889.2,5708.23,4005.61,1834.16,0.01,81.14,1146.98,178.84,431.17,899.41,0,0,-284.79,84.58
2026-06-05T00:00:00+03:00,00:00,37599.81,5211.04,14734.26,4031.55,5750.31,3808.4,1462.64,0.01,85.75,1168.88,181.04,432.68,944.42,0,0,-294.05,82.88
2026-06-05T01:00:00+03:00,01:00,35761.95,4971.54,13879.1,3847.17,5749.62,3407.99,1257.56,0.01,79.18,1183.41,178.84,428.43,937.16,0,0,-244.16,86.1
2026-06-05T02:00:00+03:00,02:00,34203.75,4333.78,13401.43,3565.51,5604.03,3287.57,1319.37,3.55,79.37,1195.63,181.04,427.55,936.89,0,0,-215.49,83.52
2026-06-05T03:00:00+03:00,03:00,33277.05,4713.58,12423.47,3786.53,5544.52,2770.53,1303.25,0.34,79.66,1205.85,181.04,436.65,935.04,0,0,-188.21,84.8
2026-06-05T04:00:00+03:00,04:00,32989.11,4142.66,12244.8,3851.67,5603.97,3214.28,1225.35,2.64,79.36,1214.46,178.84,428.41,923.37,0,0,-205.81,85.11
2026-06-05T05:00:00+03:00,05:00,32074.56,3619.46,11459.18,3954.76,5507.79,3516.07,1142.23,96.87,78.86,1215.77,178.84,431.27,922.79,0,0,-132.63,83.3
2026-06-05T06:00:00+03:00,06:00,30541.87,3085.53,10289.21,3979.75,5200.08,3290.08,1111.89,876.3,82.05,1216.95,176.64,420.77,901.66,0,0,-176.83,87.79
2026-06-05T07:00:00+03:00,07:00,29605.29,3779.0,8261.04,3923.46,4797.93,3013.65,960.33,2164.18,84.53,1201.36,183.25,421.85,883.89,0,0,-159.4,90.22
2026-06-05T08:00:00+03:00,08:00,31285.05,4659.74,8095.92,4059.08,4749.25,3316.74,836.31,2858.23,83.13,1169.41,176.64,429.92,908.82,0,0,-143.46,85.32
2026-06-05T09:00:00+03:00,09:00,30925.56,5133.47,7150.61,4084.13,4619.85,3402.36,827.71,3067.54,90.74,1139.81,178.84,428.59,895.52,0,0,-173.68,80.07
2026-06-05T10:00:00+03:00,10:00,29840.67,5072.94,6874.33,4034.17,3877.05,3366.94,795.41,3147.15,86.17,1113.23,174.43,425.7,885.96,0,0,-93.05,80.24
2026-06-05T11:00:00+03:00,11:00,30006.68,5027.52,7011.83,4016.68,4046.25,3312.91,837.93,3144.95,90.63,1081.28,181.04,429.29,867.53,0,0,-127.27,86.11
2026-06-05T12:00:00+03:00,12:00,28088.38,4760.01,6401.38,3915.03,3202.2,3323.24,764.72,3176.54,85.61,1056.45,174.43,422.09,872.79,0,0,-153.19,87.08
2026-06-05T13:00:00+03:00,13:00,29244.86,4403.31,7454.43,3839.96,3323.08,3321.86,1064.67,3130.02,82.93,1034.59,178.84,417.3,878.49,0,0,29.69,85.69
2026-06-05T14:00:00+03:00,14:00,33806.08,5249.64,9361.14,3861.28,4780.67,3360.15,1596.69,2726.36,74.99,1019.87,176.64,425.86,887.07,0,0,197.75,87.97
2026-06-05T15:00:00+03:00,15:00,35691.71,5633.39,10159.13,3835.72,5106.9,3462.03,1990.98,2699.41,77.62,1015.89,178.84,430.48,914.65,0,0,101.13,85.54
2026-06-05T16:00:00+03:00,16:00,37811.4,6120.27,11519.81,3828.18,5166.41,3613.98,2400.86,2543.38,87.65,1023.77,174.43,427.36,918.78,0,0,-103.55,90.07
2026-06-05T17:00:00+03:00,17:00,39836.2,6845.58,13556.29,3938.83,5293.99,3623.05,2750.32,1327.74,82.25,1030.54,176.64,445.15,920.72,0,0,-245.74,90.84
2026-06-05T18:00:00+03:00,18:00,41125.24,7448.57,14515.53,3959.17,5385.81,3698.69,2831.2,752.57,84.37,1055.57,181.04,444.16,931.93,0,0,-254.63,91.26
2026-06-05T19:00:00+03:00,19:00,42083.43,7364.24,15832.47,3947.34,5402.93,3752.61,3155.92,99.8,89.71,1078.13,174.43,444.13,955.71,0,0,-301.92,87.93
2026-06-05T20:00:00+03:00,20:00,42697.7,7924.05,16268.59,3885.22,5498.99,3262.18,3288.1,16.91,89.07,1101.33,176.64,444.87,957.9,0,0,-297.19,81.04
2026-06-05T21:00:00+03:00,21:00,42699.03,7965.45,15530.19,3786.68,5536.13,3747.8,3601.09,0.47,89.67,1111.88,176.64,435.51,948.8,0,0,-312.82,81.54
2026-06-05T22:00:00+03:00,22:00,40658.52,7190.33,14571.52,3807.71,5505.59,3690.72,3320.44,0.01,86.59,1135.19,176.64,448.0,939.34,0,0,-295.3,81.74
2026-06-05T23:00:00+03:00,23:00,38749.44,6660.39,13780.88,3785.23,5457.53,3742.85,2764.47,0.01,81.47,1167.65,178.84,423.25,904.77,0,0,-279.2,81.3
2026-06-06T00:00:00+03:00,00:00,36882.59,5457.09,13354.6,3741.5,5386.13,3576.76,2663.26,0.86,84.63,1177.11,176.64,445.29,935.31,0,0,-197.45,80.86
2026-06-06T01:00:00+03:00,01:00,35199.49,4970.36,12900.94,3692.53,5230.51,3308.09,2472.97,0.86,80.81,1200.65,176.64,433.63,942.82,0,0,-292.7,81.38
2026-06-06T02:00:00+03:00,02:00,33773.74,4850.71,12509.55,3818.29,4994.28,2846.8,2179.48,0.05,79.26,1210.8,176.63,412.4,941.47,0,0,-324.84,78.86
2026-06-06T03:00:00+03:00,03:00,32729.37,4339.48,12299.99,3845.81,5181.31,2521.32,1915.03,0.22,79.63,1216.98,176.64,415.55,931.66,0,0,-274.37,80.12
2026-06-06T04:00:00+03:00,04:00,32369.61,4267.93,12244.23,3919.37,5217.41,2392.0,1750.02,1.09,78.69,1223.27,178.64,413.17,930.89,0,0,-325.9,78.8
2026-06-06T05:00:00+03:00,05:00,31207.6,4230.44,11162.82,4064.65,5013.97,2290.84,1829.45,56.59,80.44,1230.37,176.63,411.52,916.44,0,0,-340.61,84.05
2026-06-06T06:00:00+03:00,06:00,29260.52,3819.14,10251.95,3964.1,4029.55,2235.23,1872.46,513.71,83.36,1225.52,145.72,407.15,915.63,0,0,-292.47,89.47
2026-06-06T07:00:00+03:00,07:00,27042.38,3921.82,8674.11,3721.93,2658.32,2124.65,1760.93,1649.29,89.71,1204.08,136.88,414.38,919.64,0,0,-319.21,85.85
2026-06-06T08:00:00+03:00,08:00,27083.35,3797.56,8560.64,3756.67,2240.29,2098.93,1606.0,2462.51,88.77,1171.64,139.22,410.23,919.52,0,0,-252.31,83.68
2026-06-06T09:00:00+03:00,09:00,26439.31,4254.33,8069.2,3640.34,1811.77,2131.76,1330.26,2712.99,92.42,1134.35,141.31,404.09,917.13,0,0,-285.51,84.87
2026-06-06T10:00:00+03:00,10:00,25811.12,4331.2,7583.42,3704.43,1499.53,2159.18,1150.66,2798.54,90.88,1108.0,143.52,404.42,925.38,0,0,-180.16,92.12
2026-06-06T11:00:00+03:00,11:00,26222.56,4701.85,7475.59,3664.56,1535.13,2109.24,1230.69,2964.49,87.33,1077.1,147.92,400.95,921.34,0,0,-180.85,87.22
2026-06-06T12:00:00+03:00,12:00,26031.78,4050.93,8230.07,3672.6,1633.28,2130.69,1296.51,2501.63,84.33,1048.03,147.93,397.42,915.82,0,0,-161.2,83.74
2026-06-06T13:00:00+03:00,13:00,27784.04,4677.14,8556.31,3654.21,1723.33,2129.0,2028.1,2552.29,74.41,1019.34,147.92,405.78,906.26,0,0,-175.83,85.78
2026-06-06T14:00:00+03:00,14:00,29770.09,5214.31,9655.17,3615.99,1953.24,2123.7,2803.35,2026.23,75.13,1001.25,141.31,406.57,910.85,0,0,-242.3,85.29
2026-06-06T15:00:00+03:00,15:00,31807.52,5149.72,11183.83,3782.85,2260.45,2349.87,3399.54,1323.35,73.28,989.8,141.31,400.1,919.18,0,0,-251.33,85.57
2026-06-06T16:00:00+03:00,16:00,33548.73,5605.43,11638.44,3761.94,2896.04,2357.81,3582.65,1393.47,75.54,989.52,139.1,408.45,907.75,0,0,-293.43,86.02
2026-06-06T17:00:00+03:00,17:00,36355.94,5909.47,12523.36,3894.24,4805.38,2439.34,3762.67,822.24,79.95,995.85,139.1,398.67,916.6,0,0,-418.47,87.54
2026-06-06T18:00:00+03:00,18:00,38663.44,6088.43,13250.42,4083.44,5342.76,3541.69,3749.54,378.81,79.59,1009.02,139.1,400.03,944.48,0,0,-424.07,80.2
2026-06-06T19:00:00+03:00,19:00,40338.14,6228.14,14205.03,4141.12,5531.74,4166.12,3650.58,143.96,87.3,1028.7,139.1,425.23,948.06,0,0,-440.26,83.32
2026-06-06T20:00:00+03:00,20:00,41735.82,6370.71,15215.8,4178.23,5574.72,4198.34,3910.84,17.34,89.41,1062.79,141.3,425.73,925.19,0,0,-455.57,80.99
2026-06-06T21:00:00+03:00,21:00,41430.47,6304.42,15060.76,4217.21,5564.08,4192.13,3789.22,0.25,84.73,1092.29,141.31,421.17,923.18,0,0,-444.75,84.47
2026-06-06T22:00:00+03:00,22:00,39603.2,5846.52,14107.71,4189.1,5526.23,4179.31,3431.04,0.04,80.98,1115.12,145.72,405.81,936.54,0,0,-443.69,82.77
2026-06-06T23:00:00+03:00,23:00,37673.94,5692.45,13332.91,3937.89,5335.05,4082.89,2935.79,0.03,80.79,1127.68,154.55,404.54,931.72,0,0,-423.18,80.83
2026-06-07T00:00:00+03:00,00:00,35528.22,5125.85,12313.78,3859.51,5298.34,3790.23,2687.41,0.03,78.68,1145.13,167.8,412.62,964.58,0,0,-397.84,82.1
2026-06-07T01:00:00+03:00,01:00,33815.25,4171.82,12481.81,3814.57,4882.67,3565.21,2498.69,0.04,79.6,1134.76,174.42,405.26,941.93,0,0,-417.45,81.92
2026-06-07T02:00:00+03:00,02:00,32307.02,3728.09,12603.2,3793.09,4427.57,3039.14,2277.31,0.08,79.99,1169.34,181.04,412.55,943.88,0,0,-430.24,81.98
2026-06-07T03:00:00+03:00,03:00,31304.78,3731.43,11932.56,3867.01,4454.21,2719.92,2157.44,0.39,78.85,1182.3,176.64,408.24,941.53,0,0,-428.95,83.21
2026-06-07T04:00:00+03:00,04:00,30752.9,3723.31,10639.76,3936.0,4631.95,3238.17,2104.65,2.77,79.51,1172.92,181.04,413.47,933.67,0,0,-387.51,83.19
2026-06-07T05:00:00+03:00,05:00,29247.35,3721.88,9594.18,3940.51,4041.87,3368.11,1924.1,80.77,78.27,1199.72,178.84,418.05,933.0,0,0,-313.36,81.41
2026-06-07T06:00:00+03:00,06:00,26799.16,3166.9,9572.77,3970.05,2470.73,2822.72,1586.87,737.51,77.29,1187.99,178.84,401.49,910.74,0,0,-366.0,81.26
2026-06-07T07:00:00+03:00,07:00,23962.22,2274.85,8568.57,3984.05,1595.11,2301.7,1170.35,1597.84,78.16,1172.34,170.01,401.11,880.59,0,0,-315.6,83.14
2026-06-07T08:00:00+03:00,08:00,21663.67,1753.99,7074.71,3701.76,1429.2,2248.6,907.46,2103.88,76.73,1138.97,181.04,404.83,887.25,0,0,-321.7,76.95
2026-06-07T09:00:00+03:00,09:00,20915.4,1667.21,6365.24,3883.56,1356.88,2140.4,726.86,2353.7,76.88,1102.53,176.64,411.6,906.86,0,0,-328.57,75.61
2026-06-07T10:00:00+03:00,10:00,21268.73,1367.57,7046.05,3895.65,1319.38,1903.21,663.53,2521.58,76.46,1061.15,178.84,407.66,914.63,0,0,-163.76,76.78
2026-06-07T11:00:00+03:00,11:00,21686.2,1360.17,7098.17,3914.99,1297.67,1858.05,635.75,2582.01,76.27,1022.87,178.84,412.95,905.21,0,0,268.95,74.3
2026-06-07T12:00:00+03:00,12:00,22090.75,1353.89,7615.84,3930.87,1357.04,1875.75,808.45,2598.43,77.28,1000.02,174.43,411.27,893.99,0,0,-82.84,76.33
2026-06-07T13:00:00+03:00,13:00,22920.69,1356.14,7880.07,3934.34,1373.96,2193.93,1158.11,2539.62,77.67,983.95,178.84,410.18,881.78,0,0,-123.43,75.53
2026-06-07T14:00:00+03:00,14:00,23475.15,1350.72,7815.81,3936.27,1349.03,2544.11,1481.26,2501.97,83.25,967.08,178.84,409.85,880.62,0,0,-99.18,75.52
2026-06-07T15:00:00+03:00,15:00,24805.8,1358.1,9255.55,3911.5,1425.2,2361.5,1679.86,2367.93,75.54,962.45,176.63,408.03,878.14,0,0,-134.22,79.59
2026-06-07T16:00:00+03:00,16:00,27178.33,1553.86,10888.72,3929.36,1569.81,2602.57,1888.05,2145.77,78.04,960.32,172.22,406.4,886.35,0,0,16.21,80.65
2026-06-07T17:00:00+03:00,17:00,30820.4,2359.81,12427.73,3974.81,2410.56,2606.47,2674.98,1921.38,80.8,968.68,154.56,406.96,888.27,0,0,-136.59,81.98
2026-06-07T18:00:00+03:00,18:00,35151.46,3327.6,14602.72,4053.72,3601.58,2230.33,4063.21,1055.88,76.66,980.72,150.14,414.28,886.68,0,0,-372.53,80.47
2026-06-07T19:00:00+03:00,19:00,37668.71,4159.1,14274.73,4125.18,5124.24,2688.4,5002.45,171.86,82.58,1011.38,156.76,414.7,916.13,0,0,-537.67,78.87
2026-06-07T20:00:00+03:00,20:00,39405.9,4421.39,14516.94,4146.1,5565.07,2919.09,5616.12,16.72,82.08,1040.18,152.35,419.33,942.41,0,0,-513.64,81.76
2026-06-07T21:00:00+03:00,21:00,39344.0,4429.46,14485.59,4197.43,5490.45,2909.14,5615.51,0.07,76.11,1062.92,147.93,410.8,948.8,0,0,-509.37,79.16
2026-06-07T22:00:00+03:00,22:00,37672.73,3852.15,13599.99,4204.5,5375.58,2882.79,5519.3,0.01,77.75,1078.76,139.1,416.82,937.98,0,0,-488.11,76.11
2026-06-07T23:00:00+03:00,23:00,35955.34,2871.84,14185.34,4154.11,4784.82,2613.28,5065.79,0.12,77.07,1099.41,154.55,409.44,912.7,0,0,-449.74,76.61
2026-06-08T00:00:00+03:00,00:00,34673.66,2582.36,13367.2,4121.0,5053.64,2113.97,5104.31,0.01,75.73,1119.45,163.38,413.35,900.9,0,0,-421.1,79.46
2026-06-08T01:00:00+03:00,01:00,32818.85,2306.75,12794.29,3972.7,4392.28,1890.82,4954.55,0.01,74.69,1135.04,170.0,411.27,895.87,0,0,-255.75,76.33
2026-06-08T02:00:00+03:00,02:00,31343.1,1782.28,12649.15,3969.69,3769.47,1895.69,4736.72,0.08,74.67,1150.08,167.8,407.35,865.76,0,0,-202.2,76.56
2026-06-08T03:00:00+03:00,03:00,30883.32,1712.57,12519.56,3869.66,3536.52,1876.06,4741.3,0.48,75.29,1165.79,163.39,416.34,880.92,0,0,-155.12,80.56
2026-06-08T04:00:00+03:00,04:00,30620.59,1778.18,11868.08,3825.45,3685.93,1875.39,5012.28,2.91,75.97,1177.88,167.8,414.94,895.15,0,0,-243.96,84.59
2026-06-08T05:00:00+03:00,05:00,29287.19,1871.77,11480.57,3664.2,2924.69,1891.81,4813.43,76.24,76.01,1187.33,165.6,416.74,869.25,0,0,-233.41,82.96
2026-06-08T06:00:00+03:00,06:00,28312.0,2198.14,10948.14,3958.29,2071.35,1904.6,3949.17,712.41,75.67,1183.11,178.84,415.21,885.1,0,0,-252.28,84.25
2026-06-08T07:00:00+03:00,07:00,27815.76,2196.76,9945.62,3970.57,1852.17,2041.03,3384.22,1835.22,76.23,1157.47,181.04,414.2,875.16,0,0,-197.95,84.02
2026-06-08T08:00:00+03:00,08:00,30466.38,3197.54,9902.96,3869.54,2216.23,2227.14,3806.11,2644.02,77.29,1101.11,176.63,415.33,890.96,0,0,-143.7,85.22
2026-06-08T09:00:00+03:00,09:00,30180.4,3735.64,8498.27,3811.65,1994.25,3299.46,3442.47,2958.74,77.29,1047.36,176.64,402.0,864.66,0,0,-210.47,82.44
2026-06-08T10:00:00+03:00,10:00,29273.51,3813.66,8348.28,3712.74,1854.16,3571.01,2638.26,2872.09,77.56,1012.93,178.84,418.9,847.23,0,0,-159.18,87.03
2026-06-08T11:00:00+03:00,11:00,29491.7,4394.3,7650.2,3705.98,2141.55,3716.27,2592.43,2899.6,78.51,984.81,178.84,416.87,862.65,0,0,-214.58,84.27
2026-06-08T12:00:00+03:00,12:00,28477.7,3870.15,7495.45,3690.76,2034.29,3651.94,2631.61,2721.44,77.99,954.84,176.63,418.97,861.19,0,0,-190.63,83.07
2026-06-08T13:00:00+03:00,13:00,30313.61,4098.0,8218.57,3716.13,2386.28,3681.19,3170.29,2686.58,75.83,935.18,178.84,410.57,856.7,0,0,-180.9,80.35
2026-06-08T14:00:00+03:00,14:00,32770.04,4347.88,8534.42,3770.15,2664.22,3706.39,4472.25,2991.54,75.33,908.9,176.64,404.14,859.3,0,0,-220.85,79.73
2026-06-08T15:00:00+03:00,15:00,34706.31,4198.95,9596.83,3718.62,3195.66,3738.06,5223.74,2744.05,81.27,917.62,176.64,412.83,889.99,0,0,-265.99,78.04
2026-06-08T16:00:00+03:00,16:00,37397.31,4450.21,10002.47,3863.17,4234.21,4053.1,6057.38,2499.51,74.71,916.95,174.43,415.7,902.57,0,0,-327.1,80.0
2026-06-08T17:00:00+03:00,17:00,40370.1,4497.96,12292.32,3851.28,5010.66,4030.77,6760.92,1700.3,80.67,922.54,145.72,400.48,906.65,0,0,-310.87,80.7
2026-06-08T18:00:00+03:00,18:00,41978.38,4599.81,13838.63,3855.7,5291.54,4437.03,7035.9,707.23,80.51,938.88,139.1,411.26,915.99,0,0,-352.23,79.03
2026-06-08T19:00:00+03:00,19:00,43334.87,4665.14,15273.01,3902.65,5458.79,4327.6,7312.61,121.34,77.53,974.17,154.55,425.38,926.92,0,0,-367.33,82.51
2026-06-08T20:00:00+03:00,20:00,44640.97,4782.85,16269.42,3901.9,5469.17,4460.99,7349.06,19.9,87.2,1003.56,158.97,423.2,938.78,0,0,-308.67,84.64
2026-06-08T21:00:00+03:00,21:00,44262.99,4972.06,15178.99,3907.9,5579.38,5246.12,6870.49,4.19,83.29,1036.1,154.55,432.07,951.14,0,0,-240.15,86.86
2026-06-08T22:00:00+03:00,22:00,42227.8,4934.51,14924.69,3805.55,5295.27,4743.36,6177.33,0.01,31.77,1054.91,134.68,405.65,955.92,0,0,-318.57,82.72
2026-06-08T23:00:00+03:00,23:00,39850.97,4402.41,14357.89,3810.43,5215.68,4156.74,5550.8,0.01,76.03,1073.68,119.22,420.89,941.7,0,0,-355.44,80.93
2026-06-09T00:00:00+03:00,00:00,37741.48,4145.4,12929.76,3834.6,5253.12,4137.38,5002.98,0.01,75.68,1089.98,121.43,403.94,950.66,0,0,-288.94,85.48
2026-06-09T01:00:00+03:00,01:00,35994.53,3640.47,12509.48,3901.38,5116.11,3765.66,4589.11,0.01,76.22,1107.51,125.85,409.66,954.29,0,0,-287.31,86.09
2026-06-09T02:00:00+03:00,02:00,34618.32,3178.0,11698.68,3931.76,5064.41,3623.03,4633.67,0.05,75.9,1118.71,139.1,407.89,956.64,0,0,-294.03,84.51
2026-06-09T03:00:00+03:00,03:00,33640.78,2456.3,11472.87,3959.62,5076.28,3513.71,4620.22,0.36,75.86,1128.45,147.93,406.36,956.17,0,0,-259.02,85.67
2026-06-09T04:00:00+03:00,04:00,33211.76,2496.99,11151.92,3946.64,5006.03,3420.35,4640.29,3.17,75.29,1135.86,145.72,406.55,951.74,0,0,-256.87,88.08
2026-06-09T05:00:00+03:00,05:00,32118.82,2547.68,9893.59,3922.49,4818.52,3628.23,4675.89,86.51,79.07,1141.33,147.93,411.71,951.73,0,0,-271.69,85.83
2026-06-09T06:00:00+03:00,06:00,30636.03,2244.29,9453.01,3932.08,3502.97,3627.87,4452.2,889.84,77.38,1125.41,158.97,415.82,923.68,0,0,-251.05,83.56
2026-06-09T07:00:00+03:00,07:00,29945.73,2581.27,9047.42,3946.93,2877.13,2982.59,3934.74,2065.82,78.91,1110.89,167.8,417.78,926.8,0,0,-273.46,81.11
2026-06-09T08:00:00+03:00,08:00,31953.41,3149.89,8881.47,3987.13,3220.91,3434.93,3883.25,2925.0,76.0,1028.83,172.22,405.2,932.05,0,0,-225.77,82.3
2026-06-09T09:00:00+03:00,09:00,31276.87,3220.68,7693.88,4011.5,2962.22,3870.09,3814.52,3208.92,75.87,1033.68,176.64,400.69,917.5,0,0,-195.52,86.2
2026-06-09T10:00:00+03:00,10:00,30006.69,3058.56,7214.36,4096.88,2528.97,3887.91,3616.39,3104.07,77.35,1007.86,174.43,415.45,896.51,0,0,-157.25,85.2
2026-06-09T11:00:00+03:00,11:00,29806.23,3125.21,7093.09,4138.98,2310.94,3875.9,3683.79,3101.77,77.39,974.14,154.55,416.85,899.37,0,0,-124.58,78.83
2026-06-09T12:00:00+03:00,12:00,28545.09,2908.03,6820.65,4127.87,2052.92,3872.32,3388.18,3001.04,76.63,944.8,141.31,419.47,899.85,0,0,-189.65,81.67
2026-06-09T13:00:00+03:00,13:00,30685.46,3329.64,7841.13,4153.2,2447.3,3909.68,3840.91,2822.4,74.51,909.58,145.72,410.61,904.98,0,0,-183.04,78.84
2026-06-09T14:00:00+03:00,14:00,34029.4,4054.52,9125.4,4166.07,3124.44,3916.76,4393.44,2988.19,75.23,904.37,147.92,410.87,906.12,0,0,-261.88,77.95
2026-06-09T15:00:00+03:00,15:00,36263.35,4427.9,9201.89,4197.13,4060.05,3955.97,5126.52,2961.49,75.55,904.99,145.72,407.56,908.04,0,0,-189.04,79.58
2026-06-09T16:00:00+03:00,16:00,38823.27,4867.21,10217.58,4257.2,4747.61,4033.96,5683.82,2723.0,74.58,934.61,165.6,418.63,904.15,0,0,-282.16,77.48
2026-06-09T17:00:00+03:00,17:00,41560.3,5412.45,11813.44,4201.13,5161.04,4640.89,6127.82,1862.86,77.79,963.07,176.64,435.92,928.38,0,0,-320.71,79.58
2026-06-09T18:00:00+03:00,18:00,42540.22,6098.52,12920.87,4333.49,5220.55,4716.88,6187.67,686.85,81.0,991.65,178.84,424.52,941.41,0,0,-322.65,80.62
2026-06-09T19:00:00+03:00,19:00,43149.81,7216.37,13310.28,4575.91,5217.18,4319.39,6047.05,80.87,85.95,1024.34,176.64,431.76,950.71,0,0,-362.77,76.13
2026-06-09T20:00:00+03:00,20:00,44374.89,7024.56,14778.36,4591.47,5226.86,4350.61,5943.72,17.76,86.38,1039.89,176.64,431.8,957.26,0,0,-326.1,75.68
2026-06-09T21:00:00+03:00,21:00,43821.99,7103.06,14715.63,4523.16,5142.79,4249.16,5679.72,1.57,85.94,1048.98,176.64,440.83,956.59,0,0,-377.96,75.88
2026-06-09T22:00:00+03:00,22:00,42047.2,6485.12,14231.31,4507.25,5192.27,4242.58,4896.08,0.04,85.25,1062.4,178.84,439.95,956.48,0,0,-302.82,72.45
2026-06-09T23:00:00+03:00,23:00,39929.43,5384.94,14126.06,4461.96,5172.08,4155.98,4192.11,0.03,77.15,1061.44,176.64,434.79,945.43,0,0,-335.77,76.59
2026-06-10T00:00:00+03:00,00:00,37705.63,5396.36,12759.72,4323.53,5201.48,3853.56,3608.95,0.04,83.17,1142.67,176.63,437.59,943.51,0,0,-300.02,78.44
2026-06-10T01:00:00+03:00,01:00,35850.14,4765.17,12139.34,4210.11,5282.11,3426.47,3462.06,0.03,76.77,1162.36,176.64,408.87,936.98,0,0,-273.99,77.22
2026-06-10T02:00:00+03:00,02:00,34439.44,4067.85,11705.76,4198.45,5184.42,3266.82,3440.16,0.08,76.72,1170.88,178.84,417.7,935.43,0,0,-280.72,77.05
2026-06-10T03:00:00+03:00,03:00,33556.96,3845.68,11211.93,4296.88,5086.63,2987.71,3538.46,0.41,76.3,1179.67,176.64,418.89,933.35,0,0,-273.83,78.24
2026-06-10T04:00:00+03:00,04:00,33078.79,3413.84,10621.88,4328.25,5031.83,3352.94,3739.2,2.58,76.37,1180.83,181.04,405.46,935.88,0,0,-272.41,81.1
2026-06-10T05:00:00+03:00,05:00,32026.91,2819.38,9945.51,4374.01,4936.68,3427.58,3848.71,80.76,77.24,1182.36,178.84,405.95,930.53,0,0,-263.74,83.1
2026-06-10T06:00:00+03:00,06:00,30883.29,3315.81,9108.9,4342.98,4430.76,2509.28,3900.37,706.67,78.66,1176.7,178.84,392.41,901.27,0,0,-241.54,82.18
2026-06-10T07:00:00+03:00,07:00,30423.49,3203.22,8467.58,4302.52,4025.36,2388.87,3583.73,1942.54,76.98,1156.73,174.43,405.0,878.85,0,0,-253.94,71.62
2026-06-10T08:00:00+03:00,08:00,32628.97,3933.38,8054.63,4333.78,4520.96,3350.19,3318.02,2597.06,77.58,1117.5,178.84,389.55,896.66,0,0,-213.35,74.17
2026-06-10T09:00:00+03:00,09:00,32004.1,4276.15,6708.35,4316.61,4322.03,3861.21,2874.02,3153.11,80.29,1083.06,176.64,411.88,890.2,0,0,-222.44,72.99
2026-06-10T10:00:00+03:00,10:00,31159.92,4267.0,6187.95,4242.72,3970.57,3874.85,2655.2,3381.82,76.02,1053.34,181.04,418.25,902.01,0,0,-126.45,75.6
2026-06-10T11:00:00+03:00,11:00,31179.9,4341.11,6034.28,4249.42,3771.95,3851.92,2901.27,3506.2,76.71,1022.07,176.64,418.19,907.89,0,0,-155.54,77.79
2026-06-10T12:00:00+03:00,12:00,29444.26,4130.92,5637.57,4149.48,3070.59,3360.52,3165.13,3421.06,75.35,996.92,178.84,412.03,916.3,0,0,-152.37,81.92
2026-06-10T13:00:00+03:00,13:00,31400.26,4225.75,6955.8,4145.45,3608.09,3149.08,3528.31,3371.29,79.57,975.6,176.64,403.24,904.42,0,0,-204.09,81.11
2026-06-10T14:00:00+03:00,14:00,34034.41,4498.08,7696.02,4191.53,4400.26,3623.42,3988.57,3102.2,76.02,951.32,178.84,402.16,915.5,0,0,-68.89,79.38
2026-06-10T15:00:00+03:00,15:00,35759.97,4360.08,8728.43,4207.65,4628.96,4153.13,4515.39,2821.81,72.85,940.2,178.84,421.71,916.52,0,0,-265.55,79.95
2026-06-10T16:00:00+03:00,16:00,38664.01,4813.51,10458.93,4237.73,4810.07,4710.67,5087.85,2236.85,73.94,937.34,176.64,426.39,933.42,0,0,-319.53,80.2
2026-06-10T17:00:00+03:00,17:00,40925.36,5485.91,11846.32,4297.83,4778.56,4946.77,5667.98,1626.86,86.67,948.05,176.64,413.5,931.23,0,0,-360.35,79.39
2026-06-10T18:00:00+03:00,18:00,42339.68,6053.68,13059.6,4405.95,5035.45,5081.81,5743.17,676.07,84.91,958.25,172.22,428.76,910.47,0,0,-352.74,82.08
2026-06-10T19:00:00+03:00,19:00,43481.51,6538.91,14429.54,4547.78,5158.26,5059.4,5355.26,90.35,85.17,994.75,176.63,416.69,911.85,0,0,-363.62,80.54
2026-06-10T20:00:00+03:00,20:00,44843.69,7188.62,15028.63,4659.19,5268.39,5094.96,5212.48,2.1,86.39,1027.06,178.84,429.64,922.95,0,0,-338.44,82.88
2026-06-10T21:00:00+03:00,21:00,44356.49,7561.9,14128.98,4712.97,5152.27,5080.68,5308.06,0.04,87.64,1056.23,178.84,429.49,935.53,0,0,-362.14,86.0
2026-06-10T22:00:00+03:00,22:00,42514.96,6907.06,13210.46,4668.89,5150.11,5070.36,5036.5,0.24,87.14,1079.66,178.84,422.86,941.92,0,0,-321.18,82.1
2026-06-10T23:00:00+03:00,23:00,40287.09,5491.37,13057.62,4593.75,5103.02,5079.93,4494.43,0.24,85.53,1081.26,183.25,428.4,928.79,0,0,-319.26,78.76
2026-06-11T00:00:00+03:00,00:00,38291.81,4864.01,12756.57,4584.22,5156.54,4471.1,3950.8,0.76,75.87,1113.77,176.64,428.36,910.86,0,0,-285.44,87.75
2026-06-11T01:00:00+03:00,01:00,36039.32,4632.22,12024.06,4355.11,5160.07,3904.07,3447.3,0.71,76.81,1130.26,174.43,403.23,913.64,0,0,-270.59,88.0
2026-06-11T02:00:00+03:00,02:00,34548.66,4182.18,11642.82,4595.98,5017.4,3304.34,3258.03,0.87,76.35,1145.18,178.84,405.32,898.63,0,0,-244.67,87.39
2026-06-11T03:00:00+03:00,03:00,33976.12,4050.18,10863.11,4492.99,5068.64,3866.35,3075.98,1.18,76.84,1161.83,181.04,405.86,893.32,0,0,-249.24,88.04
2026-06-11T04:00:00+03:00,04:00,33464.99,4242.77,10519.66,4231.86,5133.02,3889.47,2844.49,4.38,76.22,1172.52,181.04,400.29,904.25,0,0,-223.33,88.35
2026-06-11T05:00:00+03:00,05:00,32380.93,4382.49,9751.82,4133.74,5007.77,3648.66,2785.61,87.73,78.83,1178.19,178.84,406.9,901.63,0,0,-246.79,85.51
2026-06-11T06:00:00+03:00,06:00,31143.5,3294.06,9235.98,4347.65,4640.66,3448.63,2741.22,877.59,77.51,1178.62,178.84,400.48,879.6,0,0,-246.54,89.2
2026-06-11T07:00:00+03:00,07:00,30317.62,3210.97,8384.82,4375.74,3988.83,3334.72,2302.76,2187.75,75.58,1147.72,181.05,403.01,897.07,0,0,-258.44,86.04
2026-06-11T08:00:00+03:00,08:00,32163.33,4584.91,7878.39,4355.92,4533.81,3459.93,1865.25,2945.44,77.93,1114.98,178.84,403.03,905.03,0,0,-227.42,87.29
2026-06-11T09:00:00+03:00,09:00,31422.19,4462.54,6088.62,4360.61,4417.17,4764.12,1493.55,3307.9,79.18,1076.4,176.63,398.84,871.5,0,0,-165.04,90.17
2026-06-11T10:00:00+03:00,10:00,30492.83,4502.6,5599.46,4433.59,3554.78,5144.48,1315.96,3514.49,78.57,1041.74,176.64,411.21,856.93,0,0,-223.4,85.78
2026-06-11T11:00:00+03:00,11:00,29983.83,4469.65,5173.96,4454.06,3417.06,5097.56,1410.8,3578.84,77.79,1012.5,178.84,408.93,861.83,0,0,-245.36,87.37
2026-06-11T12:00:00+03:00,12:00,28799.46,4115.54,5173.37,4443.55,2904.9,4799.96,1547.6,3393.84,77.69,984.18,174.43,406.95,874.54,0,0,-180.95,83.86
2026-06-11T13:00:00+03:00,13:00,30562.02,4224.13,5445.79,4357.85,3648.57,5136.35,1893.32,3421.62,78.31,961.81,178.84,401.76,885.36,0,0,-160.33,88.64
2026-06-11T14:00:00+03:00,14:00,32990.69,4698.85,6248.18,4260.65,4472.31,5314.55,2250.45,3374.3,77.37,949.15,178.84,413.33,886.58,0,0,-223.17,89.3
2026-06-11T15:00:00+03:00,15:00,35195.0,4933.98,7587.95,4345.56,4515.71,5585.5,2599.33,3294.0,75.16,939.31,176.64,404.23,860.37,0,0,-208.59,85.85
2026-06-11T16:00:00+03:00,16:00,37705.23,5498.91,9006.76,4602.91,4773.87,5766.8,2846.16,2900.77,83.1,940.94,176.63,404.9,887.18,0,0,-268.19,84.49
2026-06-11T17:00:00+03:00,17:00,40649.81,6666.67,11194.34,4624.36,4869.03,5830.15,2998.13,2103.57,83.45,946.24,176.64,426.15,901.85,0,0,-262.5,91.73
2026-06-11T18:00:00+03:00,18:00,42479.26,8171.65,12644.78,4597.98,4993.11,5747.82,3066.57,827.53,83.78,965.4,176.63,423.16,915.58,0,0,-219.58,84.85
2026-06-11T19:00:00+03:00,19:00,43906.56,8576.91,14252.71,4579.35,5159.23,5727.77,3069.78,169.12,99.5,994.7,174.43,422.54,930.81,0,0,-334.38,84.09
2026-06-11T20:00:00+03:00,20:00,45137.76,9009.75,14740.09,4596.65,5340.55,5866.92,3177.3,26.63,100.09,1028.49,178.84,420.02,933.14,0,0,-366.44,85.73
2026-06-11T21:00:00+03:00,21:00,44915.97,8918.0,14407.01,4571.07,5231.7,6316.49,3030.31,7.63,101.27,1055.32,176.64,442.71,929.62,0,0,-357.51,85.71
2026-06-11T22:00:00+03:00,22:00,42615.6,8626.03,13857.97,4572.24,5106.46,5303.3,2671.05,0.95,89.17,1083.49,176.64,437.48,899.74,0,0,-295.92,87.0
2026-06-11T23:00:00+03:00,23:00,40695.9,7132.96,13513.57,4603.41,4966.05,5789.99,2237.35,0.95,82.2,1078.5,176.63,439.66,884.7,0,0,-296.97,86.9
2026-06-12T00:00:00+03:00,00:00,39107.28,5687.05,13552.63,4380.95,5160.14,5905.74,1852.76,0.94,81.97,1124.73,176.64,435.81,913.01,0,0,-252.93,87.84
2026-06-12T01:00:00+03:00,01:00,36931.8,5359.31,12563.32,4270.79,5011.43,5629.4,1490.02,0.95,73.59,1143.1,172.22,421.48,920.66,0,0,-217.04,92.57
2026-06-12T02:00:00+03:00,02:00,35382.63,5372.84,11334.87,4320.66,4918.33,5562.09,1296.43,1.03,76.17,1160.17,174.43,416.45,902.53,0,0,-247.62,94.25
2026-06-12T03:00:00+03:00,03:00,34320.3,5377.89,10373.5,4286.86,5042.89,5297.94,1311.35,1.35,75.62,1168.16,174.42,422.57,921.55,0,0,-228.04,94.24
2026-06-12T04:00:00+03:00,04:00,34035.89,5113.28,10596.82,4290.87,5099.64,4964.55,1312.61,4.27,75.44,1178.32,176.63,424.53,929.01,0,0,-219.28,89.2
2026-06-12T05:00:00+03:00,05:00,32905.94,5233.08,9847.15,4302.47,4878.57,4701.58,1234.12,97.48,79.8,1186.4,176.64,423.9,929.75,0,0,-271.74,86.74
2026-06-12T06:00:00+03:00,06:00,31287.61,4759.59,8900.42,4285.24,4706.38,3927.31,1196.24,913.55,79.25,1177.27,178.84,421.43,923.15,0,0,-272.31,91.25
2026-06-12T07:00:00+03:00,07:00,30209.25,4051.51,7965.96,4308.57,4485.11,3470.87,1069.63,2234.61,80.39,1158.96,174.43,425.81,896.07,0,0,-204.74,92.07
2026-06-12T08:00:00+03:00,08:00,31872.4,4838.64,7562.66,4246.25,4519.21,4261.54,932.72,2896.49,80.05,1124.23,176.64,430.41,903.74,0,0,-188.52,88.34
2026-06-12T09:00:00+03:00,09:00,31526.84,4931.03,6390.71,4186.77,4417.07,4814.02,884.09,3299.41,79.83,1090.36,178.84,421.56,896.2,0,0,-150.12,87.07
2026-06-12T10:00:00+03:00,10:00,30772.74,4882.09,6104.37,4037.82,3823.51,4867.21,1008.4,3473.43,80.66,1059.45,176.64,419.54,894.88,0,0,-142.73,87.47
2026-06-12T11:00:00+03:00,11:00,31043.1,4882.59,6232.78,4004.03,3703.32,5004.59,1280.52,3368.21,81.51,1023.29,178.84,417.39,907.01,0,0,-128.53,87.55
2026-06-12T12:00:00+03:00,12:00,29037.64,4338.33,5753.35,4062.79,2693.75,5065.57,1426.15,3233.85,84.21,989.28,178.84,404.79,904.05,0,0,-182.64,85.32
2026-06-12T13:00:00+03:00,13:00,29518.51,4126.09,6148.6,4086.26,2848.77,4544.81,1928.65,3365.52,81.32,966.99,178.32,422.9,896.58,0,0,-159.11,82.81
2026-06-12T14:00:00+03:00,14:00,33283.84,4469.95,6718.23,4169.34,4351.1,5179.61,2671.27,3251.32,81.14,953.93,178.84,424.97,895.24,0,0,-143.91,82.81
2026-06-12T15:00:00+03:00,15:00,34865.15,4527.65,7487.64,4185.86,4392.79,5192.2,3426.12,3213.45,79.64,947.02,178.84,412.74,909.15,0,0,-171.02,83.07
2026-06-12T16:00:00+03:00,16:00,37367.28,4319.49,9470.6,4223.06,4629.17,5294.35,4211.47,2774.49,77.84,947.89,176.64,422.22,926.75,0,0,-187.34,80.65
2026-06-12T17:00:00+03:00,17:00,40381.41,4386.44,12026.63,4233.04,4829.53,5476.82,4936.06,2176.69,76.93,957.06,174.43,412.67,899.98,0,0,-289.67,84.8
2026-06-12T18:00:00+03:00,18:00,42137.23,5013.81,13494.45,4250.85,4899.81,5629.06,5630.98,842.11,82.22,972.52,176.64,416.14,919.19,0,0,-277.08,86.53
2026-06-12T19:00:00+03:00,19:00,43250.34,5097.92,14026.65,4254.24,4956.0,5812.15,6585.32,129.87,82.75,1003.5,178.84,429.32,935.69,0,0,-325.68,83.77
2026-06-12T20:00:00+03:00,20:00,44361.74,4756.93,14762.29,4421.69,5059.53,5798.46,7116.02,17.97,83.32,1029.34,181.04,431.73,937.18,0,0,-318.12,84.36
2026-06-12T21:00:00+03:00,21:00,44087.26,3875.22,15249.4,4361.42,5164.37,5754.92,7243.38,2.21,86.31,1050.04,178.84,431.8,910.37,0,0,-307.48,86.46
2026-06-12T22:00:00+03:00,22:00,42407.72,3091.88,14995.19,4454.13,5052.74,5173.77,7139.51,0.69,76.76,1072.39,178.84,401.89,913.16,0,0,-227.01,83.78
2026-06-12T23:00:00+03:00,23:00,40425.2,2546.94,14744.31,4439.4,4824.73,4574.2,6829.17,19.47,76.55,1094.89,178.84,405.11,885.83,0,0,-278.3,84.06
2026-06-13T00:00:00+03:00,00:00,38168.46,2187.57,13109.73,4380.59,4756.52,4256.8,6989.36,0.7,76.17,1114.76,181.05,409.54,910.34,0,0,-280.23,75.56
2026-06-13T01:00:00+03:00,01:00,36349.79,2349.51,11619.41,4362.88,4792.74,3855.49,6933.04,0.69,74.88,1131.95,176.64,413.36,917.03,0,0,-354.06,76.23
2026-06-13T02:00:00+03:00,02:00,34911.94,2250.99,10778.13,4243.24,4662.54,3762.36,6754.71,0.73,74.92,1145.05,178.84,409.56,918.36,0,0,-352.4,84.91
2026-06-13T03:00:00+03:00,03:00,33814.96,1896.11,10285.41,4274.59,4609.67,3816.84,6429.42,1.1,74.46,1160.44,185.46,425.16,899.47,0,0,-326.76,83.59
2026-06-13T04:00:00+03:00,04:00,33381.81,1724.12,10577.17,4169.71,4567.67,3841.73,5999.88,3.56,73.89,1165.64,178.84,427.03,880.44,0,0,-313.09,85.22
2026-06-13T05:00:00+03:00,05:00,32077.11,1671.27,9649.9,4112.82,4373.98,3755.88,5950.83,86.19,77.63,1177.17,183.25,423.87,868.2,0,0,-340.96,87.08
2026-06-13T06:00:00+03:00,06:00,30200.19,1559.59,9351.34,4159.28,3088.34,3302.06,5477.35,771.61,75.31,1176.47,178.84,424.13,870.26,0,0,-321.64,87.25
2026-06-13T07:00:00+03:00,07:00,28471.78,1910.45,8196.86,4217.72,2179.93,3072.13,4785.92,1686.75,67.51,1137.31,176.63,424.0,859.65,0,0,-328.5,85.42
2026-06-13T08:00:00+03:00,08:00,29096.46,1807.64,8298.77,4103.36,2087.7,3142.26,4969.51,2171.14,74.16,1115.63,178.84,422.78,862.19,0,0,-225.17,87.65
2026-06-13T09:00:00+03:00,09:00,28878.21,1786.82,8265.73,4126.04,1877.52,3091.48,4892.59,2258.8,75.3,1090.49,178.84,422.4,876.76,0,0,-154.05,89.49
2026-06-13T10:00:00+03:00,10:00,28957.43,1787.55,7420.76,4035.92,1878.73,3455.11,5053.63,2599.51,75.22,1075.37,181.04,422.68,900.25,0,0,-16.68,88.34
2026-06-13T11:00:00+03:00,11:00,29313.39,1801.96,7560.11,3959.2,1874.61,3720.07,5066.71,2498.45,75.14,1048.88,176.64,429.13,906.26,0,0,112.47,83.76
2026-06-13T12:00:00+03:00,12:00,29699.08,1809.49,8016.45,4009.63,1611.97,3839.31,5093.88,2317.21,72.98,1028.12,178.84,422.82,905.0,0,0,310.16,83.22
2026-06-13T13:00:00+03:00,13:00,31648.39,2031.08,8538.31,3993.02,1769.38,4409.17,5974.23,2042.36,73.15,1014.88,181.04,424.56,897.97,0,0,216.6,82.64
2026-06-13T14:00:00+03:00,14:00,33786.33,2813.49,8181.87,4183.17,2393.85,4480.05,7327.76,1585.7,82.17,1009.12,174.43,426.41,881.73,0,0,161.95,84.63
2026-06-13T15:00:00+03:00,15:00,35024.7,2707.78,8877.34,4156.79,2615.16,4500.49,7775.41,1388.19,81.25,1016.88,176.63,410.39,894.4,0,0,339.96,84.03
2026-06-13T16:00:00+03:00,16:00,36605.67,2627.79,10198.6,4192.05,2935.96,4524.73,8141.67,1019.54,76.69,1039.57,174.43,419.11,852.21,0,0,316.75,86.57
2026-06-13T17:00:00+03:00,17:00,37866.01,2254.54,11372.5,4164.23,3617.06,4505.73,8219.41,897.29,75.06,1066.76,174.43,415.47,869.4,0,0,144.71,89.42
2026-06-13T18:00:00+03:00,18:00,39030.81,2367.07,12940.27,4176.87,3973.71,4536.18,8138.42,351.93,75.01,1126.16,172.22,420.54,868.83,0,0,-207.23,90.83
2026-06-13T19:00:00+03:00,19:00,39807.1,2202.69,14071.58,4221.05,4844.8,4408.18,7638.99,70.46,72.96,1144.05,174.43,428.94,892.46,0,0,-452.79,89.3
2026-06-13T20:00:00+03:00,20:00,40789.39,2176.91,15217.85,4225.96,5146.05,4570.34,6978.02,17.86,73.47,1162.13,176.64,413.2,926.11,0,0,-386.34,91.19
2026-06-13T21:00:00+03:00,21:00,40605.84,2658.77,15270.33,4208.68,5181.61,4506.69,6335.06,0.24,73.14,1178.53,176.64,426.86,948.32,0,0,-444.52,85.49
2026-06-13T22:00:00+03:00,22:00,38559.35,2161.55,14496.8,4234.89,5165.79,4009.91,6013.55,0.01,73.53,1180.1,178.84,420.5,941.61,0,0,-404.44,86.71
2026-06-13T23:00:00+03:00,23:00,36780.05,2055.31,13532.89,4010.61,4870.6,4175.68,5704.64,0.01,74.15,1155.19,181.05,429.84,887.16,0,0,-383.93,86.85
2026-06-14T00:00:00+03:00,00:00,34885.76,2055.7,12179.8,4008.13,4906.31,3556.39,5677.63,0.86,73.73,1192.77,178.84,420.51,914.84,0,0,-370.44,90.69
2026-06-14T01:00:00+03:00,01:00,33158.7,2048.13,11321.69,4057.61,4830.05,2866.3,5573.72,0.85,75.31,1198.88,176.64,438.86,919.85,0,0,-442.7,93.51
2026-06-14T02:00:00+03:00,02:00,31763.37,1972.73,10305.11,4040.85,4631.86,2720.22,5610.74,0.89,75.28,1203.92,176.64,445.73,919.1,0,0,-431.12,91.42
2026-06-14T03:00:00+03:00,03:00,30719.24,1802.29,9599.29,4061.86,4454.41,2615.24,5687.02,1.21,75.06,1210.32,176.64,437.4,917.1,0,0,-407.4,88.8
2026-06-14T04:00:00+03:00,04:00,30273.62,1795.38,9296.81,4082.97,4189.24,2633.67,5765.76,3.86,74.8,1221.01,178.84,443.64,910.18,0,0,-412.31,89.77
2026-06-14T05:00:00+03:00,05:00,28523.22,1290.23,9008.18,4086.23,3268.96,2635.7,5656.97,63.39,76.67,1221.02,178.84,439.06,906.82,0,0,-397.3,88.45
2026-06-14T06:00:00+03:00,06:00,27034.98,1329.21,9316.65,3995.49,2066.01,2691.61,4645.98,426.01,77.89,1212.54,185.47,440.73,907.04,0,0,-351.22,91.57
2026-06-14T07:00:00+03:00,07:00,24767.53,1384.85,8552.6,4131.19,1487.08,2887.83,3070.22,679.26,75.12,1192.43,183.25,444.74,901.9,0,0,-305.08,82.14
2026-06-14T08:00:00+03:00,08:00,22243.9,1148.74,6779.9,4170.42,1319.49,2849.2,2491.44,980.29,71.61,1167.0,178.84,442.88,880.65,0,0,-319.05,82.49
2026-06-14T09:00:00+03:00,09:00,21078.84,1019.76,5662.25,4254.43,1239.62,2818.43,2186.01,1331.85,80.77,1143.56,176.64,450.14,878.55,0,0,-249.1,85.93
2026-06-14T10:00:00+03:00,10:00,20679.83,1026.36,4364.85,4340.11,1185.15,2716.94,2211.8,1890.83,74.45,1117.9,178.84,442.31,883.8,0,0,164.18,82.31
2026-06-14T11:00:00+03:00,11:00,21171.04,1028.86,5062.85,4396.25,1096.9,2619.9,2190.62,1750.65,72.49,1093.72,174.42,445.16,872.37,0,0,281.44,85.41
2026-06-14T12:00:00+03:00,12:00,21545.89,1018.98,5215.92,4445.05,1051.29,2617.53,2153.4,2020.23,75.87,1080.71,176.63,450.32,865.02,0,0,287.04,87.9
2026-06-14T13:00:00+03:00,13:00,22816.36,1029.22,6126.35,4440.44,1129.84,2634.47,2235.99,2227.85,73.96,1064.92,178.84,436.53,876.71,0,0,274.21,87.03
2026-06-14T14:00:00+03:00,14:00,23883.51,1028.64,7012.07,4405.19,1310.03,2631.03,2200.77,2253.12,75.26,1046.75,174.42,441.32,894.0,0,0,322.83,88.08
2026-06-14T15:00:00+03:00,15:00,25221.26,1196.51,8225.79,4246.72,1461.69,2642.52,2367.11,2058.17,80.58,1039.28,178.84,438.11,889.81,0,0,305.83,90.3
2026-06-14T16:00:00+03:00,16:00,27480.54,2039.86,9322.34,4210.19,1879.45,2650.16,2629.74,1643.96,69.27,1035.16,196.51,452.45,893.69,0,0,367.92,89.84
2026-06-14T17:00:00+03:00,17:00,30432.59,2070.43,10434.83,4197.37,2727.08,2662.14,3841.33,1903.59,72.96,1037.18,178.84,448.22,889.12,0,0,-118.01,87.51
2026-06-14T18:00:00+03:00,18:00,34014.69,2604.9,12121.23,4276.92,4228.71,3233.73,4286.69,1015.59,77.89,1034.6,176.63,446.73,905.1,0,0,-481.37,87.34
2026-06-14T19:00:00+03:00,19:00,36456.02,2979.6,12812.08,4398.2,5150.71,4352.33,4312.86,196.3,81.23,1048.35,178.84,442.15,925.04,0,0,-511.36,89.69
2026-06-14T20:00:00+03:00,20:00,38489.28,3216.57,14286.85,4430.02,5428.64,4614.56,4199.59,20.49,77.43,1076.64,176.63,448.45,935.3,0,0,-509.2,87.31
2026-06-14T21:00:00+03:00,21:00,38850.04,3228.75,14766.0,4411.67,5400.81,4697.86,4025.19,1.18,77.35,1104.42,176.63,444.91,933.68,0,0,-495.89,77.48
2026-06-14T22:00:00+03:00,22:00,37483.91,3201.56,13994.0,4510.22,5345.74,4332.58,3759.32,1.1,76.82,1128.52,176.63,447.73,936.39,0,0,-505.66,78.96
2026-06-14T23:00:00+03:00,23:00,36035.62,2937.3,13754.75,4514.61,5160.35,4098.59,3240.43,1.12,77.34,1128.63,183.26,446.58,904.39,0,0,-493.86,82.13
2026-06-15T00:00:00+03:00,00:00,34558.46,2937.26,13042.68,4435.03,5082.74,3773.88,2886.37,1.12,78.18,1167.37,183.26,439.21,893.97,0,0,-446.1,83.49
2026-06-15T01:00:00+03:00,01:00,32704.18,2458.46,12487.83,4416.01,4467.43,3612.3,2701.2,1.37,78.07,1184.24,174.42,448.75,881.25,0,0,-297.27,90.12
2026-06-15T02:00:00+03:00,02:00,31352.6,2042.26,12208.71,4325.9,4242.68,3276.51,2642.97,1.22,77.71,1199.82,181.05,450.74,892.29,0,0,-278.48,89.22
2026-06-15T03:00:00+03:00,03:00,30594.41,1870.53,11108.97,4393.49,4927.42,2908.21,2734.04,1.61,77.08,1212.48,178.84,446.3,888.17,0,0,-243.73,91.0
2026-06-15T04:00:00+03:00,04:00,30552.84,1941.23,10907.21,4399.98,4948.43,2950.79,2700.2,4.78,76.77,1222.2,181.05,450.16,891.06,0,0,-211.15,90.13
2026-06-15T05:00:00+03:00,05:00,29511.89,1871.39,10008.44,4429.09,4957.32,2918.98,2560.47,99.32,79.7,1228.03,176.63,442.82,896.54,0,0,-245.82,88.98
2026-06-15T06:00:00+03:00,06:00,28460.36,1980.76,9078.95,4366.6,4272.65,2933.89,2259.4,925.03,77.98,1227.11,181.05,438.71,871.54,0,0,-236.61,83.3
2026-06-15T07:00:00+03:00,07:00,27659.11,2538.65,7828.49,4431.71,3246.53,2904.04,1821.67,2264.29,77.59,1205.35,183.26,436.77,883.62,0,0,-249.28,86.42
2026-06-15T08:00:00+03:00,08:00,30078.59,3828.44,6955.77,4498.0,4163.63,3679.99,1433.72,2984.33,77.53,1163.87,183.26,428.15,874.19,0,0,-273.65,81.36
2026-06-15T09:00:00+03:00,09:00,29644.53,3856.03,5617.42,4530.92,4068.08,4474.98,1202.51,3381.44,78.04,1128.78,176.63,434.98,873.93,0,0,-257.71,78.5
2026-06-15T10:00:00+03:00,10:00,29107.75,3711.61,5716.08,4450.96,3531.8,4621.88,1042.09,3505.34,82.55,1094.67,178.84,439.17,852.61,0,0,-201.41,81.56
2026-06-15T11:00:00+03:00,11:00,29479.63,3764.73,5818.39,4417.94,3521.94,4872.04,1022.14,3453.34,80.3,1067.2,181.05,439.65,842.66,0,0,-82.42,80.67
2026-06-15T12:00:00+03:00,12:00,28319.78,3409.18,6012.13,4305.42,2826.4,4658.29,985.74,3467.78,80.81,1038.95,181.05,437.7,840.97,0,0,-6.9,82.26
2026-06-15T13:00:00+03:00,13:00,29764.52,3617.52,6708.11,4408.44,3193.2,4588.58,1171.18,3501.47,81.78,1016.55,183.26,423.99,842.19,0,0,-54.75,83.0
2026-06-15T14:00:00+03:00,14:00,31762.28,4033.77,7234.05,4469.1,4033.14,4747.79,1286.29,3467.34,82.34,982.18,183.26,436.54,832.29,0,0,-110.25,84.44
2026-06-15T15:00:00+03:00,15:00,33201.51,4416.04,7556.66,4480.06,4315.43,5125.04,1368.57,3379.72,79.61,987.33,178.84,435.66,871.2,0,0,-80.24,87.59
2026-06-15T16:00:00+03:00,16:00,35945.9,4944.6,9502.47,4528.32,4528.06,5357.37,1419.48,3064.92,78.96,983.12,178.84,439.76,870.47,0,0,-35.3,84.83
2026-06-15T17:00:00+03:00,17:00,39112.3,5976.1,11806.14,4378.58,4831.61,5804.17,1471.31,2475.59,78.87,985.06,176.63,430.4,868.07,0,0,-257.07,86.84
2026-06-15T18:00:00+03:00,18:00,41621.87,7160.54,13654.1,4672.88,4965.89,6143.42,1457.14,1220.2,89.68,997.51,181.05,421.61,875.37,0,0,-301.97,84.45
2026-06-15T19:00:00+03:00,19:00,43379.07,7652.01,15425.85,4769.29,5161.64,6323.21,1488.05,211.39,103.26,1024.27,183.26,449.82,871.18,0,0,-365.6,81.44
2026-06-15T20:00:00+03:00,20:00,44708.46,8099.74,16282.87,4791.35,5252.95,6333.15,1461.42,19.61,102.38,1052.86,178.84,456.17,886.14,0,0,-291.02,82.0
2026-06-15T21:00:00+03:00,21:00,44598.63,7892.02,15904.63,4691.24,5350.98,6837.76,1312.98,27.29,102.65,1077.38,178.84,457.15,878.49,0,0,-188.02,75.24
2026-06-15T22:00:00+03:00,22:00,42881.78,7855.07,14738.5,4651.83,5087.52,6809.41,1287.8,1.15,90.51,1100.26,178.84,465.85,881.42,0,0,-342.22,75.84
2026-06-15T23:00:00+03:00,23:00,40795.37,6877.3,14396.33,4615.16,4932.52,6340.77,1142.17,1.14,90.33,1121.1,178.84,466.46,869.92,0,0,-317.85,81.18
2026-06-16T00:00:00+03:00,00:00,38508.74,5606.27,13824.2,4502.51,4887.9,6030.26,1136.23,1.16,85.47,1143.45,176.63,445.75,879.71,0,0,-298.69,87.89
2026-06-16T01:00:00+03:00,01:00,36663.63,5015.98,13156.66,4480.7,4805.56,5551.98,1137.3,1.17,78.98,1141.49,174.42,443.14,886.84,0,0,-298.23,87.64
2026-06-16T02:00:00+03:00,02:00,35326.85,4174.0,12990.87,4528.38,4738.32,5132.25,1176.4,1.21,78.53,1136.45,174.42,447.45,904.34,0,0,-242.2,86.43
2026-06-16T03:00:00+03:00,03:00,34115.12,4158.83,12428.07,4166.91,4802.78,4870.97,1055.52,1.48,78.63,1158.69,176.63,448.0,925.61,0,0,-233.9,76.9
2026-06-16T04:00:00+03:00,04:00,33665.41,4160.14,12046.56,4206.76,4695.51,5050.19,873.46,6.62,77.97,1165.94,178.84,452.87,921.37,0,0,-243.18,72.36
2026-06-16T05:00:00+03:00,05:00,32732.38,4089.92,11148.23,4269.08,4635.62,5039.64,888.12,108.21,81.61,1170.38,178.84,452.17,886.83,0,0,-298.29,82.02
2026-06-16T06:00:00+03:00,06:00,31222.51,3635.59,9822.78,4264.02,4389.71,4271.23,1299.85,979.88,80.56,1157.65,178.84,440.94,897.61,0,0,-271.9,75.75
2026-06-16T07:00:00+03:00,07:00,30046.19,3814.26,9117.95,4189.1,3224.92,3387.77,1477.32,2337.86,81.16,1117.81,176.63,445.72,871.07,0,0,-267.25,71.87
2026-06-16T08:00:00+03:00,08:00,31715.64,4599.67,8150.75,4199.83,3537.0,4478.83,1276.34,3016.72,81.63,1070.09,178.84,446.61,857.34,0,0,-251.2,73.19
2026-06-16T09:00:00+03:00,09:00,31295.66,4448.36,7577.3,4201.03,3091.91,5150.17,1079.52,3304.37,83.23,1022.56,176.63,445.41,881.27,0,0,-239.2,73.1
2026-06-16T10:00:00+03:00,10:00,30290.91,4447.89,7448.26,4224.0,2525.64,5190.69,855.99,3218.86,84.79,913.42,178.84,443.0,873.65,0,0,-181.8,67.68
2026-06-16T11:00:00+03:00,11:00,30682.01,4657.73,7581.44,4226.47,2473.93,5198.6,891.18,3344.19,86.68,874.7,176.63,429.18,866.32,0,0,-193.73,68.69
2026-06-16T12:00:00+03:00,12:00,29193.9,4575.84,7321.53,4216.65,2158.21,4842.62,853.51,2955.24,85.74,855.55,176.63,436.03,861.55,0,0,-212.83,67.63
2026-06-16T13:00:00+03:00,13:00,30378.16,4762.28,7105.42,4141.97,2289.98,5147.32,1209.43,3369.97,84.25,907.19,178.84,421.62,863.02,0,0,-168.06,64.93
2026-06-16T14:00:00+03:00,14:00,32557.67,5452.47,7900.85,4175.07,2617.77,5172.48,1542.85,3445.66,83.94,856.37,178.84,421.53,874.04,0,0,-227.66,63.46
2026-06-16T15:00:00+03:00,15:00,34120.97,5629.33,8711.71,4184.83,2879.24,5178.83,1958.07,3281.84,90.08,851.14,176.63,424.42,881.59,0,0,-194.89,68.15
2026-06-16T16:00:00+03:00,16:00,37122.29,5716.27,10399.61,4055.84,3939.63,5329.41,2507.88,2936.54,88.15,865.37,183.25,422.97,881.47,0,0,-277.46,73.36
2026-06-16T17:00:00+03:00,17:00,40345.29,5918.48,12255.09,4011.96,4519.62,6064.45,2968.14,2396.75,82.82,882.35,198.7,428.81,898.38,0,0,-359.4,79.14
2026-06-16T18:00:00+03:00,18:00,42805.45,6244.09,14451.34,4098.68,4772.97,6396.94,3277.07,1277.84,87.4,920.66,214.16,421.96,919.62,0,0,-355.63,78.35
2026-06-16T19:00:00+03:00,19:00,44543.36,6791.51,15985.27,4240.73,4952.38,6552.26,3474.11,224.7,92.72,945.01,216.37,437.7,924.51,0,0,-372.73,78.82
2026-06-16T20:00:00+03:00,20:00,45577.58,7502.91,16091.42,4227.55,5049.15,6473.58,3861.66,19.09,93.2,981.3,220.79,434.97,917.17,0,0,-371.7,76.49
2026-06-16T21:00:00+03:00,21:00,45275.71,7626.07,15593.25,4241.34,5012.5,6278.74,4133.78,1.39,94.14,1026.98,223.0,430.34,924.19,0,0,-388.39,78.38
2026-06-16T22:00:00+03:00,22:00,42813.19,7256.96,14260.0,4208.05,4837.83,5599.26,4222.49,1.15,90.4,1050.62,227.4,429.63,926.95,0,0,-358.31,60.76
2026-06-16T23:00:00+03:00,23:00,41372.59,6241.55,13709.88,4078.17,4772.79,6243.27,3884.91,0.01,84.3,1070.21,234.28,426.25,908.94,0,0,-346.6,64.63
2026-06-17T00:00:00+03:00,00:00,38784.55,5198.33,12925.61,3978.68,4696.3,5632.95,3866.01,0.01,82.44,1091.4,236.25,419.67,892.87,0,0,-308.14,72.17
2026-06-17T01:00:00+03:00,01:00,36757.7,4441.05,12839.26,4007.84,4693.15,4543.79,3684.01,0.01,83.63,1102.43,242.87,425.62,901.32,0,0,-282.46,75.18
2026-06-17T02:00:00+03:00,02:00,35438.45,3411.63,13133.22,3863.37,4471.76,4156.95,3848.29,0.01,83.42,1122.56,245.08,430.13,886.75,0,0,-289.21,74.49
2026-06-17T03:00:00+03:00,03:00,34427.91,3288.19,12583.96,3888.77,4514.26,3633.86,3915.83,0.02,82.11,1137.37,253.91,435.16,896.97,0,0,-269.63,67.13
2026-06-17T04:00:00+03:00,04:00,34119.95,3283.26,12415.66,3903.57,4425.39,3610.48,3861.15,0.76,82.1,1144.13,253.91,434.12,896.9,0,0,-266.71,75.23
2026-06-17T05:00:00+03:00,05:00,32879.16,3274.93,11347.26,3887.55,4293.95,3632.32,3734.11,88.21,85.91,1139.02,256.12,437.43,877.9,0,0,-253.2,77.65
2026-06-17T06:00:00+03:00,06:00,30963.09,3534.12,10014.59,3914.0,3567.78,3019.88,3386.47,916.59,83.52,1142.61,260.53,437.84,856.34,0,0,-249.85,78.67
2026-06-17T07:00:00+03:00,07:00,29525.09,4057.11,9418.96,3956.07,2358.56,2853.51,2432.66,2007.54,85.95,1073.4,262.74,428.93,780.28,0,0,-263.57,72.95
2026-06-17T08:00:00+03:00,08:00,31430.93,5083.57,9448.62,3947.66,2768.75,2848.65,2243.88,2815.49,86.65,937.93,267.16,427.01,717.87,0,0,-238.13,75.82
2026-06-17T09:00:00+03:00,09:00,30530.8,5878.41,7961.83,3916.6,2518.03,3085.69,1968.19,3027.33,37.99,897.16,258.33,412.33,724.9,0,0,-230.08,74.09
2026-06-17T10:00:00+03:00,10:00,29037.41,5345.52,7540.41,3889.11,2121.7,3155.27,1868.11,2960.48,38.88,875.59,264.96,423.51,666.81,0,0,-187.4,74.46
2026-06-17T11:00:00+03:00,11:00,28995.11,5125.93,7545.82,3417.03,2163.74,3799.15,1930.62,3012.69,38.13,804.6,247.29,416.79,616.43,0,0,-195.72,72.61
2026-06-17T12:00:00+03:00,12:00,24507.13,4093.71,7101.93,2528.52,1537.49,3040.34,1852.73,2564.39,36.49,623.04,231.82,421.66,554.91,0,0,-151.84,71.94
2026-06-18T00:00:00+03:00,00:00,40185.21,3515.86,15027.01,3934.78,4767.57,5784.37,4748.03,1.14,84.92,1046.96,181.05,435.62,884.28,0,0,-309.32,82.94
2026-06-18T01:00:00+03:00,01:00,38006.35,3456.05,14046.04,3959.93,4630.91,4789.13,4682.48,1.14,79.52,1059.8,174.42,438.54,892.82,0,0,-285.27,80.84
2026-06-18T02:00:00+03:00,02:00,36458.46,3444.33,13155.7,4015.84,4465.48,4252.34,4701.76,1.15,79.83,1080.33,178.84,418.9,891.69,0,0,-310.16,82.43
2026-06-18T03:00:00+03:00,03:00,35473.16,3334.6,12588.06,3955.46,4434.76,3832.65,4885.39,1.16,79.34,1090.24,176.63,415.31,875.96,0,0,-277.97,81.57
2026-06-18T04:00:00+03:00,04:00,34968.62,2953.83,12671.07,3844.97,4311.68,3693.25,5017.87,2.85,78.35,1097.66,176.63,421.05,872.7,0,0,-256.69,83.4
2026-06-18T05:00:00+03:00,05:00,33745.72,2977.71,11776.63,3815.35,3757.46,3652.5,5206.97,94.03,80.14,1095.13,174.42,434.61,882.16,0,0,-285.42,84.03
2026-06-18T06:00:00+03:00,06:00,32297.02,2941.35,10440.89,3804.02,3058.0,3711.03,5014.18,883.54,80.42,1073.57,181.05,429.97,894.49,0,0,-301.3,85.81
2026-06-18T07:00:00+03:00,07:00,31481.04,3195.17,8903.85,3879.87,2222.87,4206.45,4627.37,1963.72,82.9,1066.95,174.42,424.95,901.04,0,0,-256.28,87.76
2026-06-18T08:00:00+03:00,08:00,33783.38,4043.86,8351.41,3970.35,2780.03,4740.42,4724.68,2765.11,81.71,1052.95,178.84,403.54,877.96,0,0,-271.58,84.1
2026-06-18T09:00:00+03:00,09:00,33579.68,4001.65,7714.32,4081.34,2418.52,5298.69,4632.32,2956.21,83.32,1047.38,178.63,413.07,861.77,0,0,-192.58,85.04
2026-06-18T10:00:00+03:00,10:00,33275.52,3758.96,8262.78,4106.09,2198.82,5324.77,4060.85,3090.09,82.2,1028.21,176.63,407.92,848.78,0,0,-151.42,80.84
2026-06-18T11:00:00+03:00,11:00,33364.18,4045.04,7909.82,4104.93,2117.14,5321.67,4314.43,3139.03,81.28,1007.96,181.05,417.53,843.0,0,0,-195.47,76.77
2026-06-18T12:00:00+03:00,12:00,31906.87,3573.99,7480.82,4090.4,1937.66,5320.53,4315.86,2769.6,87.43,1005.63,181.05,418.03,833.74,0,0,-188.94,81.07
2026-06-18T13:00:00+03:00,13:00,33762.46,3503.5,8318.26,4072.55,2128.4,5322.43,5234.88,2766.88,79.84,1001.59,181.05,422.47,828.56,0,0,-175.42,77.47
2026-06-18T14:00:00+03:00,14:00,36299.47,3557.47,9414.21,4068.31,2484.93,5327.16,6172.4,2970.24,39.48,984.51,178.84,416.24,831.87,0,0,-227.3,81.11
2026-06-18T15:00:00+03:00,15:00,38477.03,3387.81,10469.43,4066.19,2860.58,5209.15,7241.58,2813.25,84.4,973.65,178.84,420.56,837.26,0,0,-145.64,79.97
2026-06-18T16:00:00+03:00,16:00,40737.42,3356.28,11710.65,4105.23,3529.2,5089.51,8003.04,2526.77,78.45,984.86,178.84,423.94,838.0,0,0,-168.9,81.55
2026-06-18T17:00:00+03:00,17:00,42841.03,3533.36,12709.02,4130.87,4357.49,5325.31,8631.39,1865.6,82.38,1023.25,178.84,416.08,873.15,0,0,-369.74,84.03
2026-06-18T18:00:00+03:00,18:00,43348.55,3833.39,13464.09,4089.51,4539.08,5040.85,9076.55,945.72,80.66,1047.42,181.05,417.54,878.51,0,0,-328.01,82.19
2026-06-18T19:00:00+03:00,19:00,44364.36,3824.82,14942.97,4119.6,4778.96,4578.38,9679.85,127.7,77.63,1080.45,183.26,425.45,877.53,0,0,-413.82,81.58
2026-06-18T20:00:00+03:00,20:00,45371.26,3723.45,16023.29,4128.9,4888.41,4483.47,9711.91,20.82,78.62,1103.99,185.47,422.37,896.78,0,0,-375.71,79.49
2026-06-18T21:00:00+03:00,21:00,45179.56,3481.39,16106.36,4146.15,4919.57,4303.9,9793.25,2.41,78.35,1129.27,183.26,427.27,897.68,0,0,-369.26,79.96
2026-06-18T22:00:00+03:00,22:00,42850.72,3394.2,15115.09,4061.26,4742.7,3405.17,9662.31,1.07,79.57,1142.95,183.26,424.03,899.3,0,0,-340.62,80.43
2026-06-18T23:00:00+03:00,23:00,40898.4,2596.04,14376.02,4036.11,4447.16,3435.18,9530.38,1.32,79.36,1147.46,185.47,429.41,863.88,0,0,-312.65,83.26
2026-06-19T00:00:00+03:00,00:00,38660.24,1485.87,13450.33,3952.77,4439.91,3439.02,9370.84,1.08,77.59,1167.23,185.47,433.69,876.44,0,0,-302.69,82.69
2026-06-19T01:00:00+03:00,01:00,36773.26,1246.22,12440.93,4008.2,4171.43,3129.34,9222.8,1.1,79.03,1180.88,183.26,437.27,867.0,0,0,-278.32,84.12
2026-06-19T02:00:00+03:00,02:00,35522.28,1209.02,11786.49,4021.59,3607.28,3124.59,9213.36,1.08,78.37,1190.51,181.05,433.05,856.98,0,0,-264.38,83.29
2026-06-19T03:00:00+03:00,03:00,34591.58,1270.77,10535.44,4117.08,3595.62,3129.7,9343.27,1.08,76.39,1198.94,183.26,440.89,858.65,0,0,-245.87,86.36
2026-06-19T04:00:00+03:00,04:00,34185.66,1331.49,10186.2,4111.46,3448.34,3128.27,9363.74,2.6,76.82,1201.64,185.47,440.78,855.08,0,0,-233.03,86.8
2026-06-19T05:00:00+03:00,05:00,32912.04,1432.77,9493.68,4055.09,2936.14,3112.93,9249.99,71.68,80.66,1190.58,181.05,434.74,842.3,0,0,-256.12,86.55
2026-06-19T06:00:00+03:00,06:00,31767.87,1755.01,9191.44,4171.6,2075.65,3200.06,8393.19,387.72,87.98,1180.63,183.26,446.21,857.98,0,0,-252.1,89.24
2026-06-19T07:00:00+03:00,07:00,31644.63,2666.7,8378.83,4306.97,1870.48,3392.96,7552.43,851.2,88.0,1173.06,183.26,438.19,857.78,0,0,-199.78,84.55
2026-06-19T08:00:00+03:00,08:00,35000.52,2775.56,9563.92,4358.19,2330.55,3419.7,8389.12,1488.57,92.92,1140.07,196.5,439.3,853.96,0,0,-132.68,84.84
2026-06-19T09:00:00+03:00,09:00,35281.54,2687.29,9023.0,4091.5,2339.91,4124.01,8309.97,2015.74,94.57,1110.3,209.75,433.94,850.66,0,0,-91.01,81.91
2026-06-19T10:00:00+03:00,10:00,35140.8,2797.31,8337.16,4124.05,1867.89,4948.56,8113.44,2244.08,95.13,1089.91,181.04,437.44,859.71,0,0,-34.4,79.48
2026-06-19T11:00:00+03:00,11:00,35392.55,2311.3,8604.18,4006.27,2124.26,5147.72,7979.52,2547.13,95.55,1067.37,183.25,432.6,843.67,0,0,-31.25,80.98
2026-06-19T12:00:00+03:00,12:00,33183.53,1998.6,8154.97,3931.97,2180.5,5282.83,7052.31,2083.06,96.43,1048.12,178.84,434.31,834.17,0,0,-178.27,85.69
2026-06-19T13:00:00+03:00,13:00,33087.11,1817.39,8307.65,3990.57,2210.91,4656.9,7165.5,2356.94,90.73,1036.95,181.04,431.6,838.74,0,0,-81.21,83.4
2026-06-19T14:00:00+03:00,14:00,36385.37,1781.5,8352.41,4016.62,2847.12,5404.34,8782.42,2674.35,94.66,1026.82,181.04,427.96,842.05,0,0,-131.25,85.33
2026-06-19T15:00:00+03:00,15:00,37648.0,1971.11,9373.39,4023.65,2880.03,5061.7,9185.15,2564.79,93.49,1032.05,181.04,436.42,850.91,0,0,-91.21,85.48
2026-06-19T16:00:00+03:00,16:00,39568.06,2081.48,10994.86,3988.78,3429.19,4510.78,9547.8,2474.82,96.14,1031.62,181.04,424.26,857.31,0,0,-137.49,87.47
2026-06-19T17:00:00+03:00,17:00,41263.64,2502.94,11479.82,4133.22,4171.91,4487.81,9994.51,2109.96,92.68,1047.95,183.25,415.65,872.14,0,0,-313.86,85.66
2026-06-19T18:00:00+03:00,18:00,41699.49,2994.83,12102.33,4149.09,4528.97,4444.42,9876.27,1183.84,84.92,1068.18,181.04,419.42,889.04,0,0,-308.0,85.14
2026-06-19T19:00:00+03:00,19:00,42647.99,3106.62,13339.77,4248.74,4871.14,4903.84,9566.25,165.68,84.19,1116.68,181.04,417.13,900.33,0,0,-337.21,83.79
2026-06-19T20:00:00+03:00,20:00,44087.46,2961.07,14905.86,4333.19,5029.21,5275.86,9091.03,19.51,84.42,1128.07,183.25,418.32,892.56,0,0,-322.49,87.6
2026-06-19T21:00:00+03:00,21:00,43708.56,2809.29,15172.45,4335.23,4976.91,5154.01,8770.97,1.08,79.11,1144.42,178.84,417.33,872.39,0,0,-292.48,89.01
2026-06-19T22:00:00+03:00,22:00,42020.21,2263.08,15469.12,4303.74,4821.29,4133.14,8510.3,1.02,79.7,1146.31,181.04,422.98,878.29,0,0,-277.61,87.81
2026-06-19T23:00:00+03:00,23:00,39711.21,2719.88,15113.63,4273.1,4683.51,3233.36,7200.02,1.02,48.0,1143.65,181.04,418.08,876.05,0,0,-262.6,82.47
2026-06-20T00:00:00+03:00,00:00,38111.55,2483.88,13437.05,4280.88,4801.26,3110.3,7497.65,1.01,78.29,1150.51,178.84,418.21,903.04,0,0,-312.71,83.34
2026-06-20T01:00:00+03:00,01:00,36591.75,2125.46,12873.87,4298.61,4654.82,3101.72,7013.52,1.02,77.88,1165.81,183.25,429.13,878.42,0,0,-293.33,81.57
2026-06-20T02:00:00+03:00,02:00,35145.96,1971.1,12413.37,4258.95,4142.58,3043.72,6763.03,1.04,76.95,1184.23,181.04,430.09,879.85,0,0,-286.4,86.41
2026-06-20T03:00:00+03:00,03:00,34311.36,1991.33,12114.06,4234.73,3686.56,3066.99,6684.48,1.03,76.24,1172.82,181.04,426.95,855.3,0,0,-266.32,86.15
2026-06-20T04:00:00+03:00,04:00,33655.6,1983.24,11098.9,4246.83,3824.76,3048.37,6943.9,2.13,76.68,1196.4,183.25,417.05,855.33,0,0,-305.64,84.4
2026-06-20T05:00:00+03:00,05:00,32523.03,1983.36,9912.77,4263.68,3580.93,3041.49,7145.82,77.74,81.5,1193.75,181.04,411.84,840.07,0,0,-277.32,86.36
2026-06-20T06:00:00+03:00,06:00,31124.89,1973.93,9049.47,4299.5,2729.47,3071.78,6844.12,630.17,87.02,1189.93,181.04,411.25,863.01,0,0,-292.05,86.25
2026-06-20T07:00:00+03:00,07:00,29336.77,1973.42,8213.16,4336.18,1820.0,3291.66,5821.47,1375.22,92.68,1174.14,181.04,412.21,866.43,0,0,-307.48,86.64
2026-06-20T08:00:00+03:00,08:00,29530.34,2073.26,8131.83,4267.44,1721.86,3293.67,5560.45,1966.31,93.0,1148.7,183.25,415.31,834.22,0,0,-244.11,85.15
2026-06-20T09:00:00+03:00,09:00,29370.15,2207.9,8363.22,4273.19,1467.23,3309.86,5135.99,2070.01,90.82,1128.79,181.05,414.7,809.98,0,0,-168.44,85.85
2026-06-20T10:00:00+03:00,10:00,28914.12,2246.43,8136.2,4282.57,1422.55,3296.69,4727.17,2153.45,93.32,1109.57,183.25,408.13,837.77,0,0,-68.73,85.75
2026-06-20T11:00:00+03:00,11:00,29092.43,2254.51,8385.12,4266.02,1493.4,3301.81,4630.68,2203.1,92.85,1079.53,182.73,413.42,808.79,0,0,-105.6,86.07
2026-06-20T12:00:00+03:00,12:00,27860.49,2238.11,7885.1,4130.1,1500.52,3302.14,4095.82,2131.78,93.99,1059.82,183.25,404.79,837.86,0,0,-89.59,86.8
2026-06-20T13:00:00+03:00,13:00,28839.78,2250.14,8495.64,4045.07,1524.24,3630.35,4102.6,2209.74,92.26,1034.95,178.84,408.71,856.17,0,0,-77.19,88.26
2026-06-20T14:00:00+03:00,14:00,29785.55,2221.12,7636.97,4100.64,1554.78,4398.69,4767.27,2589.93,87.38,1028.18,183.25,409.09,857.3,0,0,-126.58,77.53
2026-06-20T15:00:00+03:00,15:00,31394.06,2218.74,9326.24,4035.64,1531.05,4460.67,5036.63,2300.73,91.21,1014.18,178.84,398.44,845.77,0,0,-128.1,84.02
2026-06-20T16:00:00+03:00,16:00,33669.95,2222.47,10639.95,4012.9,1863.59,4448.96,5685.51,2270.36,88.15,1013.52,181.04,411.89,858.42,0,0,-111.57,84.76
2026-06-20T17:00:00+03:00,17:00,36511.65,2301.15,12460.3,3908.81,2366.04,4131.1,6897.72,2052.09,81.14,1019.5,178.84,403.23,863.52,0,0,-235.53,83.74
2026-06-20T18:00:00+03:00,18:00,39674.65,2487.02,13945.55,3959.73,3911.41,4033.68,8064.49,1058.01,80.95,1026.86,183.25,417.87,862.19,0,0,-442.13,85.77
2026-06-20T19:00:00+03:00,19:00,41491.67,2504.95,14142.35,3950.87,4723.2,5354.08,8352.45,194.55,79.85,1054.48,181.04,407.94,895.73,0,0,-436.87,87.05
2026-06-20T20:00:00+03:00,20:00,42943.27,2426.05,15296.45,4043.57,4992.73,5549.45,8284.65,18.57,80.33,1079.04,181.04,406.64,904.03,0,0,-403.89,84.61
2026-06-20T21:00:00+03:00,21:00,42721.32,2509.29,15018.05,4034.1,4984.58,5592.43,8251.15,0.06,79.83,1095.64,183.25,416.74,882.05,0,0,-412.63,86.78
2026-06-20T22:00:00+03:00,22:00,40821.39,2279.09,14324.01,4026.3,4709.07,4966.81,8130.76,0.01,80.13,1122.16,181.04,421.67,879.84,0,0,-385.15,85.65
2026-06-20T23:00:00+03:00,23:00,38746.68,2099.66,13901.62,4037.8,4456.13,4306.78,7589.65,0.24,79.76,1110.76,181.04,424.39,840.7,0,0,-369.33,87.48
2026-06-21T00:00:00+03:00,00:00,36812.69,1554.31,12365.46,4118.76,4535.17,4482.83,7313.21,1.13,80.38,1143.51,181.04,440.36,885.46,0,0,-373.61,84.68
2026-06-21T01:00:00+03:00,01:00,35110.55,1512.37,11694.82,4191.5,4426.32,3992.23,6910.65,1.14,79.24,1156.38,181.04,433.05,897.68,0,0,-450.26,84.39
2026-06-21T02:00:00+03:00,02:00,33570.77,1507.35,10681.68,4164.33,4213.2,3971.29,6627.2,1.14,79.07,1164.78,178.84,446.44,898.98,0,0,-447.7,84.17
2026-06-21T03:00:00+03:00,03:00,32385.21,1514.66,9651.24,4120.49,4235.34,3822.89,6608.38,1.15,78.91,1169.06,183.25,442.24,901.2,0,0,-426.91,83.31
2026-06-21T04:00:00+03:00,04:00,31857.83,1653.62,9576.17,4067.16,4164.48,3230.35,6682.83,2.4,76.86,1170.3,196.51,461.24,898.19,0,0,-402.54,80.26
2026-06-21T05:00:00+03:00,05:00,30352.68,1475.53,9429.94,4051.95,3311.81,3199.87,6270.76,97.19,78.97,1187.99,216.38,459.2,900.01,0,0,-408.98,82.06
2026-06-21T06:00:00+03:00,06:00,27995.65,1479.91,8755.78,3978.07,2036.52,3206.96,5288.73,726.58,80.99,1182.08,207.54,463.14,906.59,0,0,-402.15,84.91
2026-06-21T07:00:00+03:00,07:00,25271.73,1397.32,7995.55,3757.25,1087.56,3099.92,3847.23,1608.79,81.62,1160.97,183.25,453.65,911.21,0,0,-393.92,81.33
2026-06-21T08:00:00+03:00,08:00,23152.09,1198.19,6515.13,3668.24,1027.08,3004.31,3482.83,1798.06,80.38,1133.37,178.84,448.08,908.87,0,0,-360.73,69.44
2026-06-21T09:00:00+03:00,09:00,22048.89,1209.46,5191.72,3710.61,983.92,3014.84,3466.14,2030.92,76.72,1103.14,178.84,440.47,898.71,0,0,-327.54,70.94
2026-06-21T10:00:00+03:00,10:00,22267.62,1230.01,5115.01,3673.23,984.11,3050.31,3569.45,2114.0,76.89,1075.37,178.84,436.97,868.62,0,0,-177.87,72.68
2026-06-21T11:00:00+03:00,11:00,22454.64,1229.2,5303.25,3606.17,1017.76,3045.61,3586.66,2141.41,79.07,1047.67,183.25,432.2,868.48,0,0,-158.49,72.4
2026-06-21T12:00:00+03:00,12:00,22839.7,1229.27,5521.5,3587.15,1057.25,3060.86,3783.4,2104.81,77.16,1021.67,181.04,420.02,869.91,0,0,-143.31,68.97
2026-06-21T13:00:00+03:00,13:00,23846.51,1231.45,6215.37,3607.88,1113.0,3071.34,4086.0,2057.47,77.48,1000.64,181.04,421.84,868.2,0,0,-157.67,72.47
2026-06-21T14:00:00+03:00,14:00,25163.01,1239.07,7455.72,3599.15,1049.86,3073.13,4302.11,1998.0,77.65,988.32,181.04,420.8,861.2,0,0,-157.11,74.07
2026-06-21T15:00:00+03:00,15:00,26606.28,1240.98,8939.12,3400.76,1119.07,3082.92,4466.84,1934.59,77.61,974.95,183.25,425.7,851.72,0,0,-162.7,71.47
2026-06-21T16:00:00+03:00,16:00,28536.25,1224.67,9489.29,3612.96,1683.22,3164.88,4960.7,2125.05,75.14,967.65,185.46,430.4,864.3,0,0,-316.8,69.33
2026-06-21T17:00:00+03:00,17:00,31689.62,1215.97,9902.58,3706.99,2309.75,3822.18,6413.22,2025.14,78.96,970.67,194.3,450.61,871.31,0,0,-342.83,70.77
2026-06-21T18:00:00+03:00,18:00,35802.9,1234.73,10959.13,3721.45,3691.69,4396.75,8474.82,1114.92,81.73,979.42,181.04,455.45,923.85,0,0,-485.08,73.0
2026-06-21T19:00:00+03:00,19:00,38354.49,1406.45,11540.45,4038.64,4826.7,5347.77,8892.14,194.73,78.19,991.46,189.88,450.95,939.19,0,0,-614.66,72.6
2026-06-21T20:00:00+03:00,20:00,40259.92,1884.86,12897.47,4064.88,4956.02,5316.9,8919.42,20.62,78.71,1004.37,181.04,447.08,946.78,0,0,-529.16,70.93
2026-06-21T21:00:00+03:00,21:00,40712.61,1892.1,13544.55,3900.69,4869.62,5255.14,9041.39,1.16,79.25,1027.73,178.84,448.17,938.05,0,0,-533.11,69.03
2026-06-21T22:00:00+03:00,22:00,39214.74,1880.46,12772.58,3888.76,4609.53,5242.52,8546.02,1.14,79.1,1051.11,181.04,447.91,940.28,0,0,-497.49,71.78
2026-06-21T23:00:00+03:00,23:00,37671.07,1550.48,12736.94,3880.97,4084.46,5272.94,7876.39,1.14,79.7,1071.82,181.04,431.25,923.67,0,0,-483.32,63.59
2026-06-22T00:00:00+03:00,00:00,36423.07,1217.73,11535.94,3877.85,4392.24,5216.84,7853.13,1.05,80.04,1084.93,178.84,434.51,925.85,0,0,-451.2,75.32
2026-06-22T01:00:00+03:00,01:00,34475.3,1219.78,10533.09,3802.99,4160.37,4551.37,7705.94,1.13,78.98,1106.78,181.04,441.49,909.56,0,0,-292.44,75.22
2026-06-22T02:00:00+03:00,02:00,33207.57,1216.98,10232.54,3698.22,3984.65,4003.62,7532.21,1.13,78.97,1117.76,181.04,452.58,904.06,0,0,-270.07,73.88
2026-06-22T03:00:00+03:00,03:00,32357.18,1249.06,9892.31,3690.21,3695.13,3747.37,7469.44,1.14,78.54,1131.25,216.38,461.73,895.54,0,0,-243.8,72.88
2026-06-22T04:00:00+03:00,04:00,31823.55,1245.77,9985.65,3714.19,3634.86,3251.93,7371.03,3.85,78.18,1141.85,216.38,457.36,884.52,0,0,-236.89,74.87
2026-06-22T05:00:00+03:00,05:00,30875.56,1241.77,9910.84,3709.0,3213.0,3138.38,6986.09,91.61,79.77,1150.03,218.59,397.84,900.75,0,0,-238.11,76.0
2026-06-22T06:00:00+03:00,06:00,29656.71,1285.97,9363.7,3712.74,2473.38,3165.47,6384.45,747.45,75.54,1150.24,216.38,357.45,914.33,0,0,-265.02,74.63
2026-06-22T07:00:00+03:00,07:00,29078.82,1482.91,8917.96,3734.05,2012.75,3215.11,5378.64,1879.39,80.75,1128.47,218.59,302.78,912.25,0,0,-249.23,64.4
2026-06-22T08:00:00+03:00,08:00,31844.57,1633.17,8992.59,3700.56,2334.95,3909.7,5997.36,2831.53,80.97,1100.77,216.38,287.78,906.62,0,0,-210.81,63.0
2026-06-22T09:00:00+03:00,09:00,31919.9,1640.59,7844.04,3691.48,2146.51,5356.76,5892.56,3004.59,82.89,1076.04,209.75,266.8,894.32,0,0,-248.25,61.82
2026-06-22T10:00:00+03:00,10:00,31100.84,1549.61,6924.03,3721.87,1865.08,5518.97,6006.47,3185.82,82.71,1051.22,178.84,277.64,873.84,0,0,-189.03,53.77
2026-06-22T11:00:00+03:00,11:00,31169.67,1547.75,6903.09,3694.95,1873.42,5587.24,5974.34,3261.45,87.91,1025.41,178.84,290.34,879.0,0,0,-185.84,51.77
2026-06-22T12:00:00+03:00,12:00,29928.35,1489.12,7038.57,3682.8,1695.8,5418.93,5180.63,3047.12,81.83,1008.31,181.04,302.03,881.25,0,0,-132.42,53.34
2026-06-22T13:00:00+03:00,13:00,31777.98,1702.77,7747.87,3710.44,1887.28,5767.47,5765.09,2946.42,80.51,968.75,181.04,291.06,850.66,0,0,-175.23,53.85
2026-06-22T14:00:00+03:00,14:00,34048.6,1931.34,8192.01,3708.15,2033.36,5939.63,6922.45,3097.17,80.99,976.39,183.25,275.73,862.86,0,0,-211.43,56.7
2026-06-22T15:00:00+03:00,15:00,35883.84,2255.14,8390.94,3755.09,2530.02,5975.86,7620.59,3128.08,81.66,963.11,178.84,284.11,887.15,0,0,-223.33,56.58
2026-06-22T16:00:00+03:00,16:00,39071.57,2283.47,9510.27,3777.62,3844.04,5998.52,8451.98,2987.7,85.16,959.36,178.84,287.95,874.62,0,0,-225.25,57.29
2026-06-22T17:00:00+03:00,17:00,42089.7,2398.84,11923.25,4001.42,4272.25,6170.02,8902.84,2286.17,82.96,960.35,181.04,292.5,890.94,0,0,-334.23,61.35
2026-06-22T18:00:00+03:00,18:00,44296.98,2732.76,13766.37,4312.91,4679.9,6563.43,8953.8,1103.09,84.78,961.35,189.88,284.5,889.24,0,0,-284.73,59.7
2026-06-22T19:00:00+03:00,19:00,45650.5,3385.98,14003.84,4334.68,5023.81,7851.93,8613.44,301.17,79.78,981.42,218.59,270.0,911.15,0,0,-386.08,60.79
2026-06-22T20:00:00+03:00,20:00,47054.92,3680.95,15295.72,4224.42,5173.19,8058.75,8439.27,48.36,58.02,1010.07,218.59,277.74,925.5,0,0,-415.54,59.88
2026-06-22T21:00:00+03:00,21:00,46899.63,3814.29,15313.43,4201.36,5152.61,8048.02,8210.2,18.97,57.92,1033.26,218.59,287.81,897.01,0,0,-413.01,59.17
2026-06-22T22:00:00+03:00,22:00,44764.01,3490.9,13968.76,4128.94,5029.4,8061.25,7806.39,0.24,57.75,1063.76,218.59,314.92,908.0,0,0,-341.16,56.27
2026-06-22T23:00:00+03:00,23:00,42671.73,2864.46,13828.06,4080.92,4762.12,7586.56,7306.42,0.01,56.79,1083.6,216.38,295.66,884.55,0,0,-354.89,61.09
2026-06-23T00:00:00+03:00,00:00,40666.9,2450.27,13134.5,4268.41,4408.81,6975.66,7070.91,1.05,56.3,1094.34,185.46,332.16,912.24,0,0,-294.53,71.32
2026-06-23T01:00:00+03:00,01:00,38522.85,2144.06,11896.65,4271.25,4263.23,6521.73,6957.28,1.06,56.61,1112.09,185.46,429.57,912.67,0,0,-300.5,71.69
2026-06-23T02:00:00+03:00,02:00,36938.63,1752.83,11295.91,4215.97,4147.51,6270.82,6736.46,1.13,56.35,1124.04,181.04,444.64,913.68,0,0,-278.7,76.95
2026-06-23T03:00:00+03:00,03:00,35985.81,1676.01,10388.0,4245.84,4223.36,6094.34,6771.6,1.45,56.75,1141.83,198.72,461.94,922.81,0,0,-275.14,78.3
2026-06-23T04:00:00+03:00,04:00,35400.64,1175.14,9957.67,4277.06,4476.47,6054.99,6878.55,4.26,56.76,1150.55,220.8,449.31,903.63,0,0,-282.42,77.87
2026-06-23T05:00:00+03:00,05:00,34117.96,1136.94,9377.93,4305.38,4361.74,5444.48,6846.84,87.57,55.72,1159.3,216.38,442.87,873.37,0,0,-268.39,77.83
2026-06-23T06:00:00+03:00,06:00,32828.41,1135.56,9490.82,4278.67,3996.3,4127.92,6481.05,760.74,55.2,1157.19,220.8,440.99,865.26,0,0,-259.81,77.72
2026-06-23T07:00:00+03:00,07:00,32305.92,1435.42,8246.95,4342.27,3370.18,4618.38,5741.07,2097.76,54.94,1139.93,207.54,441.07,863.25,0,0,-336.5,83.66
2026-06-23T08:00:00+03:00,08:00,34830.52,1820.89,8483.57,4397.37,3809.14,5728.48,5225.85,2839.05,55.67,1105.48,181.04,445.85,867.36,0,0,-207.1,77.87
2026-06-23T09:00:00+03:00,09:00,34691.52,2024.84,7661.43,4373.47,3678.36,6288.87,4994.88,3199.42,35.75,1077.37,178.84,459.61,869.73,0,0,-232.21,81.16
2026-06-23T10:00:00+03:00,10:00,33802.69,1750.28,7326.92,4338.44,2851.74,6390.2,5163.72,3441.07,43.37,1044.75,183.25,464.29,836.44,0,0,-109.7,77.92
2026-06-23T11:00:00+03:00,11:00,33959.21,1638.06,7562.01,4229.18,2640.68,6502.85,5570.4,3441.21,53.82,994.14,183.25,437.89,828.31,0,0,-197.32,74.73
2026-06-23T12:00:00+03:00,12:00,31995.94,1384.2,7046.85,4250.37,2399.75,5730.27,5598.37,3223.11,55.09,983.32,183.25,432.89,835.16,0,0,-207.48,80.79
2026-06-23T13:00:00+03:00,13:00,33013.3,1551.09,6826.09,4163.78,2669.08,6042.93,6151.0,3399.79,55.15,973.57,183.25,422.55,808.46,0,0,-309.49,76.05
2026-06-23T14:00:00+03:00,14:00,35051.77,1639.02,7339.28,4188.7,3216.07,6195.21,6843.77,3404.81,54.56,966.98,185.46,411.2,821.62,0,0,-293.77,78.86
2026-06-23T15:00:00+03:00,15:00,35953.97,1550.82,8204.0,4102.41,3591.06,5872.13,7188.57,3257.4,53.9,954.45,181.04,423.88,820.6,0,0,-322.86,76.57
2026-06-23T16:00:00+03:00,16:00,38740.47,1872.8,10455.06,4106.53,3815.76,6064.58,7524.64,2810.99,55.64,949.25,181.04,284.31,837.21,0,0,-295.95,78.61
2026-06-23T17:00:00+03:00,17:00,41274.34,2765.14,11272.28,4101.1,4016.34,7160.71,7723.59,2209.33,54.55,950.24,183.25,285.87,840.73,0,0,-369.56,80.77
2026-06-23T18:00:00+03:00,18:00,43284.29,3200.19,13000.02,4258.47,4444.01,7303.96,7886.67,1136.91,53.43,961.1,183.25,301.74,845.94,0,0,-372.38,80.98
2026-06-23T19:00:00+03:00,19:00,44933.8,3486.16,13465.11,4366.15,4801.08,8570.61,7834.58,201.8,53.78,986.91,181.04,429.22,851.47,0,0,-375.12,81.01
2026-06-23T20:00:00+03:00,20:00,46132.15,3798.74,14918.91,4453.05,4732.01,8158.38,7727.17,33.69,54.43,1012.68,185.46,433.97,870.55,0,0,-325.89,79.0
2026-06-23T21:00:00+03:00,21:00,46113.01,3851.15,14764.18,4537.58,4942.98,7954.14,7707.94,50.0,55.05,1042.78,216.38,439.42,882.52,0,0,-408.77,77.66
2026-06-23T22:00:00+03:00,22:00,44389.7,3426.32,14086.04,4607.62,4720.91,7800.29,7477.61,0.51,55.34,1061.59,216.38,438.65,870.17,0,0,-449.09,77.36
2026-06-23T23:00:00+03:00,23:00,42441.94,2564.78,14164.95,4571.36,4436.97,7214.12,7082.96,0.01,53.83,1091.51,220.8,450.6,855.03,0,0,-343.9,78.92
2026-06-24T00:00:00+03:00,00:00,40169.39,2264.16,12752.08,4253.88,4352.57,7364.77,6688.59,0.01,52.22,1121.71,216.38,444.11,870.81,0,0,-288.76,76.86
2026-06-24T01:00:00+03:00,01:00,38134.48,1991.17,12007.97,4145.12,4167.46,6876.08,6422.25,0.01,50.82,1142.02,220.8,433.78,880.35,0,0,-279.61,76.26
2026-06-24T02:00:00+03:00,02:00,36500.12,1928.49,10907.35,4146.07,4039.4,6564.88,6336.54,0.01,51.19,1163.29,218.59,443.86,886.35,0,0,-261.35,75.45
2026-06-24T03:00:00+03:00,03:00,35472.16,1739.28,10198.44,4182.92,4174.65,6292.64,6340.32,0.01,50.93,1177.31,192.09,448.9,875.49,0,0,-265.16,64.34
2026-06-24T04:00:00+03:00,04:00,34752.34,1699.58,9786.15,4170.26,4198.79,5915.39,6416.03,1.86,51.17,1188.93,181.04,445.21,865.71,0,0,-238.45,70.67
2026-06-24T05:00:00+03:00,05:00,33779.64,1207.76,9286.6,4185.38,4010.34,6070.35,6365.13,80.7,51.06,1190.77,194.3,437.84,852.78,0,0,-224.04,70.67
2026-06-24T06:00:00+03:00,06:00,32521.14,1230.92,8156.83,4201.03,3779.24,5325.45,6384.62,839.09,50.43,1195.08,216.38,444.95,863.77,0,0,-240.84,74.19
2026-06-24T07:00:00+03:00,07:00,31647.05,1791.46,7585.48,4137.27,3340.75,4126.24,5978.02,2145.06,50.78,1174.8,187.67,451.34,854.69,0,0,-249.23,72.72
2026-06-24T08:00:00+03:00,08:00,33676.18,2134.22,7913.28,4214.83,3692.53,4530.08,5818.27,2905.02,51.19,1134.22,178.84,437.46,843.62,0,0,-249.42,72.04
2026-06-24T09:00:00+03:00,09:00,33362.46,2478.44,7114.1,4238.46,3510.57,4508.33,5812.99,3266.98,51.53,1103.63,178.84,435.75,827.3,0,0,-232.72,68.26
2026-06-24T10:00:00+03:00,10:00,31998.18,2244.36,6573.67,4118.92,3158.27,4424.24,5537.71,3540.71,52.27,1067.79,183.25,448.27,809.63,0,0,-226.33,65.42
2026-06-24T11:00:00+03:00,11:00,32195.42,2346.01,7178.66,4009.04,2905.7,4417.44,5303.0,3653.15,52.12,1041.17,183.25,445.15,810.94,0,0,-208.43,58.22
2026-06-24T12:00:00+03:00,12:00,30961.59,2228.93,6923.9,3952.43,2528.17,4413.44,5081.61,3501.57,52.03,1015.11,181.04,444.33,806.31,0,0,-230.69,63.41
2026-06-24T13:00:00+03:00,13:00,32402.76,2217.68,7605.96,4001.35,2888.28,4463.9,5460.24,3427.32,52.02,989.63,185.46,444.55,818.91,0,0,-212.96,60.42
2026-06-24T14:00:00+03:00,14:00,34657.92,2649.95,8620.95,3873.82,3156.29,4872.68,5835.33,3345.7,52.63,972.19,183.25,449.76,833.11,0,0,-251.76,64.02
2026-06-24T15:00:00+03:00,15:00,36431.11,2595.44,9168.76,3854.35,3286.24,5819.2,6179.03,3259.08,52.58,962.14,183.25,454.84,830.34,0,0,-280.14,66.0
2026-06-24T16:00:00+03:00,16:00,39559.26,3199.75,10440.14,3847.15,3814.74,6467.69,6472.01,3038.56,52.62,959.75,187.67,459.5,850.52,0,0,-298.15,67.31
2026-06-24T17:00:00+03:00,17:00,42528.15,3769.91,11115.84,3968.88,4313.96,8102.51,6605.08,2422.87,53.1,971.12,185.46,451.79,849.14,0,0,-353.55,72.04
2026-06-24T18:00:00+03:00,18:00,44665.6,4928.8,12719.58,3860.46,4461.54,8673.05,6600.24,1169.18,49.96,989.11,185.46,448.71,861.7,0,0,-353.07,70.88
2026-06-24T19:00:00+03:00,19:00,46384.84,6045.48,14251.9,3843.47,4692.47,8417.83,6621.61,204.26,57.32,1011.8,178.84,459.57,870.62,0,0,-341.92,71.59
2026-06-24T20:00:00+03:00,20:00,47730.34,6644.9,14811.11,3887.85,4841.75,8445.31,6789.78,57.63,57.32,1043.85,183.25,452.0,878.6,0,0,-434.77,71.76
2026-06-24T21:00:00+03:00,21:00,47665.51,6793.74,14567.28,3898.78,4737.06,8442.8,6926.43,23.16,57.06,1067.47,185.46,455.57,887.55,0,0,-451.18,74.33
2026-06-24T22:00:00+03:00,22:00,45948.3,5192.29,14359.39,3853.14,4709.01,8656.84,6861.41,0.02,51.13,1082.71,203.13,449.07,876.62,0,0,-412.65,66.19
2026-06-24T23:00:00+03:00,23:00,43667.66,3943.64,14596.58,3764.25,4536.81,7771.92,6667.24,0.01,50.68,1095.33,218.59,442.55,875.32,0,0,-364.91,69.65
2026-06-25T00:00:00+03:00,00:00,41313.3,2584.52,13644.91,3695.61,4419.12,8129.4,6379.25,0.01,51.0,1118.16,189.88,445.91,873.8,0,0,-299.14,80.87
2026-06-25T01:00:00+03:00,01:00,39036.06,1871.59,12274.81,3717.4,4352.16,8087.23,6144.13,0.02,51.06,1127.3,200.92,447.2,889.08,0,0,-206.35,79.51
2026-06-25T02:00:00+03:00,02:00,37513.04,1535.2,11329.29,3672.63,4201.07,8194.59,5928.11,0.01,50.75,1138.09,220.8,442.49,882.8,0,0,-159.76,76.97
2026-06-25T03:00:00+03:00,03:00,36386.19,1363.61,10689.05,3693.25,4073.44,7968.37,5923.74,0.03,50.12,1152.71,218.59,432.26,896.57,0,0,-155.41,79.86
2026-06-25T04:00:00+03:00,04:00,35745.24,1353.74,9961.89,3718.51,4080.11,7974.93,5927.97,1.79,50.84,1163.69,220.8,441.28,928.43,0,0,-156.3,77.56
2026-06-25T05:00:00+03:00,05:00,34615.66,1375.7,9296.0,3658.02,4090.2,7492.87,5848.52,78.9,50.1,1167.35,223.0,435.07,924.65,0,0,-109.09,84.37
2026-06-25T06:00:00+03:00,06:00,33430.53,1356.58,9381.74,3663.12,3862.9,5633.09,5866.66,912.99,50.54,1171.44,220.8,430.07,917.78,0,0,-118.65,81.47
2026-06-25T07:00:00+03:00,07:00,32626.44,1653.27,8600.42,3652.41,3539.56,4755.11,5409.87,2306.44,51.52,1153.45,218.59,430.58,924.83,0,0,-139.94,70.33
2026-06-25T08:00:00+03:00,08:00,34892.33,2157.74,8980.82,3632.21,3760.57,5426.29,5311.5,2925.02,52.28,1124.31,218.59,433.12,913.53,0,0,-111.45,67.8
2026-06-25T09:00:00+03:00,09:00,34780.02,2322.1,7859.8,3596.64,3522.97,6167.02,5373.07,3269.43,51.82,1072.78,223.0,432.12,905.57,0,0,-92.87,76.57
2026-06-25T10:00:00+03:00,10:00,34349.02,2323.1,7217.07,3578.65,3074.87,6777.29,5461.52,3473.69,51.94,1031.06,185.46,421.53,871.17,0,0,-198.44,80.11
2026-06-25T11:00:00+03:00,11:00,34004.6,2312.55,6611.04,3590.15,2774.84,7088.93,5702.08,3546.37,51.19,978.29,181.04,426.71,861.11,0,0,-199.52,79.82
2026-06-25T12:00:00+03:00,12:00,32961.01,1797.9,6865.17,3782.08,2354.4,6701.43,5680.91,3312.96,50.69,997.5,185.46,449.13,867.85,0,0,-165.67,81.2
2026-06-25T13:00:00+03:00,13:00,34970.89,2115.58,7497.73,3835.77,2588.28,7148.78,6146.41,3231.58,50.67,971.24,183.25,438.93,870.23,0,0,-188.44,80.88
2026-06-25T14:00:00+03:00,14:00,37683.03,2628.75,8271.12,3941.67,3293.86,7407.93,6514.36,3239.56,50.84,955.32,216.38,439.82,884.07,0,0,-240.72,80.07
2026-06-25T15:00:00+03:00,15:00,39203.95,2735.14,8499.15,4015.51,3512.57,7925.85,6984.58,3166.23,51.8,948.28,220.8,440.44,889.24,0,0,-267.18,81.54
2026-06-25T16:00:00+03:00,16:00,41962.92,3313.52,10002.66,4020.27,3636.69,8412.6,7373.87,2840.33,52.08,929.14,229.63,437.52,905.81,0,0,-272.4,81.2
2026-06-25T17:00:00+03:00,17:00,44736.16,4125.35,11513.56,3884.9,4154.66,8766.52,7636.54,2326.42,51.87,935.13,240.67,445.01,906.88,0,0,-333.03,81.68
2026-06-25T18:00:00+03:00,18:00,46350.57,4883.3,12864.55,4006.28,4412.4,8792.32,7811.37,1221.56,32.24,978.34,251.71,449.1,909.77,0,0,-343.24,80.87
2026-06-25T19:00:00+03:00,19:00,47524.89,5600.5,13943.33,4156.0,4666.33,8713.37,7850.11,223.24,31.8,1005.47,260.54,443.53,920.76,0,0,-371.65,81.56
2026-06-25T20:00:00+03:00,20:00,48812.45,6079.82,15049.91,4200.76,4759.08,8343.33,7882.64,39.82,31.29,1035.84,273.78,448.97,934.88,0,0,-351.16,83.49
2026-06-25T21:00:00+03:00,21:00,48671.68,5945.45,15116.28,4173.95,4615.9,8453.92,7937.83,3.14,31.89,1052.1,280.4,445.15,932.77,0,0,-401.77,84.67
2026-06-25T22:00:00+03:00,22:00,46899.31,4745.08,14605.1,4162.96,4530.88,8459.98,7876.88,0.01,32.16,1066.92,276.0,450.56,938.86,0,0,-329.72,83.64
2026-06-25T23:00:00+03:00,23:00,44979.89,4192.64,13891.36,4108.17,4453.08,8077.23,7799.59,0.01,32.47,1075.63,276.0,404.98,908.76,0,0,-322.01,81.98
2026-06-26T00:00:00+03:00,00:00,42425.19,3004.74,12801.09,4050.31,4301.95,8251.17,7530.76,0.01,32.3,1100.62,280.41,401.46,912.53,0,0,-326.03,83.87
2026-06-26T01:00:00+03:00,01:00,39833.27,1864.22,11929.09,4087.74,4123.02,8087.84,7208.53,0.01,52.67,1110.6,269.36,405.24,904.63,0,0,-291.61,81.93
2026-06-26T02:00:00+03:00,02:00,38492.89,1625.15,11031.69,4108.51,4057.04,8054.24,6995.91,0.01,52.56,1119.71,271.58,436.19,924.97,0,0,-264.75,80.08
2026-06-26T03:00:00+03:00,03:00,37212.44,1339.14,10619.06,4191.39,3983.81,7351.93,7045.27,0.02,53.34,1133.29,273.79,454.67,931.19,0,0,-246.52,82.06
2026-06-26T04:00:00+03:00,04:00,36668.44,1333.08,9887.82,4251.58,4089.86,7169.73,7256.85,1.41,52.34,1139.85,278.2,452.75,923.93,0,0,-250.18,81.22
2026-06-26T05:00:00+03:00,05:00,35480.06,1303.63,9582.1,4247.73,3859.31,6358.86,7353.75,74.43,52.34,1144.85,273.79,455.66,918.37,0,0,-223.87,79.11
2026-06-26T06:00:00+03:00,06:00,34109.6,1287.54,9445.03,4215.33,3605.06,4864.91,7212.62,815.01,50.87,1145.33,264.94,444.35,899.34,0,0,-217.18,76.45
2026-06-26T07:00:00+03:00,07:00,33371.33,1989.29,8244.09,4238.29,3117.82,4518.21,6542.76,2149.02,50.6,1117.86,262.74,430.91,909.97,0,0,-278.67,78.44
2026-06-26T08:00:00+03:00,08:00,35400.43,2060.68,8240.99,4296.56,3484.92,5471.76,6233.93,2929.52,52.95,1080.31,269.37,433.42,916.64,0,0,-151.1,80.48
2026-06-26T09:00:00+03:00,09:00,35069.8,2324.92,8073.11,4269.8,3202.33,5505.8,5908.02,3259.57,51.67,1049.92,262.74,436.91,884.59,0,0,-238.06,78.48
2026-06-26T10:00:00+03:00,10:00,34276.3,2442.63,7172.77,4219.95,3063.08,5499.48,5782.6,3503.85,51.87,997.56,269.37,435.27,863.61,0,0,-105.06,79.32
2026-06-26T11:00:00+03:00,11:00,34415.48,2703.61,7146.48,4208.58,2901.9,5488.58,5863.77,3543.99,51.8,945.78,270.99,421.2,870.55,0,0,-81.01,79.26
2026-06-26T12:00:00+03:00,12:00,32777.21,2351.72,6949.01,4212.97,2317.43,5411.85,5704.59,3362.1,51.86,955.48,258.33,411.58,868.35,0,0,-156.89,78.83
2026-06-26T13:00:00+03:00,13:00,33511.68,2121.01,7470.22,4193.42,2377.07,5491.15,6145.28,3228.36,51.48,928.79,258.33,423.04,849.58,0,0,-107.54,81.49
2026-06-26T14:00:00+03:00,14:00,37139.8,2658.28,8801.91,4267.96,3300.06,5576.86,6934.23,3219.14,51.39,912.67,236.25,427.35,847.56,0,0,-173.52,79.66
2026-06-26T15:00:00+03:00,15:00,39222.8,2653.28,9407.69,4233.7,3532.61,6223.4,7643.71,3118.0,90.53,913.35,209.75,426.74,877.22,0,0,-184.48,77.3
2026-06-26T16:00:00+03:00,16:00,41813.78,2827.38,10568.24,4250.93,3568.31,6760.68,8322.33,2877.12,82.88,919.38,205.33,434.14,884.07,0,0,31.41,81.58
2026-06-26T17:00:00+03:00,17:00,44642.18,3163.1,12308.04,4280.34,3912.49,7662.84,8720.02,2242.14,77.15,939.54,196.51,441.73,911.34,0,0,-287.4,74.34
2026-06-26T18:00:00+03:00,18:00,46383.57,3345.89,13574.21,4357.51,4148.21,8341.12,9105.96,1148.06,79.16,970.0,209.75,428.36,919.72,0,0,-323.89,79.51
2026-06-26T19:00:00+03:00,19:00,47711.2,4143.2,14433.58,4486.03,4494.57,8382.33,9218.47,226.04,90.15,993.25,209.75,417.34,891.61,0,0,-353.53,78.41
2026-06-26T20:00:00+03:00,20:00,48913.69,4413.92,15195.98,4460.23,4665.92,8395.24,9285.03,69.09,86.55,1018.34,205.34,415.31,935.63,0,0,-312.87,79.98
2026-06-26T21:00:00+03:00,21:00,48695.95,4491.72,15057.99,4375.77,4649.41,8388.69,9295.22,13.2,86.34,1026.32,209.76,413.68,929.53,0,0,-324.49,82.81
2026-06-26T22:00:00+03:00,22:00,46748.92,3481.55,14412.36,4370.1,4379.69,8272.6,9348.01,0.01,82.78,1061.37,198.72,433.16,921.5,0,0,-293.37,80.44
2026-06-26T23:00:00+03:00,23:00,44748.24,2665.04,14138.82,4323.96,4289.98,7877.85,8937.81,0.01,80.81,1069.11,203.12,439.13,922.69,0,0,-280.05,79.96
2026-06-27T00:00:00+03:00,00:00,42461.89,2219.38,12564.64,4262.24,4233.92,7902.31,8551.15,0.01,78.54,1090.58,200.92,436.43,925.02,0,0,-81.84,78.59
2026-06-27T01:00:00+03:00,01:00,40175.82,2111.98,11411.81,4312.21,3983.33,7673.9,8195.44,0.01,76.16,1101.43,198.72,448.17,932.81,0,0,-351.22,81.07
2026-06-27T02:00:00+03:00,02:00,38371.23,1653.33,10698.54,4377.31,3773.29,7207.48,8193.07,0.08,75.58,1110.32,203.13,446.45,919.8,0,0,-367.06,79.91
2026-06-27T03:00:00+03:00,03:00,37121.37,1480.26,10139.78,4316.68,3848.98,6500.22,8307.88,0.43,76.52,1119.45,200.92,445.57,929.69,0,0,-325.02,80.01
2026-06-27T04:00:00+03:00,04:00,36541.07,1405.88,10094.02,4323.33,3804.41,5819.58,8572.0,2.48,75.79,1126.17,203.12,442.51,910.81,0,0,-319.21,80.18
2026-06-27T05:00:00+03:00,05:00,35006.17,1378.51,9382.49,4234.33,3562.46,5122.84,8738.12,63.94,79.07,1128.3,203.12,441.86,902.35,0,0,-310.68,79.46
2026-06-27T06:00:00+03:00,06:00,33234.59,1129.89,8824.23,4198.45,3199.19,4353.45,8264.68,767.28,72.24,1128.53,205.33,447.58,895.52,0,0,-332.05,80.27
2026-06-27T07:00:00+03:00,07:00,31401.46,1101.39,8391.21,4247.2,2037.54,3872.59,7292.2,1966.76,76.17,1109.86,211.96,442.61,888.87,0,0,-314.36,77.46
2026-06-27T08:00:00+03:00,08:00,31907.14,1110.45,8675.93,4281.18,1981.29,3884.68,6910.29,2584.67,76.2,1078.74,203.12,449.3,891.84,0,0,-299.4,78.85
2026-06-27T09:00:00+03:00,09:00,31338.06,1098.14,8046.37,4254.29,1690.19,4326.49,6551.96,2800.04,76.7,1049.86,205.33,443.49,859.15,0,0,-144.85,80.9
2026-06-27T10:00:00+03:00,10:00,31027.18,1097.94,8404.81,4233.46,1429.24,4297.91,6107.51,2805.09,75.78,1024.11,200.92,441.49,847.51,0,0,-20.28,81.69
2026-06-27T11:00:00+03:00,11:00,31522.81,1098.03,8557.16,4206.58,1510.2,4681.18,6121.0,2776.27,75.67,999.6,198.72,437.36,849.07,0,0,-64.02,75.99
2026-06-27T12:00:00+03:00,12:00,30979.27,1167.65,8129.53,4201.64,1414.93,5264.71,5592.36,2689.17,76.46,974.13,198.72,430.74,857.11,0,0,-96.48,78.6
2026-06-27T13:00:00+03:00,13:00,32034.57,1161.98,7659.68,4210.24,1556.36,5582.92,6566.59,2723.17,78.43,953.15,196.51,435.46,849.13,0,0,-18.16,79.11
2026-06-27T14:00:00+03:00,14:00,32933.2,1105.38,7703.81,4253.66,1780.43,4968.66,7634.76,2820.9,78.29,938.25,198.71,436.16,856.31,0,0,80.06,77.82
2026-06-27T15:00:00+03:00,15:00,34424.76,1116.45,7883.34,4349.09,2141.27,4626.52,8682.79,2968.14,79.41,925.08,198.72,439.35,873.07,0,0,65.12,76.41
2026-06-27T16:00:00+03:00,16:00,36515.11,1206.2,8028.05,4378.46,2919.05,4809.68,9710.06,2854.69,81.53,918.14,198.72,443.52,865.62,0,0,24.38,77.01
2026-06-27T17:00:00+03:00,17:00,39739.3,1928.56,9139.74,4379.63,3602.05,5164.97,10510.17,2416.77,79.81,912.95,194.3,447.25,906.63,0,0,-18.35,74.82
2026-06-27T18:00:00+03:00,18:00,43457.26,2187.12,12185.75,4457.0,4055.4,6034.25,11050.76,1273.66,70.37,919.58,200.92,442.56,918.31,0,0,-418.36,79.94
2026-06-27T19:00:00+03:00,19:00,45813.83,2156.1,13030.66,4689.1,4353.19,8033.04,11168.79,222.19,85.61,938.32,196.51,450.05,906.9,0,0,-499.75,83.12
2026-06-27T20:00:00+03:00,20:00,47055.68,2449.0,14153.39,4702.19,4526.46,7860.02,11095.91,47.33,83.32,966.89,198.72,447.2,913.81,0,0,-470.97,82.41
2026-06-27T21:00:00+03:00,21:00,46627.31,2585.59,13810.67,4699.36,4570.9,7859.09,10817.58,15.07,75.93,991.08,198.71,442.97,911.66,0,0,-433.52,82.22
2026-06-27T22:00:00+03:00,22:00,44743.72,2388.09,13733.38,4609.71,4222.0,7095.04,10367.39,0.01,76.81,1004.95,200.92,441.2,928.4,0,0,-404.28,80.1
2026-06-27T23:00:00+03:00,23:00,42317.87,2336.52,13128.82,4529.38,4115.64,6074.14,9841.38,0.01,76.34,1025.9,198.72,446.96,883.17,0,0,-421.23,82.12
2026-06-28T00:00:00+03:00,00:00,40202.57,1884.28,12010.62,4480.77,4230.14,5490.11,9721.38,0.02,76.95,1050.36,200.92,442.29,920.14,0,0,-388.61,83.2
2026-06-28T01:00:00+03:00,01:00,38102.61,1877.19,10605.76,4464.78,4213.84,5311.0,9300.11,0.01,76.25,1076.64,196.5,443.55,931.03,0,0,-478.68,84.63
2026-06-28T02:00:00+03:00,02:00,36333.57,1876.59,9556.47,4431.53,4079.34,4861.27,9158.53,0.07,75.86,1098.18,196.5,446.02,921.56,0,0,-451.29,82.94
2026-06-28T03:00:00+03:00,03:00,34991.48,1577.21,8932.18,4312.08,3938.58,4377.56,9436.0,0.39,74.94,1111.25,203.13,444.01,925.36,0,0,-424.05,82.84
2026-06-28T04:00:00+03:00,04:00,34053.59,1130.07,8701.05,4294.89,3869.25,4273.88,9388.38,2.94,68.58,1120.5,200.92,444.39,913.96,0,0,-430.34,75.12
2026-06-28T05:00:00+03:00,05:00,32452.09,1103.09,7586.47,4313.75,3648.66,4110.8,9206.78,85.38,71.5,1117.09,203.12,450.12,908.2,0,0,-436.0,83.13
2026-06-28T06:00:00+03:00,06:00,30349.04,1084.67,7249.05,4280.08,2287.46,4215.61,7928.61,886.05,75.81,1133.2,205.33,450.03,904.34,0,0,-434.98,83.78
2026-06-28T07:00:00+03:00,07:00,27057.98,1086.23,6785.14,4260.65,1213.07,4342.8,5022.12,1940.44,79.36,1113.69,207.54,449.32,897.27,0,0,-422.94,83.29
2026-06-28T08:00:00+03:00,08:00,24154.56,1079.46,5229.97,4144.37,884.85,3994.93,4267.23,2198.58,75.69,1084.09,203.12,424.33,890.45,0,0,-391.42,68.91
2026-06-28T09:00:00+03:00,09:00,22298.88,1050.39,3468.36,4156.39,727.83,3812.15,4147.69,2381.87,76.99,1052.9,196.51,425.85,885.55,0,0,-157.54,73.94
2026-06-28T10:00:00+03:00,10:00,21724.27,1040.73,3030.76,4141.43,700.21,3808.15,4181.8,2196.6,77.04,1026.4,203.12,426.44,882.56,0,0,-64.72,73.75
2026-06-28T11:00:00+03:00,11:00,21984.4,1050.51,3236.36,4248.56,637.54,3826.34,4150.17,2197.56,76.81,1001.23,200.92,434.33,884.44,0,0,-36.74,76.37
2026-06-28T12:00:00+03:00,12:00,22143.7,1072.43,3131.38,4164.75,622.5,3851.17,4231.64,2449.88,76.5,974.53,198.72,432.06,879.83,0,0,-19.46,77.77
2026-06-28T13:00:00+03:00,13:00,23021.45,1053.67,3598.45,4152.5,738.67,3793.48,4474.17,2543.4,75.38,963.45,203.12,421.01,873.35,0,0,54.33,76.47
2026-06-28T14:00:00+03:00,14:00,24331.89,1086.71,4460.93,4043.22,898.22,3935.37,4766.01,2512.05,75.46,947.43,216.38,420.16,875.96,0,0,13.62,80.37
2026-06-28T15:00:00+03:00,15:00,26261.78,1094.4,5850.84,4135.88,994.26,3972.56,5195.27,2383.7,75.13,944.45,225.21,408.87,885.21,0,0,13.73,82.27
2026-06-28T16:00:00+03:00,16:00,29216.67,1084.73,7650.34,4151.51,1173.42,4012.35,6161.37,2452.18,75.1,941.88,234.04,407.74,884.92,0,0,-92.49,79.58
2026-06-28T17:00:00+03:00,17:00,33642.43,1079.22,9908.43,4274.61,1625.25,4049.95,8012.36,2368.49,75.17,945.27,234.04,421.56,879.07,0,0,-311.43,80.44
2026-06-28T18:00:00+03:00,18:00,38724.57,1089.29,12394.28,4404.78,3557.93,4435.88,9314.71,1374.21,75.84,943.94,240.65,428.17,898.83,0,0,-512.45,78.51
2026-06-28T19:00:00+03:00,19:00,41619.99,1088.6,13211.46,4417.5,4258.61,6551.87,9734.52,231.17,73.78,962.61,238.45,450.1,910.32,0,0,-587.56,78.56
2026-06-28T20:00:00+03:00,20:00,43447.24,1117.4,13917.36,4422.45,4382.49,7585.56,9792.57,52.32,73.95,989.94,234.04,447.24,911.8,0,0,-558.15,78.27
2026-06-28T21:00:00+03:00,21:00,43736.3,1118.54,13949.51,4362.96,4464.71,7891.75,9707.93,15.61,75.42,1020.32,238.45,451.81,912.38,0,0,-550.32,77.23
2026-06-28T22:00:00+03:00,22:00,42476.33,1106.75,13952.12,4265.38,4193.37,7302.8,9423.55,0.01,74.48,1042.19,231.82,445.03,909.0,0,0,-548.34,78.17
2026-06-28T23:00:00+03:00,23:00,40898.35,1102.13,13649.23,4249.98,4031.82,6748.62,8870.56,0.24,75.28,1049.16,216.37,450.63,897.05,0,0,-517.04,74.32
2026-06-29T00:00:00+03:00,00:00,38699.72,1109.65,12006.56,4110.34,3847.25,6894.16,8372.46,0.01,75.52,1093.8,216.37,457.51,916.44,0,0,-475.81,75.46
2026-06-29T01:00:00+03:00,01:00,36214.0,1122.36,11062.74,4053.66,3843.94,5970.26,7636.89,0.01,74.47,1106.49,216.37,458.2,900.73,0,0,-309.08,76.96
2026-06-29T02:00:00+03:00,02:00,34740.99,1157.15,10195.51,4084.65,3849.29,5690.18,7193.74,0.01,75.23,1118.7,220.78,457.53,901.79,0,0,-276.53,72.96
2026-06-29T03:00:00+03:00,03:00,33707.78,1164.67,9931.98,4064.22,3768.24,5260.34,6901.11,0.12,75.62,1137.1,238.45,452.58,908.99,0,0,-269.54,73.9
2026-06-29T04:00:00+03:00,04:00,33175.59,1182.76,9392.27,4011.03,3774.76,5646.79,6586.81,1.45,32.57,1155.78,242.86,459.73,887.04,0,0,-272.35,74.09
2026-06-29T05:00:00+03:00,05:00,32191.49,1212.96,8589.14,4124.83,3598.66,5593.08,6357.98,83.27,77.32,1156.9,245.07,460.0,879.54,0,0,-263.79,76.53
2026-06-29T06:00:00+03:00,06:00,31208.59,1314.72,8505.37,4105.31,3056.36,4636.91,6056.23,942.72,69.94,1150.87,253.91,456.71,860.62,0,0,-276.98,75.9
2026-06-29T07:00:00+03:00,07:00,30334.88,1975.37,7818.74,4205.29,2489.63,3864.13,5103.86,2344.21,73.77,1123.02,260.53,460.89,802.11,0,0,-263.56,76.89
2026-06-29T08:00:00+03:00,08:00,32934.2,2380.77,8351.4,4290.21,3075.49,4638.33,4731.48,2908.15,79.76,1059.45,258.32,450.43,761.11,0,0,-112.93,62.23
2026-06-29T09:00:00+03:00,09:00,33157.81,2489.78,7409.98,4327.07,2993.75,6167.63,4206.63,3109.74,75.55,1038.88,260.53,421.79,749.8,0,0,-158.65,65.33
2026-06-29T10:00:00+03:00,10:00,32399.44,2328.22,6597.0,4318.57,2888.81,6193.01,4556.04,3271.13,74.37,1006.53,256.11,425.59,666.13,0,0,-245.37,63.3
2026-06-29T11:00:00+03:00,11:00,31866.98,2239.89,5995.25,4287.97,2797.15,6408.2,4686.76,3314.91,34.68,884.77,249.49,444.43,641.69,0,0,-181.56,63.35
2026-06-29T12:00:00+03:00,12:00,26683.03,2540.04,4915.41,3539.26,2228.18,3442.14,5175.05,3092.69,36.95,751.09,231.83,335.39,513.97,0,0,-180.21,61.24
2026-06-30T00:00:00+03:00,00:00,43093.63,2470.8,13878.12,4121.04,3855.06,9601.04,6796.07,1.02,75.66,1091.78,165.6,455.59,890.06,0,0,-380.34,72.13
2026-06-30T01:00:00+03:00,01:00,41309.93,2595.8,12863.76,4132.07,3686.41,9555.98,6055.98,0.94,76.31,1105.25,170.0,446.02,895.95,0,0,-351.39,76.85
2026-06-30T02:00:00+03:00,02:00,39383.44,2277.24,11745.55,4109.64,3610.02,9487.21,5726.65,1.01,75.64,1119.66,176.63,449.12,889.51,0,0,-363.55,79.11
2026-06-30T03:00:00+03:00,03:00,38151.91,1989.85,11006.98,4126.28,3513.46,9564.87,5461.25,1.32,75.28,1128.69,185.46,451.68,896.65,0,0,-328.7,78.84
2026-06-30T04:00:00+03:00,04:00,37370.78,1681.31,10847.87,4055.92,3454.57,9369.26,5447.93,3.05,75.1,1146.52,187.67,453.59,887.7,0,0,-313.24,73.53
2026-06-30T05:00:00+03:00,05:00,36130.95,1691.49,9935.69,4020.17,3285.33,8905.6,5694.21,86.24,78.62,1153.83,189.88,454.38,878.7,0,0,-319.22,76.03
2026-06-30T06:00:00+03:00,06:00,34803.62,1981.3,9442.05,4014.47,3070.54,7164.5,5626.41,953.27,73.8,1152.49,194.3,457.36,879.12,0,0,-281.43,75.44
2026-06-30T07:00:00+03:00,07:00,33645.42,2392.04,8347.14,4017.7,2719.92,6086.76,5152.95,2439.3,80.7,1125.57,222.99,452.75,894.89,0,0,-363.47,76.18
2026-06-30T08:00:00+03:00,08:00,35816.91,3241.98,8457.66,3885.45,2950.47,6709.74,4902.17,3146.14,76.88,1078.13,238.45,453.05,884.62,0,0,-281.9,74.07
2026-06-30T09:00:00+03:00,09:00,35947.58,2955.3,7654.68,3789.01,2972.79,7212.87,4921.53,3543.51,79.92,1040.45,245.08,478.07,871.02,0,0,105.35,78.0
2026-06-30T10:00:00+03:00,10:00,35232.59,3132.19,7765.17,3776.04,2953.32,5993.03,5148.17,3706.39,79.26,997.21,247.29,496.17,855.68,0,0,3.61,79.06
2026-06-30T11:00:00+03:00,11:00,35596.65,2989.01,7264.77,3817.0,2826.97,7189.6,5002.23,3826.03,79.08,963.07,247.28,481.33,840.04,0,0,-12.95,83.19
2026-06-30T12:00:00+03:00,12:00,34808.29,3124.94,7515.93,3847.79,2550.54,6725.28,4770.96,3807.83,78.25,938.09,247.29,487.96,827.84,0,0,-190.89,76.48
2026-06-30T13:00:00+03:00,13:00,36089.33,3248.75,7749.9,3844.71,2718.09,7197.73,5124.89,3787.96,78.89,896.0,256.12,481.81,835.9,0,0,-208.79,77.37
2026-06-30T14:00:00+03:00,14:00,38531.16,3605.25,8743.25,4010.38,3010.56,7616.93,5514.25,3703.92,79.57,889.48,253.91,474.53,819.88,0,0,-266.64,75.89
2026-06-30T15:00:00+03:00,15:00,40221.75,3707.95,10172.67,4114.94,2788.56,7678.05,5848.23,3539.36,79.46,896.03,251.7,495.68,852.49,0,0,-286.88,83.51
2026-06-30T16:00:00+03:00,16:00,43084.89,3513.41,12001.88,4099.89,3031.6,8352.34,6368.61,3282.78,79.69,908.13,251.7,485.78,858.53,0,0,-230.95,81.5
2026-06-30T17:00:00+03:00,17:00,46119.51,4132.97,13295.02,4200.62,3318.75,9550.43,6631.34,2677.03,79.94,924.69,253.9,485.83,855.03,0,0,-368.31,82.27
2026-06-30T18:00:00+03:00,18:00,48369.79,5315.3,14989.91,4305.74,3605.54,9680.88,6708.5,1378.66,78.85,947.69,253.91,475.31,857.79,0,0,-308.72,80.43
2026-06-30T19:00:00+03:00,19:00,49833.46,5900.0,16240.4,4292.92,4342.28,9658.68,6882.92,236.84,86.4,969.12,260.53,419.42,869.43,0,0,-403.0,77.52
2026-06-30T20:00:00+03:00,20:00,50919.32,6412.31,16776.04,4352.11,4547.02,9625.23,6798.89,60.34,86.81,999.56,262.74,431.56,870.71,0,0,-386.06,82.06
2026-06-30T21:00:00+03:00,21:00,50925.88,6403.2,16987.04,4402.93,4437.64,9636.57,6707.12,13.62,87.07,1018.51,258.32,427.8,890.84,0,0,-429.77,84.99
2026-06-30T22:00:00+03:00,22:00,48957.66,6059.86,15756.48,4495.0,4081.63,9732.12,6554.96,1.01,86.98,1039.37,220.83,361.34,890.9,0,0,-408.18,85.36
2026-06-30T23:00:00+03:00,23:00,46786.51,5666.08,14792.1,4458.63,3895.77,9756.69,6055.13,0.01,87.17,1032.4,194.3,300.76,873.66,0,0,-402.39,76.2
2026-07-01T00:00:00+03:00,00:00,44320.64,4818.13,13759.84,4415.13,3878.79,9776.68,5430.69,1.03,87.5,1064.75,187.67,302.05,845.85,0,0,-327.64,80.17
2026-07-01T01:00:00+03:00,01:00,41890.17,4586.16,11963.01,4440.8,3772.92,9793.54,5050.64,5.35,86.82,1091.85,196.51,297.43,849.13,0,0,-325.52,81.53
2026-07-01T02:00:00+03:00,02:00,39424.97,3812.85,10472.99,4369.51,3619.52,9791.01,5039.61,2.08,86.81,1109.35,203.13,292.88,846.95,0,0,-303.26,81.54
2026-07-01T03:00:00+03:00,03:00,38288.02,3239.0,10023.53,4424.73,3519.88,9742.68,5007.39,1.42,86.54,1121.78,209.75,297.5,844.64,0,0,-311.83,81.01
2026-07-01T04:00:00+03:00,04:00,37829.36,3313.91,9581.37,4392.74,3454.25,9764.6,4971.79,3.59,85.76,1132.36,194.29,303.53,834.97,0,0,-288.18,84.38
2026-07-01T05:00:00+03:00,05:00,36509.68,2920.06,8717.02,4480.77,3283.84,9716.35,4998.2,82.67,84.04,1137.57,185.46,300.65,832.16,0,0,-313.87,84.76
2026-07-01T06:00:00+03:00,06:00,35060.5,2717.18,7536.3,4378.33,3002.54,9209.15,5003.4,908.91,74.14,1141.54,181.05,293.0,829.11,0,0,-295.14,80.99
2026-07-01T07:00:00+03:00,07:00,34095.73,3006.23,7569.18,4355.64,2595.68,7526.45,4368.9,2356.06,80.44,1122.98,181.04,294.42,825.15,0,0,-267.57,81.13
2026-07-01T08:00:00+03:00,08:00,36293.39,3768.84,8340.94,4563.51,2915.83,7398.56,3918.15,3037.36,89.01,1091.7,185.46,290.15,832.81,0,0,-219.24,80.31
2026-07-01T09:00:00+03:00,09:00,36133.51,3793.35,7427.04,4775.83,3038.31,8100.01,3333.76,3428.09,82.73,1060.75,181.04,288.73,829.05,0,0,-284.9,79.72
2026-07-01T10:00:00+03:00,10:00,35398.31,3763.29,7305.63,4781.19,2875.25,7737.39,3086.89,3649.61,80.34,1032.13,181.04,285.38,807.58,0,0,-266.73,79.32
2026-07-01T11:00:00+03:00,11:00,35803.2,3925.39,7820.72,4735.37,2651.32,7727.04,2972.2,3808.18,81.31,997.11,185.26,280.63,792.07,0,0,-252.73,79.33
2026-07-01T12:00:00+03:00,12:00,34572.44,3682.15,6484.37,4718.82,2506.07,8251.25,2998.83,3803.69,80.74,969.6,183.26,282.44,801.46,0,0,-267.25,77.01
2026-07-01T13:00:00+03:00,13:00,36423.18,4138.48,7589.81,4715.53,2619.07,8256.0,3154.48,3833.72,89.26,932.36,187.68,281.67,798.03,0,0,-249.52,76.61
2026-07-01T14:00:00+03:00,14:00,38661.97,3576.81,9925.19,4710.26,2917.29,8319.52,3358.8,3685.71,90.08,919.73,194.29,276.26,745.97,0,0,-132.0,74.06
2026-07-01T15:00:00+03:00,15:00,40465.52,4306.41,10677.37,4679.83,2959.24,8581.16,3637.47,3532.16,88.99,913.73,203.12,270.47,738.7,0,0,-196.31,73.18
2026-07-01T16:00:00+03:00,16:00,43849.26,6382.74,11351.86,4738.23,3141.14,9036.95,3990.91,3209.32,83.5,926.81,203.12,279.49,757.81,0,0,-328.25,75.63
2026-07-01T17:00:00+03:00,17:00,46588.82,7950.67,12201.19,4738.01,3372.93,9447.69,4298.72,2608.84,101.77,943.11,198.72,277.75,768.89,0,0,-394.54,75.07
2026-07-01T18:00:00+03:00,18:00,48578.05,9064.14,14295.04,4805.22,3476.19,9238.0,4325.56,1315.57,99.47,963.2,203.12,273.36,806.61,0,0,-360.06,72.63
2026-07-01T19:00:00+03:00,19:00,49916.43,9303.58,15277.82,4858.83,4001.86,9872.73,4305.99,228.86,101.4,999.85,203.13,274.79,815.28,0,0,-401.79,74.1
2026-07-01T20:00:00+03:00,20:00,50720.41,9943.73,15666.78,4845.6,4215.32,9732.67,4117.73,66.07,101.63,1029.77,200.92,270.74,827.69,0,0,-368.9,70.66
2026-07-01T21:00:00+03:00,21:00,50878.37,10721.58,15865.08,4894.34,4238.22,9569.01,3469.02,7.75,101.77,1050.52,207.54,267.35,830.74,0,0,-413.72,69.17
2026-07-01T22:00:00+03:00,22:00,49197.2,9933.48,15720.98,4867.12,4087.18,9548.46,2855.61,0.01,88.52,1074.59,207.55,272.98,831.06,0,0,-359.09,68.75
2026-07-01T23:00:00+03:00,23:00,47199.58,9088.71,15009.0,4965.77,3959.57,9581.29,2424.07,3.41,87.51,1085.05,205.33,276.8,817.49,0,0,-373.46,69.04
2026-07-02T00:00:00+03:00,00:00,44742.04,8166.56,13872.11,4964.65,3662.61,9647.41,2181.79,0.84,87.04,1102.83,205.34,266.93,847.53,0,0,-331.96,68.36
2026-07-02T01:00:00+03:00,01:00,42085.34,7436.35,12378.58,4926.25,3511.22,9795.04,1794.74,0.91,86.41,1118.64,198.72,270.82,857.09,0,0,-360.34,70.91
2026-07-02T02:00:00+03:00,02:00,40617.49,7114.58,11500.91,4938.06,3360.57,9818.91,1593.66,3.17,86.91,1130.97,200.92,266.89,861.98,0,0,-330.53,70.49
2026-07-02T03:00:00+03:00,03:00,39207.32,6259.68,10793.74,4866.59,3381.76,9741.1,1849.43,5.34,85.83,1139.59,205.34,264.41,860.95,0,0,-316.51,70.07
2026-07-02T04:00:00+03:00,04:00,38389.15,5751.11,10041.31,4737.66,3350.28,9875.38,2232.97,4.94,86.64,1153.07,203.13,325.13,854.74,0,0,-303.39,76.18
2026-07-02T05:00:00+03:00,05:00,37158.74,5210.86,9053.52,4720.38,3295.88,9882.59,2418.08,78.98,89.8,1163.28,205.33,413.0,846.24,0,0,-302.92,83.72
2026-07-02T06:00:00+03:00,06:00,35788.4,4340.45,8104.57,4637.5,2966.93,9881.29,2475.77,869.87,83.93,1162.36,203.12,422.92,845.57,0,0,-287.37,81.49
2026-07-02T07:00:00+03:00,07:00,35092.62,3938.81,7555.57,4620.55,2706.61,9226.87,2359.16,2233.12,91.95,1137.92,203.13,429.96,832.02,0,0,-324.03,80.98
2026-07-02T08:00:00+03:00,08:00,37486.4,4421.61,8529.99,4662.6,2987.43,9241.29,2093.38,3052.06,88.62,1101.64,200.92,428.51,832.46,0,0,-237.75,83.64
2026-07-02T09:00:00+03:00,09:00,38105.61,5011.73,7954.7,4689.34,3105.03,9710.38,1748.54,3449.58,82.23,1052.68,200.92,438.51,829.6,0,0,-250.93,83.3
2026-07-02T10:00:00+03:00,10:00,37413.48,5284.23,7460.8,4655.62,2852.14,9414.54,1521.47,3748.39,88.0,1034.53,203.13,429.71,849.07,0,0,-206.91,78.76
2026-07-02T11:00:00+03:00,11:00,37365.24,5469.63,7100.54,4705.8,2728.87,9166.21,1784.99,3959.3,86.96,999.63,200.92,431.51,841.54,0,0,-192.23,81.57
2026-07-02T12:00:00+03:00,12:00,36259.55,5207.23,6751.81,4712.77,2454.25,8766.11,2074.16,3877.89,86.56,978.29,200.92,432.89,833.99,0,0,-196.59,79.27
2026-07-02T13:00:00+03:00,13:00,38202.06,5649.02,7646.39,4642.7,2637.63,8794.52,2503.68,3873.8,85.68,954.68,203.13,433.65,840.34,0,0,-138.63,75.47
2026-07-02T14:00:00+03:00,14:00,40555.85,6441.72,9081.36,4629.24,2695.86,8544.66,3018.51,3806.44,82.83,941.29,198.72,430.89,842.72,0,0,-233.73,75.34
2026-07-02T15:00:00+03:00,15:00,42478.07,6719.85,10402.64,4630.66,2633.18,8719.34,3667.65,3434.95,75.31,933.84,198.72,425.62,849.21,0,0,-291.17,78.27
2026-07-02T16:00:00+03:00,16:00,44978.8,7399.45,12194.87,4640.44,2840.04,9023.11,3590.45,3029.44,75.57,935.87,196.51,416.85,842.22,0,0,-282.79,76.77
2026-07-02T17:00:00+03:00,17:00,47523.72,8587.63,13138.12,4631.75,3274.82,9721.55,3590.06,2392.83,84.63,953.32,194.3,407.3,835.6,0,0,-363.9,75.71
2026-07-02T18:00:00+03:00,18:00,49113.52,9764.32,14510.86,4854.52,3232.04,9672.74,3680.29,1195.06,86.37,969.99,203.12,414.71,846.85,0,0,-393.04,75.69
2026-07-02T19:00:00+03:00,19:00,50357.09,10072.72,15145.77,4990.15,3794.45,9910.78,4004.26,219.32,102.21,990.85,200.92,419.43,849.19,0,0,-420.64,77.68
2026-07-02T20:00:00+03:00,20:00,51265.15,9775.44,15726.93,5084.72,4143.94,9936.8,4275.3,41.44,102.01,1016.7,198.72,421.83,855.59,0,0,-387.22,72.95
2026-07-02T21:00:00+03:00,21:00,50906.96,9597.54,15637.79,5196.38,4000.78,9936.63,4244.66,6.7,107.93,1027.23,203.12,420.95,860.76,0,0,-409.3,75.79
2026-07-02T22:00:00+03:00,22:00,49388.32,8980.84,14689.67,5194.58,3860.85,9912.2,4339.86,0.67,80.45,1050.05,200.92,433.31,867.14,0,0,-299.93,77.71
2026-07-02T23:00:00+03:00,23:00,46329.68,7867.13,14144.64,5114.89,3541.55,9161.94,4148.12,0.71,81.4,1061.65,200.92,423.12,843.67,0,0,-332.12,72.06
2026-07-03T00:00:00+03:00,00:00,44859.73,6844.21,13297.79,5019.64,3397.9,9924.0,3980.46,0.75,80.65,1103.25,198.72,421.78,814.92,0,0,-302.89,78.55
2026-07-03T01:00:00+03:00,01:00,42546.39,6345.91,11848.66,5030.88,3279.22,9944.71,3706.69,1.76,80.34,1113.81,196.51,427.56,829.42,0,0,-338.45,79.37
2026-07-03T02:00:00+03:00,02:00,40603.78,5763.5,10528.0,5078.98,3224.79,9950.38,3671.48,6.99,80.7,1127.26,196.51,434.66,827.3,0,0,-358.56,71.79
2026-07-03T03:00:00+03:00,03:00,39165.44,5296.12,9602.99,5177.86,3066.86,9924.98,3678.62,0.65,79.96,1139.62,200.4,425.31,823.15,0,0,-326.72,75.64
2026-07-03T04:00:00+03:00,04:00,38377.33,5144.06,9452.19,5198.42,3170.6,9422.89,3542.62,1.36,78.04,1144.59,200.92,421.37,814.91,0,0,-288.2,73.56
2026-07-03T05:00:00+03:00,05:00,37029.28,4567.57,8991.2,5276.53,3063.51,9223.38,3466.33,58.85,74.11,1142.7,196.5,413.54,808.04,0,0,-326.76,73.78
2026-07-03T06:00:00+03:00,06:00,35755.68,3608.12,8488.92,5148.41,2759.01,9234.33,3373.13,762.99,77.3,1145.17,198.72,417.38,797.43,0,0,-329.49,74.26
2026-07-03T07:00:00+03:00,07:00,33226.34,3226.33,7793.73,4512.8,2548.48,7876.91,3064.25,1917.12,83.11,1072.76,200.92,416.91,737.48,0,0,-298.63,74.17
2026-07-03T08:00:00+03:00,08:00,35857.76,4077.96,8654.45,4582.84,2819.57,8168.88,2549.06,2735.11,85.62,1044.11,198.71,423.94,688.87,0,0,-234.01,62.65
2026-07-03T09:00:00+03:00,09:00,35511.44,4422.28,8008.33,4566.11,2809.13,8459.79,2127.36,3022.71,85.06,981.11,200.92,416.28,634.39,0,0,-288.38,66.35
2026-07-03T10:00:00+03:00,10:00,33661.28,5445.28,7155.75,3688.52,2318.66,8017.83,2017.51,3013.39,36.76,921.41,196.51,341.56,544.33,0,0,-101.78,65.55
2026-07-03T11:00:00+03:00,11:00,19356.17,970.42,3652.5,2116.41,1554.05,6034.44,1123.95,2443.86,34.33,697.19,198.71,154.0,329.42,0,0,-20.0,66.89
2026-07-04T00:00:00+03:00,00:00,45109.93,6898.41,13322.28,5391.09,3673.57,9982.43,3443.54,0.76,78.29,1079.5,203.13,434.28,863.15,0,0,-334.34,73.84
2026-07-04T01:00:00+03:00,01:00,42778.62,6679.22,11351.35,5349.91,3617.76,9823.41,3702.46,0.76,77.82,1092.76,198.71,430.47,873.5,0,0,-492.32,72.81
2026-07-04T02:00:00+03:00,02:00,40918.01,6013.75,9812.02,5351.47,3511.9,9826.93,4115.41,4.85,78.26,1107.25,207.54,429.61,876.81,0,0,-492.49,74.7
2026-07-04T03:00:00+03:00,03:00,39541.15,4979.15,9175.89,5286.86,3377.38,9956.17,4471.28,0.77,77.74,1117.95,205.34,433.42,873.18,0,0,-486.47,72.49
2026-07-04T04:00:00+03:00,04:00,38446.85,3827.91,9124.75,5175.41,3340.99,9962.59,4659.77,4.93,77.82,1127.32,200.92,436.6,879.06,0,0,-442.38,71.16
2026-07-04T05:00:00+03:00,05:00,37046.2,3012.48,8369.27,5187.85,3227.93,9958.47,4906.3,48.45,75.04,1134.0,200.92,428.32,874.08,0,0,-447.21,70.3
2026-07-04T06:00:00+03:00,06:00,35298.49,2460.75,6952.84,5154.2,3056.28,9713.96,5036.71,551.35,72.26,1138.85,203.12,438.92,870.6,0,0,-421.18,69.83
2026-07-04T07:00:00+03:00,07:00,33864.39,2325.77,6359.54,5098.23,2831.61,8205.51,4871.76,1832.73,73.94,1122.77,203.13,439.68,874.99,0,0,-446.7,71.43
2026-07-04T08:00:00+03:00,08:00,34414.04,2491.34,6830.54,5141.36,2924.0,7396.84,4677.15,2552.42,70.26,1079.24,207.54,424.81,869.82,0,0,-321.53,70.25
2026-07-04T09:00:00+03:00,09:00,34229.2,2208.87,6236.56,5166.05,2901.06,7445.55,4682.79,2952.5,69.65,1056.9,205.34,437.68,863.52,0,0,-65.74,68.47
2026-07-04T10:00:00+03:00,10:00,33863.82,2372.77,6666.51,5135.11,2699.07,5926.48,4477.78,3484.92,72.15,1012.75,203.13,438.86,846.66,0,0,460.13,67.5
2026-07-04T11:00:00+03:00,11:00,33957.38,2246.8,6352.44,5059.95,2632.2,6600.43,4450.58,3521.31,85.44,992.92,207.54,429.82,852.77,0,0,455.02,70.16
2026-07-04T12:00:00+03:00,12:00,33263.06,2294.51,6165.86,4943.45,2397.68,6002.73,4801.88,3600.23,94.61,975.43,209.75,428.72,839.15,0,0,442.52,66.54
2026-07-04T13:00:00+03:00,13:00,34735.19,2277.17,6408.16,4821.24,2584.04,6316.74,5746.65,3552.52,88.42,968.21,207.54,433.41,853.36,0,0,404.68,73.05
2026-07-04T14:00:00+03:00,14:00,36493.01,2189.5,6450.95,4810.8,2664.94,7478.19,6620.16,3320.3,87.03,955.49,198.71,428.26,848.83,0,0,368.61,71.24
2026-07-04T15:00:00+03:00,15:00,37596.38,2269.49,7202.81,4846.4,2691.31,7803.17,6935.69,2884.09,92.34,940.58,183.25,433.07,862.36,0,0,385.76,66.06
2026-07-04T16:00:00+03:00,16:00,39237.48,2289.37,9060.83,4932.01,2817.44,7285.21,7380.79,2676.5,92.95,934.8,178.84,428.61,850.5,0,0,249.08,60.55
2026-07-04T17:00:00+03:00,17:00,41809.88,2300.02,11213.74,4935.76,2860.41,7869.29,7770.93,2033.0,93.75,943.53,183.25,428.77,862.59,0,0,251.56,63.28
2026-07-04T18:00:00+03:00,18:00,44918.97,2445.69,13348.2,4949.07,3188.27,9655.8,8113.59,989.52,92.09,955.02,176.64,419.41,871.18,0,0,-353.62,68.11
2026-07-04T19:00:00+03:00,19:00,46877.97,2879.66,14932.55,4981.49,3742.42,9965.7,8165.44,186.35,88.43,988.09,167.8,428.72,866.32,0,0,-579.44,64.44
2026-07-04T20:00:00+03:00,20:00,48526.66,3084.33,16031.01,5055.12,4127.07,9979.69,8107.58,83.39,89.18,1019.53,158.96,431.91,874.92,0,0,-584.54,68.51
2026-07-04T21:00:00+03:00,21:00,48288.23,3036.97,15974.78,5026.17,4093.1,9845.49,8205.95,10.66,89.09,1041.55,161.18,432.34,873.71,0,0,-571.58,68.82
2026-07-04T22:00:00+03:00,22:00,46590.98,2924.92,14740.93,4989.77,3809.85,9822.69,8153.99,0.78,82.04,1071.27,158.97,437.75,882.06,0,0,-555.73,71.69
2026-07-04T23:00:00+03:00,23:00,44218.17,2405.54,13262.55,5033.78,3582.9,9728.98,8046.54,0.76,87.82,1071.01,174.42,442.21,832.48,0,0,-520.28,69.46
2026-07-05T00:00:00+03:00,00:00,42128.73,2265.36,11344.26,5001.51,3494.01,9508.22,8276.79,0.01,90.27,1104.35,174.43,449.36,881.39,0,0,-531.06,69.83
2026-07-05T01:00:00+03:00,01:00,40117.06,2166.23,9909.73,4914.89,3287.88,9150.2,8504.78,0.01,84.21,1112.34,176.64,446.14,865.05,0,0,-571.78,70.74
2026-07-05T02:00:00+03:00,02:00,38271.9,2099.86,8160.37,4906.27,3087.46,8953.86,8873.93,0.01,79.59,1121.87,185.46,447.27,881.47,0,0,-590.33,64.81
2026-07-05T03:00:00+03:00,03:00,36859.31,1947.5,7688.72,4937.29,3016.24,8026.47,8990.34,0.01,79.2,1134.83,192.09,450.8,896.45,0,0,-566.24,65.61
2026-07-05T04:00:00+03:00,04:00,35792.6,1716.44,7524.26,5008.65,2885.61,7476.82,8912.6,1.72,79.38,1140.27,198.71,444.43,896.03,0,0,-555.45,63.13
2026-07-05T05:00:00+03:00,05:00,34197.72,1867.45,6352.1,5077.31,2755.64,6857.81,8984.6,56.29,83.94,1142.24,200.92,446.86,887.66,0,0,-578.71,63.61
2026-07-05T06:00:00+03:00,06:00,32048.66,1850.93,4858.46,4746.81,2931.82,5944.37,8663.37,701.68,88.78,1143.04,198.72,447.88,870.36,0,0,-466.87,69.31
2026-07-05T07:00:00+03:00,07:00,29477.28,1569.38,4855.82,4620.56,2062.51,4754.57,7522.87,1790.56,93.86,1129.38,205.33,445.52,855.48,0,0,-494.8,66.24
2026-07-05T08:00:00+03:00,08:00,26963.12,1548.26,4226.58,4452.38,1268.94,4489.95,6174.81,2342.42,92.43,1105.63,203.13,433.76,840.44,0,0,-288.08,72.47
2026-07-05T09:00:00+03:00,09:00,25283.21,1549.25,3295.8,4643.37,862.11,4328.84,4965.79,2508.83,93.53,1078.02,200.92,428.22,855.97,0,0,401.03,71.53
2026-07-05T10:00:00+03:00,10:00,24876.9,1676.15,3166.22,4742.87,787.5,4336.4,4347.24,2707.18,70.26,1033.83,200.92,425.97,858.82,0,0,452.9,70.64
2026-07-05T11:00:00+03:00,11:00,25490.45,1794.06,3388.51,4765.26,826.23,4329.38,4572.59,2736.74,78.82,1025.54,203.12,439.64,856.0,0,0,409.25,65.31
2026-07-05T12:00:00+03:00,12:00,26219.94,1807.62,3773.66,4733.15,862.41,4358.55,4793.41,2770.48,79.45,1008.97,203.13,436.23,872.71,0,0,455.56,64.61
2026-07-05T13:00:00+03:00,13:00,27946.29,1820.2,4263.47,4776.58,1018.17,4397.32,5704.6,2905.61,78.84,981.74,203.12,426.53,868.44,0,0,434.97,66.7
2026-07-05T14:00:00+03:00,14:00,29270.58,1812.48,4256.29,4808.77,1210.65,4391.1,6779.18,3013.12,82.44,940.39,203.13,427.33,880.5,0,0,398.52,66.68
2026-07-05T15:00:00+03:00,15:00,31174.89,1822.85,5909.26,4728.87,1256.48,4474.09,7260.1,2760.2,79.69,927.41,200.92,430.83,869.61,0,0,388.79,65.79
2026-07-05T16:00:00+03:00,16:00,33735.18,1827.77,7030.15,4697.94,2127.38,4505.4,7998.59,2564.71,79.42,956.19,205.33,433.64,877.42,0,0,366.03,65.21
2026-07-05T17:00:00+03:00,17:00,37025.71,1837.64,9191.03,4684.72,2596.56,5312.52,8672.73,1808.67,79.3,959.12,198.72,439.25,878.28,0,0,296.05,71.12
2026-07-05T18:00:00+03:00,18:00,40231.66,1855.85,11360.35,4818.39,3145.26,7315.56,9054.01,619.97,82.31,973.32,200.92,454.45,895.3,0,0,-614.43,70.4
2026-07-05T19:00:00+03:00,19:00,42273.91,1878.27,12749.89,4912.43,3449.16,8286.6,8881.09,99.13,88.18,995.93,203.13,457.64,889.01,0,0,-687.63,71.08
2026-07-05T20:00:00+03:00,20:00,44008.02,2177.91,13223.05,5081.33,3849.42,9113.58,8474.19,33.61,88.59,1025.25,205.34,441.57,886.18,0,0,-664.85,72.85
2026-07-05T21:00:00+03:00,21:00,44377.07,2349.12,13273.44,5161.22,3960.68,9105.86,8390.33,55.27,88.36,1060.76,205.33,455.19,891.78,0,0,-693.85,73.58
2026-07-05T22:00:00+03:00,22:00,43037.7,2276.31,12545.15,5168.33,3684.49,9061.87,8165.59,0.01,81.99,1084.59,205.33,465.45,896.54,0,0,-672.8,74.85
2026-07-05T23:00:00+03:00,23:00,41301.83,2257.1,11848.93,4891.59,3414.54,9072.12,7720.62,0.01,83.66,1056.89,205.34,449.99,873.29,0,0,-643.35,71.1
2026-07-06T00:00:00+03:00,00:00,40206.06,2413.61,10839.33,5049.74,3254.16,8898.97,7448.89,3.88,77.18,1105.65,205.33,455.92,910.3,0,0,-527.96,71.06
2026-07-06T01:00:00+03:00,01:00,38124.0,2161.68,9595.02,4960.86,3122.3,8438.91,7060.57,3.88,77.56,1125.48,200.92,453.37,898.8,0,0,-45.52,70.17
2026-07-06T02:00:00+03:00,02:00,36265.32,2235.28,8603.42,4856.47,3095.3,7819.03,6748.0,3.88,79.22,1138.07,203.12,452.26,911.03,0,0,49.41,70.83
2026-07-06T03:00:00+03:00,03:00,35346.24,2477.67,8386.16,4794.56,2858.01,7527.23,6544.69,3.88,78.16,1150.13,198.71,455.23,927.05,0,0,-123.27,68.03
2026-07-06T04:00:00+03:00,04:00,34648.94,2388.38,7387.48,4796.66,2910.09,7817.04,6609.5,5.08,45.85,1152.38,200.92,452.47,933.42,0,0,-121.73,71.4
2026-07-06T05:00:00+03:00,05:00,33532.0,2475.54,7145.91,4715.87,2759.47,6985.31,6656.52,57.28,82.59,1165.04,203.12,443.49,928.84,0,0,-159.53,72.55
2026-07-06T06:00:00+03:00,06:00,32348.21,2636.96,6342.92,4677.54,2529.57,6654.21,6313.35,611.36,81.79,1166.6,200.92,452.82,917.6,0,0,-309.22,71.79
2026-07-06T07:00:00+03:00,07:00,32424.8,2856.7,6191.03,4699.14,2322.65,6372.16,5588.53,1821.76,91.19,1149.63,203.12,448.92,922.77,0,0,-314.08,71.28
2026-07-06T08:00:00+03:00,08:00,35494.39,3024.84,6973.15,4722.96,2922.78,7008.63,5225.42,3018.12,80.63,1128.02,203.13,451.85,918.59,0,0,-254.13,70.4
2026-07-06T09:00:00+03:00,09:00,35485.51,2845.96,6555.15,4825.5,2788.25,7598.37,5053.81,3288.14,78.81,1101.29,200.92,458.0,881.09,0,0,-257.69,67.91
2026-07-06T10:00:00+03:00,10:00,34783.39,2896.28,6706.94,4785.51,2565.91,6499.67,5229.25,3530.55,79.34,1072.65,203.13,444.38,891.15,0,0,-189.3,67.93
2026-07-06T11:00:00+03:00,11:00,35104.77,2800.84,6563.37,4635.21,2486.39,6960.35,5591.7,3485.06,81.12,1047.89,198.72,446.72,913.76,0,0,-173.31,66.95
2026-07-06T12:00:00+03:00,12:00,34378.09,2869.87,6328.19,4657.25,2185.62,6636.18,5842.14,3311.82,78.9,1034.73,200.92,448.51,912.42,0,0,-197.35,68.89
2026-07-06T13:00:00+03:00,13:00,36340.59,3129.83,6991.14,4757.35,2457.9,6945.96,6068.04,3388.82,81.13,1020.53,198.72,434.65,924.66,0,0,-130.7,72.56
2026-07-06T14:00:00+03:00,14:00,38729.38,3360.43,7459.65,4927.68,2605.11,8187.75,6241.52,3245.98,80.81,1002.86,203.12,436.53,918.64,0,0,-13.4,72.7
2026-07-06T15:00:00+03:00,15:00,40262.74,3362.89,8933.93,4953.16,2704.24,8082.49,6567.48,3005.87,80.07,981.98,203.13,437.16,940.68,0,0,-61.43,71.09
2026-07-06T16:00:00+03:00,16:00,42476.78,3252.75,10552.56,5045.8,2777.42,8434.71,7051.33,2791.46,81.84,975.72,203.12,441.83,946.12,0,0,-148.05,70.17
2026-07-06T17:00:00+03:00,17:00,45141.8,3416.88,12401.93,5083.95,2884.47,8855.94,7510.01,2290.22,88.26,980.44,198.72,438.72,940.32,0,0,-18.71,70.65
2026-07-06T18:00:00+03:00,18:00,46728.63,4271.31,14718.75,5139.32,3201.1,8094.53,7454.61,1049.0,90.6,995.43,200.92,436.05,957.36,0,0,49.13,70.52
2026-07-06T19:00:00+03:00,19:00,47935.61,5271.62,14374.44,5128.58,3711.21,9240.74,7323.08,165.79,90.67,1012.86,203.13,441.36,962.38,0,0,-63.9,73.65
2026-07-06T20:00:00+03:00,20:00,49084.72,5623.44,15014.52,5143.75,4020.53,9377.28,7043.53,63.49,90.14,1042.87,205.33,441.35,941.71,0,0,4.94,71.84
2026-07-06T21:00:00+03:00,21:00,48819.74,5623.61,14662.07,5093.3,4127.64,9516.96,6980.4,4.53,90.36,1068.38,200.92,434.39,951.53,0,0,-8.8,74.45
2026-07-06T22:00:00+03:00,22:00,47047.51,4493.33,14147.22,5139.82,3702.25,9764.48,6903.77,4.43,83.51,1092.54,203.13,444.11,937.72,0,0,60.05,71.15
2026-07-06T23:00:00+03:00,23:00,44821.24,3718.36,13189.63,4783.08,3283.15,9987.24,6985.45,5.05,84.01,1100.22,198.72,448.68,933.7,0,0,32.63,71.32
2026-07-07T00:00:00+03:00,00:00,43084.32,3448.62,11415.25,5237.52,3384.89,9888.08,6774.55,0.02,88.94,1124.8,203.12,452.05,953.37,0,0,41.03,72.08
2026-07-07T01:00:00+03:00,01:00,40836.64,2977.99,9795.82,5233.09,3339.03,9888.0,6655.57,0.01,89.04,1138.4,198.71,438.43,965.8,0,0,46.61,70.14
2026-07-07T02:00:00+03:00,02:00,39197.18,2795.87,8594.21,5214.27,3260.69,9856.34,6531.44,0.02,88.08,1153.62,200.92,439.35,965.84,0,0,23.8,72.73
2026-07-07T03:00:00+03:00,03:00,37839.72,2572.71,7879.89,5150.58,3136.88,9872.0,6403.69,0.01,88.14,1162.61,203.12,445.97,954.95,0,0,-101.26,70.43
2026-07-07T04:00:00+03:00,04:00,36961.44,2532.07,7403.49,5164.62,2969.16,9876.0,6175.49,1.3,88.2,1174.76,198.71,441.77,957.98,0,0,-97.06,74.95
2026-07-07T05:00:00+03:00,05:00,35809.89,2484.88,6727.2,5153.13,2799.07,9671.05,6107.19,53.14,84.94,1184.24,203.13,444.28,964.63,0,0,-142.77,75.78
2026-07-07T06:00:00+03:00,06:00,34253.97,2358.11,5977.87,5145.32,2634.2,8964.52,6023.41,551.66,87.33,1176.74,198.72,434.56,950.18,0,0,-323.81,75.16
2026-07-07T07:00:00+03:00,07:00,33542.78,2342.92,6173.71,5182.57,2409.98,7456.05,5624.89,1782.23,75.31,1127.53,203.12,437.87,952.68,0,0,-296.75,70.67
2026-07-07T08:00:00+03:00,08:00,35813.5,2738.69,6323.17,5230.88,2726.43,8130.33,5167.78,2947.89,86.35,1106.76,200.92,447.45,911.18,0,0,-277.79,73.46
2026-07-07T09:00:00+03:00,09:00,35465.03,2666.09,6614.67,5246.31,2658.07,7539.24,5029.99,3240.86,82.59,1058.34,200.92,440.41,887.82,0,0,-274.15,73.87
2026-07-07T10:00:00+03:00,10:00,34550.29,2717.96,6355.67,5177.6,2558.68,6557.77,5079.56,3639.39,81.52,1043.5,200.92,433.64,885.01,0,0,-257.3,76.37
2026-07-07T11:00:00+03:00,11:00,34708.91,2695.89,5660.21,5110.29,2624.41,6968.32,5280.71,3888.92,82.71,988.52,203.12,431.77,881.55,0,0,-182.83,75.32
2026-07-07T12:00:00+03:00,12:00,33591.1,2828.76,5601.84,4930.4,2292.63,6236.11,5508.75,3694.14,82.35,979.15,200.92,430.38,875.74,0,0,-141.02,70.95
2026-07-07T13:00:00+03:00,13:00,35655.08,2888.93,6113.51,4901.85,2447.36,6693.59,5846.33,3756.84,82.07,976.92,205.33,436.21,872.48,0,0,367.35,66.31
2026-07-07T14:00:00+03:00,14:00,38486.23,2778.61,7549.29,4855.06,2583.15,8173.84,6192.15,3533.83,81.4,962.15,198.72,436.12,874.29,0,0,201.7,65.92
2026-07-07T15:00:00+03:00,15:00,40020.83,2716.0,8472.08,4899.16,2446.98,8957.03,6456.5,3161.14,82.65,945.59,200.92,435.13,885.95,0,0,292.82,68.88
2026-07-07T16:00:00+03:00,16:00,42598.18,3239.46,10781.69,4821.68,2789.25,9172.58,6590.09,2837.39,89.57,944.51,200.92,436.52,878.03,0,0,-249.63,66.12
2026-07-07T17:00:00+03:00,17:00,45231.27,3783.72,12345.77,4666.92,3105.26,9875.01,6661.16,2226.62,86.66,950.51,205.34,442.51,887.22,0,0,-73.25,67.82
2026-07-07T18:00:00+03:00,18:00,46986.81,4484.08,14408.29,4768.41,3052.9,9993.24,6723.36,905.93,90.76,963.19,205.34,445.61,879.12,0,0,-8.06,74.64
2026-07-07T19:00:00+03:00,19:00,48315.66,5838.66,14907.25,4824.54,3389.71,10008.61,6542.73,126.11,89.32,990.01,203.13,452.28,876.44,0,0,-6.34,73.21
2026-07-07T20:00:00+03:00,20:00,49686.84,6574.59,15163.05,4838.09,3935.25,9999.03,6400.42,44.78,87.94,1016.39,203.12,445.01,888.86,0,0,15.18,75.13
2026-07-07T21:00:00+03:00,21:00,49352.19,6577.33,15119.69,4593.13,3850.21,10013.51,6368.31,55.47,87.6,1053.04,203.12,459.56,899.14,0,0,-0.59,72.67
2026-07-07T22:00:00+03:00,22:00,47264.38,5853.04,14405.18,4621.32,3708.61,9996.46,5843.9,0.01,87.53,1076.18,203.12,460.23,895.11,0,0,37.05,76.64
2026-07-07T23:00:00+03:00,23:00,45599.24,5591.17,14013.31,4769.56,3210.06,9997.17,5242.93,0.01,86.6,1071.71,198.71,458.67,879.39,0,0,14.34,65.61
2026-07-08T00:00:00+03:00,00:00,43327.64,4511.25,12900.4,4813.16,3181.51,9989.23,5034.84,0.01,85.93,1116.27,187.67,461.63,909.91,0,0,61.0,74.83
2026-07-08T01:00:00+03:00,01:00,41016.05,3744.89,11429.16,4848.1,3214.17,10001.57,4865.96,0.01,85.79,1134.03,200.92,464.5,909.13,0,0,44.52,73.3
2026-07-08T02:00:00+03:00,02:00,39260.51,3757.69,9724.8,4825.24,3213.29,9977.9,4820.69,0.01,86.05,1151.63,207.54,457.88,904.15,0,0,59.79,73.85
2026-07-08T03:00:00+03:00,03:00,38155.57,3818.59,8978.72,4694.2,3129.34,9972.66,4799.1,0.01,85.58,1168.68,205.34,443.99,907.23,0,0,-121.34,73.47
2026-07-08T04:00:00+03:00,04:00,37132.33,3414.4,8590.1,4765.95,2909.44,9986.91,4680.9,1.59,79.6,1183.11,205.33,458.59,897.02,0,0,-112.59,71.98
2026-07-08T05:00:00+03:00,05:00,36045.35,3188.69,8352.12,4656.72,2657.45,9983.99,4406.46,65.18,78.87,1192.72,205.34,450.44,870.02,0,0,-137.83,75.18
2026-07-08T06:00:00+03:00,06:00,34573.16,3042.24,7194.4,4578.77,2519.16,9833.38,4088.11,743.11,79.0,1197.02,203.13,448.78,882.18,0,0,-310.42,74.3
2026-07-08T07:00:00+03:00,07:00,33696.27,2850.08,6749.55,4779.77,2458.97,8669.09,3606.48,2052.73,79.93,1174.98,183.25,445.27,877.71,0,0,-305.66,74.12
2026-07-08T08:00:00+03:00,08:00,36071.8,3417.15,6937.36,5059.06,2716.2,9369.61,2967.53,3115.6,79.28,1124.96,203.12,444.9,873.65,0,0,-312.02,75.4
2026-07-08T09:00:00+03:00,09:00,35787.87,3492.79,6977.19,4972.88,2628.0,9164.87,2515.62,3579.81,80.6,1100.62,198.71,427.94,875.4,0,0,-302.51,75.95
2026-07-08T10:00:00+03:00,10:00,34833.16,3456.72,7036.66,5094.27,2453.35,8122.02,2287.81,3922.32,80.28,1066.64,185.46,448.71,857.35,0,0,-253.12,74.69
2026-07-08T11:00:00+03:00,11:00,34782.8,3295.66,6824.27,5224.79,2469.52,8323.49,2256.94,3991.87,79.72,1034.49,183.25,454.52,863.75,0,0,-289.83,70.36
2026-07-08T12:00:00+03:00,12:00,33637.28,3409.59,7045.54,5258.88,2186.13,7253.29,2414.6,3582.18,78.26,1008.31,181.04,454.59,869.41,0,0,-178.5,73.96
2026-07-08T13:00:00+03:00,13:00,35235.93,3503.49,7780.73,5280.05,2408.08,7671.47,2425.32,3592.76,83.81,988.09,187.67,449.97,869.88,0,0,-77.72,72.33
2026-07-08T14:00:00+03:00,14:00,37983.74,3994.13,8270.68,5455.64,2485.23,9040.1,2560.38,3620.72,75.23,953.39,192.09,447.59,878.03,0,0,-64.29,74.82
2026-07-08T15:00:00+03:00,15:00,39580.18,4363.5,9382.24,5497.4,2369.5,9238.82,2712.91,3508.61,89.14,934.34,183.25,445.29,878.61,0,0,-95.11,71.68
2026-07-08T16:00:00+03:00,16:00,42296.46,5490.33,11026.71,5521.87,2566.1,9303.4,2845.66,3207.08,89.17,936.05,181.04,445.83,881.6,0,0,-268.94,70.56
2026-07-08T17:00:00+03:00,17:00,45325.17,6297.7,13111.98,5491.24,2803.35,9792.64,2734.32,2497.55,89.13,953.62,181.05,438.75,890.43,0,0,-28.51,71.92
2026-07-08T18:00:00+03:00,18:00,47146.23,7895.95,14319.17,5375.07,3010.28,9990.91,2745.15,1171.95,91.28,966.4,203.13,440.73,885.05,0,0,-21.06,72.22
2026-07-08T19:00:00+03:00,19:00,48957.61,8824.75,15614.26,5339.33,3555.61,10034.26,2704.85,199.3,99.78,984.9,200.92,447.32,894.37,0,0,-11.47,69.43
2026-07-08T20:00:00+03:00,20:00,50567.73,9112.06,16774.07,5218.64,4033.53,10012.3,2642.72,14.94,101.37,1002.05,200.92,441.79,906.82,0,0,35.35,71.17
2026-07-08T21:00:00+03:00,21:00,50333.33,9009.2,16792.47,5216.69,3933.52,9991.85,2564.22,61.71,101.55,1035.46,198.72,446.24,905.13,0,0,4.45,72.12
2026-07-08T22:00:00+03:00,22:00,48557.79,8829.75,15308.3,5240.98,3711.77,10047.73,2595.45,1.01,88.79,1078.75,200.92,428.81,909.93,0,0,35.7,79.9
2026-07-08T23:00:00+03:00,23:00,45913.35,8002.27,14092.94,4977.54,3452.99,10044.08,2542.26,0.1,87.98,1100.6,203.13,396.77,904.23,0,0,32.8,75.66
2026-07-09T00:00:00+03:00,00:00,44001.9,7837.49,12344.23,5236.81,3189.05,10025.18,2551.79,0.01,87.2,1117.36,203.12,377.76,904.9,0,0,49.99,77.01
2026-07-09T01:00:00+03:00,01:00,41892.89,7924.0,10197.94,5302.71,3066.93,10048.65,2612.74,0.01,86.73,1138.44,200.92,313.51,902.42,0,0,22.46,75.43
2026-07-09T02:00:00+03:00,02:00,39979.67,6888.5,9285.78,5418.42,2863.53,9997.22,2749.93,0.01,86.5,1153.78,203.12,296.61,905.73,0,0,59.23,71.31
2026-07-09T03:00:00+03:00,03:00,39005.34,6611.47,8745.15,5441.26,2861.44,9985.56,2756.67,0.01,86.71,1170.05,203.13,289.47,917.67,0,0,-134.4,71.15
2026-07-09T04:00:00+03:00,04:00,38045.09,5777.2,8366.82,5447.69,2904.08,9983.39,2952.33,1.54,86.16,1192.09,200.92,287.61,895.9,0,0,-122.3,71.66
2026-07-09T05:00:00+03:00,05:00,36912.33,4704.7,8073.35,5465.03,2895.38,9985.61,3060.85,62.92,84.56,1204.38,203.13,364.05,887.86,0,0,-153.13,73.64
2026-07-09T06:00:00+03:00,06:00,35244.27,3886.99,6850.5,5499.54,2724.75,9893.18,3096.3,738.73,81.82,1196.61,205.34,430.98,887.88,0,0,-321.54,73.19
2026-07-09T07:00:00+03:00,07:00,34655.74,3672.2,6306.22,5440.96,2334.36,9380.93,2848.49,2137.92,81.41,1181.85,183.25,442.01,882.56,0,0,-306.67,70.25
2026-07-09T08:00:00+03:00,08:00,37043.84,4017.15,7034.56,5467.3,2554.85,9555.13,2950.51,2964.77,78.88,1148.52,181.04,448.59,871.67,0,0,-299.39,70.26
2026-07-09T09:00:00+03:00,09:00,36826.68,3539.97,6849.73,5454.78,2431.21,9449.86,3139.5,3472.1,80.4,1114.1,181.04,449.21,872.66,0,0,-282.03,74.15
2026-07-09T10:00:00+03:00,10:00,35923.84,3428.39,7023.47,5186.84,2359.01,8538.11,3251.88,3646.9,79.98,1074.2,176.64,452.89,857.13,0,0,-224.85,73.25
2026-07-09T11:00:00+03:00,11:00,36050.71,3517.77,7237.09,5003.99,2294.1,8418.66,3309.49,3823.33,79.7,1032.77,178.84,452.43,872.4,0,0,-241.22,71.36
2026-07-09T12:00:00+03:00,12:00,34996.04,3501.76,7123.38,5034.67,2135.49,7789.0,3442.72,3555.16,78.75,1007.18,176.63,454.65,881.76,0,0,-255.25,70.14
2026-07-09T13:00:00+03:00,13:00,37069.83,3736.3,7520.81,5025.09,2341.04,8823.93,3480.05,3671.99,89.37,986.5,185.46,447.63,883.03,0,0,-191.51,70.14
2026-07-09T14:00:00+03:00,14:00,39561.55,4303.44,8434.26,4977.34,2690.14,9673.4,3437.14,3524.39,89.52,973.38,200.92,456.04,873.64,0,0,-144.18,72.12
2026-07-09T15:00:00+03:00,15:00,41099.35,5236.5,9096.84,5043.19,2626.42,9743.76,3269.47,3336.96,88.53,970.73,200.92,556.72,892.36,0,0,-31.38,68.33
2026-07-09T16:00:00+03:00,16:00,42718.07,6297.7,10403.85,5018.49,2683.87,9809.67,2865.22,3074.12,87.05,970.98,178.84,574.04,867.17,0,0,-174.78,61.85
2026-07-09T17:00:00+03:00,17:00,45251.67,7229.98,12636.04,4932.29,2788.03,9848.62,2706.62,2328.05,88.86,986.85,178.84,564.08,910.85,0,0,-13.06,65.62
2026-07-09T18:00:00+03:00,18:00,46962.04,8413.55,13875.77,5094.54,3049.37,9966.49,2763.75,964.52,86.94,1006.42,185.47,567.65,917.21,0,0,2.5,67.86
2026-07-09T19:00:00+03:00,19:00,48176.91,9161.28,14745.05,5150.58,3401.26,10019.94,2638.8,146.93,85.93,1030.13,200.92,572.92,925.03,0,0,28.74,69.4
2026-07-09T20:00:00+03:00,20:00,49852.14,10064.34,15259.29,5178.29,3867.93,9989.28,2501.11,68.25,87.57,1054.67,203.13,581.22,919.09,0,0,11.79,66.18
2026-07-09T21:00:00+03:00,21:00,49591.03,9876.2,15416.16,5166.95,3921.63,9956.2,2290.86,20.25,88.16,1076.79,205.33,571.82,915.78,0,0,18.41,66.49
2026-07-09T22:00:00+03:00,22:00,47903.38,9438.87,14474.99,5128.07,3626.98,9956.43,2250.0,2.81,88.82,1095.35,207.54,580.23,923.69,0,0,65.43,64.17
2026-07-09T23:00:00+03:00,23:00,45537.37,8211.37,13537.66,5141.88,3246.46,9948.14,2431.59,1.69,85.7,1113.55,203.13,597.84,927.0,0,0,21.17,70.19
2026-07-10T00:00:00+03:00,00:00,43782.03,7419.86,12169.03,5254.12,2969.05,9959.16,2882.7,0.01,87.73,1141.47,183.26,612.87,967.29,0,0,54.35,81.13
2026-07-10T01:00:00+03:00,01:00,41636.41,6832.78,10670.61,5316.24,2895.53,9971.53,2810.94,0.5,86.87,1152.59,200.92,600.45,970.7,0,0,47.16,79.59
2026-07-10T02:00:00+03:00,02:00,39769.9,6521.04,9109.99,5347.99,2822.52,9957.26,2854.3,0.01,86.52,1166.65,205.34,587.43,965.25,0,0,68.8,76.8
2026-07-10T03:00:00+03:00,03:00,38539.19,5816.54,8790.27,5310.59,2709.05,9937.99,2983.22,0.02,85.8,1173.5,185.46,593.63,972.42,0,0,-98.71,79.41
2026-07-10T04:00:00+03:00,04:00,37653.57,5077.78,8458.72,5310.26,2890.04,9939.84,2972.45,0.45,86.42,1181.67,181.04,587.24,967.26,0,0,-76.82,77.22
2026-07-10T05:00:00+03:00,05:00,36363.68,4516.25,8165.92,5371.02,2731.02,9946.06,2789.69,48.59,89.35,1187.2,205.33,596.52,943.02,0,0,-300.88,74.59
2026-07-10T06:00:00+03:00,06:00,35073.35,3678.1,7447.01,5413.12,2506.75,9929.57,2645.5,665.41,77.22,1202.69,205.34,590.06,921.55,0,0,-285.97,77.0
2026-07-10T07:00:00+03:00,07:00,34600.6,3138.02,6890.15,5457.56,2346.84,9648.31,2350.39,1981.57,86.76,1181.3,205.33,580.09,922.29,0,0,-260.72,72.71
2026-07-10T08:00:00+03:00,08:00,37116.13,3592.93,8110.28,5400.39,2662.66,9812.23,1799.86,2929.84,86.09,1147.32,203.13,584.09,916.63,0,0,-206.16,76.84
2026-07-10T09:00:00+03:00,09:00,36783.27,3905.63,7436.71,5404.99,2597.45,9781.89,1506.83,3437.58,80.79,1107.19,198.71,546.73,899.57,0,0,-194.76,73.96
2026-07-10T10:00:00+03:00,10:00,35772.96,3676.44,7079.8,5294.79,2356.89,9460.6,1586.65,3750.82,81.56,1079.29,183.25,447.69,868.15,0,0,-164.46,71.49
2026-07-10T11:00:00+03:00,11:00,35552.16,4009.1,7046.01,5262.43,2268.45,8830.61,1893.61,3713.5,83.99,1050.38,178.84,452.67,882.13,0,0,-190.89,71.33
2026-07-10T12:00:00+03:00,12:00,33996.08,3608.87,6897.55,5151.12,2067.18,7991.54,2044.05,3763.44,81.47,1019.69,178.84,458.63,872.49,0,0,-206.82,68.03
2026-07-10T13:00:00+03:00,13:00,34441.05,3661.69,7050.94,5119.17,2141.69,8108.63,2128.72,3730.62,84.92,1000.49,181.05,451.12,880.52,0,0,-168.65,70.14
2026-07-10T14:00:00+03:00,14:00,38286.14,3730.39,8356.99,5222.55,2361.19,9574.01,2349.99,3705.85,88.41,983.97,196.5,445.21,880.91,0,0,320.11,70.06
2026-07-10T15:00:00+03:00,15:00,40456.62,4122.04,9798.92,5220.66,2336.43,9944.29,2573.3,3442.14,86.15,985.03,185.46,455.75,906.1,0,0,330.47,69.88
2026-07-10T16:00:00+03:00,16:00,42801.07,4892.48,11465.6,5058.43,2586.36,9977.04,2896.29,3023.24,88.24,966.64,178.84,446.7,920.3,0,0,226.03,74.88
2026-07-10T17:00:00+03:00,17:00,45169.3,6082.11,12919.8,5091.61,2743.69,9953.52,3154.95,2423.4,90.37,976.04,181.04,451.91,939.58,0,0,92.3,68.98
2026-07-10T18:00:00+03:00,18:00,46818.53,7138.22,14139.27,5193.39,2910.17,10001.17,3447.84,1157.19,83.18,980.53,185.46,505.21,933.46,0,0,76.71,66.73
2026-07-10T19:00:00+03:00,19:00,48379.77,8815.51,14329.76,5191.98,3337.46,10022.27,3608.72,185.37,85.95,991.4,181.04,585.77,943.42,0,0,33.72,67.4
2026-07-10T20:00:00+03:00,20:00,49884.44,9315.91,14512.71,5263.92,3805.75,10022.44,3950.02,80.43,87.12,1035.68,178.84,580.72,922.49,0,0,58.89,69.52
2026-07-10T21:00:00+03:00,21:00,49258.84,9269.33,14195.47,4909.29,3779.9,10027.89,4189.19,0.05,86.16,1070.64,181.04,585.23,908.4,0,0,-15.55,71.8
2026-07-10T22:00:00+03:00,22:00,47543.62,8082.15,13840.65,5150.16,3312.05,10014.56,4135.29,0.01,86.75,1092.16,178.84,588.87,914.74,0,0,70.32,77.07
2026-07-10T23:00:00+03:00,23:00,46001.89,7489.86,13345.13,5202.64,3112.12,10031.91,3877.58,0.01,86.18,1109.68,181.05,584.04,871.85,0,0,37.09,72.75
2026-07-11T00:00:00+03:00,00:00,43739.53,6940.2,11689.52,5108.5,3116.55,10003.91,3854.49,0.91,87.53,1122.99,178.84,579.71,939.41,0,0,43.13,73.84
2026-07-11T01:00:00+03:00,01:00,41497.18,6678.58,10125.8,5010.12,2881.52,10016.58,3835.78,0.93,87.09,1137.99,181.04,589.84,948.7,0,0,-76.57,79.78
2026-07-11T02:00:00+03:00,02:00,39834.37,6414.87,8881.58,5001.53,2821.26,10033.43,3782.63,0.91,87.69,1152.94,181.04,593.74,952.32,0,0,-146.69,77.12
2026-07-11T03:00:00+03:00,03:00,38520.48,5646.42,8562.61,5014.73,2803.32,10011.31,3734.7,0.95,87.46,1165.11,181.04,592.95,945.61,0,0,-300.75,75.02
2026-07-11T04:00:00+03:00,04:00,37499.28,4645.45,8252.54,5029.0,3045.05,10018.38,3717.98,1.62,86.47,1174.04,183.25,597.06,940.11,0,0,-265.16,73.49
2026-07-11T05:00:00+03:00,05:00,36096.73,3563.0,8022.38,5052.64,2900.3,10030.25,3741.04,47.38,81.12,1181.84,178.84,590.5,928.63,0,0,-300.29,79.1
2026-07-11T06:00:00+03:00,06:00,34352.78,2495.2,7390.0,5113.36,2733.86,9701.45,3703.47,661.03,78.05,1189.03,181.05,573.96,914.62,0,0,-451.68,69.38
2026-07-11T07:00:00+03:00,07:00,32472.6,2359.34,6907.95,5090.13,2274.31,7921.6,3500.69,2016.86,82.25,1168.4,181.04,561.14,880.65,0,0,-540.71,68.95
2026-07-11T08:00:00+03:00,08:00,32798.81,2517.67,7282.71,5057.06,2394.3,6889.22,3113.41,3023.19,78.54,1129.5,178.84,568.84,885.82,0,0,-389.28,68.99
2026-07-11T09:00:00+03:00,09:00,32410.09,2767.34,7165.55,5059.93,2302.16,6266.7,2890.86,3482.11,78.4,1090.75,178.84,561.42,872.07,0,0,-383.14,77.1
2026-07-11T10:00:00+03:00,10:00,31870.91,2804.89,7037.94,5052.82,2227.15,5450.75,3061.1,3662.86,84.94,1058.27,174.43,507.19,864.91,0,0,-197.85,81.51
2026-07-11T11:00:00+03:00,11:00,31614.93,2704.71,6828.04,5004.82,2103.67,4901.66,3282.54,3761.99,80.47,1032.56,176.63,434.25,847.67,0,0,373.11,82.81
2026-07-11T12:00:00+03:00,12:00,31029.06,2591.17,6693.03,4988.19,1815.96,4909.95,3226.65,3808.85,80.04,1003.46,176.64,432.45,844.23,0,0,374.16,84.28
2026-07-11T13:00:00+03:00,13:00,32091.69,2711.91,7646.08,4960.33,1807.63,4864.7,3398.08,3686.27,79.03,984.45,183.25,438.18,839.71,0,0,409.65,82.42
2026-07-11T14:00:00+03:00,14:00,33577.01,2893.09,8539.87,5004.14,1879.38,5255.74,3625.76,3422.13,89.19,966.86,176.64,428.65,843.22,0,0,367.19,85.15
2026-07-11T15:00:00+03:00,15:00,34982.35,2756.26,9352.76,5007.63,1877.58,5889.28,3976.89,3191.65,81.74,958.1,183.25,427.7,842.68,0,0,353.2,83.63
2026-07-11T16:00:00+03:00,16:00,37321.11,2638.76,10296.66,5121.54,2198.66,6859.88,4308.44,2864.33,80.36,954.85,181.05,542.05,878.66,0,0,313.38,82.49
2026-07-11T17:00:00+03:00,17:00,40906.84,3087.85,12456.67,5170.86,2449.06,7863.74,4614.44,2134.6,89.0,949.35,181.04,577.97,882.63,0,0,366.3,83.33
2026-07-11T18:00:00+03:00,18:00,44694.08,4666.23,13671.35,4876.75,2956.55,9865.08,5033.44,996.78,85.03,955.85,178.84,573.55,882.62,0,0,-134.52,86.53
2026-07-11T19:00:00+03:00,19:00,46937.86,6136.2,14550.47,4695.45,3333.72,10042.89,5366.74,171.93,87.43,980.31,183.25,573.32,890.7,0,0,-162.74,88.19
2026-07-11T20:00:00+03:00,20:00,48740.68,5976.51,16138.65,4812.43,3613.44,10035.45,5385.93,69.44,87.9,1018.84,181.04,588.77,890.51,0,0,-142.88,84.65
2026-07-11T21:00:00+03:00,21:00,48248.15,6161.22,15632.34,4728.65,3602.92,10012.32,5398.82,0.04,88.28,1050.92,181.05,585.05,890.4,0,0,-169.7,85.84
2026-07-11T22:00:00+03:00,22:00,46610.51,6164.48,14223.42,4810.51,3285.4,10042.21,5347.2,0.01,88.3,1079.05,183.25,582.71,868.02,0,0,-152.13,88.08
2026-07-11T23:00:00+03:00,23:00,44482.96,5096.34,13596.5,4842.6,3050.01,10011.64,5161.5,0.01,87.16,1048.33,183.25,595.23,866.9,0,0,-143.5,86.99
2026-07-12T00:00:00+03:00,00:00,42481.46,4516.26,12162.49,4971.5,2914.56,9967.58,5167.17,0.84,87.8,1116.99,178.84,594.42,915.27,0,0,-198.13,85.87
2026-07-12T01:00:00+03:00,01:00,40196.11,4382.98,10433.64,5156.19,2772.09,9952.9,5116.77,0.8,86.79,1135.1,178.84,591.86,920.79,0,0,-620.38,87.74
2026-07-12T02:00:00+03:00,02:00,38344.71,3961.62,8993.78,5200.18,2732.13,9938.87,5120.3,0.81,86.61,1141.74,178.84,595.31,925.69,0,0,-615.12,83.95
2026-07-12T03:00:00+03:00,03:00,37036.59,3397.96,8450.48,5222.04,2686.69,9858.56,4977.78,0.85,86.26,1172.18,181.05,587.54,921.46,0,0,-592.08,85.82
2026-07-12T04:00:00+03:00,04:00,35905.24,2967.02,7774.71,5242.59,2665.58,9852.95,4941.61,2.81,80.93,1188.86,178.84,588.77,916.97,0,0,-583.55,87.15
2026-07-12T05:00:00+03:00,05:00,34440.98,2364.82,7017.08,5270.16,2507.96,9728.95,5044.66,51.43,86.0,1194.71,185.46,595.58,903.07,0,0,-595.17,86.27
2026-07-12T06:00:00+03:00,06:00,31974.21,2206.08,6300.08,5167.46,2460.66,7534.86,5136.27,707.92,80.13,1198.82,178.84,591.15,912.29,0,0,-580.41,80.06
2026-07-12T07:00:00+03:00,07:00,28928.11,2075.06,5397.41,4876.57,2078.74,5252.39,4746.9,2067.4,80.38,1169.94,181.05,557.52,913.86,0,0,-548.25,79.14
2026-07-12T08:00:00+03:00,08:00,26216.31,2059.34,4872.53,4774.03,1052.56,4527.33,3636.08,2852.46,79.81,1130.31,178.84,551.24,874.67,0,0,-453.74,80.85
2026-07-12T09:00:00+03:00,09:00,24463.3,1902.08,4579.96,4746.2,870.67,4402.32,2713.25,2884.82,79.5,1092.63,172.22,560.02,869.87,0,0,-494.68,84.44
2026-07-12T10:00:00+03:00,10:00,23965.15,1936.32,3772.97,4789.99,712.23,4429.62,2275.65,3021.23,79.25,1054.13,178.84,563.7,868.92,0,0,199.17,83.13
2026-07-12T11:00:00+03:00,11:00,24039.55,1926.92,3361.13,4801.03,773.95,4448.56,2585.19,3092.81,78.81,1020.71,178.84,561.72,862.54,0,0,263.18,84.16
2026-07-12T12:00:00+03:00,12:00,24201.49,2012.1,3411.05,4917.94,762.67,4435.32,2590.16,3131.88,79.07,987.7,178.84,555.67,847.91,0,0,214.43,76.75
2026-07-12T13:00:00+03:00,13:00,25319.5,2030.13,3521.41,5051.0,948.74,4471.17,2921.57,3340.0,77.73,964.7,181.05,554.62,842.06,0,0,337.25,78.07
2026-07-12T14:00:00+03:00,14:00,26828.61,2010.98,4261.91,5123.32,1086.24,4480.44,3510.74,3389.7,77.17,944.46,178.84,548.7,842.8,0,0,292.99,80.32
2026-07-12T15:00:00+03:00,15:00,28896.27,2146.05,5773.89,5172.57,1098.08,4567.29,3900.08,3279.44,79.29,931.18,176.64,552.84,836.7,0,0,302.15,80.07
2026-07-12T16:00:00+03:00,16:00,31999.41,2155.8,7368.7,5270.63,1804.06,4784.66,4565.91,3132.6,66.53,926.14,181.04,554.52,839.52,0,0,270.38,78.92
2026-07-12T17:00:00+03:00,17:00,36183.35,2085.79,9501.08,5483.48,2204.64,6200.23,5349.47,2496.61,84.6,933.42,176.63,563.68,872.12,0,0,155.24,76.36
2026-07-12T18:00:00+03:00,18:00,41130.44,2996.13,11487.95,5792.42,2800.43,8936.76,5695.86,1266.34,85.36,949.34,181.04,586.64,888.36,0,0,-613.45,77.26
2026-07-12T19:00:00+03:00,19:00,43985.2,4319.24,12843.75,5773.34,3070.58,9885.26,5783.08,209.0,85.41,977.88,181.04,579.95,890.37,0,0,-683.25,69.55
2026-07-12T20:00:00+03:00,20:00,46051.08,5174.63,13631.4,5716.47,3495.32,9909.64,5970.92,42.38,86.09,1007.21,176.63,545.3,895.61,0,0,-672.99,72.47
2026-07-12T21:00:00+03:00,21:00,46351.71,5155.93,13875.25,5710.18,3530.7,10000.02,5876.09,58.76,86.57,1043.28,178.84,549.08,899.41,0,0,-687.22,74.82
2026-07-12T22:00:00+03:00,22:00,44965.11,4956.93,13396.04,5733.61,3227.54,9999.64,5400.77,0.81,87.57,1065.57,181.05,592.36,892.19,0,0,-644.75,75.78
2026-07-12T23:00:00+03:00,23:00,43321.42,4060.11,13336.9,5740.62,3093.86,9961.2,4864.37,0.01,87.82,1083.07,176.64,578.76,885.69,0,0,-623.88,76.25
2026-07-13T00:00:00+03:00,00:00,41433.67,3057.8,12804.57,5785.3,3079.16,9919.2,4431.94,1.07,87.99,1110.86,178.84,581.36,916.48,0,0,-603.51,82.61
2026-07-13T01:00:00+03:00,01:00,39248.17,2903.79,10703.24,5800.3,2947.9,9929.55,4030.94,1.07,87.13,1120.72,181.04,584.45,907.71,0,0,-33.65,83.98
2026-07-13T02:00:00+03:00,02:00,37638.99,2876.81,9285.63,5830.95,2829.97,9930.37,3875.62,1.07,86.75,1137.7,176.63,578.14,900.16,0,0,44.33,84.86
2026-07-13T03:00:00+03:00,03:00,36388.5,2640.08,8428.77,5782.3,2819.94,9873.79,3978.53,1.1,86.18,1157.77,181.04,587.49,906.9,0,0,-139.39,84.0
2026-07-13T04:00:00+03:00,04:00,35442.48,2275.55,7718.38,5800.27,2617.22,9686.9,4449.69,2.13,86.33,1174.65,181.05,588.26,912.42,0,0,-134.35,83.98
2026-07-13T05:00:00+03:00,05:00,34324.0,2609.65,7510.35,5772.66,2408.81,8295.89,4843.96,47.44,80.89,1186.99,181.05,574.12,908.06,0,0,-180.12,84.25
2026-07-13T06:00:00+03:00,06:00,33135.17,2907.37,7235.82,5514.58,2197.72,6959.67,4964.92,717.3,80.89,1196.21,178.84,552.62,899.39,0,0,-353.71,83.55
2026-07-13T07:00:00+03:00,07:00,32970.22,2850.07,7165.21,5480.72,2049.68,6159.53,4538.85,2104.59,81.07,1174.37,181.04,543.54,897.83,0,0,-339.47,83.19
2026-07-13T08:00:00+03:00,08:00,36404.87,2925.0,8253.94,5580.93,2293.76,7723.87,4020.96,2986.89,79.02,1135.16,181.04,535.12,886.11,0,0,-279.67,82.74
2026-07-13T09:00:00+03:00,09:00,36753.97,2721.34,7754.31,5512.7,2411.77,8734.74,3583.43,3461.87,79.27,1073.27,176.64,549.55,887.12,0,0,-275.58,83.54
2026-07-13T10:00:00+03:00,10:00,35959.0,2864.0,7980.43,5407.51,2201.19,7709.94,3295.33,3706.63,80.57,1026.58,178.84,553.08,874.21,0,0,-4.14,84.83
2026-07-13T11:00:00+03:00,11:00,36238.37,3042.61,7763.02,5390.91,2260.47,7836.78,3407.02,3897.15,80.75,997.67,178.84,551.51,872.5,0,0,-127.74,86.88
2026-07-13T12:00:00+03:00,12:00,34979.53,2968.6,7561.77,5485.23,1995.35,7176.35,3541.89,3769.25,80.53,967.12,178.84,543.37,867.44,0,0,-240.68,84.47
2026-07-13T13:00:00+03:00,13:00,36904.11,3098.19,8512.68,5450.7,2177.39,7628.39,3679.9,3892.48,79.21,944.88,183.25,546.69,876.25,0,0,-248.72,82.82
2026-07-13T14:00:00+03:00,14:00,39182.45,3376.03,8552.14,5571.51,2321.95,9122.03,4014.1,3718.24,78.26,929.94,183.25,565.05,890.81,0,0,-225.2,84.34
2026-07-13T15:00:00+03:00,15:00,40804.07,3952.8,9896.4,5639.16,2202.46,8937.64,4253.4,3455.0,82.6,921.16,181.04,570.5,877.02,0,0,-246.52,81.41
2026-07-13T16:00:00+03:00,16:00,43350.17,4695.85,11089.14,5609.51,2509.43,9147.61,4746.28,3180.79,84.58,928.13,181.05,577.12,893.62,0,0,-377.45,84.51
2026-07-13T17:00:00+03:00,17:00,46401.25,5845.01,12517.3,5651.64,2674.5,9345.13,5157.22,2498.81,84.97,934.69,178.84,580.66,895.15,0,0,-47.38,84.71
2026-07-13T18:00:00+03:00,18:00,48519.4,5873.32,14741.01,5711.32,2879.83,9974.34,5383.75,1196.14,82.44,947.43,176.64,571.63,896.28,0,0,3.73,81.54
2026-07-13T19:00:00+03:00,19:00,50036.04,7201.07,15094.31,5751.85,3386.33,10053.59,5564.18,191.34,87.19,970.51,183.25,575.22,901.07,0,0,-5.9,82.03
2026-07-13T20:00:00+03:00,20:00,51712.87,7141.54,16624.75,5744.41,3678.7,10042.98,5571.15,82.4,88.34,998.33,176.64,575.86,897.89,0,0,9.78,80.1
2026-07-13T21:00:00+03:00,21:00,51322.2,7393.38,15791.38,5761.74,3700.43,10040.57,5800.45,20.38,86.99,1028.36,181.04,577.74,879.29,0,0,-18.8,79.25
2026-07-13T22:00:00+03:00,22:00,49489.16,7056.62,14511.56,5701.78,3379.09,10039.27,5942.65,4.11,88.94,1047.68,181.05,575.79,870.46,0,0,9.8,80.36
2026-07-13T23:00:00+03:00,23:00,46642.35,6098.2,14157.44,5617.97,3020.14,9446.23,5407.72,4.11,86.24,1044.97,178.84,580.67,890.35,0,0,29.63,79.84
2026-07-14T00:00:00+03:00,00:00,44935.49,5382.03,12382.52,5558.28,3060.55,10047.05,5541.88,0.94,87.13,1087.99,181.05,573.52,927.87,0,0,23.11,81.57
2026-07-14T01:00:00+03:00,01:00,42690.54,5050.86,10548.88,5567.84,2910.31,10046.61,5552.25,0.95,87.09,1099.46,176.63,576.33,947.57,0,0,38.74,87.02
2026-07-14T02:00:00+03:00,02:00,40478.19,3777.5,9393.71,5561.05,2835.87,10035.97,5864.62,0.91,87.06,1114.48,178.84,570.49,936.71,0,0,34.91,86.07
2026-07-14T03:00:00+03:00,03:00,39397.24,3443.86,8796.38,5514.77,2844.18,9950.96,5978.18,0.91,86.17,1129.09,183.25,578.45,933.19,0,0,-128.54,86.39
2026-07-14T04:00:00+03:00,04:00,38327.27,2811.36,8125.2,5611.76,2764.31,9934.31,6179.4,2.35,85.47,1138.61,181.04,585.45,944.06,0,0,-119.24,83.19
2026-07-14T05:00:00+03:00,05:00,37092.0,2440.82,7575.72,5570.36,2563.27,9866.67,6211.67,47.19,80.63,1142.52,176.64,566.22,944.56,0,0,-172.99,78.72
2026-07-14T06:00:00+03:00,06:00,35585.71,2366.05,7466.01,5472.37,2358.14,8370.19,6242.86,663.69,70.42,1143.48,178.84,550.42,931.36,0,0,-311.1,82.98
2026-07-14T07:00:00+03:00,07:00,35103.86,2687.82,7371.58,5270.62,2162.88,7581.2,5470.09,1966.49,71.53,1130.18,181.04,524.78,936.37,0,0,-335.21,84.49
2026-07-14T08:00:00+03:00,08:00,37668.98,2745.43,8592.86,5237.27,2432.43,8411.94,4642.31,2979.02,74.54,1097.83,178.84,521.27,938.17,0,0,-267.74,84.81
2026-07-14T09:00:00+03:00,09:00,37251.6,2651.85,8467.14,5141.6,2462.97,8132.6,4417.04,3392.89,76.39,1073.23,181.04,518.85,929.52,0,0,-278.56,85.04
2026-07-14T10:00:00+03:00,10:00,36304.52,2741.19,8642.22,5186.15,2302.57,6591.94,4515.89,3723.79,83.72,1052.07,181.05,512.88,938.16,0,0,-251.26,84.15
2026-07-14T11:00:00+03:00,11:00,36405.98,2598.59,7958.55,5107.37,2270.29,7074.32,5022.42,3781.17,78.19,1034.08,181.04,515.84,938.02,0,0,-237.07,83.17
2026-07-14T12:00:00+03:00,12:00,35050.26,2674.35,7288.94,5153.53,2082.72,6284.25,5349.78,3692.91,71.5,1016.84,181.04,526.56,939.68,0,0,-293.8,81.96
2026-07-14T13:00:00+03:00,13:00,36155.94,2674.37,7745.39,4797.63,2083.72,6856.01,5793.83,3675.63,83.65,1001.73,178.84,523.1,924.94,0,0,-264.83,81.93
2026-07-14T14:00:00+03:00,14:00,38633.77,2764.0,9400.03,4735.46,2236.31,7099.94,6310.2,3575.41,88.36,993.06,178.84,526.3,906.28,0,0,-262.06,81.64
2026-07-14T15:00:00+03:00,15:00,39992.08,2722.36,10279.8,4327.44,2197.55,7755.17,6751.09,3484.8,78.32,986.13,183.25,531.01,918.5,0,0,-304.99,81.65
2026-07-14T16:00:00+03:00,16:00,42778.38,2710.74,11194.9,4975.52,2304.14,9034.52,7041.25,3102.81,77.86,984.56,181.04,550.28,921.79,0,0,-377.61,76.58
2026-07-14T17:00:00+03:00,17:00,45729.05,3321.95,13117.62,4546.81,2587.52,9832.52,7315.23,2296.34,83.29,984.33,178.84,559.37,907.56,0,0,-77.43,75.1
2026-07-14T18:00:00+03:00,18:00,47835.49,5067.12,13860.82,4551.72,2848.66,9970.98,7631.43,1098.31,89.74,993.72,178.84,581.35,922.87,0,0,-39.6,79.53
2026-07-14T19:00:00+03:00,19:00,49171.54,6407.75,14387.47,4425.2,3226.46,9985.55,7708.1,156.09,87.17,1010.92,183.25,588.04,932.69,0,0,-7.16,80.01
2026-07-14T20:00:00+03:00,20:00,50655.42,7026.54,15059.34,4474.35,3713.85,9989.24,7410.39,79.81,87.59,1038.05,181.04,575.52,928.51,0,0,16.84,74.35
2026-07-14T21:00:00+03:00,21:00,50526.24,7018.58,14843.61,4532.84,3781.95,9964.98,7464.8,22.33,87.96,1059.85,178.84,593.07,931.92,0,0,-31.39,76.9
2026-07-14T22:00:00+03:00,22:00,48470.91,5801.74,14576.08,4588.46,3462.52,9955.77,7080.53,0.01,87.97,1087.55,182.52,585.53,932.27,0,0,54.9,75.06
2026-07-14T23:00:00+03:00,23:00,46148.43,4632.69,14198.94,4421.66,3144.78,9967.14,6816.99,0.01,86.85,1094.24,183.25,590.94,904.72,0,0,27.52,78.7
2026-07-15T00:00:00+03:00,00:00,43183.21,2998.43,12784.95,4270.56,3146.86,10000.36,6848.31,0.0,81.28,1119.68,178.84,587.06,965.05,0,0,125.9,75.93
2026-07-15T01:00:00+03:00,01:00,41052.87,2692.98,11393.48,4277.74,3022.56,10008.22,6532.39,0.0,77.44,1129.28,181.04,592.64,969.37,0,0,94.59,81.14
2026-07-15T02:00:00+03:00,02:00,38651.56,2695.15,9635.59,4269.38,2768.58,9985.82,6333.94,0.05,86.36,1137.9,181.04,596.34,940.07,0,0,-57.73,79.07
2026-07-15T03:00:00+03:00,03:00,37863.12,2681.45,8996.0,4318.09,2892.27,9895.21,6131.47,0.37,82.46,1144.31,183.25,594.21,952.57,0,0,-87.87,79.33
2026-07-15T04:00:00+03:00,04:00,36957.19,2772.03,8626.87,4151.27,2788.11,9909.8,5714.67,1.78,77.44,1159.07,183.25,594.65,952.28,0,0,-52.4,78.37
2026-07-15T05:00:00+03:00,05:00,35654.54,2641.09,7773.35,4170.77,2635.64,9902.27,5507.54,39.23,81.11,1165.84,183.25,592.89,948.47,0,0,-65.33,78.42
2026-07-15T06:00:00+03:00,06:00,33599.61,2097.12,6158.4,4245.66,2511.78,9784.45,5419.52,610.56,80.22,1164.78,185.46,565.71,942.94,0,0,-244.93,77.94
2026-07-15T07:00:00+03:00,07:00,31537.56,2091.24,5560.27,4239.03,2225.35,7620.66,5095.77,1985.15,78.39,1124.37,183.26,563.06,949.16,0,0,-255.23,77.08
2026-07-15T08:00:00+03:00,08:00,31267.93,2017.19,5200.3,4216.71,2333.13,7043.82,4713.53,3040.48,73.59,1112.99,181.04,565.43,929.84,0,0,-234.33,74.21
2026-07-15T09:00:00+03:00,09:00,30517.03,1992.2,4945.85,4194.69,2257.84,6279.56,4601.52,3514.17,75.87,1091.55,181.04,565.51,944.72,0,0,-204.02,76.53
2026-07-15T10:00:00+03:00,10:00,29996.79,2018.61,4828.7,4178.9,2095.77,5469.04,4923.15,3789.0,77.89,1064.11,176.63,561.59,934.92,0,0,-199.65,78.13
2026-07-15T11:00:00+03:00,11:00,30106.02,2014.78,5012.55,4179.46,2058.59,5025.92,5402.51,3755.43,90.78,1041.52,176.64,547.7,932.11,0,0,-202.51,70.54
2026-07-15T12:00:00+03:00,12:00,29654.96,2049.24,4927.61,4038.92,1896.5,4797.38,5588.55,3738.96,80.08,1012.2,178.84,554.77,921.93,0,0,-190.23,60.21
2026-07-15T13:00:00+03:00,13:00,30839.53,2061.26,5290.43,4024.74,2014.08,5323.1,5660.22,3890.91,44.63,985.8,178.84,566.48,919.51,0,0,-190.63,70.16
2026-07-15T14:00:00+03:00,14:00,32932.36,1912.84,5346.28,3994.91,2137.81,7489.06,5689.25,3818.43,78.27,968.99,181.04,557.84,925.38,0,0,-237.3,69.56
2026-07-15T15:00:00+03:00,15:00,35070.0,2105.58,6842.42,4016.82,2193.35,8020.23,5923.83,3495.36,76.88,951.89,178.84,559.9,922.24,0,0,-289.64,72.3
2026-07-15T16:00:00+03:00,16:00,37818.61,2042.73,9300.91,4009.82,2190.08,8427.92,6276.46,3150.69,76.42,948.91,174.43,564.06,934.31,0,0,-347.3,69.17
2026-07-15T17:00:00+03:00,17:00,41596.46,2205.92,11751.35,4192.63,2542.03,9203.73,6540.2,2358.13,82.99,952.76,178.84,555.13,949.26,0,0,16.38,67.11
2026-07-15T18:00:00+03:00,18:00,45214.13,2835.83,14531.42,4406.15,2823.98,9929.73,6763.92,1078.34,84.93,957.39,178.84,586.03,946.37,0,0,19.89,71.31
2026-07-15T19:00:00+03:00,19:00,47231.17,3589.37,15904.67,4607.82,3202.36,9870.91,7061.19,169.01,87.51,974.85,174.43,594.87,939.46,0,0,-14.92,69.64
2026-07-15T20:00:00+03:00,20:00,48871.99,4542.79,15690.64,4733.4,3613.37,9857.66,7437.57,79.75,89.07,999.3,181.04,598.29,922.46,0,0,59.78,66.87
2026-07-15T21:00:00+03:00,21:00,48756.61,4317.05,15742.56,4600.75,3601.46,10005.08,7593.24,27.74,90.03,1025.61,178.84,586.93,933.11,0,0,-13.73,67.94
2026-07-15T22:00:00+03:00,22:00,47604.59,4317.13,15038.82,4749.15,3190.49,10000.78,7344.42,0.0,90.24,1049.18,176.64,593.3,940.65,0,0,40.24,73.55
2026-07-15T23:00:00+03:00,23:00,45693.22,4151.58,14166.2,4541.01,2957.78,9966.45,6889.82,0.0,89.45,1070.56,181.04,598.28,902.03,0,0,105.74,73.28
2026-07-16T00:00:00+03:00,00:00,43777.69,5015.18,11272.71,4751.27,2987.65,10025.39,6725.95,0.01,89.44,1074.96,181.04,586.4,911.36,0,0,79.67,76.66
2026-07-16T01:00:00+03:00,01:00,41581.91,4527.67,9801.29,4767.01,2692.96,10029.21,6722.24,0.01,89.15,1102.82,178.84,592.02,915.65,0,0,85.09,77.95
2026-07-16T02:00:00+03:00,02:00,39941.33,3972.34,8901.45,4795.14,2509.2,10024.03,6664.87,0.01,88.2,1122.24,183.25,593.65,906.0,0,0,102.98,77.97
2026-07-16T03:00:00+03:00,03:00,38233.42,4247.06,7877.62,4855.75,2542.21,9343.29,6449.24,0.01,87.69,1130.08,178.84,593.76,914.22,0,0,-63.0,76.65
2026-07-16T04:00:00+03:00,04:00,37962.4,3792.07,7452.83,4822.77,2503.97,9936.57,6548.25,0.28,88.25,1144.46,181.05,587.77,909.81,0,0,-83.01,77.33
2026-07-16T05:00:00+03:00,05:00,36586.84,3144.32,6948.29,4735.27,2371.43,9934.03,6523.89,28.09,81.66,1151.44,185.46,584.92,889.79,0,0,-70.38,78.63
2026-07-16T06:00:00+03:00,06:00,34006.21,2757.08,5978.1,4690.96,2117.49,8759.96,6441.43,625.81,82.9,1143.72,181.04,585.25,831.07,0,0,-264.56,75.96
2026-07-16T07:00:00+03:00,07:00,33265.16,2367.05,5933.95,4448.1,1902.04,8298.28,6056.99,1981.43,40.88,986.78,181.05,571.01,682.92,0,0,-264.0,78.68
2026-07-16T08:00:00+03:00,08:00,35057.12,2415.13,7523.1,3868.37,2074.82,8671.85,5477.78,2815.43,39.35,948.73,183.25,556.36,606.5,0,0,-191.18,67.63
2026-07-16T09:00:00+03:00,09:00,32267.92,1843.92,7230.81,3693.06,1945.29,7247.88,5144.19,3131.73,36.98,867.68,178.84,558.83,528.46,0,0,-205.52,65.77
2026-07-17T00:00:00+03:00,00:00,45447.14,5717.38,10932.87,4896.64,2949.86,10079.92,7840.9,0.01,87.09,1059.87,174.43,587.27,928.56,0,0,117.95,74.39
2026-07-17T01:00:00+03:00,01:00,43344.5,5587.77,9103.66,5103.37,2701.48,10075.86,7664.88,27.27,87.05,1079.21,176.63,586.22,930.82,0,0,141.58,78.7
2026-07-17T02:00:00+03:00,02:00,41523.13,5396.95,7728.93,5146.64,2557.52,10048.31,7561.27,0.72,87.57,1094.8,178.84,590.62,928.6,0,0,126.1,76.26
2026-07-17T03:00:00+03:00,03:00,40278.97,5151.64,6979.36,5131.59,2523.39,9899.94,7685.09,0.38,86.77,1107.62,181.04,596.26,931.21,0,0,-71.02,75.7
2026-07-17T04:00:00+03:00,04:00,38907.85,3783.28,6801.83,5087.18,2515.84,9813.8,7977.87,1.66,87.48,1116.36,178.84,585.03,937.58,0,0,-55.34,76.44
2026-07-17T05:00:00+03:00,05:00,37861.45,3155.42,6273.51,5132.3,2387.77,9896.8,8101.8,36.9,81.41,1124.65,178.84,588.33,928.47,0,0,-99.3,74.55
2026-07-17T06:00:00+03:00,06:00,36517.5,2695.14,5596.05,5086.95,2119.97,9710.35,7871.66,660.66,79.77,1125.64,183.25,595.11,919.79,0,0,-205.31,78.47
2026-07-17T07:00:00+03:00,07:00,35728.99,2506.79,5586.96,4959.22,1866.02,8743.99,7289.48,2070.16,80.95,1111.55,181.05,553.02,918.37,0,0,-216.58,78.01
2026-07-17T08:00:00+03:00,08:00,38251.04,2331.84,6460.46,5034.93,2142.82,9504.68,6972.46,3064.47,82.7,1085.6,178.84,560.68,913.74,0,0,-157.98,75.8
2026-07-17T09:00:00+03:00,09:00,38332.62,2477.78,6633.42,4887.65,2143.51,9126.11,6858.74,3485.43,84.59,1055.07,178.84,572.02,903.63,0,0,-148.79,74.62
2026-07-17T10:00:00+03:00,10:00,37416.18,3007.21,6439.92,4696.16,2031.55,7751.84,7016.99,3737.99,84.57,1026.2,183.25,551.46,902.35,0,0,-91.61,78.3
2026-07-17T11:00:00+03:00,11:00,37771.66,3071.98,6870.94,4715.07,2059.49,7148.72,7405.89,3850.78,86.07,995.86,181.05,541.25,891.19,0,0,-122.6,75.97
2026-07-17T12:00:00+03:00,12:00,36037.4,2932.17,6346.75,4722.23,1815.36,6125.57,7733.68,3772.01,84.51,972.84,176.63,552.34,887.6,0,0,-163.27,78.98
2026-07-17T13:00:00+03:00,13:00,36118.15,3079.7,6373.91,4692.18,1867.89,6056.86,7953.98,3559.16,83.18,952.22,176.63,439.07,902.01,0,0,-95.47,76.83
2026-07-17T14:00:00+03:00,14:00,39830.66,2976.5,7018.31,4716.74,2068.17,8816.72,8181.02,3590.26,86.73,935.61,181.05,425.41,906.11,0,0,-147.58,75.61
2026-07-17T15:00:00+03:00,15:00,41701.1,3111.81,8925.53,4802.31,1859.32,8719.62,8481.18,3357.06,80.69,920.86,176.63,421.17,902.88,0,0,-128.75,70.79
2026-07-17T16:00:00+03:00,16:00,44158.21,3036.88,10899.08,4847.79,1956.31,9119.04,8765.97,3131.18,88.98,918.3,178.84,429.03,895.19,0,0,-177.48,69.1
2026-07-17T17:00:00+03:00,17:00,47109.99,4100.14,11691.5,4978.22,2348.28,9889.17,8971.87,2509.6,84.71,913.85,176.63,396.93,898.88,0,0,81.18,69.03
2026-07-17T18:00:00+03:00,18:00,49056.57,5794.39,13174.7,4776.05,2431.2,10023.52,8941.53,1195.86,89.96,917.54,178.84,421.1,908.24,0,0,137.01,66.63
2026-07-17T19:00:00+03:00,19:00,50820.1,6882.14,14419.47,4789.45,2974.93,10138.79,8728.48,187.33,87.73,937.07,181.04,428.67,921.19,0,0,76.19,67.62
2026-07-17T20:00:00+03:00,20:00,52050.29,7390.7,14851.2,4804.92,3539.73,10070.09,8562.12,52.13,88.34,960.85,181.05,432.93,928.81,0,0,117.98,69.44
2026-07-17T21:00:00+03:00,21:00,51805.94,7373.51,14502.29,4842.73,3599.81,10102.38,8653.37,0.03,88.84,990.1,178.84,432.41,892.94,0,0,76.3,72.39
2026-07-17T22:00:00+03:00,22:00,50094.64,7167.62,13621.88,4856.13,3148.3,10099.73,8401.76,0.01,88.56,1006.43,183.25,439.79,909.72,0,0,103.77,67.69
2026-07-17T23:00:00+03:00,23:00,48112.04,6751.59,13089.17,4785.84,2737.43,10092.48,7831.47,0.01,88.24,1025.66,183.25,439.15,922.53,0,0,92.48,72.74
2026-07-18T00:00:00+03:00,00:00,45754.35,6075.34,11823.04,4800.49,2756.97,10078.38,7338.29,0.9,87.53,1046.83,183.26,441.91,931.51,0,0,113.61,76.29
2026-07-18T01:00:00+03:00,01:00,43572.42,5828.47,10538.57,4816.21,2593.74,10115.57,6967.26,0.9,86.92,1040.24,183.26,444.13,922.28,0,0,-45.13,80.0
2026-07-18T02:00:00+03:00,02:00,41609.93,5548.81,9129.72,4690.21,2494.44,10085.85,6890.1,0.94,86.63,1077.65,185.47,442.34,921.82,0,0,-23.87,79.82
2026-07-18T03:00:00+03:00,03:00,40302.64,5102.77,8858.52,4486.22,2501.61,10050.21,6731.18,1.2,86.9,1095.19,181.05,438.98,915.67,0,0,-222.91,76.05
2026-07-18T04:00:00+03:00,04:00,39226.82,4562.11,8369.78,4464.7,2473.66,10052.66,6696.15,2.36,87.22,1096.09,178.84,447.17,923.04,0,0,-209.71,82.75
2026-07-18T05:00:00+03:00,05:00,37932.0,3879.24,7617.89,4510.21,2379.77,10034.18,6927.66,34.32,80.88,1104.95,183.26,442.06,907.98,0,0,-254.51,84.11
2026-07-18T06:00:00+03:00,06:00,36083.12,2667.68,6971.82,4501.0,2133.12,9763.95,7013.74,645.51,73.44,1118.05,185.47,447.2,904.83,0,0,-429.64,86.95
2026-07-18T07:00:00+03:00,07:00,34216.57,1962.59,6956.27,4354.12,1908.89,8019.44,6551.65,2064.75,79.56,1083.26,183.26,445.69,907.45,0,0,-387.64,87.28
2026-07-18T08:00:00+03:00,08:00,34687.27,2064.75,7060.19,4341.98,2109.47,7594.11,6112.4,2984.62,82.39,1075.84,183.26,423.45,900.2,0,0,-332.19,86.8
2026-07-18T09:00:00+03:00,09:00,34405.99,2134.43,7703.15,4378.38,2081.23,6322.25,6005.37,3387.08,82.21,1047.95,178.84,421.23,904.02,0,0,-321.77,81.62
2026-07-18T10:00:00+03:00,10:00,34018.45,2173.75,7903.19,4370.12,2024.25,5350.38,5962.91,3711.73,82.18,1024.09,183.26,429.62,886.14,0,0,-164.7,81.53
2026-07-18T11:00:00+03:00,11:00,34016.54,2101.81,7757.79,4365.63,2064.73,5142.16,5878.42,3784.2,83.97,998.86,181.05,421.17,871.28,0,0,283.45,82.02
2026-07-18T12:00:00+03:00,12:00,33314.31,2100.5,7671.59,4463.27,1849.73,4989.7,5682.7,3672.63,81.43,971.11,183.26,420.78,864.05,0,0,282.9,80.66
2026-07-18T13:00:00+03:00,13:00,34695.78,2130.65,7986.18,4409.94,2004.63,5560.48,5966.89,3708.18,80.6,947.32,178.84,425.81,870.53,0,0,342.9,82.83
2026-07-18T14:00:00+03:00,14:00,36151.07,2014.75,8533.25,4413.26,2067.0,6485.14,6052.49,3689.65,80.24,930.02,183.26,426.02,889.01,0,0,307.32,79.66
2026-07-18T15:00:00+03:00,15:00,37835.1,2150.9,10161.06,4409.37,1925.94,6873.32,6007.52,3503.63,77.67,919.81,181.05,417.29,890.71,0,0,231.94,84.89
2026-07-18T16:00:00+03:00,16:00,40012.75,2349.38,11063.89,4463.76,2050.53,7976.58,6207.68,3187.8,76.38,900.78,183.25,429.91,907.52,0,0,130.87,84.42
2026-07-18T17:00:00+03:00,17:00,43259.74,3342.72,12058.63,4586.0,2283.79,9540.97,6471.26,2523.32,83.11,912.03,180.96,428.54,902.41,0,0,-138.59,84.59
2026-07-18T18:00:00+03:00,18:00,46923.35,6049.98,13292.85,4647.53,2495.53,10088.72,6588.16,1203.36,85.68,918.87,181.05,438.67,916.76,0,0,-67.44,83.63
2026-07-18T19:00:00+03:00,19:00,49295.86,8096.81,14147.61,4834.41,2909.17,10116.67,6483.89,169.11,100.72,931.64,183.26,449.04,904.28,0,0,-113.61,82.86
2026-07-18T20:00:00+03:00,20:00,50751.0,8518.36,14542.01,5035.54,3445.25,10106.61,6430.97,60.26,102.06,961.6,183.26,445.54,931.29,0,0,-95.13,83.38
2026-07-18T21:00:00+03:00,21:00,50328.68,8223.88,14026.04,5087.19,3529.18,10114.97,6709.1,8.01,101.88,996.63,187.68,438.87,935.15,0,0,-116.33,86.43
2026-07-18T22:00:00+03:00,22:00,48464.55,7849.28,13130.67,5105.77,3102.92,10147.42,6459.19,0.01,89.39,1011.49,183.26,437.05,934.45,0,0,-76.31,89.96
2026-07-18T23:00:00+03:00,23:00,46516.87,7233.94,12547.02,5060.16,2880.32,10144.5,6012.63,0.01,86.35,1032.81,183.26,435.43,917.35,0,0,-101.95,85.04
2026-07-19T00:00:00+03:00,00:00,44141.98,6632.63,11673.14,5006.68,2731.38,10073.5,5385.72,1.05,85.95,1050.3,183.26,442.68,934.4,0,0,-145.35,86.64
2026-07-19T01:00:00+03:00,01:00,41753.22,6606.83,10393.45,4981.19,2593.23,10072.5,4825.68,1.04,85.57,1080.42,181.05,450.46,931.56,0,0,-538.73,88.97
2026-07-19T02:00:00+03:00,02:00,39879.73,6457.97,9182.77,4985.63,2589.19,10064.88,4295.42,1.09,85.88,1098.74,185.47,449.63,930.62,0,0,-529.53,81.97
2026-07-19T03:00:00+03:00,03:00,38313.52,5945.28,8577.28,4932.15,2557.4,10061.82,3786.92,2.12,84.54,1116.75,185.46,543.12,939.12,0,0,-501.13,82.69
2026-07-19T04:00:00+03:00,04:00,37124.13,5257.03,8115.94,4985.67,2488.03,10047.96,3705.98,3.3,84.82,1136.62,185.47,594.38,942.67,0,0,-509.56,85.82
2026-07-19T05:00:00+03:00,05:00,35772.93,4272.66,7392.03,5044.16,2547.39,10040.05,3930.42,38.33,89.52,1137.41,183.25,599.56,920.91,0,0,-508.8,86.04
2026-07-19T06:00:00+03:00,06:00,33066.78,2555.17,6439.66,4984.2,2345.69,9591.78,4016.64,644.35,83.67,1141.44,183.26,598.2,921.18,0,0,-527.07,88.61
2026-07-19T07:00:00+03:00,07:00,30716.92,2153.87,6475.13,4669.92,2004.14,7147.64,3711.01,2064.95,81.16,1120.85,181.05,597.47,913.87,0,0,-487.98,83.84
2026-07-19T08:00:00+03:00,08:00,28323.15,2165.09,5917.91,4502.14,1744.73,5386.11,3127.04,3024.57,81.77,1088.9,185.46,595.94,895.44,0,0,-474.06,82.11
2026-07-19T09:00:00+03:00,09:00,26621.99,2067.69,5057.48,4392.37,1759.66,4584.23,2786.43,3498.47,80.21,1053.42,205.33,587.22,880.5,0,0,-412.27,81.25
2026-07-19T10:00:00+03:00,10:00,26200.11,1989.95,4582.46,4326.68,1633.55,4356.97,2636.7,3800.65,80.69,1019.73,209.74,555.77,880.32,0,0,43.07,83.83
2026-07-19T11:00:00+03:00,11:00,26515.13,1958.38,4523.28,4343.81,1558.89,4345.52,2711.96,3957.38,80.82,992.3,205.33,559.28,886.8,0,0,309.82,81.56
2026-07-19T12:00:00+03:00,12:00,26859.71,1931.99,4539.18,4380.91,1500.25,4478.27,2946.54,3996.16,80.82,960.47,220.79,562.65,879.35,0,0,298.02,84.31
2026-07-19T13:00:00+03:00,13:00,27808.83,2050.18,4816.81,4543.65,1644.75,4560.33,3267.43,3827.15,79.54,937.89,240.66,555.0,895.88,0,0,305.66,83.9
2026-07-19T14:00:00+03:00,14:00,29412.55,2017.24,5818.64,4559.47,1737.78,4883.17,3529.9,3704.44,82.01,920.86,247.28,526.97,905.83,0,0,395.27,83.69
2026-07-19T15:00:00+03:00,15:00,31551.06,2147.92,7340.41,4631.25,1666.8,5443.54,3671.41,3549.04,79.58,915.18,253.9,512.1,895.11,0,0,361.38,83.44
2026-07-19T16:00:00+03:00,16:00,34487.08,2122.01,8115.73,4658.3,1927.59,7589.17,3868.64,3217.61,84.23,914.93,253.9,541.81,908.74,0,0,195.2,89.22
2026-07-19T17:00:00+03:00,17:00,38779.28,2806.98,10892.59,4876.85,2113.55,9007.01,4029.23,2485.29,83.49,919.3,249.49,589.82,915.74,0,0,-279.13,89.07
2026-07-19T18:00:00+03:00,18:00,43180.69,4864.03,13205.62,4936.54,2431.8,10041.57,4273.72,1153.18,82.74,936.18,247.28,595.85,920.99,0,0,-599.93,91.12
2026-07-19T19:00:00+03:00,19:00,45955.66,7958.61,13254.07,4990.19,2791.37,10081.48,4443.61,167.82,83.49,964.53,249.49,586.32,920.67,0,0,-615.32,79.33
2026-07-19T20:00:00+03:00,20:00,47722.45,8709.63,13701.34,5015.56,3327.99,10082.2,4522.46,71.93,84.34,993.45,247.28,582.54,929.53,0,0,-623.37,77.57
2026-07-19T21:00:00+03:00,21:00,48025.02,9047.38,13492.28,5076.72,3451.91,10095.8,4490.91,19.0,83.98,1020.1,251.69,580.0,934.07,0,0,-598.1,79.28
2026-07-19T22:00:00+03:00,22:00,46940.0,8789.19,13512.4,4995.87,3035.97,10075.67,4156.96,0.01,84.29,1045.08,251.7,588.67,922.84,0,0,-600.27,81.62
2026-07-19T23:00:00+03:00,23:00,45349.86,8550.14,12737.99,5058.37,2687.97,10093.11,3815.91,0.01,82.71,1062.73,251.7,582.19,903.81,0,0,-555.97,79.19
2026-07-20T00:00:00+03:00,00:00,43583.09,7477.27,12475.69,5136.61,2664.0,10086.63,3238.97,0.01,84.52,1092.02,242.88,591.13,936.54,0,0,-522.91,79.73
2026-07-20T01:00:00+03:00,01:00,41153.59,7069.08,10421.24,5025.44,2581.66,9937.22,3063.73,0.01,85.05,1107.9,247.29,586.46,939.42,0,0,12.45,76.64
2026-07-20T02:00:00+03:00,02:00,39141.45,6499.44,8923.49,5210.64,2414.36,9934.09,3023.84,0.05,84.37,1124.47,242.88,591.08,927.01,0,0,90.4,75.33
2026-07-20T03:00:00+03:00,03:00,37883.35,6098.27,8140.93,5326.59,2480.53,9920.21,2939.6,0.36,84.52,1140.9,247.28,589.01,918.04,0,0,-77.76,74.87
2026-07-20T04:00:00+03:00,04:00,36891.97,5808.93,7528.8,5355.57,2373.81,9926.72,2905.98,1.74,84.21,1152.3,249.49,577.98,920.08,0,0,-73.96,80.32
2026-07-20T05:00:00+03:00,05:00,35681.96,5128.8,7231.36,5376.89,2197.28,9916.91,2837.54,35.3,79.72,1168.72,242.87,580.47,900.28,0,0,-91.58,77.4
2026-07-20T06:00:00+03:00,06:00,34520.55,4154.29,6829.9,5553.89,2008.17,9739.81,2799.22,629.87,78.14,1170.12,249.49,580.54,914.07,0,0,-268.61,81.65
2026-07-20T07:00:00+03:00,07:00,34246.55,3922.8,6833.48,5396.55,1769.17,8968.76,2555.62,2015.59,88.16,1152.52,247.28,577.05,897.76,0,0,-259.94,81.75
2026-07-20T08:00:00+03:00,08:00,38079.96,4210.03,8775.46,5354.11,2120.93,9621.05,2172.17,3031.75,90.59,1109.13,245.08,565.42,887.79,0,0,-184.39,80.84
2026-07-20T09:00:00+03:00,09:00,38816.48,4560.39,8737.69,5305.03,2177.32,9931.45,1885.81,3497.3,81.85,1073.36,242.87,574.91,887.15,0,0,-217.35,78.7
2026-07-20T10:00:00+03:00,10:00,38262.89,4460.13,8377.02,5178.41,2007.43,9771.12,1864.21,3798.2,82.35,1032.94,245.07,569.24,854.08,0,0,-60.04,82.73
2026-07-20T11:00:00+03:00,11:00,38540.23,5700.41,8286.9,5035.45,1861.96,9224.03,2035.59,3786.75,83.15,991.44,245.08,550.99,845.33,0,0,-188.14,81.29
2026-07-20T12:00:00+03:00,12:00,37388.76,5334.45,8272.87,4901.24,1723.46,8462.57,2324.09,3814.25,82.58,955.03,245.07,544.64,852.11,0,0,-207.74,84.14
2026-07-20T13:00:00+03:00,13:00,39259.49,5368.73,8875.36,4888.35,1712.77,9119.55,2717.2,3951.76,89.06,925.63,249.49,542.99,843.97,0,0,-110.86,85.49
2026-07-20T14:00:00+03:00,14:00,41659.97,6194.65,9171.26,4743.39,1903.15,9837.63,3214.83,3831.94,87.63,905.78,231.82,556.62,852.68,0,0,43.55,85.04
2026-07-20T15:00:00+03:00,15:00,43333.83,7342.23,9739.06,4741.46,1924.26,9938.73,3588.17,3592.47,86.12,891.2,189.87,570.0,852.65,0,0,-200.67,78.28
2026-07-20T16:00:00+03:00,16:00,45952.65,8573.8,11001.26,4823.94,1966.94,10023.59,3980.25,3197.71,84.06,883.22,181.04,550.46,861.11,0,0,-252.25,77.52
2026-07-20T17:00:00+03:00,17:00,48813.63,10525.83,11835.32,4893.12,2204.72,10005.25,4279.48,2433.19,86.82,884.64,181.04,561.66,849.28,0,0,-0.9,74.18
2026-07-20T18:00:00+03:00,18:00,50845.33,11692.5,13454.02,4941.46,2470.28,10110.09,4362.38,1106.98,82.29,898.33,183.25,557.76,862.1,0,0,43.74,80.15
2026-07-20T19:00:00+03:00,19:00,52514.05,12032.03,15034.0,4925.98,3036.45,10135.95,4465.08,155.52,95.39,918.84,181.04,562.91,856.6,0,0,35.37,78.89
2026-07-20T20:00:00+03:00,20:00,53911.13,12038.42,15910.11,4901.14,3335.84,10065.61,4779.17,74.04,95.68,945.8,181.04,561.9,864.91,0,0,74.74,82.73
2026-07-20T21:00:00+03:00,21:00,53428.11,11557.51,15829.03,4983.33,3260.29,9962.79,5032.13,19.38,100.2,969.24,181.04,563.71,862.16,0,0,28.65,78.65
2026-07-20T22:00:00+03:00,22:00,51499.25,11544.33,14111.94,5071.32,2992.69,9934.12,4996.29,0.01,86.37,1000.17,183.25,563.83,863.28,0,0,67.32,84.33
2026-07-20T23:00:00+03:00,23:00,48263.39,10766.63,12820.84,4272.56,2747.4,9892.0,4924.54,0.01,85.48,1025.19,185.46,548.81,841.11,0,0,71.65,81.71
2026-07-21T00:00:00+03:00,00:00,46650.09,9720.38,12077.14,5007.74,2431.73,9899.03,4562.61,0.01,85.79,1043.72,181.04,572.24,884.67,0,0,102.97,81.02
2026-07-21T01:00:00+03:00,01:00,44069.03,8961.62,10452.34,4975.64,2469.91,9890.17,4367.46,0.01,85.47,1065.4,183.25,568.24,890.33,0,0,81.18,78.01
2026-07-21T02:00:00+03:00,02:00,41959.91,7544.76,9380.67,4959.52,2317.86,9896.65,4875.99,0.05,85.02,1078.85,181.04,572.1,899.28,0,0,84.78,83.34
2026-07-21T03:00:00+03:00,03:00,40639.65,6663.43,8614.21,4951.36,2251.39,9903.22,5442.86,0.34,85.06,1099.28,183.25,572.5,889.74,0,0,-99.78,82.79
2026-07-21T04:00:00+03:00,04:00,39604.02,6341.39,7912.23,4960.34,2189.08,9904.94,5431.95,1.64,85.04,1104.36,183.25,573.39,890.28,0,0,-56.73,82.86
2026-07-21T05:00:00+03:00,05:00,38750.98,6050.09,7588.99,4929.21,2190.77,9938.75,5156.0,29.36,79.29,1112.95,183.25,568.48,877.12,0,0,-37.57,84.29
2026-07-21T06:00:00+03:00,06:00,37189.98,5279.05,7210.47,4902.21,1961.87,9900.28,4705.15,597.95,81.68,1109.26,181.04,556.71,858.35,0,0,-237.14,83.1
2026-07-21T07:00:00+03:00,07:00,36685.95,4779.62,6991.96,4839.46,1710.35,9836.22,3970.25,1969.1,74.84,1088.04,185.46,578.73,855.78,0,0,-275.06,81.2
2026-07-21T08:00:00+03:00,08:00,39542.1,5705.58,8542.14,4875.74,1914.92,9920.09,2953.3,2987.89,90.01,1050.17,181.04,579.85,860.75,0,0,-200.84,81.46
2026-07-21T09:00:00+03:00,09:00,39739.5,5794.7,8792.88,4831.48,2014.05,9879.89,2302.79,3484.83,82.32,1015.93,183.25,596.5,874.41,0,0,-194.51,80.98
2026-07-21T10:00:00+03:00,10:00,38816.87,5854.66,8349.6,4610.83,1806.36,9750.51,2031.45,3813.73,83.1,987.88,181.04,577.62,865.06,0,0,-175.03,80.06
2026-07-21T11:00:00+03:00,11:00,39170.04,6144.35,8320.91,4592.62,1909.66,9597.44,2136.29,3940.4,82.93,955.58,185.46,569.76,849.28,0,0,-195.42,80.78
2026-07-21T12:00:00+03:00,12:00,37770.79,5531.31,8105.78,4508.58,1646.74,9007.57,2646.42,3915.24,82.2,918.34,178.84,580.66,834.27,0,0,-263.33,78.17
2026-07-21T13:00:00+03:00,13:00,39322.99,6174.35,8313.7,4552.99,1665.83,9037.87,3235.59,3910.13,88.11,911.03,185.46,558.97,848.69,0,0,-239.66,79.93
2026-07-21T14:00:00+03:00,14:00,41687.38,6815.98,8945.37,4721.29,1813.02,9629.87,3672.46,3794.91,89.19,889.25,181.04,573.78,848.71,0,0,-369.85,82.36
2026-07-21T15:00:00+03:00,15:00,43545.18,7418.98,10034.86,4753.17,1771.54,9334.11,4319.15,3572.07,87.36,880.59,185.46,571.06,843.02,0,0,-307.5,81.31
2026-07-21T16:00:00+03:00,16:00,46412.55,8913.23,11266.23,4812.29,1910.32,9325.27,4662.67,3205.96,88.18,876.26,181.04,579.63,843.16,0,0,-333.1,81.41
2026-07-21T17:00:00+03:00,17:00,49507.77,10652.77,12378.98,4964.54,2187.94,9891.39,4707.46,2495.13,84.81,880.86,183.25,575.76,855.52,0,0,-430.24,79.6
2026-07-21T18:00:00+03:00,18:00,51564.98,11884.52,13940.41,5106.49,2550.57,9939.05,4754.31,1160.66,86.02,893.19,185.46,517.86,865.44,0,0,-401.89,82.89
2026-07-21T19:00:00+03:00,19:00,53279.85,12232.8,15536.12,5168.35,2919.12,9960.51,5072.4,165.83,99.98,912.16,181.04,506.15,854.64,0,0,-413.19,83.94
2026-07-21T20:00:00+03:00,20:00,54940.75,12449.1,16534.95,5137.16,3323.25,9968.88,5213.75,75.9,101.11,933.11,185.46,507.23,862.23,0,0,-436.22,84.84
2026-07-21T21:00:00+03:00,21:00,54399.04,12067.82,16177.1,5142.4,3324.28,9944.56,5459.83,19.73,102.13,959.62,181.04,503.34,870.06,0,0,-435.15,82.28
2026-07-21T22:00:00+03:00,22:00,51413.24,11937.71,13796.12,5052.87,2840.84,9941.14,5375.16,0.11,89.53,982.29,185.46,499.67,876.47,0,0,-243.99,79.86
2026-07-21T23:00:00+03:00,23:00,50040.69,11183.41,13261.01,5101.65,2596.31,9937.05,5157.58,0.09,87.06,981.89,185.46,526.71,868.17,0,0,71.65,82.65
2026-07-22T00:00:00+03:00,00:00,47113.9,10165.81,11820.14,5233.61,2323.9,9946.84,4815.79,0.01,86.9,1021.74,183.25,518.1,848.09,0,0,77.54,72.18
2026-07-22T01:00:00+03:00,01:00,44610.95,9235.13,10697.3,5245.55,2257.14,9942.34,4373.11,0.01,86.26,1040.07,178.84,519.45,846.82,0,0,116.81,72.12
2026-07-22T02:00:00+03:00,02:00,42906.74,9223.99,9423.81,5211.98,2134.56,9948.94,4088.75,0.01,85.66,1059.83,183.25,546.79,851.06,0,0,73.01,75.1
2026-07-22T03:00:00+03:00,03:00,41553.51,9119.0,8662.47,5190.04,2078.66,9912.54,3818.04,0.01,85.57,1078.05,183.25,566.79,859.9,0,0,-74.36,73.55
2026-07-22T04:00:00+03:00,04:00,40405.55,8804.18,8109.17,5188.74,2090.69,9908.22,3627.02,0.22,85.51,1091.34,183.25,472.97,850.37,0,0,-80.37,74.24
2026-07-22T05:00:00+03:00,05:00,39499.28,8306.37,7752.22,5203.58,2084.21,9907.46,3435.08,25.07,89.76,1091.83,181.05,573.16,850.32,0,0,-73.79,72.96
2026-07-22T06:00:00+03:00,06:00,37796.52,6923.16,7389.34,5181.74,2037.58,9891.14,3221.72,533.66,82.47,1124.81,181.04,580.22,822.16,0,0,-248.25,75.73
2026-07-22T07:00:00+03:00,07:00,35260.26,5618.51,7232.43,5154.31,1636.01,8485.79,2872.65,1818.94,32.48,1080.41,185.46,573.9,764.01,0,0,-271.45,76.81
2026-07-22T08:00:00+03:00,08:00,37724.19,6313.55,8516.49,5156.75,1716.34,8548.4,2415.8,2755.74,45.71,968.44,183.24,570.67,679.88,0,0,-217.85,71.03
2026-07-22T09:00:00+03:00,09:00,37358.53,6672.6,8257.29,5134.96,1673.09,8162.24,2137.4,3143.81,46.05,900.14,181.05,576.38,612.14,0,0,-198.4,59.78
2026-07-22T10:00:00+03:00,10:00,33161.58,5701.41,8236.41,4067.15,1510.32,6482.04,1853.62,3238.31,44.22,800.28,181.04,580.74,520.81,0,0,-113.99,59.22
