date,hour,price,priceUsd,priceEur
2026-03-14T00:00:00+03:00,00:00,2999.93,68.13,58.97
2026-03-14T01:00:00+03:00,01:00,2894.0,65.73,56.89
2026-03-14T02:00:00+03:00,02:00,2789.7,63.36,54.84
2026-03-14T03:00:00+03:00,03:00,2456.0,55.78,48.28
2026-03-14T04:00:00+03:00,04:00,3090.0,70.18,60.74
2026-03-14T05:00:00+03:00,05:00,3213.0,72.97,63.16
2026-03-14T06:00:00+03:00,06:00,2989.99,67.91,58.78
2026-03-14T07:00:00+03:00,07:00,2136.88,48.53,42.01
2026-03-14T08:00:00+03:00,08:00,1750.0,39.74,34.4
2026-03-14T09:00:00+03:00,09:00,2347.7,53.32,46.15
2026-03-14T10:00:00+03:00,10:00,1670.0,37.93,32.83
2026-03-14T11:00:00+03:00,11:00,1500.0,34.07,29.49
2026-03-14T12:00:00+03:00,12:00,1201.01,27.28,23.61
2026-03-14T13:00:00+03:00,13:00,1429.01,32.45,28.09
2026-03-14T14:00:00+03:00,14:00,2300.01,52.24,45.21
2026-03-14T15:00:00+03:00,15:00,2197.99,49.92,43.21
2026-03-14T16:00:00+03:00,16:00,2300.0,52.24,45.21
2026-03-14T17:00:00+03:00,17:00,2989.98,67.91,58.78
2026-03-14T18:00:00+03:00,18:00,2989.98,67.91,58.78
2026-03-14T19:00:00+03:00,19:00,3199.47,72.66,62.89
2026-03-14T20:00:00+03:00,20:00,3300.0,74.95,64.87
2026-03-14T21:00:00+03:00,21:00,2900.01,65.86,57.01
2026-03-14T22:00:00+03:00,22:00,3009.56,68.35,59.16
2026-03-14T23:00:00+03:00,23:00,2907.11,66.02,57.15
2026-03-15T00:00:00+03:00,00:00,2800.0,63.61,55.5
2026-03-15T01:00:00+03:00,01:00,2399.99,54.52,47.57
2026-03-15T02:00:00+03:00,02:00,1500.0,34.07,29.73
2026-03-15T03:00:00+03:00,03:00,1300.0,29.53,25.77
2026-03-15T04:00:00+03:00,04:00,1709.2,38.83,33.88
2026-03-15T05:00:00+03:00,05:00,1743.99,39.62,34.57
2026-03-15T06:00:00+03:00,06:00,1900.0,43.16,37.66
2026-03-15T07:00:00+03:00,07:00,1590.0,36.12,31.52
2026-03-15T08:00:00+03:00,08:00,1600.0,36.35,31.71
2026-03-15T09:00:00+03:00,09:00,1600.01,36.35,31.71
2026-03-15T10:00:00+03:00,10:00,1201.0,27.28,23.8
2026-03-15T11:00:00+03:00,11:00,999.99,22.72,19.82
2026-03-15T12:00:00+03:00,12:00,1000.01,22.72,19.82
2026-03-15T13:00:00+03:00,13:00,1300.0,29.53,25.77
2026-03-15T14:00:00+03:00,14:00,1743.99,39.62,34.57
2026-03-15T15:00:00+03:00,15:00,1554.1,35.3,30.8
2026-03-15T16:00:00+03:00,16:00,1244.0,28.26,24.66
2026-03-15T17:00:00+03:00,17:00,1744.01,39.62,34.57
2026-03-15T18:00:00+03:00,18:00,2468.54,56.08,48.93
2026-03-15T19:00:00+03:00,19:00,3199.48,72.68,63.42
2026-03-15T20:00:00+03:00,20:00,3400.0,77.24,67.39
2026-03-15T21:00:00+03:00,21:00,2946.0,66.92,58.39
2026-03-15T22:00:00+03:00,22:00,2500.0,56.79,49.55
2026-03-15T23:00:00+03:00,23:00,1749.99,39.75,34.69
2026-03-16T00:00:00+03:00,00:00,1744.01,39.62,34.57
2026-03-16T01:00:00+03:00,01:00,1719.09,39.05,34.07
2026-03-16T02:00:00+03:00,02:00,1498.01,34.03,29.69
2026-03-16T03:00:00+03:00,03:00,1418.0,32.21,28.11
2026-03-16T04:00:00+03:00,04:00,1744.0,39.62,34.57
2026-03-16T05:00:00+03:00,05:00,1744.0,39.62,34.57
2026-03-16T06:00:00+03:00,06:00,1744.0,39.62,34.57
2026-03-16T07:00:00+03:00,07:00,2400.0,54.52,47.57
2026-03-16T08:00:00+03:00,08:00,3400.0,77.24,67.39
2026-03-16T09:00:00+03:00,09:00,3400.0,77.24,67.39
2026-03-16T10:00:00+03:00,10:00,3400.0,77.24,67.39
2026-03-16T11:00:00+03:00,11:00,3400.0,77.24,67.39
2026-03-16T12:00:00+03:00,12:00,2300.0,52.25,45.59
2026-03-16T13:00:00+03:00,13:00,2797.99,63.56,55.46
2026-03-16T14:00:00+03:00,14:00,3219.58,73.14,63.81
2026-03-16T15:00:00+03:00,15:00,3200.0,72.69,63.43
2026-03-16T16:00:00+03:00,16:00,2900.01,65.88,57.48
2026-03-16T17:00:00+03:00,17:00,3088.02,70.15,61.21
2026-03-16T18:00:00+03:00,18:00,3400.0,77.24,67.39
2026-03-16T19:00:00+03:00,19:00,3400.0,77.24,67.39
2026-03-16T20:00:00+03:00,20:00,3400.0,77.24,67.39
2026-03-16T21:00:00+03:00,21:00,2999.99,68.15,59.46
2026-03-16T22:00:00+03:00,22:00,2874.95,65.31,56.98
2026-03-16T23:00:00+03:00,23:00,2200.0,49.98,43.61
2026-03-17T00:00:00+03:00,00:00,2988.88,67.9,59.24
2026-03-17T01:00:00+03:00,01:00,2900.01,65.88,57.48
2026-03-17T02:00:00+03:00,02:00,1891.99,42.98,37.5
2026-03-17T03:00:00+03:00,03:00,1743.99,39.62,34.57
2026-03-17T04:00:00+03:00,04:00,2199.99,49.98,43.61
2026-03-17T05:00:00+03:00,05:00,2200.0,49.98,43.61
2026-03-17T06:00:00+03:00,06:00,1744.01,39.62,34.57
2026-03-17T07:00:00+03:00,07:00,1743.99,39.62,34.57
2026-03-17T08:00:00+03:00,08:00,1891.99,42.98,37.5
2026-03-17T09:00:00+03:00,09:00,1744.01,39.62,34.57
2026-03-17T10:00:00+03:00,10:00,1050.0,23.85,20.81
2026-03-17T11:00:00+03:00,11:00,1000.0,22.72,19.82
2026-03-17T12:00:00+03:00,12:00,241.41,5.48,4.78
2026-03-17T13:00:00+03:00,13:00,300.0,6.81,5.95
2026-03-17T14:00:00+03:00,14:00,1000.0,22.72,19.82
2026-03-17T15:00:00+03:00,15:00,1000.01,22.72,19.82
2026-03-17T16:00:00+03:00,16:00,1744.0,39.62,34.57
2026-03-17T17:00:00+03:00,17:00,2789.7,63.37,55.29
2026-03-17T18:00:00+03:00,18:00,2988.89,67.9,59.24
2026-03-17T19:00:00+03:00,19:00,3000.01,68.15,59.46
2026-03-17T20:00:00+03:00,20:00,3227.0,73.31,63.96
2026-03-17T21:00:00+03:00,21:00,2900.0,65.88,57.48
2026-03-17T22:00:00+03:00,22:00,2784.0,63.24,55.18
2026-03-17T23:00:00+03:00,23:00,1833.71,41.66,36.35
2026-03-18T00:00:00+03:00,00:00,2047.61,46.42,40.54
2026-03-18T01:00:00+03:00,01:00,1744.0,39.54,34.53
2026-03-18T02:00:00+03:00,02:00,1699.99,38.54,33.66
2026-03-18T03:00:00+03:00,03:00,1600.01,36.28,31.68
2026-03-18T04:00:00+03:00,04:00,1800.01,40.81,35.64
2026-03-18T05:00:00+03:00,05:00,2199.99,49.88,43.56
2026-03-18T06:00:00+03:00,06:00,1743.99,39.54,34.53
2026-03-18T07:00:00+03:00,07:00,1300.0,29.47,25.74
2026-03-18T08:00:00+03:00,08:00,1743.99,39.54,34.53
2026-03-18T09:00:00+03:00,09:00,1719.09,38.98,34.04
2026-03-18T10:00:00+03:00,10:00,1744.0,39.54,34.53
2026-03-18T11:00:00+03:00,11:00,1429.0,32.4,28.29
2026-03-18T12:00:00+03:00,12:00,900.0,20.41,17.82
2026-03-18T13:00:00+03:00,13:00,999.99,22.67,19.8
2026-03-18T14:00:00+03:00,14:00,1743.99,39.54,34.53
2026-03-18T15:00:00+03:00,15:00,1499.99,34.01,29.7
2026-03-18T16:00:00+03:00,16:00,1743.99,39.54,34.53
2026-03-18T17:00:00+03:00,17:00,1743.99,39.54,34.53
2026-03-18T18:00:00+03:00,18:00,1999.99,45.35,39.6
2026-03-18T19:00:00+03:00,19:00,1891.99,42.9,37.46
2026-03-18T20:00:00+03:00,20:00,1744.01,39.54,34.53
2026-03-18T21:00:00+03:00,21:00,2199.99,49.88,43.56
2026-03-18T22:00:00+03:00,22:00,1429.0,32.4,28.29
2026-03-18T23:00:00+03:00,23:00,700.0,15.87,13.86
2026-03-19T00:00:00+03:00,00:00,859.12,19.47,16.93
2026-03-19T01:00:00+03:00,01:00,355.99,8.07,7.01
2026-03-19T02:00:00+03:00,02:00,263.0,5.96,5.18
2026-03-19T03:00:00+03:00,03:00,236.99,5.37,4.67
2026-03-19T04:00:00+03:00,04:00,240.01,5.44,4.73
2026-03-19T05:00:00+03:00,05:00,235.01,5.33,4.63
2026-03-19T06:00:00+03:00,06:00,230.0,5.21,4.53
2026-03-19T07:00:00+03:00,07:00,171.39,3.88,3.38
2026-03-19T08:00:00+03:00,08:00,189.99,4.31,3.74
2026-03-19T09:00:00+03:00,09:00,189.99,4.31,3.74
2026-03-19T10:00:00+03:00,10:00,171.4,3.88,3.38
2026-03-19T11:00:00+03:00,11:00,171.39,3.88,3.38
2026-03-19T12:00:00+03:00,12:00,171.01,3.88,3.37
2026-03-19T13:00:00+03:00,13:00,171.02,3.88,3.37
2026-03-19T14:00:00+03:00,14:00,171.4,3.88,3.38
2026-03-19T15:00:00+03:00,15:00,194.49,4.41,3.83
2026-03-19T16:00:00+03:00,16:00,235.0,5.33,4.63
2026-03-19T17:00:00+03:00,17:00,600.01,13.6,11.82
2026-03-19T18:00:00+03:00,18:00,1275.0,28.9,25.12
2026-03-19T19:00:00+03:00,19:00,1600.0,36.26,31.53
2026-03-19T20:00:00+03:00,20:00,1743.99,39.53,34.36
2026-03-19T21:00:00+03:00,21:00,1489.0,33.75,29.34
2026-03-19T22:00:00+03:00,22:00,230.0,5.21,4.53
2026-03-19T23:00:00+03:00,23:00,175.0,3.97,3.45
2026-03-20T00:00:00+03:00,00:00,171.02,3.88,3.36
2026-03-20T01:00:00+03:00,01:00,139.99,3.17,2.75
2026-03-20T02:00:00+03:00,02:00,0.0,0.0,0.0
2026-03-20T03:00:00+03:00,03:00,0.0,0.0,0.0
2026-03-20T04:00:00+03:00,04:00,0.0,0.0,0.0
2026-03-20T05:00:00+03:00,05:00,0.02,0.0,0.0
2026-03-20T06:00:00+03:00,06:00,164.91,3.74,3.24
2026-03-20T07:00:00+03:00,07:00,160.01,3.63,3.14
2026-03-20T08:00:00+03:00,08:00,155.11,3.51,3.05
2026-03-20T09:00:00+03:00,09:00,163.35,3.7,3.21
2026-03-20T10:00:00+03:00,10:00,100.01,2.27,1.96
2026-03-20T11:00:00+03:00,11:00,0.0,0.0,0.0
2026-03-20T12:00:00+03:00,12:00,0.0,0.0,0.0
2026-03-20T13:00:00+03:00,13:00,0.0,0.0,0.0
2026-03-20T14:00:00+03:00,14:00,0.0,0.0,0.0
2026-03-20T15:00:00+03:00,15:00,0.0,0.0,0.0
2026-03-20T16:00:00+03:00,16:00,164.9,3.74,3.24
2026-03-20T17:00:00+03:00,17:00,189.99,4.3,3.73
2026-03-20T18:00:00+03:00,18:00,240.01,5.44,4.71
2026-03-20T19:00:00+03:00,19:00,250.0,5.66,4.91
2026-03-20T20:00:00+03:00,20:00,300.01,6.8,5.89
2026-03-20T21:00:00+03:00,21:00,250.0,5.66,4.91
2026-03-20T22:00:00+03:00,22:00,174.99,3.97,3.44
2026-03-20T23:00:00+03:00,23:00,170.0,3.85,3.34
2026-03-21T00:00:00+03:00,00:00,240.0,5.44,4.71
2026-03-21T01:00:00+03:00,01:00,200.0,4.53,3.93
2026-03-21T02:00:00+03:00,02:00,171.01,3.87,3.36
2026-03-21T03:00:00+03:00,03:00,170.01,3.85,3.34
2026-03-21T04:00:00+03:00,04:00,164.95,3.74,3.24
2026-03-21T05:00:00+03:00,05:00,170.0,3.85,3.34
2026-03-21T06:00:00+03:00,06:00,171.0,3.87,3.36
2026-03-21T07:00:00+03:00,07:00,171.0,3.87,3.36
2026-03-21T08:00:00+03:00,08:00,171.01,3.87,3.36
2026-03-21T09:00:00+03:00,09:00,170.01,3.85,3.34
2026-03-21T10:00:00+03:00,10:00,170.01,3.85,3.34
2026-03-21T11:00:00+03:00,11:00,170.0,3.85,3.34
2026-03-21T12:00:00+03:00,12:00,164.91,3.74,3.24
2026-03-21T13:00:00+03:00,13:00,170.0,3.85,3.34
2026-03-21T14:00:00+03:00,14:00,164.91,3.74,3.24
2026-03-21T15:00:00+03:00,15:00,171.0,3.87,3.36
2026-03-21T16:00:00+03:00,16:00,200.01,4.53,3.93
2026-03-21T17:00:00+03:00,17:00,300.01,6.8,5.89
2026-03-21T18:00:00+03:00,18:00,900.0,20.39,17.68
2026-03-21T19:00:00+03:00,19:00,1000.0,22.66,19.64
2026-03-21T20:00:00+03:00,20:00,1891.99,42.87,37.16
2026-03-21T21:00:00+03:00,21:00,1499.99,33.99,29.46
2026-03-21T22:00:00+03:00,22:00,271.0,6.14,5.32
2026-03-21T23:00:00+03:00,23:00,250.0,5.66,4.91
2026-03-22T00:00:00+03:00,00:00,356.0,8.07,6.99
2026-03-22T01:00:00+03:00,01:00,249.99,5.66,4.91
2026-03-22T02:00:00+03:00,02:00,200.0,4.53,3.93
2026-03-22T03:00:00+03:00,03:00,189.99,4.3,3.73
2026-03-22T04:00:00+03:00,04:00,175.0,3.97,3.44
2026-03-22T05:00:00+03:00,05:00,189.99,4.3,3.73
2026-03-22T06:00:00+03:00,06:00,240.0,5.44,4.71
2026-03-22T07:00:00+03:00,07:00,227.0,5.14,4.46
2026-03-22T08:00:00+03:00,08:00,180.07,4.08,3.54
2026-03-22T09:00:00+03:00,09:00,171.01,3.87,3.36
2026-03-22T10:00:00+03:00,10:00,171.0,3.87,3.36
2026-03-22T11:00:00+03:00,11:00,171.01,3.87,3.36
2026-03-22T12:00:00+03:00,12:00,174.99,3.97,3.44
2026-03-22T13:00:00+03:00,13:00,190.0,4.31,3.73
2026-03-22T14:00:00+03:00,14:00,200.01,4.53,3.93
2026-03-22T15:00:00+03:00,15:00,251.0,5.69,4.93
2026-03-22T16:00:00+03:00,16:00,1000.0,22.66,19.64
2026-03-22T17:00:00+03:00,17:00,2390.01,54.16,46.94
2026-03-22T18:00:00+03:00,18:00,2595.01,58.8,50.96
2026-03-22T19:00:00+03:00,19:00,2399.99,54.38,47.13
2026-03-22T20:00:00+03:00,20:00,1499.93,33.99,29.46
2026-03-22T21:00:00+03:00,21:00,1499.99,33.99,29.46
2026-03-22T22:00:00+03:00,22:00,1700.0,38.52,33.39
2026-03-22T23:00:00+03:00,23:00,1200.0,27.19,23.57
2026-03-23T00:00:00+03:00,00:00,300.01,6.8,5.89
2026-03-23T01:00:00+03:00,01:00,251.0,5.69,4.93
2026-03-23T02:00:00+03:00,02:00,237.0,5.37,4.65
2026-03-23T03:00:00+03:00,03:00,231.01,5.23,4.54
2026-03-23T04:00:00+03:00,04:00,234.99,5.32,4.61
2026-03-23T05:00:00+03:00,05:00,250.1,5.67,4.91
2026-03-23T06:00:00+03:00,06:00,251.01,5.69,4.93
2026-03-23T07:00:00+03:00,07:00,371.31,8.41,7.29
2026-03-23T08:00:00+03:00,08:00,2300.0,52.12,45.17
2026-03-23T09:00:00+03:00,09:00,1892.0,42.87,37.16
2026-03-23T10:00:00+03:00,10:00,2489.61,56.41,48.89
2026-03-23T11:00:00+03:00,11:00,3129.99,70.92,61.47
2026-03-23T12:00:00+03:00,12:00,2489.61,56.41,48.89
2026-03-23T13:00:00+03:00,13:00,3000.0,67.98,58.92
2026-03-23T14:00:00+03:00,14:00,2989.01,67.73,58.7
2026-03-23T15:00:00+03:00,15:00,2199.99,49.85,43.21
2026-03-23T16:00:00+03:00,16:00,2589.0,58.66,50.85
2026-03-23T17:00:00+03:00,17:00,3112.01,70.52,61.12
2026-03-23T18:00:00+03:00,18:00,3199.47,72.5,62.83
2026-03-23T19:00:00+03:00,19:00,3400.0,77.04,66.77
2026-03-23T20:00:00+03:00,20:00,3400.0,77.04,66.77
2026-03-23T21:00:00+03:00,21:00,2600.0,58.91,51.06
2026-03-23T22:00:00+03:00,22:00,1799.01,40.76,35.33
2026-03-23T23:00:00+03:00,23:00,1744.0,39.52,34.25
2026-03-24T00:00:00+03:00,00:00,1850.01,41.92,36.33
2026-03-24T01:00:00+03:00,01:00,1719.08,38.95,33.76
2026-03-24T02:00:00+03:00,02:00,1499.99,33.99,29.46
2026-03-24T03:00:00+03:00,03:00,1719.09,38.95,33.76
2026-03-24T04:00:00+03:00,04:00,1400.0,31.72,27.49
2026-03-24T05:00:00+03:00,05:00,1499.99,33.99,29.46
2026-03-24T06:00:00+03:00,06:00,1499.99,33.99,29.46
2026-03-24T07:00:00+03:00,07:00,1000.0,22.66,19.64
2026-03-24T08:00:00+03:00,08:00,2196.72,49.78,43.14
2026-03-24T09:00:00+03:00,09:00,2153.0,48.78,42.28
2026-03-24T10:00:00+03:00,10:00,1719.09,38.95,33.76
2026-03-24T11:00:00+03:00,11:00,1719.08,38.95,33.76
2026-03-24T12:00:00+03:00,12:00,1201.01,27.21,23.59
2026-03-24T13:00:00+03:00,13:00,1429.01,32.38,28.06
2026-03-24T14:00:00+03:00,14:00,1719.09,38.95,33.76
2026-03-24T15:00:00+03:00,15:00,800.0,18.13,15.71
2026-03-24T16:00:00+03:00,16:00,1719.09,38.95,33.76
2026-03-24T17:00:00+03:00,17:00,2532.17,57.38,49.73
2026-03-24T18:00:00+03:00,18:00,1719.09,38.95,33.76
2026-03-24T19:00:00+03:00,19:00,2200.0,49.85,43.21
2026-03-24T20:00:00+03:00,20:00,1719.09,38.95,33.76
2026-03-24T21:00:00+03:00,21:00,2124.99,48.15,41.73
2026-03-24T22:00:00+03:00,22:00,1429.01,32.38,28.06
2026-03-24T23:00:00+03:00,23:00,439.47,9.96,8.63
2026-03-25T00:00:00+03:00,00:00,1222.01,27.62,23.97
2026-03-25T01:00:00+03:00,01:00,800.01,18.08,15.7
2026-03-25T02:00:00+03:00,02:00,1000.0,22.6,19.62
2026-03-25T03:00:00+03:00,03:00,500.01,11.3,9.81
2026-03-25T04:00:00+03:00,04:00,484.99,10.96,9.51
2026-03-25T05:00:00+03:00,05:00,485.0,10.96,9.51
2026-03-25T06:00:00+03:00,06:00,1000.0,22.6,19.62
2026-03-25T07:00:00+03:00,07:00,1200.0,27.12,23.54
2026-03-25T08:00:00+03:00,08:00,2047.6,46.28,40.17
2026-03-25T09:00:00+03:00,09:00,1700.0,38.42,33.35
2026-03-25T10:00:00+03:00,10:00,1000.01,22.6,19.62
2026-03-25T11:00:00+03:00,11:00,800.0,18.08,15.69
2026-03-25T12:00:00+03:00,12:00,485.0,10.96,9.51
2026-03-25T13:00:00+03:00,13:00,783.9,17.72,15.38
2026-03-25T14:00:00+03:00,14:00,251.01,5.67,4.92
2026-03-25T15:00:00+03:00,15:00,601.0,13.58,11.79
2026-03-25T16:00:00+03:00,16:00,500.01,11.3,9.81
2026-03-25T17:00:00+03:00,17:00,1429.01,32.3,28.04
2026-03-25T18:00:00+03:00,18:00,1500.0,33.9,29.43
2026-03-25T19:00:00+03:00,19:00,2990.01,67.58,58.66
2026-03-25T20:00:00+03:00,20:00,2858.01,64.6,56.07
2026-03-25T21:00:00+03:00,21:00,1999.01,45.18,39.22
2026-03-25T22:00:00+03:00,22:00,1595.99,36.07,31.31
2026-03-25T23:00:00+03:00,23:00,1200.0,27.12,23.54
2026-03-26T00:00:00+03:00,00:00,1200.01,27.11,23.38
2026-03-26T01:00:00+03:00,01:00,1000.0,22.59,19.49
2026-03-26T02:00:00+03:00,02:00,1000.01,22.59,19.49
2026-03-26T03:00:00+03:00,03:00,1200.0,27.11,23.38
2026-03-26T04:00:00+03:00,04:00,1200.01,27.11,23.38
2026-03-26T05:00:00+03:00,05:00,1349.99,30.5,26.3
2026-03-26T06:00:00+03:00,06:00,1499.99,33.89,29.23
2026-03-26T07:00:00+03:00,07:00,1499.99,33.89,29.23
2026-03-26T08:00:00+03:00,08:00,1720.01,38.86,33.51
2026-03-26T09:00:00+03:00,09:00,2200.0,49.7,42.87
2026-03-26T10:00:00+03:00,10:00,900.0,20.33,17.54
2026-03-26T11:00:00+03:00,11:00,1200.0,27.11,23.38
2026-03-26T12:00:00+03:00,12:00,1200.01,27.11,23.38
2026-03-26T13:00:00+03:00,13:00,1298.04,29.33,25.29
2026-03-26T14:00:00+03:00,14:00,1200.01,27.11,23.38
2026-03-26T15:00:00+03:00,15:00,397.99,8.99,7.75
2026-03-26T16:00:00+03:00,16:00,1499.99,33.89,29.23
2026-03-26T17:00:00+03:00,17:00,3100.0,70.03,60.4
2026-03-26T18:00:00+03:00,18:00,3400.0,76.81,66.25
2026-03-26T19:00:00+03:00,19:00,3400.0,76.81,66.25
2026-03-26T20:00:00+03:00,20:00,3400.0,76.81,66.25
2026-03-26T21:00:00+03:00,21:00,3400.0,76.81,66.25
2026-03-26T22:00:00+03:00,22:00,2977.01,67.26,58.01
2026-03-26T23:00:00+03:00,23:00,1649.98,37.28,32.15
2026-03-27T00:00:00+03:00,00:00,2199.99,49.69,42.83
2026-03-27T01:00:00+03:00,01:00,1200.0,27.1,23.36
2026-03-27T02:00:00+03:00,02:00,500.01,11.29,9.74
2026-03-27T03:00:00+03:00,03:00,500.01,11.29,9.74
2026-03-27T04:00:00+03:00,04:00,251.01,5.67,4.89
2026-03-27T05:00:00+03:00,05:00,300.01,6.78,5.84
2026-03-27T06:00:00+03:00,06:00,490.0,11.07,9.54
2026-03-27T07:00:00+03:00,07:00,355.99,8.04,6.93
2026-03-27T08:00:00+03:00,08:00,1499.99,33.88,29.2
2026-03-27T09:00:00+03:00,09:00,240.01,5.42,4.67
2026-03-27T10:00:00+03:00,10:00,171.0,3.86,3.33
2026-03-27T11:00:00+03:00,11:00,164.91,3.72,3.21
2026-03-27T12:00:00+03:00,12:00,0.0,0.0,0.0
2026-03-27T13:00:00+03:00,13:00,0.0,0.0,0.0
2026-03-27T14:00:00+03:00,14:00,100.0,2.26,1.95
2026-03-27T15:00:00+03:00,15:00,164.91,3.72,3.21
2026-03-27T16:00:00+03:00,16:00,249.99,5.65,4.87
2026-03-27T17:00:00+03:00,17:00,699.99,15.81,13.63
2026-03-27T18:00:00+03:00,18:00,1200.01,27.1,23.36
2026-03-27T19:00:00+03:00,19:00,3199.47,72.27,62.29
2026-03-27T20:00:00+03:00,20:00,2500.01,56.47,48.67
2026-03-27T21:00:00+03:00,21:00,2897.99,65.46,56.42
2026-03-27T22:00:00+03:00,22:00,1429.0,32.28,27.82
2026-03-27T23:00:00+03:00,23:00,601.0,13.57,11.7
2026-03-28T00:00:00+03:00,00:00,1499.98,33.87,29.32
2026-03-28T01:00:00+03:00,01:00,1000.0,22.58,19.55
2026-03-28T02:00:00+03:00,02:00,700.0,15.81,13.68
2026-03-28T03:00:00+03:00,03:00,415.1,9.37,8.11
2026-03-28T04:00:00+03:00,04:00,300.01,6.77,5.86
2026-03-28T05:00:00+03:00,05:00,800.01,18.07,15.64
2026-03-28T06:00:00+03:00,06:00,1200.0,27.1,23.46
2026-03-28T07:00:00+03:00,07:00,171.0,3.86,3.34
2026-03-28T08:00:00+03:00,08:00,170.01,3.84,3.32
2026-03-28T09:00:00+03:00,09:00,170.01,3.84,3.32
2026-03-28T10:00:00+03:00,10:00,164.91,3.72,3.22
2026-03-28T11:00:00+03:00,11:00,171.01,3.86,3.34
2026-03-28T12:00:00+03:00,12:00,171.0,3.86,3.34
2026-03-28T13:00:00+03:00,13:00,189.99,4.29,3.71
2026-03-28T14:00:00+03:00,14:00,243.53,5.5,4.76
2026-03-28T15:00:00+03:00,15:00,231.0,5.22,4.52
2026-03-28T16:00:00+03:00,16:00,500.01,11.29,9.77
2026-03-28T17:00:00+03:00,17:00,1200.01,27.1,23.46
2026-03-28T18:00:00+03:00,18:00,2700.01,60.97,52.77
2026-03-28T19:00:00+03:00,19:00,3400.0,76.78,66.46
2026-03-28T20:00:00+03:00,20:00,3400.0,76.78,66.46
2026-03-28T21:00:00+03:00,21:00,2789.7,63.0,54.53
2026-03-28T22:00:00+03:00,22:00,1499.99,33.87,29.32
2026-03-28T23:00:00+03:00,23:00,700.01,15.81,13.68
2026-03-29T00:00:00+03:00,00:00,2451.0,55.34,48.04
2026-03-29T01:00:00+03:00,01:00,1450.0,32.74,28.42
2026-03-29T02:00:00+03:00,02:00,500.0,11.29,9.8
2026-03-29T03:00:00+03:00,03:00,500.01,11.29,9.8
2026-03-29T04:00:00+03:00,04:00,300.01,6.77,5.88
2026-03-29T05:00:00+03:00,05:00,500.0,11.29,9.8
2026-03-29T06:00:00+03:00,06:00,490.0,11.06,9.61
2026-03-29T07:00:00+03:00,07:00,251.0,5.67,4.92
2026-03-29T08:00:00+03:00,08:00,237.01,5.35,4.65
2026-03-29T09:00:00+03:00,09:00,200.0,4.52,3.92
2026-03-29T10:00:00+03:00,10:00,186.0,4.2,3.65
2026-03-29T11:00:00+03:00,11:00,174.99,3.95,3.43
2026-03-29T12:00:00+03:00,12:00,100.0,2.26,1.96
2026-03-29T13:00:00+03:00,13:00,79.99,1.81,1.57
2026-03-29T14:00:00+03:00,14:00,161.91,3.66,3.17
2026-03-29T15:00:00+03:00,15:00,200.0,4.52,3.92
2026-03-29T16:00:00+03:00,16:00,251.0,5.67,4.92
2026-03-29T17:00:00+03:00,17:00,1200.0,27.09,23.52
2026-03-29T18:00:00+03:00,18:00,1499.99,33.87,29.4
2026-03-29T19:00:00+03:00,19:00,3299.99,74.51,64.69
2026-03-29T20:00:00+03:00,20:00,3200.0,72.25,62.73
2026-03-29T21:00:00+03:00,21:00,2500.0,56.45,49.01
2026-03-29T22:00:00+03:00,22:00,1499.01,33.85,29.38
2026-03-29T23:00:00+03:00,23:00,799.99,18.06,15.68
2026-03-30T00:00:00+03:00,00:00,600.0,13.55,11.76
2026-03-30T01:00:00+03:00,01:00,356.0,8.04,6.98
2026-03-30T02:00:00+03:00,02:00,251.01,5.67,4.92
2026-03-30T03:00:00+03:00,03:00,251.0,5.67,4.92
2026-03-30T04:00:00+03:00,04:00,249.99,5.64,4.9
2026-03-30T05:00:00+03:00,05:00,251.01,5.67,4.92
2026-03-30T06:00:00+03:00,06:00,500.0,11.29,9.8
2026-03-30T07:00:00+03:00,07:00,1200.0,27.09,23.52
2026-03-30T08:00:00+03:00,08:00,1740.1,39.29,34.11
2026-03-30T09:00:00+03:00,09:00,1820.0,41.09,35.68
2026-03-30T10:00:00+03:00,10:00,1200.01,27.1,23.52
2026-03-30T11:00:00+03:00,11:00,1249.99,28.22,24.5
2026-03-30T12:00:00+03:00,12:00,800.0,18.06,15.68
2026-03-30T13:00:00+03:00,13:00,1200.0,27.09,23.52
2026-03-30T14:00:00+03:00,14:00,1499.99,33.87,29.4
2026-03-30T15:00:00+03:00,15:00,1060.3,23.94,20.78
2026-03-30T16:00:00+03:00,16:00,2000.01,45.16,39.2
2026-03-30T17:00:00+03:00,17:00,3094.01,69.86,60.65
2026-03-30T18:00:00+03:00,18:00,3325.0,75.08,65.18
2026-03-30T19:00:00+03:00,19:00,3400.0,76.77,66.65
2026-03-30T20:00:00+03:00,20:00,3400.0,76.77,66.65
2026-03-30T21:00:00+03:00,21:00,3325.0,75.08,65.18
2026-03-30T22:00:00+03:00,22:00,2999.99,67.74,58.81
2026-03-30T23:00:00+03:00,23:00,2000.0,45.16,39.2
2026-03-31T00:00:00+03:00,00:00,2390.0,53.96,46.85
2026-03-31T01:00:00+03:00,01:00,1350.0,30.48,26.46
2026-03-31T02:00:00+03:00,02:00,699.99,15.81,13.72
2026-03-31T03:00:00+03:00,03:00,899.99,20.32,17.64
2026-03-31T04:00:00+03:00,04:00,500.01,11.29,9.8
2026-03-31T05:00:00+03:00,05:00,899.99,20.32,17.64
2026-03-31T06:00:00+03:00,06:00,1200.01,27.1,23.52
2026-03-31T07:00:00+03:00,07:00,1200.0,27.09,23.52
2026-03-31T08:00:00+03:00,08:00,1645.01,37.14,32.25
2026-03-31T09:00:00+03:00,09:00,1200.0,27.09,23.52
2026-03-31T10:00:00+03:00,10:00,499.99,11.29,9.8
2026-03-31T11:00:00+03:00,11:00,400.01,9.03,7.84
2026-03-31T12:00:00+03:00,12:00,231.0,5.22,4.53
2026-03-31T13:00:00+03:00,13:00,249.99,5.64,4.9
2026-03-31T14:00:00+03:00,14:00,500.0,11.29,9.8
2026-03-31T15:00:00+03:00,15:00,300.0,6.77,5.88
2026-03-31T16:00:00+03:00,16:00,948.79,21.42,18.6
2026-03-31T17:00:00+03:00,17:00,2200.0,49.67,43.12
2026-03-31T18:00:00+03:00,18:00,3000.01,67.74,58.81
2026-03-31T19:00:00+03:00,19:00,3400.0,76.77,66.65
2026-03-31T20:00:00+03:00,20:00,3400.0,76.77,66.65
2026-03-31T21:00:00+03:00,21:00,2941.78,66.42,57.67
2026-03-31T22:00:00+03:00,22:00,1744.01,39.38,34.19
2026-03-31T23:00:00+03:00,23:00,999.99,22.58,19.6
2026-04-01T00:00:00+03:00,00:00,1499.99,33.8,29.4
2026-04-01T01:00:00+03:00,01:00,800.0,18.02,15.68
2026-04-01T02:00:00+03:00,02:00,500.0,11.27,9.8
2026-04-01T03:00:00+03:00,03:00,500.51,11.28,9.81
2026-04-01T04:00:00+03:00,04:00,835.01,18.81,16.37
2026-04-01T05:00:00+03:00,05:00,1200.0,27.04,23.52
2026-04-01T06:00:00+03:00,06:00,1200.0,27.04,23.52
2026-04-01T07:00:00+03:00,07:00,500.03,11.27,9.8
2026-04-01T08:00:00+03:00,08:00,999.0,22.51,19.58
2026-04-01T09:00:00+03:00,09:00,404.49,9.11,7.93
2026-04-01T10:00:00+03:00,10:00,300.01,6.76,5.88
2026-04-01T11:00:00+03:00,11:00,300.0,6.76,5.88
2026-04-01T12:00:00+03:00,12:00,181.0,4.08,3.55
2026-04-01T13:00:00+03:00,13:00,200.01,4.51,3.92
2026-04-01T14:00:00+03:00,14:00,250.0,5.63,4.9
2026-04-01T15:00:00+03:00,15:00,250.01,5.63,4.9
2026-04-01T16:00:00+03:00,16:00,500.01,11.27,9.8
2026-04-01T17:00:00+03:00,17:00,1200.01,27.04,23.52
2026-04-01T18:00:00+03:00,18:00,1300.01,29.29,25.48
2026-04-01T19:00:00+03:00,19:00,2098.48,47.28,41.13
2026-04-01T20:00:00+03:00,20:00,1699.01,38.28,33.3
2026-04-01T21:00:00+03:00,21:00,1499.98,33.8,29.4
2026-04-01T22:00:00+03:00,22:00,600.01,13.52,11.76
2026-04-01T23:00:00+03:00,23:00,250.0,5.63,4.9
2026-04-02T00:00:00+03:00,00:00,249.99,5.63,4.91
2026-04-02T01:00:00+03:00,01:00,240.0,5.41,4.71
2026-04-02T02:00:00+03:00,02:00,201.01,4.53,3.95
2026-04-02T03:00:00+03:00,03:00,200.0,4.5,3.93
2026-04-02T04:00:00+03:00,04:00,199.99,4.5,3.93
2026-04-02T05:00:00+03:00,05:00,201.0,4.53,3.95
2026-04-02T06:00:00+03:00,06:00,201.01,4.53,3.95
2026-04-02T07:00:00+03:00,07:00,250.01,5.63,4.91
2026-04-02T08:00:00+03:00,08:00,1000.0,22.52,19.64
2026-04-02T09:00:00+03:00,09:00,1200.01,27.03,23.56
2026-04-02T10:00:00+03:00,10:00,1249.99,28.16,24.54
2026-04-02T11:00:00+03:00,11:00,1200.01,27.03,23.56
2026-04-02T12:00:00+03:00,12:00,499.99,11.26,9.82
2026-04-02T13:00:00+03:00,13:00,499.99,11.26,9.82
2026-04-02T14:00:00+03:00,14:00,500.0,11.26,9.82
2026-04-02T15:00:00+03:00,15:00,260.0,5.86,5.11
2026-04-02T16:00:00+03:00,16:00,300.01,6.76,5.89
2026-04-02T17:00:00+03:00,17:00,500.01,11.26,9.82
2026-04-02T18:00:00+03:00,18:00,899.0,20.25,17.65
2026-04-02T19:00:00+03:00,19:00,2450.0,55.19,48.11
2026-04-02T20:00:00+03:00,20:00,2047.61,46.12,40.2
2026-04-02T21:00:00+03:00,21:00,2000.0,45.05,39.27
2026-04-02T22:00:00+03:00,22:00,1000.01,22.52,19.64
2026-04-02T23:00:00+03:00,23:00,355.99,8.02,6.99
2026-04-03T00:00:00+03:00,00:00,237.0,5.34,4.6
2026-04-03T01:00:00+03:00,01:00,201.01,4.53,3.9
2026-04-03T02:00:00+03:00,02:00,200.0,4.51,3.89
2026-04-03T03:00:00+03:00,03:00,174.99,3.94,3.4
2026-04-03T04:00:00+03:00,04:00,171.02,3.85,3.32
2026-04-03T05:00:00+03:00,05:00,189.99,4.28,3.69
2026-04-03T06:00:00+03:00,06:00,190.01,4.28,3.69
2026-04-03T07:00:00+03:00,07:00,174.99,3.94,3.4
2026-04-03T08:00:00+03:00,08:00,260.01,5.86,5.05
2026-04-03T09:00:00+03:00,09:00,250.01,5.63,4.86
2026-04-03T10:00:00+03:00,10:00,200.01,4.51,3.89
2026-04-03T11:00:00+03:00,11:00,175.0,3.94,3.4
2026-04-03T12:00:00+03:00,12:00,170.01,3.83,3.3
2026-04-03T13:00:00+03:00,13:00,167.38,3.77,3.25
2026-04-03T14:00:00+03:00,14:00,179.0,4.03,3.48
2026-04-03T15:00:00+03:00,15:00,175.0,3.94,3.4
2026-04-03T16:00:00+03:00,16:00,240.0,5.41,4.66
2026-04-03T17:00:00+03:00,17:00,999.0,22.5,19.41
2026-04-03T18:00:00+03:00,18:00,1200.01,27.03,23.31
2026-04-03T19:00:00+03:00,19:00,3000.01,67.58,58.28
2026-04-03T20:00:00+03:00,20:00,3000.01,67.58,58.28
2026-04-03T21:00:00+03:00,21:00,2587.01,58.27,50.25
2026-04-03T22:00:00+03:00,22:00,1499.99,33.79,29.14
2026-04-03T23:00:00+03:00,23:00,999.0,22.5,19.41
2026-04-04T00:00:00+03:00,00:00,1200.01,27.02,23.44
2026-04-04T01:00:00+03:00,01:00,999.0,22.49,19.52
2026-04-04T02:00:00+03:00,02:00,875.99,19.72,17.11
2026-04-04T03:00:00+03:00,03:00,610.0,13.73,11.92
2026-04-04T04:00:00+03:00,04:00,699.99,15.76,13.67
2026-04-04T05:00:00+03:00,05:00,999.99,22.51,19.54
2026-04-04T06:00:00+03:00,06:00,900.01,20.26,17.58
2026-04-04T07:00:00+03:00,07:00,250.01,5.63,4.88
2026-04-04T08:00:00+03:00,08:00,207.0,4.66,4.04
2026-04-04T09:00:00+03:00,09:00,199.01,4.48,3.89
2026-04-04T10:00:00+03:00,10:00,199.01,4.48,3.89
2026-04-04T11:00:00+03:00,11:00,199.99,4.5,3.91
2026-04-04T12:00:00+03:00,12:00,175.0,3.94,3.42
2026-04-04T13:00:00+03:00,13:00,199.99,4.5,3.91
2026-04-04T14:00:00+03:00,14:00,200.01,4.5,3.91
2026-04-04T15:00:00+03:00,15:00,249.99,5.63,4.88
2026-04-04T16:00:00+03:00,16:00,456.0,10.27,8.91
2026-04-04T17:00:00+03:00,17:00,1499.99,33.77,29.3
2026-04-04T18:00:00+03:00,18:00,3945.0,88.82,77.07
2026-04-04T19:00:00+03:00,19:00,4500.0,101.32,87.91
2026-04-04T20:00:00+03:00,20:00,4499.98,101.32,87.91
2026-04-04T21:00:00+03:00,21:00,3600.0,81.05,70.33
2026-04-04T22:00:00+03:00,22:00,1725.0,38.84,33.7
2026-04-04T23:00:00+03:00,23:00,1090.48,24.55,21.3
2026-04-05T00:00:00+03:00,00:00,1350.0,30.38,26.32
2026-04-05T01:00:00+03:00,01:00,999.99,22.51,19.5
2026-04-05T02:00:00+03:00,02:00,500.0,11.25,9.75
2026-04-05T03:00:00+03:00,03:00,300.0,6.75,5.85
2026-04-05T04:00:00+03:00,04:00,299.99,6.75,5.85
2026-04-05T05:00:00+03:00,05:00,299.2,6.73,5.83
2026-04-05T06:00:00+03:00,06:00,234.08,5.27,4.56
2026-04-05T07:00:00+03:00,07:00,120.0,2.7,2.34
2026-04-05T08:00:00+03:00,08:00,0.0,0.0,0.0
2026-04-05T09:00:00+03:00,09:00,0.0,0.0,0.0
2026-04-05T10:00:00+03:00,10:00,0.0,0.0,0.0
2026-04-05T11:00:00+03:00,11:00,0.0,0.0,0.0
2026-04-05T12:00:00+03:00,12:00,0.0,0.0,0.0
2026-04-05T13:00:00+03:00,13:00,0.0,0.0,0.0
2026-04-05T14:00:00+03:00,14:00,0.0,0.0,0.0
2026-04-05T15:00:00+03:00,15:00,0.0,0.0,0.0
2026-04-05T16:00:00+03:00,16:00,0.0,0.0,0.0
2026-04-05T17:00:00+03:00,17:00,171.01,3.85,3.33
2026-04-05T18:00:00+03:00,18:00,700.02,15.76,13.65
2026-04-05T19:00:00+03:00,19:00,1899.0,42.74,37.03
2026-04-05T20:00:00+03:00,20:00,2000.01,45.01,39.0
2026-04-05T21:00:00+03:00,21:00,1899.01,42.74,37.03
2026-04-05T22:00:00+03:00,22:00,1090.48,24.54,21.26
2026-04-05T23:00:00+03:00,23:00,500.01,11.25,9.75
2026-04-06T00:00:00+03:00,00:00,288.59,6.5,5.63
2026-04-06T01:00:00+03:00,01:00,250.01,5.63,4.87
2026-04-06T02:00:00+03:00,02:00,250.0,5.63,4.87
2026-04-06T03:00:00+03:00,03:00,249.99,5.63,4.87
2026-04-06T04:00:00+03:00,04:00,249.99,5.63,4.87
2026-04-06T05:00:00+03:00,05:00,300.01,6.75,5.85
2026-04-06T06:00:00+03:00,06:00,310.99,7.0,6.06
2026-04-06T07:00:00+03:00,07:00,252.01,5.67,4.91
2026-04-06T08:00:00+03:00,08:00,252.01,5.67,4.91
2026-04-06T09:00:00+03:00,09:00,200.0,4.5,3.9
2026-04-06T10:00:00+03:00,10:00,149.99,3.38,2.92
2026-04-06T11:00:00+03:00,11:00,0.0,0.0,0.0
2026-04-06T12:00:00+03:00,12:00,0.0,0.0,0.0
2026-04-06T13:00:00+03:00,13:00,0.0,0.0,0.0
2026-04-06T14:00:00+03:00,14:00,146.51,3.3,2.86
2026-04-06T15:00:00+03:00,15:00,171.02,3.85,3.33
2026-04-06T16:00:00+03:00,16:00,500.0,11.25,9.75
2026-04-06T17:00:00+03:00,17:00,1990.0,44.79,38.8
2026-04-06T18:00:00+03:00,18:00,3249.99,73.15,63.37
2026-04-06T19:00:00+03:00,19:00,4400.0,99.03,85.79
2026-04-06T20:00:00+03:00,20:00,4450.01,100.16,86.77
2026-04-06T21:00:00+03:00,21:00,3945.01,88.79,76.92
2026-04-06T22:00:00+03:00,22:00,3323.69,74.81,64.81
2026-04-06T23:00:00+03:00,23:00,2750.01,61.89,53.62
2026-04-07T00:00:00+03:00,00:00,1729.99,38.94,33.73
2026-04-07T01:00:00+03:00,01:00,1123.45,25.29,21.91
2026-04-07T02:00:00+03:00,02:00,989.99,22.28,19.3
2026-04-07T03:00:00+03:00,03:00,999.99,22.51,19.5
2026-04-07T04:00:00+03:00,04:00,999.98,22.51,19.5
2026-04-07T05:00:00+03:00,05:00,1200.01,27.01,23.4
2026-04-07T06:00:00+03:00,06:00,1200.01,27.01,23.4
2026-04-07T07:00:00+03:00,07:00,600.0,13.5,11.7
2026-04-07T08:00:00+03:00,08:00,582.0,13.1,11.35
2026-04-07T09:00:00+03:00,09:00,235.01,5.29,4.58
2026-04-07T10:00:00+03:00,10:00,168.01,3.78,3.28
2026-04-07T11:00:00+03:00,11:00,170.01,3.83,3.31
2026-04-07T12:00:00+03:00,12:00,0.0,0.0,0.0
2026-04-07T13:00:00+03:00,13:00,0.0,0.0,0.0
2026-04-07T14:00:00+03:00,14:00,137.99,3.11,2.69
2026-04-07T15:00:00+03:00,15:00,0.0,0.0,0.0
2026-04-07T16:00:00+03:00,16:00,171.0,3.85,3.33
2026-04-07T17:00:00+03:00,17:00,749.48,16.87,14.61
2026-04-07T18:00:00+03:00,18:00,2699.99,60.77,52.65
2026-04-07T19:00:00+03:00,19:00,4500.0,101.28,87.74
2026-04-07T20:00:00+03:00,20:00,4349.99,97.91,84.82
2026-04-07T21:00:00+03:00,21:00,3945.0,88.79,76.92
2026-04-07T22:00:00+03:00,22:00,1275.0,28.7,24.86
2026-04-07T23:00:00+03:00,23:00,525.87,11.84,10.25
2026-04-08T00:00:00+03:00,00:00,998.01,22.42,19.41
2026-04-08T01:00:00+03:00,01:00,397.39,8.93,7.73
2026-04-08T02:00:00+03:00,02:00,303.0,6.81,5.89
2026-04-08T03:00:00+03:00,03:00,270.0,6.07,5.25
2026-04-08T04:00:00+03:00,04:00,250.0,5.62,4.86
2026-04-08T05:00:00+03:00,05:00,260.01,5.84,5.06
2026-04-08T06:00:00+03:00,06:00,270.01,6.07,5.25
2026-04-08T07:00:00+03:00,07:00,250.0,5.62,4.86
2026-04-08T08:00:00+03:00,08:00,749.48,16.84,14.58
2026-04-08T09:00:00+03:00,09:00,320.02,7.19,6.23
2026-04-08T10:00:00+03:00,10:00,260.0,5.84,5.06
2026-04-08T11:00:00+03:00,11:00,224.0,5.03,4.36
2026-04-08T12:00:00+03:00,12:00,170.01,3.82,3.31
2026-04-08T13:00:00+03:00,13:00,171.01,3.84,3.33
2026-04-08T14:00:00+03:00,14:00,200.01,4.49,3.89
2026-04-08T15:00:00+03:00,15:00,199.0,4.47,3.87
2026-04-08T16:00:00+03:00,16:00,234.99,5.28,4.57
2026-04-08T17:00:00+03:00,17:00,749.47,16.84,14.58
2026-04-08T18:00:00+03:00,18:00,900.0,20.22,17.51
2026-04-08T19:00:00+03:00,19:00,2037.0,45.77,39.63
2026-04-08T20:00:00+03:00,20:00,2199.99,49.43,42.8
2026-04-08T21:00:00+03:00,21:00,2750.0,61.79,53.5
2026-04-08T22:00:00+03:00,22:00,1264.37,28.41,24.6
2026-04-08T23:00:00+03:00,23:00,700.02,15.73,13.62
2026-04-09T00:00:00+03:00,00:00,492.0,11.05,9.56
2026-04-09T01:00:00+03:00,01:00,700.0,15.72,13.6
2026-04-09T02:00:00+03:00,02:00,880.0,19.76,17.1
2026-04-09T03:00:00+03:00,03:00,876.0,19.67,17.02
2026-04-09T04:00:00+03:00,04:00,999.99,22.46,19.43
2026-04-09T05:00:00+03:00,05:00,1200.01,26.95,23.32
2026-04-09T06:00:00+03:00,06:00,1499.99,33.69,29.15
2026-04-09T07:00:00+03:00,07:00,1050.0,23.58,20.41
2026-04-09T08:00:00+03:00,08:00,1000.0,22.46,19.43
2026-04-09T09:00:00+03:00,09:00,499.99,11.23,9.72
2026-04-09T10:00:00+03:00,10:00,299.76,6.73,5.83
2026-04-09T11:00:00+03:00,11:00,250.0,5.61,4.86
2026-04-09T12:00:00+03:00,12:00,189.99,4.27,3.69
2026-04-09T13:00:00+03:00,13:00,200.01,4.49,3.89
2026-04-09T14:00:00+03:00,14:00,500.0,11.23,9.72
2026-04-09T15:00:00+03:00,15:00,350.0,7.86,6.8
2026-04-09T16:00:00+03:00,16:00,1000.0,22.46,19.43
2026-04-09T17:00:00+03:00,17:00,3323.7,74.65,64.59
2026-04-09T18:00:00+03:00,18:00,3696.0,83.01,71.83
2026-04-09T19:00:00+03:00,19:00,4500.0,101.07,87.45
2026-04-09T20:00:00+03:00,20:00,4500.0,101.07,87.45
2026-04-09T21:00:00+03:00,21:00,4400.01,98.82,85.51
2026-04-09T22:00:00+03:00,22:00,3400.0,76.36,66.08
2026-04-09T23:00:00+03:00,23:00,2785.7,62.56,54.14
2026-04-10T00:00:00+03:00,00:00,2699.99,60.74,51.96
2026-04-10T01:00:00+03:00,01:00,1200.01,27.0,23.09
2026-04-10T02:00:00+03:00,02:00,1200.0,26.99,23.09
2026-04-10T03:00:00+03:00,03:00,1200.01,27.0,23.09
2026-04-10T04:00:00+03:00,04:00,1200.01,27.0,23.09
2026-04-10T05:00:00+03:00,05:00,1695.0,38.13,32.62
2026-04-10T06:00:00+03:00,06:00,1200.0,26.99,23.09
2026-04-10T07:00:00+03:00,07:00,750.01,16.87,14.43
2026-04-10T08:00:00+03:00,08:00,3599.99,80.98,69.27
2026-04-10T09:00:00+03:00,09:00,2100.0,47.24,40.41
2026-04-10T10:00:00+03:00,10:00,999.99,22.5,19.24
2026-04-10T11:00:00+03:00,11:00,1200.0,26.99,23.09
2026-04-10T12:00:00+03:00,12:00,443.01,9.97,8.52
2026-04-10T13:00:00+03:00,13:00,300.01,6.75,5.77
2026-04-10T14:00:00+03:00,14:00,1082.64,24.35,20.83
2026-04-10T15:00:00+03:00,15:00,745.0,16.76,14.34
2026-04-10T16:00:00+03:00,16:00,999.99,22.5,19.24
2026-04-10T17:00:00+03:00,17:00,2080.99,46.81,40.04
2026-04-10T18:00:00+03:00,18:00,2451.0,55.14,47.16
2026-04-10T19:00:00+03:00,19:00,4450.0,100.11,85.63
2026-04-10T20:00:00+03:00,20:00,4500.0,101.23,86.59
2026-04-10T21:00:00+03:00,21:00,3599.99,80.98,69.27
2026-04-10T22:00:00+03:00,22:00,2660.0,59.84,51.19
2026-04-10T23:00:00+03:00,23:00,1650.0,37.12,31.75
2026-04-11T00:00:00+03:00,00:00,2499.99,56.17,48.12
2026-04-11T01:00:00+03:00,01:00,1200.01,26.96,23.1
2026-04-11T02:00:00+03:00,02:00,1130.0,25.39,21.75
2026-04-11T03:00:00+03:00,03:00,1200.0,26.96,23.1
2026-04-11T04:00:00+03:00,04:00,1200.0,26.96,23.1
2026-04-11T05:00:00+03:00,05:00,1200.01,26.96,23.1
2026-04-11T06:00:00+03:00,06:00,1150.0,25.84,22.14
2026-04-11T07:00:00+03:00,07:00,500.0,11.23,9.62
2026-04-11T08:00:00+03:00,08:00,999.98,22.47,19.25
2026-04-11T09:00:00+03:00,09:00,449.48,10.1,8.65
2026-04-11T10:00:00+03:00,10:00,250.0,5.62,4.81
2026-04-11T11:00:00+03:00,11:00,225.0,5.06,4.33
2026-04-11T12:00:00+03:00,12:00,171.01,3.84,3.29
2026-04-11T13:00:00+03:00,13:00,190.0,4.27,3.66
2026-04-11T14:00:00+03:00,14:00,250.0,5.62,4.81
2026-04-11T15:00:00+03:00,15:00,301.0,6.76,5.79
2026-04-11T16:00:00+03:00,16:00,402.0,9.03,7.74
2026-04-11T17:00:00+03:00,17:00,1913.01,42.98,36.82
2026-04-11T18:00:00+03:00,18:00,3249.99,73.02,62.56
2026-04-11T19:00:00+03:00,19:00,4500.0,101.1,86.62
2026-04-11T20:00:00+03:00,20:00,4500.0,101.1,86.62
2026-04-11T21:00:00+03:00,21:00,4099.99,92.11,78.92
2026-04-11T22:00:00+03:00,22:00,3100.01,69.65,59.67
2026-04-11T23:00:00+03:00,23:00,3500.01,78.63,67.37
2026-04-12T00:00:00+03:00,00:00,2699.99,60.65,51.85
2026-04-12T01:00:00+03:00,01:00,1499.98,33.7,28.8
2026-04-12T02:00:00+03:00,02:00,1200.0,26.96,23.04
2026-04-12T03:00:00+03:00,03:00,1200.0,26.96,23.04
2026-04-12T04:00:00+03:00,04:00,999.99,22.46,19.2
2026-04-12T05:00:00+03:00,05:00,1200.0,26.96,23.04
2026-04-12T06:00:00+03:00,06:00,999.98,22.46,19.2
2026-04-12T07:00:00+03:00,07:00,200.01,4.49,3.84
2026-04-12T08:00:00+03:00,08:00,0.0,0.0,0.0
2026-04-12T09:00:00+03:00,09:00,0.0,0.0,0.0
2026-04-12T10:00:00+03:00,10:00,0.0,0.0,0.0
2026-04-12T11:00:00+03:00,11:00,0.0,0.0,0.0
2026-04-12T12:00:00+03:00,12:00,0.0,0.0,0.0
2026-04-12T13:00:00+03:00,13:00,0.0,0.0,0.0
2026-04-12T14:00:00+03:00,14:00,0.0,0.0,0.0
2026-04-12T15:00:00+03:00,15:00,0.0,0.0,0.0
2026-04-12T16:00:00+03:00,16:00,0.0,0.0,0.0
2026-04-12T17:00:00+03:00,17:00,190.0,4.27,3.65
2026-04-12T18:00:00+03:00,18:00,550.0,12.36,10.56
2026-04-12T19:00:00+03:00,19:00,3451.53,77.54,66.28
2026-04-12T20:00:00+03:00,20:00,4099.99,92.1,78.73
2026-04-12T21:00:00+03:00,21:00,2799.0,62.88,53.75
2026-04-12T22:00:00+03:00,22:00,1249.99,28.08,24.0
2026-04-12T23:00:00+03:00,23:00,745.01,16.74,14.31
2026-04-13T00:00:00+03:00,00:00,499.99,11.23,9.6
2026-04-13T01:00:00+03:00,01:00,300.0,6.74,5.76
2026-04-13T02:00:00+03:00,02:00,249.99,5.62,4.8
2026-04-13T03:00:00+03:00,03:00,250.0,5.62,4.8
2026-04-13T04:00:00+03:00,04:00,225.0,5.05,4.32
2026-04-13T05:00:00+03:00,05:00,300.0,6.74,5.76
2026-04-13T06:00:00+03:00,06:00,328.82,7.39,6.31
2026-04-13T07:00:00+03:00,07:00,250.0,5.62,4.8
2026-04-13T08:00:00+03:00,08:00,453.84,10.2,8.72
2026-04-13T09:00:00+03:00,09:00,225.01,5.05,4.32
2026-04-13T10:00:00+03:00,10:00,171.01,3.84,3.28
2026-04-13T11:00:00+03:00,11:00,171.02,3.84,3.28
2026-04-13T12:00:00+03:00,12:00,0.0,0.0,0.0
2026-04-13T13:00:00+03:00,13:00,50.01,1.12,0.96
2026-04-13T14:00:00+03:00,14:00,170.0,3.82,3.26
2026-04-13T15:00:00+03:00,15:00,167.36,3.76,3.21
2026-04-13T16:00:00+03:00,16:00,199.0,4.47,3.82
2026-04-13T17:00:00+03:00,17:00,999.99,22.46,19.2
2026-04-13T18:00:00+03:00,18:00,3495.0,78.51,67.12
2026-04-13T19:00:00+03:00,19:00,4500.0,101.09,86.41
2026-04-13T20:00:00+03:00,20:00,4500.0,101.09,86.41
2026-04-13T21:00:00+03:00,21:00,4500.0,101.09,86.41
2026-04-13T22:00:00+03:00,22:00,3639.18,81.75,69.88
2026-04-13T23:00:00+03:00,23:00,3023.6,67.92,58.06
2026-04-14T00:00:00+03:00,00:00,2997.99,67.35,57.57
2026-04-14T01:00:00+03:00,01:00,1400.0,31.45,26.88
2026-04-14T02:00:00+03:00,02:00,1150.01,25.83,22.08
2026-04-14T03:00:00+03:00,03:00,1500.0,33.7,28.8
2026-04-14T04:00:00+03:00,04:00,1200.0,26.96,23.04
2026-04-14T05:00:00+03:00,05:00,1550.0,34.82,29.77
2026-04-14T06:00:00+03:00,06:00,1550.0,34.82,29.77
2026-04-14T07:00:00+03:00,07:00,800.0,17.97,15.36
2026-04-14T08:00:00+03:00,08:00,850.0,19.09,16.32
2026-04-14T09:00:00+03:00,09:00,300.0,6.74,5.76
2026-04-14T10:00:00+03:00,10:00,200.01,4.49,3.84
2026-04-14T11:00:00+03:00,11:00,200.0,4.49,3.84
2026-04-14T12:00:00+03:00,12:00,149.99,3.37,2.88
2026-04-14T13:00:00+03:00,13:00,170.99,3.84,3.28
2026-04-14T14:00:00+03:00,14:00,255.99,5.75,4.92
2026-04-14T15:00:00+03:00,15:00,236.99,5.32,4.55
2026-04-14T16:00:00+03:00,16:00,500.0,11.23,9.6
2026-04-14T17:00:00+03:00,17:00,2900.01,65.15,55.69
2026-04-14T18:00:00+03:00,18:00,2081.0,46.75,39.96
2026-04-14T19:00:00+03:00,19:00,4499.98,101.09,86.41
2026-04-14T20:00:00+03:00,20:00,4500.0,101.09,86.41
2026-04-14T21:00:00+03:00,21:00,4389.99,98.62,84.3
2026-04-14T22:00:00+03:00,22:00,3250.0,73.01,62.41
2026-04-14T23:00:00+03:00,23:00,3234.39,72.66,62.11
2026-04-15T00:00:00+03:00,00:00,2099.99,47.05,40.25
2026-04-15T01:00:00+03:00,01:00,1898.01,42.52,36.38
2026-04-15T02:00:00+03:00,02:00,1499.99,33.61,28.75
2026-04-15T03:00:00+03:00,03:00,1500.0,33.61,28.75
2026-04-15T04:00:00+03:00,04:00,1295.01,29.01,24.82
2026-04-15T05:00:00+03:00,05:00,1500.0,33.61,28.75
2026-04-15T06:00:00+03:00,06:00,1450.0,32.49,27.79
2026-04-15T07:00:00+03:00,07:00,999.99,22.4,19.17
2026-04-15T08:00:00+03:00,08:00,2499.0,55.99,47.9
2026-04-15T09:00:00+03:00,09:00,1450.01,32.49,27.79
2026-04-15T10:00:00+03:00,10:00,880.0,19.72,16.87
2026-04-15T11:00:00+03:00,11:00,799.01,17.9,15.31
2026-04-15T12:00:00+03:00,12:00,217.64,4.88,4.17
2026-04-15T13:00:00+03:00,13:00,250.0,5.6,4.79
2026-04-15T14:00:00+03:00,14:00,699.99,15.68,13.42
2026-04-15T15:00:00+03:00,15:00,453.85,10.17,8.7
2026-04-15T16:00:00+03:00,16:00,1226.01,27.47,23.5
2026-04-15T17:00:00+03:00,17:00,2600.0,58.25,49.83
2026-04-15T18:00:00+03:00,18:00,2899.99,64.97,55.58
2026-04-15T19:00:00+03:00,19:00,4500.0,100.82,86.25
2026-04-15T20:00:00+03:00,20:00,4500.0,100.82,86.25
2026-04-15T21:00:00+03:00,21:00,4084.79,91.51,78.29
2026-04-15T22:00:00+03:00,22:00,3250.0,72.81,62.29
2026-04-15T23:00:00+03:00,23:00,1619.98,36.29,31.05
2026-04-16T00:00:00+03:00,00:00,1200.0,26.88,22.8
2026-04-16T01:00:00+03:00,01:00,999.99,22.4,19.0
2026-04-16T02:00:00+03:00,02:00,999.98,22.4,19.0
2026-04-16T03:00:00+03:00,03:00,813.0,18.21,15.45
2026-04-16T04:00:00+03:00,04:00,500.0,11.2,9.5
2026-04-16T05:00:00+03:00,05:00,700.01,15.68,13.3
2026-04-16T06:00:00+03:00,06:00,493.0,11.04,9.37
2026-04-16T07:00:00+03:00,07:00,299.99,6.72,5.7
2026-04-16T08:00:00+03:00,08:00,328.82,7.36,6.25
2026-04-16T09:00:00+03:00,09:00,200.01,4.48,3.8
2026-04-16T10:00:00+03:00,10:00,189.99,4.26,3.61
2026-04-16T11:00:00+03:00,11:00,175.0,3.92,3.33
2026-04-16T12:00:00+03:00,12:00,0.0,0.0,0.0
2026-04-16T13:00:00+03:00,13:00,100.01,2.24,1.9
2026-04-16T14:00:00+03:00,14:00,171.0,3.83,3.25
2026-04-16T15:00:00+03:00,15:00,167.36,3.75,3.18
2026-04-16T16:00:00+03:00,16:00,199.99,4.48,3.8
2026-04-16T17:00:00+03:00,17:00,800.01,17.92,15.2
2026-04-16T18:00:00+03:00,18:00,999.98,22.4,19.0
2026-04-16T19:00:00+03:00,19:00,2570.0,57.56,48.83
2026-04-16T20:00:00+03:00,20:00,2499.99,55.99,47.5
2026-04-16T21:00:00+03:00,21:00,1499.99,33.6,28.5
2026-04-16T22:00:00+03:00,22:00,999.38,22.38,18.99
2026-04-16T23:00:00+03:00,23:00,500.0,11.2,9.5
2026-04-17T00:00:00+03:00,00:00,465.2,10.41,8.84
2026-04-17T01:00:00+03:00,01:00,500.0,11.19,9.5
2026-04-17T02:00:00+03:00,02:00,349.99,7.84,6.65
2026-04-17T03:00:00+03:00,03:00,327.01,7.32,6.21
2026-04-17T04:00:00+03:00,04:00,310.0,6.94,5.89
2026-04-17T05:00:00+03:00,05:00,331.43,7.42,6.3
2026-04-17T06:00:00+03:00,06:00,300.01,6.72,5.7
2026-04-17T07:00:00+03:00,07:00,250.01,5.6,4.75
2026-04-17T08:00:00+03:00,08:00,302.99,6.78,5.76
2026-04-17T09:00:00+03:00,09:00,200.01,4.48,3.8
2026-04-17T10:00:00+03:00,10:00,171.01,3.83,3.25
2026-04-17T11:00:00+03:00,11:00,171.0,3.83,3.25
2026-04-17T12:00:00+03:00,12:00,150.0,3.36,2.85
2026-04-17T13:00:00+03:00,13:00,150.0,3.36,2.85
2026-04-17T14:00:00+03:00,14:00,177.0,3.96,3.36
2026-04-17T15:00:00+03:00,15:00,177.0,3.96,3.36
2026-04-17T16:00:00+03:00,16:00,257.01,5.75,4.88
2026-04-17T17:00:00+03:00,17:00,478.99,10.72,9.1
2026-04-17T18:00:00+03:00,18:00,453.84,10.16,8.62
2026-04-17T19:00:00+03:00,19:00,1200.0,26.86,22.8
2026-04-17T20:00:00+03:00,20:00,1275.0,28.54,24.22
2026-04-17T21:00:00+03:00,21:00,999.99,22.39,19.0
2026-04-17T22:00:00+03:00,22:00,398.47,8.92,7.57
2026-04-17T23:00:00+03:00,23:00,250.0,5.6,4.75
2026-04-19T00:00:00+03:00,00:00,270.01,6.04,5.12
2026-04-19T01:00:00+03:00,01:00,257.01,5.75,4.88
2026-04-19T02:00:00+03:00,02:00,250.0,5.59,4.74
2026-04-19T03:00:00+03:00,03:00,240.01,5.37,4.55
2026-04-19T04:00:00+03:00,04:00,222.99,4.99,4.23
2026-04-19T05:00:00+03:00,05:00,237.0,5.3,4.5
2026-04-19T06:00:00+03:00,06:00,199.01,4.45,3.78
2026-04-19T07:00:00+03:00,07:00,170.0,3.8,3.23
2026-04-19T08:00:00+03:00,08:00,170.0,3.8,3.23
2026-04-19T09:00:00+03:00,09:00,20.0,0.45,0.38
2026-04-19T10:00:00+03:00,10:00,0.0,0.0,0.0
2026-04-19T11:00:00+03:00,11:00,0.0,0.0,0.0
2026-04-19T12:00:00+03:00,12:00,0.0,0.0,0.0
2026-04-19T13:00:00+03:00,13:00,0.0,0.0,0.0
2026-04-19T14:00:00+03:00,14:00,0.0,0.0,0.0
2026-04-19T15:00:00+03:00,15:00,0.0,0.0,0.0
2026-04-19T16:00:00+03:00,16:00,0.0,0.0,0.0
2026-04-19T17:00:00+03:00,17:00,171.0,3.83,3.25
2026-04-19T18:00:00+03:00,18:00,250.01,5.59,4.74
2026-04-19T19:00:00+03:00,19:00,1200.0,26.85,22.77
2026-04-19T20:00:00+03:00,20:00,1952.01,43.67,37.04
2026-04-19T21:00:00+03:00,21:00,1414.68,31.65,26.85
2026-04-19T22:00:00+03:00,22:00,999.99,22.37,18.98
2026-04-19T23:00:00+03:00,23:00,482.85,10.8,9.16
2026-04-20T00:00:00+03:00,00:00,303.81,6.8,5.77
2026-04-20T01:00:00+03:00,01:00,300.01,6.71,5.69
2026-04-20T02:00:00+03:00,02:00,256.0,5.73,4.86
2026-04-20T03:00:00+03:00,03:00,267.0,5.97,5.07
2026-04-20T04:00:00+03:00,04:00,270.0,6.04,5.12
2026-04-20T05:00:00+03:00,05:00,311.0,6.96,5.9
2026-04-20T06:00:00+03:00,06:00,330.0,7.38,6.26
2026-04-20T07:00:00+03:00,07:00,300.01,6.71,5.69
2026-04-20T08:00:00+03:00,08:00,749.99,16.78,14.23
2026-04-20T09:00:00+03:00,09:00,453.84,10.15,8.61
2026-04-20T10:00:00+03:00,10:00,235.0,5.26,4.46
2026-04-20T11:00:00+03:00,11:00,199.99,4.47,3.8
2026-04-20T12:00:00+03:00,12:00,149.99,3.36,2.85
2026-04-20T13:00:00+03:00,13:00,167.34,3.74,3.18
2026-04-20T14:00:00+03:00,14:00,171.01,3.83,3.25
2026-04-20T15:00:00+03:00,15:00,171.0,3.83,3.25
2026-04-20T16:00:00+03:00,16:00,250.0,5.59,4.74
2026-04-20T17:00:00+03:00,17:00,850.0,19.02,16.13
2026-04-20T18:00:00+03:00,18:00,3100.01,69.35,58.83
2026-04-20T19:00:00+03:00,19:00,4500.0,100.67,85.4
2026-04-20T20:00:00+03:00,20:00,4500.0,100.67,85.4
2026-04-20T21:00:00+03:00,21:00,4211.3,94.21,79.92
2026-04-20T22:00:00+03:00,22:00,3323.7,74.36,63.07
2026-04-20T23:00:00+03:00,23:00,1727.09,38.64,32.78
2026-04-21T00:00:00+03:00,00:00,1499.98,33.56,28.47
2026-04-21T01:00:00+03:00,01:00,997.0,22.3,18.92
2026-04-21T02:00:00+03:00,02:00,749.98,16.78,14.23
2026-04-21T03:00:00+03:00,03:00,500.0,11.19,9.49
2026-04-21T04:00:00+03:00,04:00,499.99,11.19,9.49
2026-04-21T05:00:00+03:00,05:00,700.0,15.66,13.28
2026-04-21T06:00:00+03:00,06:00,499.99,11.19,9.49
2026-04-21T07:00:00+03:00,07:00,300.01,6.71,5.69
2026-04-21T08:00:00+03:00,08:00,311.0,6.96,5.9
2026-04-21T09:00:00+03:00,09:00,175.01,3.92,3.32
2026-04-21T10:00:00+03:00,10:00,100.0,2.24,1.9
2026-04-21T11:00:00+03:00,11:00,0.0,0.0,0.0
2026-04-21T12:00:00+03:00,12:00,0.0,0.0,0.0
2026-04-21T13:00:00+03:00,13:00,0.0,0.0,0.0
2026-04-21T14:00:00+03:00,14:00,0.0,0.0,0.0
2026-04-21T15:00:00+03:00,15:00,30.0,0.67,0.57
2026-04-21T16:00:00+03:00,16:00,190.0,4.25,3.61
2026-04-21T17:00:00+03:00,17:00,500.0,11.19,9.49
2026-04-21T18:00:00+03:00,18:00,1499.98,33.56,28.47
2026-04-21T19:00:00+03:00,19:00,4500.0,100.67,85.4
2026-04-21T20:00:00+03:00,20:00,4500.0,100.67,85.4
2026-04-21T21:00:00+03:00,21:00,3499.0,78.28,66.4
2026-04-21T22:00:00+03:00,22:00,1499.99,33.56,28.47
2026-04-21T23:00:00+03:00,23:00,749.98,16.78,14.23
2026-04-22T00:00:00+03:00,00:00,500.01,11.16,9.49
2026-04-22T01:00:00+03:00,01:00,500.01,11.16,9.49
2026-04-22T02:00:00+03:00,02:00,400.0,8.93,7.59
2026-04-22T03:00:00+03:00,03:00,499.99,11.16,9.49
2026-04-22T04:00:00+03:00,04:00,495.01,11.05,9.39
2026-04-22T05:00:00+03:00,05:00,732.0,16.34,13.89
2026-04-22T06:00:00+03:00,06:00,370.0,8.26,7.02
2026-04-22T07:00:00+03:00,07:00,199.0,4.44,3.78
2026-04-22T08:00:00+03:00,08:00,180.05,4.02,3.42
2026-04-22T09:00:00+03:00,09:00,171.0,3.82,3.24
2026-04-22T10:00:00+03:00,10:00,100.01,2.23,1.9
2026-04-22T11:00:00+03:00,11:00,1.0,0.02,0.02
2026-04-22T12:00:00+03:00,12:00,0.0,0.0,0.0
2026-04-22T13:00:00+03:00,13:00,0.0,0.0,0.0
2026-04-22T14:00:00+03:00,14:00,65.38,1.46,1.24
2026-04-22T15:00:00+03:00,15:00,120.0,2.68,2.28
2026-04-22T16:00:00+03:00,16:00,177.0,3.95,3.36
2026-04-22T17:00:00+03:00,17:00,371.88,8.3,7.06
2026-04-22T18:00:00+03:00,18:00,749.99,16.74,14.23
2026-04-22T19:00:00+03:00,19:00,2999.0,66.95,56.91
2026-04-22T20:00:00+03:00,20:00,3600.01,80.37,68.31
2026-04-22T21:00:00+03:00,21:00,2900.01,64.74,55.03
2026-04-22T22:00:00+03:00,22:00,1001.0,22.35,18.99
2026-04-22T23:00:00+03:00,23:00,310.01,6.92,5.88
2026-04-23T00:00:00+03:00,00:00,240.01,5.36,4.55
2026-04-23T01:00:00+03:00,01:00,209.01,4.66,3.96
2026-04-23T02:00:00+03:00,02:00,199.0,4.44,3.77
2026-04-23T03:00:00+03:00,03:00,199.0,4.44,3.77
2026-04-23T04:00:00+03:00,04:00,175.01,3.91,3.32
2026-04-23T05:00:00+03:00,05:00,180.26,4.02,3.42
2026-04-23T06:00:00+03:00,06:00,170.99,3.82,3.24
2026-04-23T07:00:00+03:00,07:00,0.0,0.0,0.0
2026-04-23T08:00:00+03:00,08:00,0.0,0.0,0.0
2026-04-23T09:00:00+03:00,09:00,0.0,0.0,0.0
2026-04-23T10:00:00+03:00,10:00,0.0,0.0,0.0
2026-04-23T11:00:00+03:00,11:00,0.0,0.0,0.0
2026-04-23T12:00:00+03:00,12:00,0.0,0.0,0.0
2026-04-23T13:00:00+03:00,13:00,0.0,0.0,0.0
2026-04-23T14:00:00+03:00,14:00,0.0,0.0,0.0
2026-04-23T15:00:00+03:00,15:00,0.0,0.0,0.0
2026-04-23T16:00:00+03:00,16:00,0.0,0.0,0.0
2026-04-23T17:00:00+03:00,17:00,190.0,4.24,3.6
2026-04-23T18:00:00+03:00,18:00,499.99,11.16,9.48
2026-04-23T19:00:00+03:00,19:00,1500.0,33.47,28.45
2026-04-23T20:00:00+03:00,20:00,3250.0,72.53,61.65
2026-04-23T21:00:00+03:00,21:00,1784.01,39.81,33.84
2026-04-23T22:00:00+03:00,22:00,759.01,16.94,14.4
2026-04-23T23:00:00+03:00,23:00,450.0,10.04,8.54
2026-04-24T00:00:00+03:00,00:00,600.01,13.39,11.4
2026-04-24T01:00:00+03:00,01:00,499.99,11.16,9.5
2026-04-24T02:00:00+03:00,02:00,350.31,7.82,6.65
2026-04-24T03:00:00+03:00,03:00,389.99,8.7,7.41
2026-04-24T04:00:00+03:00,04:00,450.0,10.04,8.55
2026-04-24T05:00:00+03:00,05:00,750.0,16.74,14.25
2026-04-24T06:00:00+03:00,06:00,700.0,15.62,13.3
2026-04-24T07:00:00+03:00,07:00,450.0,10.04,8.55
2026-04-24T08:00:00+03:00,08:00,749.99,16.74,14.24
2026-04-24T09:00:00+03:00,09:00,350.31,7.82,6.65
2026-04-24T10:00:00+03:00,10:00,200.01,4.46,3.8
2026-04-24T11:00:00+03:00,11:00,199.01,4.44,3.78
2026-04-24T12:00:00+03:00,12:00,50.0,1.12,0.95
2026-04-24T13:00:00+03:00,13:00,0.0,0.0,0.0
2026-04-24T14:00:00+03:00,14:00,170.0,3.79,3.23
2026-04-24T15:00:00+03:00,15:00,170.0,3.79,3.23
2026-04-24T16:00:00+03:00,16:00,209.0,4.66,3.97
2026-04-24T17:00:00+03:00,17:00,999.99,22.31,18.99
2026-04-24T18:00:00+03:00,18:00,1499.99,33.47,28.49
2026-04-24T19:00:00+03:00,19:00,4200.0,93.72,79.77
2026-04-24T20:00:00+03:00,20:00,4400.0,98.19,83.57
2026-04-24T21:00:00+03:00,21:00,2900.01,64.71,55.08
2026-04-24T22:00:00+03:00,22:00,1390.0,31.02,26.4
2026-04-24T23:00:00+03:00,23:00,749.98,16.74,14.24
2026-04-25T00:00:00+03:00,00:00,699.99,15.62,13.3
2026-04-25T01:00:00+03:00,01:00,699.98,15.62,13.29
2026-04-25T02:00:00+03:00,02:00,399.99,8.93,7.6
2026-04-25T03:00:00+03:00,03:00,350.3,7.82,6.65
2026-04-25T04:00:00+03:00,04:00,340.01,7.59,6.46
2026-04-25T05:00:00+03:00,05:00,334.99,7.48,6.36
2026-04-25T06:00:00+03:00,06:00,209.01,4.66,3.97
2026-04-25T07:00:00+03:00,07:00,171.0,3.82,3.25
2026-04-25T08:00:00+03:00,08:00,167.32,3.73,3.18
2026-04-25T09:00:00+03:00,09:00,0.0,0.0,0.0
2026-04-25T10:00:00+03:00,10:00,0.0,0.0,0.0
2026-04-25T11:00:00+03:00,11:00,0.0,0.0,0.0
2026-04-25T12:00:00+03:00,12:00,0.0,0.0,0.0
2026-04-25T13:00:00+03:00,13:00,0.0,0.0,0.0
2026-04-25T14:00:00+03:00,14:00,0.0,0.0,0.0
2026-04-25T15:00:00+03:00,15:00,10.0,0.22,0.19
2026-04-25T16:00:00+03:00,16:00,171.01,3.82,3.25
2026-04-25T17:00:00+03:00,17:00,349.99,7.81,6.65
2026-04-25T18:00:00+03:00,18:00,1200.01,26.78,22.79
2026-04-25T19:00:00+03:00,19:00,4444.08,99.17,84.41
2026-04-25T20:00:00+03:00,20:00,4500.0,100.42,85.47
2026-04-25T21:00:00+03:00,21:00,4264.15,95.15,80.99
2026-04-25T22:00:00+03:00,22:00,1649.99,36.82,31.34
2026-04-25T23:00:00+03:00,23:00,879.99,19.64,16.71
2026-04-26T00:00:00+03:00,00:00,900.0,20.07,17.16
2026-04-26T01:00:00+03:00,01:00,1200.0,26.75,22.88
2026-04-26T02:00:00+03:00,02:00,1000.01,22.29,19.07
2026-04-26T03:00:00+03:00,03:00,999.99,22.29,19.06
2026-04-26T04:00:00+03:00,04:00,899.01,20.04,17.14
2026-04-26T05:00:00+03:00,05:00,998.0,22.25,19.03
2026-04-26T06:00:00+03:00,06:00,449.01,10.01,8.56
2026-04-26T07:00:00+03:00,07:00,99.48,2.22,1.9
2026-04-26T08:00:00+03:00,08:00,0.0,0.0,0.0
2026-04-26T09:00:00+03:00,09:00,0.0,0.0,0.0
2026-04-26T10:00:00+03:00,10:00,0.0,0.0,0.0
2026-04-26T11:00:00+03:00,11:00,0.0,0.0,0.0
2026-04-26T12:00:00+03:00,12:00,0.0,0.0,0.0
2026-04-26T13:00:00+03:00,13:00,0.0,0.0,0.0
2026-04-26T14:00:00+03:00,14:00,0.0,0.0,0.0
2026-04-26T15:00:00+03:00,15:00,0.0,0.0,0.0
2026-04-26T16:00:00+03:00,16:00,0.0,0.0,0.0
2026-04-26T17:00:00+03:00,17:00,6.0,0.13,0.11
2026-04-26T18:00:00+03:00,18:00,253.0,5.64,4.82
2026-04-26T19:00:00+03:00,19:00,1104.0,24.61,21.05
2026-04-26T20:00:00+03:00,20:00,3800.01,84.72,72.45
2026-04-26T21:00:00+03:00,21:00,2200.01,49.05,41.94
2026-04-26T22:00:00+03:00,22:00,800.0,17.84,15.25
2026-04-26T23:00:00+03:00,23:00,300.0,6.69,5.72
2026-04-27T00:00:00+03:00,00:00,240.0,5.35,4.58
2026-04-27T01:00:00+03:00,01:00,199.99,4.46,3.81
2026-04-27T02:00:00+03:00,02:00,171.0,3.81,3.26
2026-04-27T03:00:00+03:00,03:00,161.0,3.59,3.07
2026-04-27T04:00:00+03:00,04:00,96.08,2.14,1.83
2026-04-27T05:00:00+03:00,05:00,133.01,2.97,2.54
2026-04-27T06:00:00+03:00,06:00,100.01,2.23,1.91
2026-04-27T07:00:00+03:00,07:00,0.0,0.0,0.0
2026-04-27T08:00:00+03:00,08:00,0.0,0.0,0.0
2026-04-27T09:00:00+03:00,09:00,0.0,0.0,0.0
2026-04-27T10:00:00+03:00,10:00,0.0,0.0,0.0
2026-04-27T11:00:00+03:00,11:00,0.0,0.0,0.0
2026-04-27T12:00:00+03:00,12:00,0.0,0.0,0.0
2026-04-27T13:00:00+03:00,13:00,0.0,0.0,0.0
2026-04-27T14:00:00+03:00,14:00,0.0,0.0,0.0
2026-04-27T15:00:00+03:00,15:00,0.0,0.0,0.0
2026-04-27T16:00:00+03:00,16:00,0.0,0.0,0.0
2026-04-27T17:00:00+03:00,17:00,171.01,3.81,3.26
2026-04-27T18:00:00+03:00,18:00,299.99,6.69,5.72
2026-04-27T19:00:00+03:00,19:00,1000.0,22.29,19.06
2026-04-27T20:00:00+03:00,20:00,3299.99,73.57,62.91
2026-04-27T21:00:00+03:00,21:00,1400.01,31.21,26.69
2026-04-27T22:00:00+03:00,22:00,600.0,13.38,11.44
2026-04-27T23:00:00+03:00,23:00,300.0,6.69,5.72
2026-04-28T00:00:00+03:00,00:00,300.0,6.69,5.72
2026-04-28T01:00:00+03:00,01:00,300.01,6.69,5.72
2026-04-28T02:00:00+03:00,02:00,270.01,6.02,5.15
2026-04-28T03:00:00+03:00,03:00,299.99,6.69,5.72
2026-04-28T04:00:00+03:00,04:00,299.99,6.69,5.72
2026-04-28T05:00:00+03:00,05:00,341.0,7.6,6.5
2026-04-28T06:00:00+03:00,06:00,250.01,5.57,4.77
2026-04-28T07:00:00+03:00,07:00,170.01,3.79,3.24
2026-04-28T08:00:00+03:00,08:00,139.99,3.12,2.67
2026-04-28T09:00:00+03:00,09:00,0.0,0.0,0.0
2026-04-28T10:00:00+03:00,10:00,0.0,0.0,0.0
2026-04-28T11:00:00+03:00,11:00,0.0,0.0,0.0
2026-04-28T12:00:00+03:00,12:00,0.0,0.0,0.0
2026-04-28T13:00:00+03:00,13:00,0.0,0.0,0.0
2026-04-28T14:00:00+03:00,14:00,0.0,0.0,0.0
2026-04-28T15:00:00+03:00,15:00,0.0,0.0,0.0
2026-04-28T16:00:00+03:00,16:00,0.0,0.0,0.0
2026-04-28T17:00:00+03:00,17:00,200.0,4.46,3.81
2026-04-28T18:00:00+03:00,18:00,399.01,8.9,7.61
2026-04-28T19:00:00+03:00,19:00,1499.99,33.44,28.6
2026-04-28T20:00:00+03:00,20:00,3200.0,71.34,61.01
2026-04-28T21:00:00+03:00,21:00,1499.99,33.44,28.6
2026-04-28T22:00:00+03:00,22:00,739.99,16.5,14.11
2026-04-28T23:00:00+03:00,23:00,310.0,6.91,5.91
2026-04-29T00:00:00+03:00,00:00,500.17,11.13,9.48
2026-04-29T01:00:00+03:00,01:00,500.0,11.13,9.48
2026-04-29T02:00:00+03:00,02:00,398.0,8.86,7.54
2026-04-29T03:00:00+03:00,03:00,320.0,7.12,6.06
2026-04-29T04:00:00+03:00,04:00,311.0,6.92,5.89
2026-04-29T05:00:00+03:00,05:00,398.0,8.86,7.54
2026-04-29T06:00:00+03:00,06:00,300.0,6.68,5.69
2026-04-29T07:00:00+03:00,07:00,179.99,4.01,3.41
2026-04-29T08:00:00+03:00,08:00,171.01,3.81,3.24
2026-04-29T09:00:00+03:00,09:00,6.0,0.13,0.11
2026-04-29T10:00:00+03:00,10:00,0.0,0.0,0.0
2026-04-29T11:00:00+03:00,11:00,0.0,0.0,0.0
2026-04-29T12:00:00+03:00,12:00,0.0,0.0,0.0
2026-04-29T13:00:00+03:00,13:00,0.0,0.0,0.0
2026-04-29T14:00:00+03:00,14:00,0.0,0.0,0.0
2026-04-29T15:00:00+03:00,15:00,0.0,0.0,0.0
2026-04-29T16:00:00+03:00,16:00,169.91,3.78,3.22
2026-04-29T17:00:00+03:00,17:00,398.01,8.86,7.54
2026-04-29T18:00:00+03:00,18:00,890.01,19.8,16.87
2026-04-29T19:00:00+03:00,19:00,4300.01,95.68,81.49
2026-04-29T20:00:00+03:00,20:00,4500.0,100.14,85.28
2026-04-29T21:00:00+03:00,21:00,4399.99,97.91,83.38
2026-04-29T22:00:00+03:00,22:00,3000.0,66.76,56.85
2026-04-29T23:00:00+03:00,23:00,1104.01,24.57,20.92
2026-04-30T00:00:00+03:00,00:00,899.0,19.99,17.1
2026-04-30T01:00:00+03:00,01:00,400.97,8.92,7.63
2026-04-30T02:00:00+03:00,02:00,699.98,15.57,13.31
2026-04-30T03:00:00+03:00,03:00,612.34,13.62,11.65
2026-04-30T04:00:00+03:00,04:00,699.98,15.57,13.31
2026-04-30T05:00:00+03:00,05:00,888.02,19.75,16.89
2026-04-30T06:00:00+03:00,06:00,350.31,7.79,6.66
2026-04-30T07:00:00+03:00,07:00,249.01,5.54,4.74
2026-04-30T08:00:00+03:00,08:00,236.99,5.27,4.51
2026-04-30T09:00:00+03:00,09:00,169.9,3.78,3.23
2026-04-30T10:00:00+03:00,10:00,0.0,0.0,0.0
2026-04-30T11:00:00+03:00,11:00,0.0,0.0,0.0
2026-04-30T12:00:00+03:00,12:00,0.0,0.0,0.0
2026-04-30T13:00:00+03:00,13:00,0.0,0.0,0.0
2026-04-30T14:00:00+03:00,14:00,0.0,0.0,0.0
2026-04-30T15:00:00+03:00,15:00,0.0,0.0,0.0
2026-04-30T16:00:00+03:00,16:00,169.91,3.78,3.23
2026-04-30T17:00:00+03:00,17:00,300.0,6.67,5.71
2026-04-30T18:00:00+03:00,18:00,699.98,15.57,13.31
2026-04-30T19:00:00+03:00,19:00,2075.81,46.16,39.48
2026-04-30T20:00:00+03:00,20:00,3390.01,75.38,64.47
2026-04-30T21:00:00+03:00,21:00,2000.0,44.47,38.04
2026-04-30T22:00:00+03:00,22:00,700.0,15.57,13.31
2026-04-30T23:00:00+03:00,23:00,300.0,6.67,5.71
2026-05-01T00:00:00+03:00,00:00,174.99,3.89,3.32
2026-05-01T01:00:00+03:00,01:00,171.01,3.8,3.25
2026-05-01T02:00:00+03:00,02:00,170.0,3.78,3.23
2026-05-01T03:00:00+03:00,03:00,170.0,3.78,3.23
2026-05-01T04:00:00+03:00,04:00,167.99,3.73,3.19
2026-05-01T05:00:00+03:00,05:00,169.9,3.78,3.23
2026-05-01T06:00:00+03:00,06:00,0.0,0.0,0.0
2026-05-01T07:00:00+03:00,07:00,0.0,0.0,0.0
2026-05-01T08:00:00+03:00,08:00,0.0,0.0,0.0
2026-05-01T09:00:00+03:00,09:00,0.0,0.0,0.0
2026-05-01T10:00:00+03:00,10:00,0.0,0.0,0.0
2026-05-01T11:00:00+03:00,11:00,0.0,0.0,0.0
2026-05-01T12:00:00+03:00,12:00,0.0,0.0,0.0
2026-05-01T13:00:00+03:00,13:00,0.0,0.0,0.0
2026-05-01T14:00:00+03:00,14:00,0.0,0.0,0.0
2026-05-01T15:00:00+03:00,15:00,0.0,0.0,0.0
2026-05-01T16:00:00+03:00,16:00,0.0,0.0,0.0
2026-05-01T17:00:00+03:00,17:00,161.0,3.58,3.06
2026-05-01T18:00:00+03:00,18:00,174.99,3.89,3.32
2026-05-01T19:00:00+03:00,19:00,235.0,5.22,4.46
2026-05-01T20:00:00+03:00,20:00,249.99,5.56,4.75
2026-05-01T21:00:00+03:00,21:00,200.01,4.45,3.8
2026-05-01T22:00:00+03:00,22:00,175.0,3.89,3.32
2026-05-01T23:00:00+03:00,23:00,170.01,3.78,3.23
2026-05-02T00:00:00+03:00,00:00,174.99,3.89,3.33
2026-05-02T01:00:00+03:00,01:00,171.01,3.8,3.25
2026-05-02T02:00:00+03:00,02:00,171.0,3.8,3.25
2026-05-02T03:00:00+03:00,03:00,171.01,3.8,3.25
2026-05-02T04:00:00+03:00,04:00,170.01,3.78,3.23
2026-05-02T05:00:00+03:00,05:00,170.99,3.8,3.25
2026-05-02T06:00:00+03:00,06:00,167.99,3.74,3.2
2026-05-02T07:00:00+03:00,07:00,99.47,2.21,1.89
2026-05-02T08:00:00+03:00,08:00,149.47,3.32,2.84
2026-05-02T09:00:00+03:00,09:00,149.48,3.32,2.84
2026-05-02T10:00:00+03:00,10:00,0.0,0.0,0.0
2026-05-02T11:00:00+03:00,11:00,0.0,0.0,0.0
2026-05-02T12:00:00+03:00,12:00,0.0,0.0,0.0
2026-05-02T13:00:00+03:00,13:00,0.0,0.0,0.0
2026-05-02T14:00:00+03:00,14:00,0.0,0.0,0.0
2026-05-02T15:00:00+03:00,15:00,0.0,0.0,0.0
2026-05-02T16:00:00+03:00,16:00,148.99,3.31,2.83
2026-05-02T17:00:00+03:00,17:00,171.01,3.8,3.25
2026-05-02T18:00:00+03:00,18:00,189.99,4.22,3.61
2026-05-02T19:00:00+03:00,19:00,300.0,6.67,5.71
2026-05-02T20:00:00+03:00,20:00,740.0,16.46,14.08
2026-05-02T21:00:00+03:00,21:00,500.01,11.12,9.51
2026-05-02T22:00:00+03:00,22:00,240.0,5.34,4.57
2026-05-02T23:00:00+03:00,23:00,175.0,3.89,3.33
2026-05-03T00:00:00+03:00,00:00,174.99,3.89,3.33
2026-05-03T01:00:00+03:00,01:00,171.0,3.8,3.25
2026-05-03T02:00:00+03:00,02:00,170.0,3.78,3.23
2026-05-03T03:00:00+03:00,03:00,170.0,3.78,3.23
2026-05-03T04:00:00+03:00,04:00,169.91,3.78,3.23
2026-05-03T05:00:00+03:00,05:00,169.9,3.78,3.23
2026-05-03T06:00:00+03:00,06:00,139.99,3.11,2.66
2026-05-03T07:00:00+03:00,07:00,0.0,0.0,0.0
2026-05-03T08:00:00+03:00,08:00,0.0,0.0,0.0
2026-05-03T09:00:00+03:00,09:00,0.0,0.0,0.0
2026-05-03T10:00:00+03:00,10:00,0.0,0.0,0.0
2026-05-03T11:00:00+03:00,11:00,0.0,0.0,0.0
2026-05-03T12:00:00+03:00,12:00,0.0,0.0,0.0
2026-05-03T13:00:00+03:00,13:00,0.0,0.0,0.0
2026-05-03T14:00:00+03:00,14:00,0.0,0.0,0.0
2026-05-03T15:00:00+03:00,15:00,0.0,0.0,0.0
2026-05-03T16:00:00+03:00,16:00,6.0,0.13,0.11
2026-05-03T17:00:00+03:00,17:00,169.9,3.78,3.23
2026-05-03T18:00:00+03:00,18:00,170.01,3.78,3.23
2026-05-03T19:00:00+03:00,19:00,175.0,3.89,3.33
2026-05-03T20:00:00+03:00,20:00,200.0,4.45,3.8
2026-05-03T21:00:00+03:00,21:00,175.0,3.89,3.33
2026-05-03T22:00:00+03:00,22:00,171.0,3.8,3.25
2026-05-03T23:00:00+03:00,23:00,169.9,3.78,3.23
2026-05-04T00:00:00+03:00,00:00,149.0,3.31,2.83
2026-05-04T01:00:00+03:00,01:00,149.0,3.31,2.83
2026-05-04T02:00:00+03:00,02:00,149.0,3.31,2.83
2026-05-04T03:00:00+03:00,03:00,149.0,3.31,2.83
2026-05-04T04:00:00+03:00,04:00,140.0,3.11,2.66
2026-05-04T05:00:00+03:00,05:00,139.99,3.11,2.66
2026-05-04T06:00:00+03:00,06:00,133.01,2.96,2.53
2026-05-04T07:00:00+03:00,07:00,149.0,3.31,2.83
2026-05-04T08:00:00+03:00,08:00,189.99,4.22,3.61
2026-05-04T09:00:00+03:00,09:00,200.01,4.45,3.8
2026-05-04T10:00:00+03:00,10:00,200.01,4.45,3.8
2026-05-04T11:00:00+03:00,11:00,200.01,4.45,3.8
2026-05-04T12:00:00+03:00,12:00,177.0,3.94,3.37
2026-05-04T13:00:00+03:00,13:00,200.0,4.45,3.8
2026-05-04T14:00:00+03:00,14:00,235.0,5.23,4.47
2026-05-04T15:00:00+03:00,15:00,231.0,5.14,4.39
2026-05-04T16:00:00+03:00,16:00,456.0,10.14,8.67
2026-05-04T17:00:00+03:00,17:00,1485.0,33.02,28.25
2026-05-04T18:00:00+03:00,18:00,2000.0,44.47,38.04
2026-05-04T19:00:00+03:00,19:00,4099.99,91.17,77.99
2026-05-04T20:00:00+03:00,20:00,4500.0,100.07,85.6
2026-05-04T21:00:00+03:00,21:00,4500.0,100.07,85.6
2026-05-04T22:00:00+03:00,22:00,3945.09,87.73,75.04
2026-05-04T23:00:00+03:00,23:00,1649.98,36.69,31.38
2026-05-05T00:00:00+03:00,00:00,700.0,15.57,13.31
2026-05-05T01:00:00+03:00,01:00,699.99,15.57,13.31
2026-05-05T02:00:00+03:00,02:00,699.98,15.57,13.31
2026-05-05T03:00:00+03:00,03:00,455.99,10.14,8.67
2026-05-05T04:00:00+03:00,04:00,449.99,10.01,8.56
2026-05-05T05:00:00+03:00,05:00,583.95,12.99,11.11
2026-05-05T06:00:00+03:00,06:00,370.0,8.23,7.04
2026-05-05T07:00:00+03:00,07:00,310.99,6.92,5.92
2026-05-05T08:00:00+03:00,08:00,1200.01,26.69,22.83
2026-05-05T09:00:00+03:00,09:00,1485.0,33.02,28.25
2026-05-05T10:00:00+03:00,10:00,799.99,17.79,15.22
2026-05-05T11:00:00+03:00,11:00,499.92,11.12,9.51
2026-05-05T12:00:00+03:00,12:00,230.01,5.11,4.38
2026-05-05T13:00:00+03:00,13:00,252.01,5.6,4.79
2026-05-05T14:00:00+03:00,14:00,310.99,6.92,5.92
2026-05-05T15:00:00+03:00,15:00,341.42,7.59,6.49
2026-05-05T16:00:00+03:00,16:00,1200.01,26.69,22.83
2026-05-05T17:00:00+03:00,17:00,2900.01,64.49,55.16
2026-05-05T18:00:00+03:00,18:00,3445.4,76.62,65.54
2026-05-05T19:00:00+03:00,19:00,4200.01,93.4,79.89
2026-05-05T20:00:00+03:00,20:00,4390.06,97.62,83.51
2026-05-05T21:00:00+03:00,21:00,4100.0,91.17,77.99
2026-05-05T22:00:00+03:00,22:00,3000.0,66.71,57.06
2026-05-05T23:00:00+03:00,23:00,1500.0,33.36,28.53
2026-05-06T00:00:00+03:00,00:00,1000.0,22.17,18.93
2026-05-06T01:00:00+03:00,01:00,499.67,11.08,9.46
2026-05-06T02:00:00+03:00,02:00,453.85,10.06,8.59
2026-05-06T03:00:00+03:00,03:00,367.01,8.14,6.95
2026-05-06T04:00:00+03:00,04:00,390.0,8.65,7.38
2026-05-06T05:00:00+03:00,05:00,400.0,8.87,7.57
2026-05-06T06:00:00+03:00,06:00,303.64,6.73,5.75
2026-05-06T07:00:00+03:00,07:00,205.0,4.55,3.88
2026-05-06T08:00:00+03:00,08:00,230.01,5.1,4.35
2026-05-06T09:00:00+03:00,09:00,200.01,4.43,3.79
2026-05-06T10:00:00+03:00,10:00,171.0,3.79,3.24
2026-05-06T11:00:00+03:00,11:00,171.0,3.79,3.24
2026-05-06T12:00:00+03:00,12:00,0.0,0.0,0.0
2026-05-06T13:00:00+03:00,13:00,0.0,0.0,0.0
2026-05-06T14:00:00+03:00,14:00,164.99,3.66,3.12
2026-05-06T15:00:00+03:00,15:00,149.01,3.3,2.82
2026-05-06T16:00:00+03:00,16:00,200.01,4.43,3.79
2026-05-06T17:00:00+03:00,17:00,444.01,9.84,8.4
2026-05-06T18:00:00+03:00,18:00,1295.0,28.71,24.51
2026-05-06T19:00:00+03:00,19:00,3839.99,85.14,72.68
2026-05-06T20:00:00+03:00,20:00,4300.01,95.34,81.39
2026-05-06T21:00:00+03:00,21:00,4300.0,95.34,81.39
2026-05-06T22:00:00+03:00,22:00,3250.0,72.06,61.51
2026-05-06T23:00:00+03:00,23:00,2200.0,48.78,41.64
2026-05-07T00:00:00+03:00,00:00,882.23,19.55,16.72
2026-05-07T01:00:00+03:00,01:00,456.0,10.1,8.64
2026-05-07T02:00:00+03:00,02:00,455.99,10.1,8.64
2026-05-07T03:00:00+03:00,03:00,334.99,7.42,6.35
2026-05-07T04:00:00+03:00,04:00,303.0,6.71,5.74
2026-05-07T05:00:00+03:00,05:00,300.0,6.65,5.69
2026-05-07T06:00:00+03:00,06:00,205.0,4.54,3.89
2026-05-07T07:00:00+03:00,07:00,189.99,4.21,3.6
2026-05-07T08:00:00+03:00,08:00,174.99,3.88,3.32
2026-05-07T09:00:00+03:00,09:00,0.0,0.0,0.0
2026-05-07T10:00:00+03:00,10:00,0.0,0.0,0.0
2026-05-07T11:00:00+03:00,11:00,0.0,0.0,0.0
2026-05-07T12:00:00+03:00,12:00,0.0,0.0,0.0
2026-05-07T13:00:00+03:00,13:00,0.0,0.0,0.0
2026-05-07T14:00:00+03:00,14:00,0.0,0.0,0.0
2026-05-07T15:00:00+03:00,15:00,0.0,0.0,0.0
2026-05-07T16:00:00+03:00,16:00,169.9,3.76,3.22
2026-05-07T17:00:00+03:00,17:00,310.0,6.87,5.88
2026-05-07T18:00:00+03:00,18:00,800.0,17.73,15.16
2026-05-07T19:00:00+03:00,19:00,3799.99,84.19,72.03
2026-05-07T20:00:00+03:00,20:00,4300.0,95.27,81.51
2026-05-07T21:00:00+03:00,21:00,3945.49,87.42,74.79
2026-05-07T22:00:00+03:00,22:00,1649.98,36.56,31.28
2026-05-07T23:00:00+03:00,23:00,600.01,13.29,11.37
2026-05-08T00:00:00+03:00,00:00,810.01,17.94,15.26
2026-05-08T01:00:00+03:00,01:00,327.01,7.24,6.16
2026-05-08T02:00:00+03:00,02:00,328.83,7.28,6.19
2026-05-08T03:00:00+03:00,03:00,349.67,7.75,6.59
2026-05-08T04:00:00+03:00,04:00,349.68,7.75,6.59
2026-05-08T05:00:00+03:00,05:00,447.01,9.9,8.42
2026-05-08T06:00:00+03:00,06:00,209.0,4.63,3.94
2026-05-08T07:00:00+03:00,07:00,167.37,3.71,3.15
2026-05-08T08:00:00+03:00,08:00,20.0,0.44,0.38
2026-05-08T09:00:00+03:00,09:00,0.0,0.0,0.0
2026-05-08T10:00:00+03:00,10:00,0.0,0.0,0.0
2026-05-08T11:00:00+03:00,11:00,0.0,0.0,0.0
2026-05-08T12:00:00+03:00,12:00,0.0,0.0,0.0
2026-05-08T13:00:00+03:00,13:00,0.0,0.0,0.0
2026-05-08T14:00:00+03:00,14:00,0.0,0.0,0.0
2026-05-08T15:00:00+03:00,15:00,0.0,0.0,0.0
2026-05-08T16:00:00+03:00,16:00,167.37,3.71,3.15
2026-05-08T17:00:00+03:00,17:00,249.99,5.54,4.71
2026-05-08T18:00:00+03:00,18:00,455.99,10.1,8.59
2026-05-08T19:00:00+03:00,19:00,2300.0,50.95,43.32
2026-05-08T20:00:00+03:00,20:00,2999.0,66.43,56.48
2026-05-08T21:00:00+03:00,21:00,2570.01,56.93,48.4
2026-05-08T22:00:00+03:00,22:00,799.99,17.72,15.07
2026-05-08T23:00:00+03:00,23:00,350.3,7.76,6.6
2026-05-09T00:00:00+03:00,00:00,813.64,18.02,15.31
2026-05-09T01:00:00+03:00,01:00,499.99,11.07,9.41
2026-05-09T02:00:00+03:00,02:00,399.0,8.84,7.51
2026-05-09T03:00:00+03:00,03:00,310.01,6.87,5.83
2026-05-09T04:00:00+03:00,04:00,305.01,6.75,5.74
2026-05-09T05:00:00+03:00,05:00,323.0,7.15,6.08
2026-05-09T06:00:00+03:00,06:00,200.0,4.43,3.76
2026-05-09T07:00:00+03:00,07:00,138.01,3.06,2.6
2026-05-09T08:00:00+03:00,08:00,0.0,0.0,0.0
2026-05-09T09:00:00+03:00,09:00,0.0,0.0,0.0
2026-05-09T10:00:00+03:00,10:00,0.0,0.0,0.0
2026-05-09T11:00:00+03:00,11:00,0.0,0.0,0.0
2026-05-09T12:00:00+03:00,12:00,0.0,0.0,0.0
2026-05-09T13:00:00+03:00,13:00,0.0,0.0,0.0
2026-05-09T14:00:00+03:00,14:00,0.0,0.0,0.0
2026-05-09T15:00:00+03:00,15:00,0.0,0.0,0.0
2026-05-09T16:00:00+03:00,16:00,6.0,0.13,0.11
2026-05-09T17:00:00+03:00,17:00,205.01,4.54,3.86
2026-05-09T18:00:00+03:00,18:00,500.01,11.07,9.41
2026-05-09T19:00:00+03:00,19:00,1999.0,44.27,37.62
2026-05-09T20:00:00+03:00,20:00,4100.0,90.8,77.17
2026-05-09T21:00:00+03:00,21:00,3700.0,81.94,69.64
2026-05-09T22:00:00+03:00,22:00,1200.0,26.57,22.59
2026-05-09T23:00:00+03:00,23:00,500.01,11.07,9.41
2026-05-10T00:00:00+03:00,00:00,349.99,7.74,6.59
2026-05-10T01:00:00+03:00,01:00,695.01,15.38,13.08
2026-05-10T02:00:00+03:00,02:00,700.01,15.49,13.17
2026-05-10T03:00:00+03:00,03:00,699.98,15.49,13.17
2026-05-10T04:00:00+03:00,04:00,670.0,14.83,12.61
2026-05-10T05:00:00+03:00,05:00,690.0,15.27,12.99
2026-05-10T06:00:00+03:00,06:00,217.63,4.82,4.1
2026-05-10T07:00:00+03:00,07:00,0.0,0.0,0.0
2026-05-10T08:00:00+03:00,08:00,0.0,0.0,0.0
2026-05-10T09:00:00+03:00,09:00,0.0,0.0,0.0
2026-05-10T10:00:00+03:00,10:00,0.0,0.0,0.0
2026-05-10T11:00:00+03:00,11:00,0.0,0.0,0.0
2026-05-10T12:00:00+03:00,12:00,0.0,0.0,0.0
2026-05-10T13:00:00+03:00,13:00,0.0,0.0,0.0
2026-05-10T14:00:00+03:00,14:00,0.0,0.0,0.0
2026-05-10T15:00:00+03:00,15:00,0.0,0.0,0.0
2026-05-10T16:00:00+03:00,16:00,0.0,0.0,0.0
2026-05-10T17:00:00+03:00,17:00,0.0,0.0,0.0
2026-05-10T18:00:00+03:00,18:00,200.0,4.43,3.76
2026-05-10T19:00:00+03:00,19:00,650.01,14.38,12.23
2026-05-10T20:00:00+03:00,20:00,2799.01,61.94,52.68
2026-05-10T21:00:00+03:00,21:00,3249.99,71.92,61.16
2026-05-10T22:00:00+03:00,22:00,813.63,18.0,15.31
2026-05-10T23:00:00+03:00,23:00,350.01,7.75,6.59
2026-05-11T00:00:00+03:00,00:00,250.01,5.53,4.71
2026-05-11T01:00:00+03:00,01:00,223.0,4.93,4.2
2026-05-11T02:00:00+03:00,02:00,240.01,5.31,4.52
2026-05-11T03:00:00+03:00,03:00,299.99,6.64,5.65
2026-05-11T04:00:00+03:00,04:00,300.0,6.64,5.65
2026-05-11T05:00:00+03:00,05:00,303.63,6.72,5.71
2026-05-11T06:00:00+03:00,06:00,250.0,5.53,4.7
2026-05-11T07:00:00+03:00,07:00,189.99,4.2,3.58
2026-05-11T08:00:00+03:00,08:00,170.0,3.76,3.2
2026-05-11T09:00:00+03:00,09:00,6.01,0.13,0.11
2026-05-11T10:00:00+03:00,10:00,0.0,0.0,0.0
2026-05-11T11:00:00+03:00,11:00,0.0,0.0,0.0
2026-05-11T12:00:00+03:00,12:00,0.0,0.0,0.0
2026-05-11T13:00:00+03:00,13:00,0.0,0.0,0.0
2026-05-11T14:00:00+03:00,14:00,0.0,0.0,0.0
2026-05-11T15:00:00+03:00,15:00,8.01,0.18,0.15
2026-05-11T16:00:00+03:00,16:00,177.01,3.92,3.33
2026-05-11T17:00:00+03:00,17:00,304.01,6.73,5.72
2026-05-11T18:00:00+03:00,18:00,1200.01,26.55,22.58
2026-05-11T19:00:00+03:00,19:00,3599.99,79.66,67.75
2026-05-11T20:00:00+03:00,20:00,4300.01,95.15,80.92
2026-05-11T21:00:00+03:00,21:00,4300.0,95.15,80.92
2026-05-11T22:00:00+03:00,22:00,2567.01,56.8,48.31
2026-05-11T23:00:00+03:00,23:00,863.24,19.1,16.25
2026-05-12T00:00:00+03:00,00:00,1189.0,26.31,22.38
2026-05-12T01:00:00+03:00,01:00,800.01,17.7,15.06
2026-05-12T02:00:00+03:00,02:00,581.01,12.86,10.93
2026-05-12T03:00:00+03:00,03:00,350.0,7.75,6.59
2026-05-12T04:00:00+03:00,04:00,334.99,7.41,6.3
2026-05-12T05:00:00+03:00,05:00,349.01,7.72,6.57
2026-05-12T06:00:00+03:00,06:00,253.93,5.62,4.78
2026-05-12T07:00:00+03:00,07:00,171.01,3.78,3.22
2026-05-12T08:00:00+03:00,08:00,139.99,3.1,2.63
2026-05-12T09:00:00+03:00,09:00,0.0,0.0,0.0
2026-05-12T10:00:00+03:00,10:00,0.0,0.0,0.0
2026-05-12T11:00:00+03:00,11:00,0.0,0.0,0.0
2026-05-12T12:00:00+03:00,12:00,0.0,0.0,0.0
2026-05-12T13:00:00+03:00,13:00,0.0,0.0,0.0
2026-05-12T14:00:00+03:00,14:00,0.0,0.0,0.0
2026-05-12T15:00:00+03:00,15:00,0.0,0.0,0.0
2026-05-12T16:00:00+03:00,16:00,139.99,3.1,2.63
2026-05-12T17:00:00+03:00,17:00,200.0,4.43,3.76
2026-05-12T18:00:00+03:00,18:00,303.99,6.73,5.72
2026-05-12T19:00:00+03:00,19:00,800.01,17.7,15.06
2026-05-12T20:00:00+03:00,20:00,3600.0,79.66,67.75
2026-05-12T21:00:00+03:00,21:00,2570.0,56.87,48.37
2026-05-12T22:00:00+03:00,22:00,600.0,13.28,11.29
2026-05-12T23:00:00+03:00,23:00,310.0,6.86,5.83
2026-05-13T00:00:00+03:00,00:00,200.0,4.42,3.75
2026-05-13T01:00:00+03:00,01:00,190.0,4.19,3.56
2026-05-13T02:00:00+03:00,02:00,199.0,4.39,3.73
2026-05-13T03:00:00+03:00,03:00,190.0,4.19,3.56
2026-05-13T04:00:00+03:00,04:00,190.0,4.19,3.56
2026-05-13T05:00:00+03:00,05:00,199.01,4.39,3.73
2026-05-13T06:00:00+03:00,06:00,171.0,3.78,3.21
2026-05-13T07:00:00+03:00,07:00,150.0,3.31,2.81
2026-05-13T08:00:00+03:00,08:00,50.0,1.1,0.94
2026-05-13T09:00:00+03:00,09:00,0.0,0.0,0.0
2026-05-13T10:00:00+03:00,10:00,0.0,0.0,0.0
2026-05-13T11:00:00+03:00,11:00,0.0,0.0,0.0
2026-05-13T12:00:00+03:00,12:00,0.0,0.0,0.0
2026-05-13T13:00:00+03:00,13:00,0.0,0.0,0.0
2026-05-13T14:00:00+03:00,14:00,0.0,0.0,0.0
2026-05-13T15:00:00+03:00,15:00,0.0,0.0,0.0
2026-05-13T16:00:00+03:00,16:00,170.99,3.78,3.21
2026-05-13T17:00:00+03:00,17:00,303.99,6.71,5.7
2026-05-13T18:00:00+03:00,18:00,730.0,16.12,13.69
2026-05-13T19:00:00+03:00,19:00,4100.0,90.52,76.91
2026-05-13T20:00:00+03:00,20:00,4490.01,99.13,84.23
2026-05-13T21:00:00+03:00,21:00,4300.01,94.93,80.66
2026-05-13T22:00:00+03:00,22:00,2199.99,48.57,41.27
2026-05-13T23:00:00+03:00,23:00,1200.0,26.49,22.51
2026-05-14T00:00:00+03:00,00:00,304.0,6.71,5.71
2026-05-14T01:00:00+03:00,01:00,256.0,5.65,4.81
2026-05-14T02:00:00+03:00,02:00,256.0,5.65,4.81
2026-05-14T03:00:00+03:00,03:00,240.88,5.32,4.53
2026-05-14T04:00:00+03:00,04:00,228.99,5.05,4.3
2026-05-14T05:00:00+03:00,05:00,250.01,5.52,4.7
2026-05-14T06:00:00+03:00,06:00,190.01,4.19,3.57
2026-05-14T07:00:00+03:00,07:00,171.0,3.77,3.21
2026-05-14T08:00:00+03:00,08:00,171.0,3.77,3.21
2026-05-14T09:00:00+03:00,09:00,6.0,0.13,0.11
2026-05-14T10:00:00+03:00,10:00,0.0,0.0,0.0
2026-05-14T11:00:00+03:00,11:00,0.0,0.0,0.0
2026-05-14T12:00:00+03:00,12:00,0.0,0.0,0.0
2026-05-14T13:00:00+03:00,13:00,0.0,0.0,0.0
2026-05-14T14:00:00+03:00,14:00,10.01,0.22,0.19
2026-05-14T15:00:00+03:00,15:00,170.01,3.75,3.19
2026-05-14T16:00:00+03:00,16:00,220.0,4.86,4.13
2026-05-14T17:00:00+03:00,17:00,695.0,15.34,13.06
2026-05-14T18:00:00+03:00,18:00,1499.99,33.1,28.18
2026-05-14T19:00:00+03:00,19:00,3325.0,73.38,62.47
2026-05-14T20:00:00+03:00,20:00,4300.01,94.9,80.79
2026-05-14T21:00:00+03:00,21:00,4300.01,94.9,80.79
2026-05-14T22:00:00+03:00,22:00,3699.0,81.63,69.5
2026-05-14T23:00:00+03:00,23:00,2567.0,56.65,48.23
2026-05-15T00:00:00+03:00,00:00,899.99,19.85,16.95
2026-05-15T01:00:00+03:00,01:00,349.99,7.72,6.59
2026-05-15T02:00:00+03:00,02:00,500.0,11.03,9.42
2026-05-15T03:00:00+03:00,03:00,500.0,11.03,9.42
2026-05-15T04:00:00+03:00,04:00,499.0,11.01,9.4
2026-05-15T05:00:00+03:00,05:00,513.63,11.33,9.68
2026-05-15T06:00:00+03:00,06:00,305.0,6.73,5.75
2026-05-15T07:00:00+03:00,07:00,310.01,6.84,5.84
2026-05-15T08:00:00+03:00,08:00,329.99,7.28,6.22
2026-05-15T09:00:00+03:00,09:00,250.0,5.52,4.71
2026-05-15T10:00:00+03:00,10:00,175.0,3.86,3.3
2026-05-15T11:00:00+03:00,11:00,169.99,3.75,3.2
2026-05-15T12:00:00+03:00,12:00,0.0,0.0,0.0
2026-05-15T13:00:00+03:00,13:00,0.0,0.0,0.0
2026-05-15T14:00:00+03:00,14:00,99.0,2.18,1.86
2026-05-15T15:00:00+03:00,15:00,171.0,3.77,3.22
2026-05-15T16:00:00+03:00,16:00,249.99,5.51,4.71
2026-05-15T17:00:00+03:00,17:00,909.99,20.07,17.14
2026-05-15T18:00:00+03:00,18:00,1200.01,26.47,22.61
2026-05-15T19:00:00+03:00,19:00,3948.77,87.11,74.39
2026-05-15T20:00:00+03:00,20:00,4500.0,99.27,84.77
2026-05-15T21:00:00+03:00,21:00,4379.99,96.62,82.51
2026-05-15T22:00:00+03:00,22:00,4140.0,91.33,77.99
2026-05-15T23:00:00+03:00,23:00,1850.0,40.81,34.85
2026-05-16T00:00:00+03:00,00:00,999.99,22.05,18.83
2026-05-16T01:00:00+03:00,01:00,899.0,19.82,16.93
2026-05-16T02:00:00+03:00,02:00,593.01,13.08,11.17
2026-05-16T03:00:00+03:00,03:00,500.0,11.03,9.42
2026-05-16T04:00:00+03:00,04:00,350.0,7.72,6.59
2026-05-16T05:00:00+03:00,05:00,327.93,7.23,6.18
2026-05-16T06:00:00+03:00,06:00,199.99,4.41,3.77
2026-05-16T07:00:00+03:00,07:00,100.0,2.21,1.88
2026-05-16T08:00:00+03:00,08:00,0.0,0.0,0.0
2026-05-16T09:00:00+03:00,09:00,0.0,0.0,0.0
2026-05-16T10:00:00+03:00,10:00,0.0,0.0,0.0
2026-05-16T11:00:00+03:00,11:00,0.0,0.0,0.0
2026-05-16T12:00:00+03:00,12:00,0.0,0.0,0.0
2026-05-16T13:00:00+03:00,13:00,0.0,0.0,0.0
2026-05-16T14:00:00+03:00,14:00,0.0,0.0,0.0
2026-05-16T15:00:00+03:00,15:00,0.0,0.0,0.0
2026-05-16T16:00:00+03:00,16:00,0.0,0.0,0.0
2026-05-16T17:00:00+03:00,17:00,180.0,3.97,3.39
2026-05-16T18:00:00+03:00,18:00,303.0,6.68,5.71
2026-05-16T19:00:00+03:00,19:00,1500.0,33.08,28.25
2026-05-16T20:00:00+03:00,20:00,3219.99,71.01,60.64
2026-05-16T21:00:00+03:00,21:00,1725.0,38.04,32.49
2026-05-16T22:00:00+03:00,22:00,376.0,8.29,7.08
2026-05-16T23:00:00+03:00,23:00,295.99,6.53,5.57
2026-05-17T00:00:00+03:00,00:00,175.0,3.86,3.31
2026-05-17T01:00:00+03:00,01:00,174.99,3.86,3.31
2026-05-17T02:00:00+03:00,02:00,171.0,3.77,3.24
2026-05-17T03:00:00+03:00,03:00,169.91,3.74,3.22
2026-05-17T04:00:00+03:00,04:00,170.0,3.75,3.22
2026-05-17T05:00:00+03:00,05:00,170.0,3.75,3.22
2026-05-17T06:00:00+03:00,06:00,0.1,0.0,0.0
2026-05-17T07:00:00+03:00,07:00,0.0,0.0,0.0
2026-05-17T08:00:00+03:00,08:00,0.0,0.0,0.0
2026-05-17T09:00:00+03:00,09:00,0.0,0.0,0.0
2026-05-17T10:00:00+03:00,10:00,0.0,0.0,0.0
2026-05-17T11:00:00+03:00,11:00,0.0,0.0,0.0
2026-05-17T12:00:00+03:00,12:00,0.0,0.0,0.0
2026-05-17T13:00:00+03:00,13:00,0.0,0.0,0.0
2026-05-17T14:00:00+03:00,14:00,0.0,0.0,0.0
2026-05-17T15:00:00+03:00,15:00,0.0,0.0,0.0
2026-05-17T16:00:00+03:00,16:00,0.0,0.0,0.0
2026-05-17T17:00:00+03:00,17:00,0.0,0.0,0.0
2026-05-17T18:00:00+03:00,18:00,170.0,3.75,3.22
2026-05-17T19:00:00+03:00,19:00,305.0,6.72,5.78
2026-05-17T20:00:00+03:00,20:00,1500.0,33.05,28.4
2026-05-17T21:00:00+03:00,21:00,2200.0,48.47,41.66
2026-05-17T22:00:00+03:00,22:00,500.0,11.02,9.47
2026-05-17T23:00:00+03:00,23:00,305.0,6.72,5.78
2026-05-18T00:00:00+03:00,00:00,300.01,6.61,5.68
2026-05-18T01:00:00+03:00,01:00,205.01,4.52,3.88
2026-05-18T02:00:00+03:00,02:00,199.01,4.38,3.77
2026-05-18T03:00:00+03:00,03:00,199.99,4.41,3.79
2026-05-18T04:00:00+03:00,04:00,194.5,4.29,3.68
2026-05-18T05:00:00+03:00,05:00,198.86,4.38,3.77
2026-05-18T06:00:00+03:00,06:00,170.0,3.75,3.22
2026-05-18T07:00:00+03:00,07:00,169.91,3.74,3.22
2026-05-18T08:00:00+03:00,08:00,171.0,3.77,3.24
2026-05-18T09:00:00+03:00,09:00,150.0,3.3,2.84
2026-05-18T10:00:00+03:00,10:00,8.01,0.18,0.15
2026-05-18T11:00:00+03:00,11:00,99.0,2.18,1.87
2026-05-18T12:00:00+03:00,12:00,0.0,0.0,0.0
2026-05-18T13:00:00+03:00,13:00,1.99,0.04,0.04
2026-05-18T14:00:00+03:00,14:00,169.91,3.74,3.22
2026-05-18T15:00:00+03:00,15:00,170.99,3.77,3.24
2026-05-18T16:00:00+03:00,16:00,249.99,5.51,4.73
2026-05-18T17:00:00+03:00,17:00,799.01,17.6,15.13
2026-05-18T18:00:00+03:00,18:00,2700.0,59.49,51.13
2026-05-18T19:00:00+03:00,19:00,4300.0,94.74,81.42
2026-05-18T20:00:00+03:00,20:00,4300.01,94.74,81.42
2026-05-18T21:00:00+03:00,21:00,4300.0,94.74,81.42
2026-05-18T22:00:00+03:00,22:00,2954.44,65.09,55.94
2026-05-18T23:00:00+03:00,23:00,2100.0,46.27,39.76
2026-05-19T00:00:00+03:00,00:00,325.0,7.16,6.15
2026-05-19T01:00:00+03:00,01:00,300.01,6.61,5.68
2026-05-19T02:00:00+03:00,02:00,252.01,5.55,4.77
2026-05-19T03:00:00+03:00,03:00,299.99,6.61,5.68
2026-05-19T04:00:00+03:00,04:00,240.01,5.29,4.54
2026-05-19T05:00:00+03:00,05:00,200.01,4.41,3.79
2026-05-19T06:00:00+03:00,06:00,169.91,3.74,3.22
2026-05-19T07:00:00+03:00,07:00,0.0,0.0,0.0
2026-05-19T08:00:00+03:00,08:00,0.0,0.0,0.0
2026-05-19T09:00:00+03:00,09:00,0.0,0.0,0.0
2026-05-19T10:00:00+03:00,10:00,0.0,0.0,0.0
2026-05-19T11:00:00+03:00,11:00,0.0,0.0,0.0
2026-05-19T12:00:00+03:00,12:00,0.0,0.0,0.0
2026-05-19T13:00:00+03:00,13:00,0.0,0.0,0.0
2026-05-19T14:00:00+03:00,14:00,0.0,0.0,0.0
2026-05-19T15:00:00+03:00,15:00,0.0,0.0,0.0
2026-05-19T16:00:00+03:00,16:00,0.0,0.0,0.0
2026-05-19T17:00:00+03:00,17:00,171.01,3.77,3.24
2026-05-19T18:00:00+03:00,18:00,310.01,6.83,5.87
2026-05-19T19:00:00+03:00,19:00,2100.0,46.27,39.76
2026-05-19T20:00:00+03:00,20:00,4000.01,88.13,75.74
2026-05-19T21:00:00+03:00,21:00,3599.99,79.32,68.17
2026-05-19T22:00:00+03:00,22:00,1725.01,38.01,32.66
2026-05-19T23:00:00+03:00,23:00,500.01,11.02,9.47
2026-05-20T00:00:00+03:00,00:00,328.01,7.22,6.2
2026-05-20T01:00:00+03:00,01:00,250.0,5.5,4.73
2026-05-20T02:00:00+03:00,02:00,210.28,4.63,3.98
2026-05-20T03:00:00+03:00,03:00,210.73,4.64,3.98
2026-05-20T04:00:00+03:00,04:00,299.99,6.6,5.67
2026-05-20T05:00:00+03:00,05:00,250.01,5.5,4.73
2026-05-20T06:00:00+03:00,06:00,199.01,4.38,3.76
2026-05-20T07:00:00+03:00,07:00,200.0,4.4,3.78
2026-05-20T08:00:00+03:00,08:00,249.99,5.5,4.73
2026-05-20T09:00:00+03:00,09:00,200.0,4.4,3.78
2026-05-20T10:00:00+03:00,10:00,177.0,3.89,3.35
2026-05-20T11:00:00+03:00,11:00,174.99,3.85,3.31
2026-05-20T12:00:00+03:00,12:00,128.01,2.82,2.42
2026-05-20T13:00:00+03:00,13:00,169.9,3.74,3.21
2026-05-20T14:00:00+03:00,14:00,171.01,3.76,3.23
2026-05-20T15:00:00+03:00,15:00,199.0,4.38,3.76
2026-05-20T16:00:00+03:00,16:00,300.0,6.6,5.67
2026-05-20T17:00:00+03:00,17:00,500.01,11.0,9.46
2026-05-20T18:00:00+03:00,18:00,745.0,16.39,14.09
2026-05-20T19:00:00+03:00,19:00,3190.0,70.19,60.32
2026-05-20T20:00:00+03:00,20:00,4245.0,93.4,80.27
2026-05-20T21:00:00+03:00,21:00,4142.01,91.14,78.33
2026-05-20T22:00:00+03:00,22:00,1749.99,38.51,33.09
2026-05-20T23:00:00+03:00,23:00,500.01,11.0,9.46
2026-05-21T00:00:00+03:00,00:00,324.99,7.15,6.15
2026-05-21T01:00:00+03:00,01:00,290.01,6.38,5.48
2026-05-21T02:00:00+03:00,02:00,250.0,5.5,4.73
2026-05-21T03:00:00+03:00,03:00,229.0,5.04,4.33
2026-05-21T04:00:00+03:00,04:00,300.01,6.6,5.67
2026-05-21T05:00:00+03:00,05:00,259.95,5.72,4.92
2026-05-21T06:00:00+03:00,06:00,200.0,4.4,3.78
2026-05-21T07:00:00+03:00,07:00,300.0,6.6,5.67
2026-05-21T08:00:00+03:00,08:00,399.99,8.8,7.56
2026-05-21T09:00:00+03:00,09:00,305.0,6.71,5.77
2026-05-21T10:00:00+03:00,10:00,230.0,5.06,4.35
2026-05-21T11:00:00+03:00,11:00,207.01,4.55,3.91
2026-05-21T12:00:00+03:00,12:00,170.01,3.74,3.21
2026-05-21T13:00:00+03:00,13:00,174.99,3.85,3.31
2026-05-21T14:00:00+03:00,14:00,220.0,4.84,4.16
2026-05-21T15:00:00+03:00,15:00,300.0,6.6,5.67
2026-05-21T16:00:00+03:00,16:00,500.01,11.0,9.46
2026-05-21T17:00:00+03:00,17:00,2900.0,63.81,54.84
2026-05-21T18:00:00+03:00,18:00,3900.0,85.81,73.75
2026-05-21T19:00:00+03:00,19:00,4000.01,88.01,75.64
2026-05-21T20:00:00+03:00,20:00,4300.01,94.61,81.31
2026-05-21T21:00:00+03:00,21:00,4233.0,93.14,80.05
2026-05-21T22:00:00+03:00,22:00,3600.0,79.21,68.08
2026-05-21T23:00:00+03:00,23:00,2700.0,59.41,51.06
2026-05-22T00:00:00+03:00,00:00,1650.0,36.26,31.27
2026-05-22T01:00:00+03:00,01:00,500.0,10.99,9.48
2026-05-22T02:00:00+03:00,02:00,399.99,8.79,7.58
2026-05-22T03:00:00+03:00,03:00,349.99,7.69,6.63
2026-05-22T04:00:00+03:00,04:00,331.51,7.28,6.28
2026-05-22T05:00:00+03:00,05:00,300.01,6.59,5.69
2026-05-22T06:00:00+03:00,06:00,190.0,4.17,3.6
2026-05-22T07:00:00+03:00,07:00,189.99,4.17,3.6
2026-05-22T08:00:00+03:00,08:00,196.01,4.31,3.71
2026-05-22T09:00:00+03:00,09:00,189.99,4.17,3.6
2026-05-22T10:00:00+03:00,10:00,169.91,3.73,3.22
2026-05-22T11:00:00+03:00,11:00,170.0,3.74,3.22
2026-05-22T12:00:00+03:00,12:00,20.0,0.44,0.38
2026-05-22T13:00:00+03:00,13:00,60.01,1.32,1.14
2026-05-22T14:00:00+03:00,14:00,199.99,4.39,3.79
2026-05-22T15:00:00+03:00,15:00,228.99,5.03,4.34
2026-05-22T16:00:00+03:00,16:00,376.63,8.28,7.14
2026-05-22T17:00:00+03:00,17:00,2567.0,56.41,48.65
2026-05-22T18:00:00+03:00,18:00,2567.0,56.41,48.65
2026-05-22T19:00:00+03:00,19:00,4000.01,87.89,75.8
2026-05-22T20:00:00+03:00,20:00,4300.01,94.49,81.49
2026-05-22T21:00:00+03:00,21:00,4200.0,92.29,79.59
2026-05-22T22:00:00+03:00,22:00,3249.99,71.41,61.59
2026-05-22T23:00:00+03:00,23:00,1727.1,37.95,32.73
2026-05-23T00:00:00+03:00,00:00,1485.0,32.62,28.08
2026-05-23T01:00:00+03:00,01:00,315.0,6.92,5.96
2026-05-23T02:00:00+03:00,02:00,315.01,6.92,5.96
2026-05-23T03:00:00+03:00,03:00,303.99,6.68,5.75
2026-05-23T04:00:00+03:00,04:00,302.99,6.66,5.73
2026-05-23T05:00:00+03:00,05:00,240.01,5.27,4.54
2026-05-23T06:00:00+03:00,06:00,171.0,3.76,3.23
2026-05-23T07:00:00+03:00,07:00,100.0,2.2,1.89
2026-05-23T08:00:00+03:00,08:00,40.0,0.88,0.76
2026-05-23T09:00:00+03:00,09:00,0.0,0.0,0.0
2026-05-23T10:00:00+03:00,10:00,0.0,0.0,0.0
2026-05-23T11:00:00+03:00,11:00,0.0,0.0,0.0
2026-05-23T12:00:00+03:00,12:00,0.0,0.0,0.0
2026-05-23T13:00:00+03:00,13:00,0.0,0.0,0.0
2026-05-23T14:00:00+03:00,14:00,0.0,0.0,0.0
2026-05-23T15:00:00+03:00,15:00,19.99,0.44,0.38
2026-05-23T16:00:00+03:00,16:00,170.99,3.76,3.23
2026-05-23T17:00:00+03:00,17:00,229.99,5.05,4.35
2026-05-23T18:00:00+03:00,18:00,303.01,6.66,5.73
2026-05-23T19:00:00+03:00,19:00,1499.99,32.95,28.37
2026-05-23T20:00:00+03:00,20:00,4127.0,90.65,78.05
2026-05-23T21:00:00+03:00,21:00,3023.61,66.41,57.18
2026-05-23T22:00:00+03:00,22:00,520.0,11.42,9.83
2026-05-23T23:00:00+03:00,23:00,300.01,6.59,5.67
2026-05-24T00:00:00+03:00,00:00,310.01,6.81,5.86
2026-05-24T01:00:00+03:00,01:00,300.0,6.59,5.68
2026-05-24T02:00:00+03:00,02:00,300.0,6.59,5.68
2026-05-24T03:00:00+03:00,03:00,300.0,6.59,5.68
2026-05-24T04:00:00+03:00,04:00,252.01,5.53,4.77
2026-05-24T05:00:00+03:00,05:00,252.01,5.53,4.77
2026-05-24T06:00:00+03:00,06:00,174.99,3.84,3.31
2026-05-24T07:00:00+03:00,07:00,38.01,0.83,0.72
2026-05-24T08:00:00+03:00,08:00,0.0,0.0,0.0
2026-05-24T09:00:00+03:00,09:00,0.0,0.0,0.0
2026-05-24T10:00:00+03:00,10:00,0.0,0.0,0.0
2026-05-24T11:00:00+03:00,11:00,0.0,0.0,0.0
2026-05-24T12:00:00+03:00,12:00,0.0,0.0,0.0
2026-05-24T13:00:00+03:00,13:00,0.0,0.0,0.0
2026-05-24T14:00:00+03:00,14:00,0.0,0.0,0.0
2026-05-24T15:00:00+03:00,15:00,0.0,0.0,0.0
2026-05-24T16:00:00+03:00,16:00,0.0,0.0,0.0
2026-05-24T17:00:00+03:00,17:00,0.0,0.0,0.0
2026-05-24T18:00:00+03:00,18:00,169.9,3.73,3.21
2026-05-24T19:00:00+03:00,19:00,210.0,4.61,3.97
2026-05-24T20:00:00+03:00,20:00,1199.0,26.32,22.68
2026-05-24T21:00:00+03:00,21:00,800.01,17.56,15.13
2026-05-24T22:00:00+03:00,22:00,240.07,5.27,4.54
2026-05-24T23:00:00+03:00,23:00,175.0,3.84,3.31
2026-05-25T00:00:00+03:00,00:00,174.99,3.84,3.31
2026-05-25T01:00:00+03:00,01:00,174.99,3.84,3.31
2026-05-25T02:00:00+03:00,02:00,174.99,3.84,3.31
2026-05-25T03:00:00+03:00,03:00,171.01,3.75,3.24
2026-05-25T04:00:00+03:00,04:00,171.01,3.75,3.24
2026-05-25T05:00:00+03:00,05:00,171.0,3.75,3.23
2026-05-25T06:00:00+03:00,06:00,100.0,2.2,1.89
2026-05-25T07:00:00+03:00,07:00,0.0,0.0,0.0
2026-05-25T08:00:00+03:00,08:00,0.0,0.0,0.0
2026-05-25T09:00:00+03:00,09:00,0.0,0.0,0.0
2026-05-25T10:00:00+03:00,10:00,0.0,0.0,0.0
2026-05-25T11:00:00+03:00,11:00,0.0,0.0,0.0
2026-05-25T12:00:00+03:00,12:00,0.0,0.0,0.0
2026-05-25T13:00:00+03:00,13:00,0.0,0.0,0.0
2026-05-25T14:00:00+03:00,14:00,0.0,0.0,0.0
2026-05-25T15:00:00+03:00,15:00,0.0,0.0,0.0
2026-05-25T16:00:00+03:00,16:00,38.01,0.83,0.72
2026-05-25T17:00:00+03:00,17:00,174.99,3.84,3.31
2026-05-25T18:00:00+03:00,18:00,196.0,4.3,3.71
2026-05-25T19:00:00+03:00,19:00,336.63,7.39,6.37
2026-05-25T20:00:00+03:00,20:00,1508.7,33.12,28.54
2026-05-25T21:00:00+03:00,21:00,899.99,19.76,17.03
2026-05-25T22:00:00+03:00,22:00,320.01,7.02,6.05
2026-05-25T23:00:00+03:00,23:00,207.0,4.54,3.92
2026-05-26T00:00:00+03:00,00:00,199.99,4.39,3.78
2026-05-26T01:00:00+03:00,01:00,175.0,3.84,3.31
2026-05-26T02:00:00+03:00,02:00,171.01,3.75,3.24
2026-05-26T03:00:00+03:00,03:00,174.99,3.84,3.31
2026-05-26T04:00:00+03:00,04:00,171.01,3.75,3.24
2026-05-26T05:00:00+03:00,05:00,171.0,3.75,3.23
2026-05-26T06:00:00+03:00,06:00,0.0,0.0,0.0
2026-05-26T07:00:00+03:00,07:00,0.0,0.0,0.0
2026-05-26T08:00:00+03:00,08:00,0.0,0.0,0.0
2026-05-26T09:00:00+03:00,09:00,0.0,0.0,0.0
2026-05-26T10:00:00+03:00,10:00,0.0,0.0,0.0
2026-05-26T11:00:00+03:00,11:00,0.0,0.0,0.0
2026-05-26T12:00:00+03:00,12:00,0.0,0.0,0.0
2026-05-26T13:00:00+03:00,13:00,0.0,0.0,0.0
2026-05-26T14:00:00+03:00,14:00,0.0,0.0,0.0
2026-05-26T15:00:00+03:00,15:00,0.0,0.0,0.0
2026-05-26T16:00:00+03:00,16:00,0.0,0.0,0.0
2026-05-26T17:00:00+03:00,17:00,0.0,0.0,0.0
2026-05-26T18:00:00+03:00,18:00,19.99,0.44,0.38
2026-05-26T19:00:00+03:00,19:00,190.01,4.17,3.59
2026-05-26T20:00:00+03:00,20:00,328.01,7.2,6.21
2026-05-26T21:00:00+03:00,21:00,315.01,6.92,5.96
2026-05-26T22:00:00+03:00,22:00,296.0,6.5,5.6
2026-05-26T23:00:00+03:00,23:00,175.0,3.84,3.31
2026-05-27T00:00:00+03:00,00:00,166.99,3.66,3.14
2026-05-27T01:00:00+03:00,01:00,20.0,0.44,0.38
2026-05-27T02:00:00+03:00,02:00,20.0,0.44,0.38
2026-05-27T03:00:00+03:00,03:00,128.0,2.81,2.41
2026-05-27T04:00:00+03:00,04:00,20.0,0.44,0.38
2026-05-27T05:00:00+03:00,05:00,0.0,0.0,0.0
2026-05-27T06:00:00+03:00,06:00,0.0,0.0,0.0
2026-05-27T07:00:00+03:00,07:00,0.0,0.0,0.0
2026-05-27T08:00:00+03:00,08:00,0.0,0.0,0.0
2026-05-27T09:00:00+03:00,09:00,0.0,0.0,0.0
2026-05-27T10:00:00+03:00,10:00,0.0,0.0,0.0
2026-05-27T11:00:00+03:00,11:00,0.0,0.0,0.0
2026-05-27T12:00:00+03:00,12:00,0.0,0.0,0.0
2026-05-27T13:00:00+03:00,13:00,0.0,0.0,0.0
2026-05-27T14:00:00+03:00,14:00,0.0,0.0,0.0
2026-05-27T15:00:00+03:00,15:00,0.0,0.0,0.0
2026-05-27T16:00:00+03:00,16:00,0.0,0.0,0.0
2026-05-27T17:00:00+03:00,17:00,0.0,0.0,0.0
2026-05-27T18:00:00+03:00,18:00,0.0,0.0,0.0
2026-05-27T19:00:00+03:00,19:00,195.01,4.27,3.67
2026-05-27T20:00:00+03:00,20:00,303.99,6.66,5.72
2026-05-27T21:00:00+03:00,21:00,315.01,6.9,5.93
2026-05-27T22:00:00+03:00,22:00,300.0,6.57,5.65
2026-05-27T23:00:00+03:00,23:00,200.01,4.38,3.77
2026-05-28T00:00:00+03:00,00:00,488.01,10.69,9.19
2026-05-28T01:00:00+03:00,01:00,365.09,8.0,6.87
2026-05-28T02:00:00+03:00,02:00,350.0,7.67,6.59
2026-05-28T03:00:00+03:00,03:00,315.01,6.9,5.93
2026-05-28T04:00:00+03:00,04:00,302.99,6.64,5.7
2026-05-28T05:00:00+03:00,05:00,300.0,6.57,5.65
2026-05-28T06:00:00+03:00,06:00,80.0,1.75,1.51
2026-05-28T07:00:00+03:00,07:00,0.0,0.0,0.0
2026-05-28T08:00:00+03:00,08:00,0.0,0.0,0.0
2026-05-28T09:00:00+03:00,09:00,0.0,0.0,0.0
2026-05-28T10:00:00+03:00,10:00,0.0,0.0,0.0
2026-05-28T11:00:00+03:00,11:00,0.0,0.0,0.0
2026-05-28T12:00:00+03:00,12:00,0.0,0.0,0.0
2026-05-28T13:00:00+03:00,13:00,0.0,0.0,0.0
2026-05-28T14:00:00+03:00,14:00,0.0,0.0,0.0
2026-05-28T15:00:00+03:00,15:00,0.0,0.0,0.0
2026-05-28T16:00:00+03:00,16:00,0.0,0.0,0.0
2026-05-28T17:00:00+03:00,17:00,0.0,0.0,0.0
2026-05-28T18:00:00+03:00,18:00,166.99,3.66,3.14
2026-05-28T19:00:00+03:00,19:00,219.99,4.82,4.14
2026-05-28T20:00:00+03:00,20:00,322.46,7.07,6.07
2026-05-28T21:00:00+03:00,21:00,310.01,6.79,5.84
2026-05-28T22:00:00+03:00,22:00,250.0,5.48,4.71
2026-05-28T23:00:00+03:00,23:00,199.01,4.36,3.75
2026-05-29T00:00:00+03:00,00:00,196.01,4.3,3.69
2026-05-29T01:00:00+03:00,01:00,174.99,3.83,3.29
2026-05-29T02:00:00+03:00,02:00,171.01,3.75,3.22
2026-05-29T03:00:00+03:00,03:00,170.01,3.73,3.2
2026-05-29T04:00:00+03:00,04:00,169.82,3.72,3.2
2026-05-29T05:00:00+03:00,05:00,80.0,1.75,1.51
2026-05-29T06:00:00+03:00,06:00,0.0,0.0,0.0
2026-05-29T07:00:00+03:00,07:00,0.0,0.0,0.0
2026-05-29T08:00:00+03:00,08:00,0.0,0.0,0.0
2026-05-29T09:00:00+03:00,09:00,0.0,0.0,0.0
2026-05-29T10:00:00+03:00,10:00,0.0,0.0,0.0
2026-05-29T11:00:00+03:00,11:00,0.0,0.0,0.0
2026-05-29T12:00:00+03:00,12:00,0.0,0.0,0.0
2026-05-29T13:00:00+03:00,13:00,0.0,0.0,0.0
2026-05-29T14:00:00+03:00,14:00,0.0,0.0,0.0
2026-05-29T15:00:00+03:00,15:00,0.0,0.0,0.0
2026-05-29T16:00:00+03:00,16:00,0.0,0.0,0.0
2026-05-29T17:00:00+03:00,17:00,0.0,0.0,0.0
2026-05-29T18:00:00+03:00,18:00,0.0,0.0,0.0
2026-05-29T19:00:00+03:00,19:00,170.0,3.73,3.2
2026-05-29T20:00:00+03:00,20:00,189.99,4.16,3.58
2026-05-29T21:00:00+03:00,21:00,199.0,4.36,3.75
2026-05-29T22:00:00+03:00,22:00,190.0,4.16,3.58
2026-05-29T23:00:00+03:00,23:00,171.01,3.75,3.22
2026-05-30T00:00:00+03:00,00:00,171.0,3.75,3.22
2026-05-30T01:00:00+03:00,01:00,165.0,3.62,3.11
2026-05-30T02:00:00+03:00,02:00,167.0,3.66,3.14
2026-05-30T03:00:00+03:00,03:00,120.01,2.63,2.26
2026-05-30T04:00:00+03:00,04:00,149.99,3.29,2.82
2026-05-30T05:00:00+03:00,05:00,99.99,2.19,1.88
2026-05-30T06:00:00+03:00,06:00,0.0,0.0,0.0
2026-05-30T07:00:00+03:00,07:00,0.0,0.0,0.0
2026-05-30T08:00:00+03:00,08:00,0.0,0.0,0.0
2026-05-30T09:00:00+03:00,09:00,0.0,0.0,0.0
2026-05-30T10:00:00+03:00,10:00,0.0,0.0,0.0
2026-05-30T11:00:00+03:00,11:00,0.0,0.0,0.0
2026-05-30T12:00:00+03:00,12:00,0.0,0.0,0.0
2026-05-30T13:00:00+03:00,13:00,0.0,0.0,0.0
2026-05-30T14:00:00+03:00,14:00,0.0,0.0,0.0
2026-05-30T15:00:00+03:00,15:00,0.0,0.0,0.0
2026-05-30T16:00:00+03:00,16:00,0.0,0.0,0.0
2026-05-30T17:00:00+03:00,17:00,0.0,0.0,0.0
2026-05-30T18:00:00+03:00,18:00,19.0,0.42,0.36
2026-05-30T19:00:00+03:00,19:00,300.0,6.57,5.65
2026-05-30T20:00:00+03:00,20:00,599.99,13.15,11.29
2026-05-30T21:00:00+03:00,21:00,800.0,17.53,15.06
2026-05-30T22:00:00+03:00,22:00,500.83,10.98,9.43
2026-05-30T23:00:00+03:00,23:00,328.01,7.19,6.17
2026-05-31T00:00:00+03:00,00:00,349.99,7.67,6.59
2026-05-31T01:00:00+03:00,01:00,328.01,7.19,6.17
2026-05-31T02:00:00+03:00,02:00,315.01,6.9,5.93
2026-05-31T03:00:00+03:00,03:00,300.0,6.57,5.65
2026-05-31T04:00:00+03:00,04:00,250.01,5.48,4.71
2026-05-31T05:00:00+03:00,05:00,230.01,5.04,4.33
2026-05-31T06:00:00+03:00,06:00,30.01,0.66,0.56
2026-05-31T07:00:00+03:00,07:00,0.0,0.0,0.0
2026-05-31T08:00:00+03:00,08:00,0.0,0.0,0.0
2026-05-31T09:00:00+03:00,09:00,0.0,0.0,0.0
2026-05-31T10:00:00+03:00,10:00,0.0,0.0,0.0
2026-05-31T11:00:00+03:00,11:00,0.0,0.0,0.0
2026-05-31T12:00:00+03:00,12:00,0.0,0.0,0.0
2026-05-31T13:00:00+03:00,13:00,0.0,0.0,0.0
2026-05-31T14:00:00+03:00,14:00,0.0,0.0,0.0
2026-05-31T15:00:00+03:00,15:00,0.0,0.0,0.0
2026-05-31T16:00:00+03:00,16:00,0.0,0.0,0.0
2026-05-31T17:00:00+03:00,17:00,18.99,0.42,0.36
2026-05-31T18:00:00+03:00,18:00,249.99,5.48,4.71
2026-05-31T19:00:00+03:00,19:00,1274.99,27.94,24.0
2026-05-31T20:00:00+03:00,20:00,4300.0,94.23,80.95
2026-05-31T21:00:00+03:00,21:00,4300.01,94.23,80.95
2026-05-31T22:00:00+03:00,22:00,4300.0,94.23,80.95
2026-05-31T23:00:00+03:00,23:00,1849.99,40.54,34.83
2026-06-01T00:00:00+03:00,00:00,456.0,9.99,8.58
2026-06-01T01:00:00+03:00,01:00,350.0,7.67,6.59
2026-06-01T02:00:00+03:00,02:00,322.99,7.08,6.08
2026-06-01T03:00:00+03:00,03:00,340.0,7.45,6.4
2026-06-01T04:00:00+03:00,04:00,349.68,7.66,6.58
2026-06-01T05:00:00+03:00,05:00,327.0,7.17,6.16
2026-06-01T06:00:00+03:00,06:00,200.0,4.38,3.76
2026-06-01T07:00:00+03:00,07:00,169.9,3.72,3.2
2026-06-01T08:00:00+03:00,08:00,169.01,3.7,3.18
2026-06-01T09:00:00+03:00,09:00,45.0,0.99,0.85
2026-06-01T10:00:00+03:00,10:00,0.0,0.0,0.0
2026-06-01T11:00:00+03:00,11:00,55.0,1.21,1.04
2026-06-01T12:00:00+03:00,12:00,0.0,0.0,0.0
2026-06-01T13:00:00+03:00,13:00,60.0,1.31,1.13
2026-06-01T14:00:00+03:00,14:00,171.01,3.75,3.22
2026-06-01T15:00:00+03:00,15:00,199.99,4.38,3.76
2026-06-01T16:00:00+03:00,16:00,343.0,7.52,6.46
2026-06-01T17:00:00+03:00,17:00,1500.0,32.87,28.24
2026-06-01T18:00:00+03:00,18:00,4300.0,94.23,80.95
2026-06-01T19:00:00+03:00,19:00,4400.01,96.43,82.83
2026-06-01T20:00:00+03:00,20:00,4500.0,98.62,84.71
2026-06-01T21:00:00+03:00,21:00,4300.01,94.23,80.95
2026-06-01T22:00:00+03:00,22:00,4099.99,89.85,77.18
2026-06-01T23:00:00+03:00,23:00,4500.0,98.62,84.71
2026-06-02T00:00:00+03:00,00:00,2699.99,59.17,50.83
2026-06-02T01:00:00+03:00,01:00,1800.0,39.45,33.88
2026-06-02T02:00:00+03:00,02:00,2165.61,47.46,40.77
2026-06-02T03:00:00+03:00,03:00,3199.99,70.13,60.24
2026-06-02T04:00:00+03:00,04:00,3590.01,78.67,67.58
2026-06-02T05:00:00+03:00,05:00,2234.99,48.98,42.07
2026-06-02T06:00:00+03:00,06:00,399.99,8.77,7.53
2026-06-02T07:00:00+03:00,07:00,200.01,4.38,3.77
2026-06-02T08:00:00+03:00,08:00,171.01,3.75,3.22
2026-06-02T09:00:00+03:00,09:00,169.91,3.72,3.2
2026-06-02T10:00:00+03:00,10:00,95.01,2.08,1.79
2026-06-02T11:00:00+03:00,11:00,100.06,2.19,1.88
2026-06-02T12:00:00+03:00,12:00,0.0,0.0,0.0
2026-06-02T13:00:00+03:00,13:00,60.0,1.31,1.13
2026-06-02T14:00:00+03:00,14:00,171.0,3.75,3.22
2026-06-02T15:00:00+03:00,15:00,195.01,4.27,3.67
2026-06-02T16:00:00+03:00,16:00,315.0,6.9,5.93
2026-06-02T17:00:00+03:00,17:00,1000.03,21.92,18.83
2026-06-02T18:00:00+03:00,18:00,2124.99,46.57,40.0
2026-06-02T19:00:00+03:00,19:00,4000.0,87.66,75.3
2026-06-02T20:00:00+03:00,20:00,4449.01,97.5,83.75
2026-06-02T21:00:00+03:00,21:00,4300.01,94.23,80.95
2026-06-02T22:00:00+03:00,22:00,4100.01,89.85,77.18
2026-06-02T23:00:00+03:00,23:00,2249.99,49.31,42.35
2026-06-03T00:00:00+03:00,00:00,2224.1,48.53,41.65
2026-06-03T01:00:00+03:00,01:00,900.0,19.64,16.85
2026-06-03T02:00:00+03:00,02:00,327.01,7.14,6.12
2026-06-03T03:00:00+03:00,03:00,300.0,6.55,5.62
2026-06-03T04:00:00+03:00,04:00,299.99,6.55,5.62
2026-06-03T05:00:00+03:00,05:00,210.67,4.6,3.94
2026-06-03T06:00:00+03:00,06:00,171.0,3.73,3.2
2026-06-03T07:00:00+03:00,07:00,35.01,0.76,0.66
2026-06-03T08:00:00+03:00,08:00,170.0,3.71,3.18
2026-06-03T09:00:00+03:00,09:00,99.47,2.17,1.86
2026-06-03T10:00:00+03:00,10:00,19.01,0.41,0.36
2026-06-03T11:00:00+03:00,11:00,55.01,1.2,1.03
2026-06-03T12:00:00+03:00,12:00,0.0,0.0,0.0
2026-06-03T13:00:00+03:00,13:00,60.0,1.31,1.12
2026-06-03T14:00:00+03:00,14:00,169.9,3.71,3.18
2026-06-03T15:00:00+03:00,15:00,171.0,3.73,3.2
2026-06-03T16:00:00+03:00,16:00,250.0,5.46,4.68
2026-06-03T17:00:00+03:00,17:00,600.0,13.09,11.24
2026-06-03T18:00:00+03:00,18:00,1200.01,26.19,22.47
2026-06-03T19:00:00+03:00,19:00,3599.99,78.56,67.41
2026-06-03T20:00:00+03:00,20:00,4245.01,92.64,79.49
2026-06-03T21:00:00+03:00,21:00,4100.01,89.47,76.77
2026-06-03T22:00:00+03:00,22:00,3023.61,65.98,56.62
2026-06-03T23:00:00+03:00,23:00,1200.01,26.19,22.47
2026-06-04T00:00:00+03:00,00:00,1490.0,32.5,27.91
2026-06-04T01:00:00+03:00,01:00,702.01,15.31,13.15
2026-06-04T02:00:00+03:00,02:00,699.99,15.27,13.11
2026-06-04T03:00:00+03:00,03:00,999.97,21.81,18.73
2026-06-04T04:00:00+03:00,04:00,999.97,21.81,18.73
2026-06-04T05:00:00+03:00,05:00,999.01,21.79,18.71
2026-06-04T06:00:00+03:00,06:00,300.0,6.54,5.62
2026-06-04T07:00:00+03:00,07:00,189.99,4.14,3.56
2026-06-04T08:00:00+03:00,08:00,200.01,4.36,3.75
2026-06-04T09:00:00+03:00,09:00,175.0,3.82,3.28
2026-06-04T10:00:00+03:00,10:00,171.0,3.73,3.2
2026-06-04T11:00:00+03:00,11:00,171.0,3.73,3.2
2026-06-04T12:00:00+03:00,12:00,19.99,0.44,0.37
2026-06-04T13:00:00+03:00,13:00,171.01,3.73,3.2
2026-06-04T14:00:00+03:00,14:00,180.01,3.93,3.37
2026-06-04T15:00:00+03:00,15:00,196.01,4.28,3.67
2026-06-04T16:00:00+03:00,16:00,261.01,5.69,4.89
2026-06-04T17:00:00+03:00,17:00,1000.0,21.81,18.73
2026-06-04T18:00:00+03:00,18:00,2249.99,49.08,42.14
2026-06-04T19:00:00+03:00,19:00,3609.99,78.75,67.62
2026-06-04T20:00:00+03:00,20:00,4294.77,93.69,80.44
2026-06-04T21:00:00+03:00,21:00,4244.76,92.6,79.51
2026-06-04T22:00:00+03:00,22:00,3599.99,78.53,67.43
2026-06-04T23:00:00+03:00,23:00,1475.99,32.2,27.65
2026-06-05T00:00:00+03:00,00:00,3200.0,69.76,60.06
2026-06-05T01:00:00+03:00,01:00,1899.99,41.42,35.66
2026-06-05T02:00:00+03:00,02:00,994.82,21.69,18.67
2026-06-05T03:00:00+03:00,03:00,1000.0,21.8,18.77
2026-06-05T04:00:00+03:00,04:00,1900.0,41.42,35.66
2026-06-05T05:00:00+03:00,05:00,1295.01,28.23,24.31
2026-06-05T06:00:00+03:00,06:00,899.99,19.62,16.89
2026-06-05T07:00:00+03:00,07:00,599.0,13.06,11.24
2026-06-05T08:00:00+03:00,08:00,745.01,16.24,13.98
2026-06-05T09:00:00+03:00,09:00,598.99,13.06,11.24
2026-06-05T10:00:00+03:00,10:00,300.01,6.54,5.63
2026-06-05T11:00:00+03:00,11:00,320.01,6.98,6.01
2026-06-05T12:00:00+03:00,12:00,200.01,4.36,3.75
2026-06-05T13:00:00+03:00,13:00,249.01,5.43,4.67
2026-06-05T14:00:00+03:00,14:00,598.99,13.06,11.24
2026-06-05T15:00:00+03:00,15:00,656.0,14.3,12.31
2026-06-05T16:00:00+03:00,16:00,1400.01,30.52,26.28
2026-06-05T17:00:00+03:00,17:00,3190.01,69.55,59.88
2026-06-05T18:00:00+03:00,18:00,2765.43,60.29,51.91
2026-06-05T19:00:00+03:00,19:00,3845.39,83.83,72.18
2026-06-05T20:00:00+03:00,20:00,4222.06,92.04,79.25
2026-06-05T21:00:00+03:00,21:00,3995.0,87.09,74.99
2026-06-05T22:00:00+03:00,22:00,2799.0,61.02,52.54
2026-06-05T23:00:00+03:00,23:00,2224.1,48.49,41.75
2026-06-06T00:00:00+03:00,00:00,4052.58,88.32,76.0
2026-06-06T01:00:00+03:00,01:00,2600.01,56.66,48.76
2026-06-06T02:00:00+03:00,02:00,799.75,17.43,15.0
2026-06-06T03:00:00+03:00,03:00,1841.49,40.13,34.53
2026-06-06T04:00:00+03:00,04:00,2224.1,48.47,41.71
2026-06-06T05:00:00+03:00,05:00,1300.02,28.33,24.38
2026-06-06T06:00:00+03:00,06:00,312.4,6.81,5.86
2026-06-06T07:00:00+03:00,07:00,200.0,4.36,3.75
2026-06-06T08:00:00+03:00,08:00,199.29,4.34,3.74
2026-06-06T09:00:00+03:00,09:00,176.04,3.84,3.3
2026-06-06T10:00:00+03:00,10:00,171.0,3.73,3.21
2026-06-06T11:00:00+03:00,11:00,171.0,3.73,3.21
2026-06-06T12:00:00+03:00,12:00,97.01,2.11,1.82
2026-06-06T13:00:00+03:00,13:00,171.0,3.73,3.21
2026-06-06T14:00:00+03:00,14:00,172.99,3.77,3.24
2026-06-06T15:00:00+03:00,15:00,189.99,4.14,3.56
2026-06-06T16:00:00+03:00,16:00,205.0,4.47,3.84
2026-06-06T17:00:00+03:00,17:00,599.0,13.05,11.23
2026-06-06T18:00:00+03:00,18:00,999.98,21.79,18.75
2026-06-06T19:00:00+03:00,19:00,2429.99,52.96,45.57
2026-06-06T20:00:00+03:00,20:00,3845.4,83.8,72.11
2026-06-06T21:00:00+03:00,21:00,3699.99,80.63,69.38
2026-06-06T22:00:00+03:00,22:00,1799.99,39.23,33.75
2026-06-06T23:00:00+03:00,23:00,1400.01,30.51,26.25
2026-06-07T00:00:00+03:00,00:00,999.98,21.78,18.72
2026-06-07T01:00:00+03:00,01:00,365.09,7.95,6.83
2026-06-07T02:00:00+03:00,02:00,300.0,6.53,5.62
2026-06-07T03:00:00+03:00,03:00,303.99,6.62,5.69
2026-06-07T04:00:00+03:00,04:00,329.99,7.19,6.18
2026-06-07T05:00:00+03:00,05:00,299.99,6.53,5.62
2026-06-07T06:00:00+03:00,06:00,172.99,3.77,3.24
2026-06-07T07:00:00+03:00,07:00,0.0,0.0,0.0
2026-06-07T08:00:00+03:00,08:00,0.0,0.0,0.0
2026-06-07T09:00:00+03:00,09:00,0.0,0.0,0.0
2026-06-07T10:00:00+03:00,10:00,0.0,0.0,0.0
2026-06-07T11:00:00+03:00,11:00,0.0,0.0,0.0
2026-06-07T12:00:00+03:00,12:00,0.0,0.0,0.0
2026-06-07T13:00:00+03:00,13:00,0.0,0.0,0.0
2026-06-07T14:00:00+03:00,14:00,0.0,0.0,0.0
2026-06-07T15:00:00+03:00,15:00,0.0,0.0,0.0
2026-06-07T16:00:00+03:00,16:00,0.0,0.0,0.0
2026-06-07T17:00:00+03:00,17:00,171.0,3.72,3.2
2026-06-07T18:00:00+03:00,18:00,207.01,4.51,3.88
2026-06-07T19:00:00+03:00,19:00,699.99,15.25,13.1
2026-06-07T20:00:00+03:00,20:00,2700.0,58.81,50.55
2026-06-07T21:00:00+03:00,21:00,1649.99,35.94,30.89
2026-06-07T22:00:00+03:00,22:00,800.0,17.43,14.98
2026-06-07T23:00:00+03:00,23:00,315.01,6.86,5.9
2026-06-08T00:00:00+03:00,00:00,600.0,13.07,11.23
2026-06-08T01:00:00+03:00,01:00,315.01,6.86,5.9
2026-06-08T02:00:00+03:00,02:00,299.99,6.53,5.62
2026-06-08T03:00:00+03:00,03:00,250.0,5.45,4.68
2026-06-08T04:00:00+03:00,04:00,250.0,5.45,4.68
2026-06-08T05:00:00+03:00,05:00,200.0,4.36,3.74
2026-06-08T06:00:00+03:00,06:00,171.0,3.72,3.2
2026-06-08T07:00:00+03:00,07:00,170.0,3.7,3.18
2026-06-08T08:00:00+03:00,08:00,198.85,4.33,3.72
2026-06-08T09:00:00+03:00,09:00,180.01,3.92,3.37
2026-06-08T10:00:00+03:00,10:00,171.01,3.73,3.2
2026-06-08T11:00:00+03:00,11:00,171.0,3.72,3.2
2026-06-08T12:00:00+03:00,12:00,120.01,2.61,2.25
2026-06-08T13:00:00+03:00,13:00,171.0,3.72,3.2
2026-06-08T14:00:00+03:00,14:00,196.01,4.27,3.67
2026-06-08T15:00:00+03:00,15:00,200.01,4.36,3.74
2026-06-08T16:00:00+03:00,16:00,303.99,6.62,5.69
2026-06-08T17:00:00+03:00,17:00,600.0,13.07,11.23
2026-06-08T18:00:00+03:00,18:00,999.97,21.78,18.72
2026-06-08T19:00:00+03:00,19:00,2037.0,44.37,38.13
2026-06-08T20:00:00+03:00,20:00,3845.39,83.76,71.99
2026-06-08T21:00:00+03:00,21:00,3600.0,78.42,67.4
2026-06-08T22:00:00+03:00,22:00,1799.99,39.21,33.7
2026-06-08T23:00:00+03:00,23:00,1500.0,32.67,28.08
2026-06-09T00:00:00+03:00,00:00,2249.99,49.01,42.12
2026-06-09T01:00:00+03:00,01:00,1080.0,23.53,20.22
2026-06-09T02:00:00+03:00,02:00,999.97,21.78,18.72
2026-06-09T03:00:00+03:00,03:00,999.97,21.78,18.72
2026-06-09T04:00:00+03:00,04:00,999.16,21.76,18.71
2026-06-09T05:00:00+03:00,05:00,599.0,13.05,11.21
2026-06-09T06:00:00+03:00,06:00,252.0,5.49,4.72
2026-06-09T07:00:00+03:00,07:00,200.0,4.36,3.74
2026-06-09T08:00:00+03:00,08:00,299.99,6.53,5.62
2026-06-09T09:00:00+03:00,09:00,240.01,5.23,4.49
2026-06-09T10:00:00+03:00,10:00,199.99,4.36,3.74
2026-06-09T11:00:00+03:00,11:00,199.0,4.33,3.73
2026-06-09T12:00:00+03:00,12:00,171.01,3.73,3.2
2026-06-09T13:00:00+03:00,13:00,199.01,4.33,3.73
2026-06-09T14:00:00+03:00,14:00,249.99,5.45,4.68
2026-06-09T15:00:00+03:00,15:00,349.68,7.62,6.55
2026-06-09T16:00:00+03:00,16:00,799.99,17.43,14.98
2026-06-09T17:00:00+03:00,17:00,2699.99,58.81,50.55
2026-06-09T18:00:00+03:00,18:00,2570.0,55.98,48.11
2026-06-09T19:00:00+03:00,19:00,3600.0,78.42,67.4
2026-06-09T20:00:00+03:00,20:00,4176.0,90.96,78.18
2026-06-09T21:00:00+03:00,21:00,4100.01,89.31,76.76
2026-06-09T22:00:00+03:00,22:00,3595.0,78.31,67.3
2026-06-09T23:00:00+03:00,23:00,2224.1,48.45,41.64
2026-06-10T00:00:00+03:00,00:00,3500.0,76.06,66.03
2026-06-10T01:00:00+03:00,01:00,1899.99,41.29,35.85
2026-06-10T02:00:00+03:00,02:00,999.99,21.73,18.87
2026-06-10T03:00:00+03:00,03:00,1175.0,25.54,22.17
2026-06-10T04:00:00+03:00,04:00,1699.99,36.94,32.07
2026-06-10T05:00:00+03:00,05:00,1200.01,26.08,22.64
2026-06-10T06:00:00+03:00,06:00,599.0,13.02,11.3
2026-06-10T07:00:00+03:00,07:00,343.0,7.45,6.47
2026-06-10T08:00:00+03:00,08:00,999.98,21.73,18.87
2026-06-10T09:00:00+03:00,09:00,992.17,21.56,18.72
2026-06-10T10:00:00+03:00,10:00,402.0,8.74,7.58
2026-06-10T11:00:00+03:00,11:00,365.09,7.93,6.89
2026-06-10T12:00:00+03:00,12:00,240.01,5.22,4.53
2026-06-10T13:00:00+03:00,13:00,355.01,7.72,6.7
2026-06-10T14:00:00+03:00,14:00,1200.01,26.08,22.64
2026-06-10T15:00:00+03:00,15:00,2277.45,49.49,42.97
2026-06-10T16:00:00+03:00,16:00,2538.0,55.16,47.88
2026-06-10T17:00:00+03:00,17:00,3889.99,84.54,73.39
2026-06-10T18:00:00+03:00,18:00,3600.0,78.24,67.92
2026-06-10T19:00:00+03:00,19:00,3600.0,78.24,67.92
2026-06-10T20:00:00+03:00,20:00,4100.01,89.1,77.35
2026-06-10T21:00:00+03:00,21:00,4100.0,89.1,77.35
2026-06-10T22:00:00+03:00,22:00,3249.99,70.63,61.32
2026-06-10T23:00:00+03:00,23:00,3107.67,67.54,58.63
2026-06-11T00:00:00+03:00,00:00,2499.99,54.31,47.0
2026-06-11T01:00:00+03:00,01:00,1500.0,32.59,28.2
2026-06-11T02:00:00+03:00,02:00,1000.01,21.72,18.8
2026-06-11T03:00:00+03:00,03:00,2200.0,47.79,41.36
2026-06-11T04:00:00+03:00,04:00,2200.0,47.79,41.36
2026-06-11T05:00:00+03:00,05:00,999.98,21.72,18.8
2026-06-11T06:00:00+03:00,06:00,598.99,13.01,11.26
2026-06-11T07:00:00+03:00,07:00,300.0,6.52,5.64
2026-06-11T08:00:00+03:00,08:00,800.0,17.38,15.04
2026-06-11T09:00:00+03:00,09:00,598.99,13.01,11.26
2026-06-11T10:00:00+03:00,10:00,310.99,6.76,5.85
2026-06-11T11:00:00+03:00,11:00,300.01,6.52,5.64
2026-06-11T12:00:00+03:00,12:00,200.0,4.34,3.76
2026-06-11T13:00:00+03:00,13:00,300.01,6.52,5.64
2026-06-11T14:00:00+03:00,14:00,599.0,13.01,11.26
2026-06-11T15:00:00+03:00,15:00,649.0,14.1,12.2
2026-06-11T16:00:00+03:00,16:00,1500.0,32.59,28.2
2026-06-11T17:00:00+03:00,17:00,2785.7,60.52,52.37
2026-06-11T18:00:00+03:00,18:00,3050.0,66.26,57.34
2026-06-11T19:00:00+03:00,19:00,3974.4,86.34,74.72
2026-06-11T20:00:00+03:00,20:00,4100.01,89.07,77.08
2026-06-11T21:00:00+03:00,21:00,4104.93,89.17,77.17
2026-06-11T22:00:00+03:00,22:00,3500.0,76.03,65.8
2026-06-11T23:00:00+03:00,23:00,3520.0,76.47,66.17
2026-06-12T00:00:00+03:00,00:00,2499.99,54.29,47.0
2026-06-12T01:00:00+03:00,01:00,1999.98,43.43,37.6
2026-06-12T02:00:00+03:00,02:00,1899.99,41.26,35.72
2026-06-12T03:00:00+03:00,03:00,2249.99,48.86,42.3
2026-06-12T04:00:00+03:00,04:00,2224.09,48.3,41.82
2026-06-12T05:00:00+03:00,05:00,1600.0,34.75,30.08
2026-06-12T06:00:00+03:00,06:00,1200.01,26.06,22.56
2026-06-12T07:00:00+03:00,07:00,355.0,7.71,6.67
2026-06-12T08:00:00+03:00,08:00,999.98,21.72,18.8
2026-06-12T09:00:00+03:00,09:00,598.99,13.01,11.26
2026-06-12T10:00:00+03:00,10:00,303.0,6.58,5.7
2026-06-12T11:00:00+03:00,11:00,303.0,6.58,5.7
2026-06-12T12:00:00+03:00,12:00,199.0,4.32,3.74
2026-06-12T13:00:00+03:00,13:00,200.0,4.34,3.76
2026-06-12T14:00:00+03:00,14:00,599.0,13.01,11.26
2026-06-12T15:00:00+03:00,15:00,500.0,10.86,9.4
2026-06-12T16:00:00+03:00,16:00,999.99,21.72,18.8
2026-06-12T17:00:00+03:00,17:00,1650.0,35.83,31.02
2026-06-12T18:00:00+03:00,18:00,1000.0,21.72,18.8
2026-06-12T19:00:00+03:00,19:00,3594.99,78.07,67.59
2026-06-12T20:00:00+03:00,20:00,3974.4,86.31,74.72
2026-06-12T21:00:00+03:00,21:00,3875.99,84.17,72.87
2026-06-12T22:00:00+03:00,22:00,1949.98,42.35,36.66
2026-06-12T23:00:00+03:00,23:00,700.0,15.2,13.16
2026-06-13T00:00:00+03:00,00:00,1949.98,42.33,36.69
2026-06-13T01:00:00+03:00,01:00,1500.0,32.56,28.22
2026-06-13T02:00:00+03:00,02:00,999.98,21.71,18.81
2026-06-13T03:00:00+03:00,03:00,999.97,21.71,18.81
2026-06-13T04:00:00+03:00,04:00,800.0,17.37,15.05
2026-06-13T05:00:00+03:00,05:00,500.01,10.85,9.41
2026-06-13T06:00:00+03:00,06:00,249.0,5.41,4.68
2026-06-13T07:00:00+03:00,07:00,172.99,3.76,3.25
2026-06-13T08:00:00+03:00,08:00,175.0,3.8,3.29
2026-06-13T09:00:00+03:00,09:00,174.99,3.8,3.29
2026-06-13T10:00:00+03:00,10:00,172.0,3.73,3.24
2026-06-13T11:00:00+03:00,11:00,172.99,3.76,3.25
2026-06-13T12:00:00+03:00,12:00,170.99,3.71,3.22
2026-06-13T13:00:00+03:00,13:00,173.0,3.76,3.26
2026-06-13T14:00:00+03:00,14:00,200.0,4.34,3.76
2026-06-13T15:00:00+03:00,15:00,240.01,5.21,4.52
2026-06-13T16:00:00+03:00,16:00,252.01,5.47,4.74
2026-06-13T17:00:00+03:00,17:00,300.0,6.51,5.64
2026-06-13T18:00:00+03:00,18:00,310.01,6.73,5.83
2026-06-13T19:00:00+03:00,19:00,999.98,21.71,18.81
2026-06-13T20:00:00+03:00,20:00,2000.01,43.42,37.63
2026-06-13T21:00:00+03:00,21:00,2000.01,43.42,37.63
2026-06-13T22:00:00+03:00,22:00,1300.01,28.22,24.46
2026-06-13T23:00:00+03:00,23:00,736.36,15.98,13.85
2026-06-14T00:00:00+03:00,00:00,999.97,21.7,18.75
2026-06-14T01:00:00+03:00,01:00,699.99,15.19,13.12
2026-06-14T02:00:00+03:00,02:00,500.01,10.85,9.37
2026-06-14T03:00:00+03:00,03:00,366.07,7.94,6.86
2026-06-14T04:00:00+03:00,04:00,320.0,6.94,6.0
2026-06-14T05:00:00+03:00,05:00,300.0,6.51,5.62
2026-06-14T06:00:00+03:00,06:00,175.0,3.8,3.28
2026-06-14T07:00:00+03:00,07:00,50.0,1.08,0.94
2026-06-14T08:00:00+03:00,08:00,0.0,0.0,0.0
2026-06-14T09:00:00+03:00,09:00,0.0,0.0,0.0
2026-06-14T10:00:00+03:00,10:00,0.0,0.0,0.0
2026-06-14T11:00:00+03:00,11:00,0.0,0.0,0.0
2026-06-14T12:00:00+03:00,12:00,0.0,0.0,0.0
2026-06-14T13:00:00+03:00,13:00,0.0,0.0,0.0
2026-06-14T14:00:00+03:00,14:00,0.0,0.0,0.0
2026-06-14T15:00:00+03:00,15:00,0.0,0.0,0.0
2026-06-14T16:00:00+03:00,16:00,170.0,3.69,3.19
2026-06-14T17:00:00+03:00,17:00,200.0,4.34,3.75
2026-06-14T18:00:00+03:00,18:00,331.51,7.19,6.21
2026-06-14T19:00:00+03:00,19:00,1100.01,23.87,20.62
2026-06-14T20:00:00+03:00,20:00,2500.0,54.25,46.87
2026-06-14T21:00:00+03:00,21:00,2000.01,43.4,37.49
2026-06-14T22:00:00+03:00,22:00,1899.99,41.23,35.62
2026-06-14T23:00:00+03:00,23:00,1200.01,26.04,22.5
2026-06-15T00:00:00+03:00,00:00,700.0,15.19,13.12
2026-06-15T01:00:00+03:00,01:00,320.0,6.94,6.0
2026-06-15T02:00:00+03:00,02:00,302.99,6.57,5.68
2026-06-15T03:00:00+03:00,03:00,999.97,21.7,18.75
2026-06-15T04:00:00+03:00,04:00,999.98,21.7,18.75
2026-06-15T05:00:00+03:00,05:00,1000.01,21.7,18.75
2026-06-15T06:00:00+03:00,06:00,355.01,7.7,6.66
2026-06-15T07:00:00+03:00,07:00,207.01,4.49,3.88
2026-06-15T08:00:00+03:00,08:00,399.0,8.66,7.48
2026-06-15T09:00:00+03:00,09:00,365.1,7.92,6.84
2026-06-15T10:00:00+03:00,10:00,300.01,6.51,5.62
2026-06-15T11:00:00+03:00,11:00,329.99,7.16,6.19
2026-06-15T12:00:00+03:00,12:00,207.01,4.49,3.88
2026-06-15T13:00:00+03:00,13:00,303.0,6.57,5.68
2026-06-15T14:00:00+03:00,14:00,500.01,10.85,9.37
2026-06-15T15:00:00+03:00,15:00,999.0,21.68,18.73
2026-06-15T16:00:00+03:00,16:00,999.98,21.7,18.75
2026-06-15T17:00:00+03:00,17:00,2000.01,43.4,37.49
2026-06-15T18:00:00+03:00,18:00,2511.94,54.51,47.09
2026-06-15T19:00:00+03:00,19:00,4000.0,86.79,74.99
2026-06-15T20:00:00+03:00,20:00,4200.0,91.13,78.74
2026-06-15T21:00:00+03:00,21:00,4100.01,88.96,76.86
2026-06-15T22:00:00+03:00,22:00,3795.0,82.35,71.14
2026-06-15T23:00:00+03:00,23:00,3000.0,65.1,56.24
2026-06-16T00:00:00+03:00,00:00,2961.04,64.25,55.51
2026-06-16T01:00:00+03:00,01:00,1500.01,32.55,28.12
2026-06-16T02:00:00+03:00,02:00,999.97,21.7,18.75
2026-06-16T03:00:00+03:00,03:00,1500.0,32.55,28.12
2026-06-16T04:00:00+03:00,04:00,1900.0,41.23,35.62
2026-06-16T05:00:00+03:00,05:00,1500.0,32.55,28.12
2026-06-16T06:00:00+03:00,06:00,800.0,17.36,15.0
2026-06-16T07:00:00+03:00,07:00,250.0,5.42,4.69
2026-06-16T08:00:00+03:00,08:00,325.01,7.05,6.09
2026-06-16T09:00:00+03:00,09:00,277.01,6.01,5.19
2026-06-16T10:00:00+03:00,10:00,200.0,4.34,3.75
2026-06-16T11:00:00+03:00,11:00,200.0,4.34,3.75
2026-06-16T12:00:00+03:00,12:00,170.0,3.69,3.19
2026-06-16T13:00:00+03:00,13:00,190.0,4.12,3.56
2026-06-16T14:00:00+03:00,14:00,200.0,4.34,3.75
2026-06-16T15:00:00+03:00,15:00,216.01,4.69,4.05
2026-06-16T16:00:00+03:00,16:00,325.0,7.05,6.09
2026-06-16T17:00:00+03:00,17:00,1000.0,21.7,18.75
2026-06-16T18:00:00+03:00,18:00,1999.98,43.4,37.49
2026-06-16T19:00:00+03:00,19:00,3974.39,86.24,74.51
2026-06-16T20:00:00+03:00,20:00,4100.01,88.96,76.86
2026-06-16T21:00:00+03:00,21:00,4100.0,88.96,76.86
2026-06-16T22:00:00+03:00,22:00,3390.0,73.56,63.55
2026-06-16T23:00:00+03:00,23:00,1850.0,40.14,34.68
2026-06-17T00:00:00+03:00,00:00,2099.99,45.46,39.17
2026-06-17T01:00:00+03:00,01:00,1189.0,25.74,22.18
2026-06-17T02:00:00+03:00,02:00,875.99,18.96,16.34
2026-06-17T03:00:00+03:00,03:00,900.0,19.48,16.79
2026-06-17T04:00:00+03:00,04:00,799.99,17.32,14.92
2026-06-17T05:00:00+03:00,05:00,589.0,12.75,10.99
2026-06-17T06:00:00+03:00,06:00,304.0,6.58,5.67
2026-06-17T07:00:00+03:00,07:00,174.99,3.79,3.26
2026-06-17T08:00:00+03:00,08:00,298.99,6.47,5.58
2026-06-17T09:00:00+03:00,09:00,248.01,5.37,4.63
2026-06-17T10:00:00+03:00,10:00,199.0,4.31,3.71
2026-06-17T11:00:00+03:00,11:00,196.01,4.24,3.66
2026-06-17T12:00:00+03:00,12:00,169.99,3.68,3.17
2026-06-17T13:00:00+03:00,13:00,175.0,3.79,3.26
2026-06-17T14:00:00+03:00,14:00,211.0,4.57,3.94
2026-06-17T15:00:00+03:00,15:00,250.0,5.41,4.66
2026-06-17T16:00:00+03:00,16:00,303.01,6.56,5.65
2026-06-17T17:00:00+03:00,17:00,999.98,21.65,18.65
2026-06-17T18:00:00+03:00,18:00,1197.41,25.92,22.33
2026-06-17T19:00:00+03:00,19:00,3271.26,70.82,61.01
2026-06-17T20:00:00+03:00,20:00,3974.4,86.04,74.13
2026-06-17T21:00:00+03:00,21:00,3974.4,86.04,74.13
2026-06-17T22:00:00+03:00,22:00,2500.01,54.12,46.63
2026-06-17T23:00:00+03:00,23:00,1400.0,30.31,26.11
2026-06-18T00:00:00+03:00,00:00,2600.01,56.26,48.5
2026-06-18T01:00:00+03:00,01:00,1499.97,32.46,27.98
2026-06-18T02:00:00+03:00,02:00,999.97,21.64,18.65
2026-06-18T03:00:00+03:00,03:00,988.88,21.4,18.45
2026-06-18T04:00:00+03:00,04:00,513.63,11.11,9.58
2026-06-18T05:00:00+03:00,05:00,303.99,6.58,5.67
2026-06-18T06:00:00+03:00,06:00,250.01,5.41,4.66
2026-06-18T07:00:00+03:00,07:00,175.0,3.79,3.26
2026-06-18T08:00:00+03:00,08:00,249.99,5.41,4.66
2026-06-18T09:00:00+03:00,09:00,199.99,4.33,3.73
2026-06-18T10:00:00+03:00,10:00,174.99,3.79,3.26
2026-06-18T11:00:00+03:00,11:00,174.99,3.79,3.26
2026-06-18T12:00:00+03:00,12:00,170.0,3.68,3.17
2026-06-18T13:00:00+03:00,13:00,171.01,3.7,3.19
2026-06-18T14:00:00+03:00,14:00,200.0,4.33,3.73
2026-06-18T15:00:00+03:00,15:00,240.01,5.19,4.48
2026-06-18T16:00:00+03:00,16:00,300.01,6.49,5.6
2026-06-18T17:00:00+03:00,17:00,800.0,17.31,14.92
2026-06-18T18:00:00+03:00,18:00,999.98,21.64,18.65
2026-06-18T19:00:00+03:00,19:00,1484.99,32.13,27.7
2026-06-18T20:00:00+03:00,20:00,2060.2,44.58,38.43
2026-06-18T21:00:00+03:00,21:00,2124.99,45.98,39.64
2026-06-18T22:00:00+03:00,22:00,1066.63,23.08,19.9
2026-06-18T23:00:00+03:00,23:00,596.74,12.91,11.13
2026-06-19T00:00:00+03:00,00:00,899.99,19.47,16.78
2026-06-19T01:00:00+03:00,01:00,355.0,7.68,6.62
2026-06-19T02:00:00+03:00,02:00,303.99,6.58,5.67
2026-06-19T03:00:00+03:00,03:00,310.01,6.71,5.78
2026-06-19T04:00:00+03:00,04:00,300.01,6.49,5.59
2026-06-19T05:00:00+03:00,05:00,259.93,5.62,4.85
2026-06-19T06:00:00+03:00,06:00,190.0,4.11,3.54
2026-06-19T07:00:00+03:00,07:00,171.01,3.7,3.19
2026-06-19T08:00:00+03:00,08:00,228.99,4.95,4.27
2026-06-19T09:00:00+03:00,09:00,216.0,4.67,4.03
2026-06-19T10:00:00+03:00,10:00,190.0,4.11,3.54
2026-06-19T11:00:00+03:00,11:00,180.0,3.89,3.36
2026-06-19T12:00:00+03:00,12:00,170.01,3.68,3.17
2026-06-19T13:00:00+03:00,13:00,171.0,3.7,3.19
2026-06-19T14:00:00+03:00,14:00,248.0,5.36,4.62
2026-06-19T15:00:00+03:00,15:00,279.67,6.05,5.21
2026-06-19T16:00:00+03:00,16:00,304.0,6.58,5.67
2026-06-19T17:00:00+03:00,17:00,500.0,10.82,9.32
2026-06-19T18:00:00+03:00,18:00,1010.0,21.85,18.83
2026-06-19T19:00:00+03:00,19:00,1499.97,32.45,27.97
2026-06-19T20:00:00+03:00,20:00,2488.89,53.84,46.4
2026-06-19T21:00:00+03:00,21:00,2488.88,53.84,46.4
2026-06-19T22:00:00+03:00,22:00,1400.0,30.28,26.1
2026-06-19T23:00:00+03:00,23:00,1000.0,21.63,18.64
2026-06-20T00:00:00+03:00,00:00,1772.24,38.32,33.37
2026-06-20T01:00:00+03:00,01:00,910.0,19.68,17.13
2026-06-20T02:00:00+03:00,02:00,355.01,7.68,6.68
2026-06-20T03:00:00+03:00,03:00,310.0,6.7,5.84
2026-06-20T04:00:00+03:00,04:00,331.51,7.17,6.24
2026-06-20T05:00:00+03:00,05:00,310.01,6.7,5.84
2026-06-20T06:00:00+03:00,06:00,240.01,5.19,4.52
2026-06-20T07:00:00+03:00,07:00,174.99,3.78,3.29
2026-06-20T08:00:00+03:00,08:00,174.99,3.78,3.29
2026-06-20T09:00:00+03:00,09:00,171.0,3.7,3.22
2026-06-20T10:00:00+03:00,10:00,170.0,3.68,3.2
2026-06-20T11:00:00+03:00,11:00,170.0,3.68,3.2
2026-06-20T12:00:00+03:00,12:00,101.06,2.19,1.9
2026-06-20T13:00:00+03:00,13:00,169.99,3.68,3.2
2026-06-20T14:00:00+03:00,14:00,171.0,3.7,3.22
2026-06-20T15:00:00+03:00,15:00,171.0,3.7,3.22
2026-06-20T16:00:00+03:00,16:00,171.01,3.7,3.22
2026-06-20T17:00:00+03:00,17:00,200.0,4.32,3.77
2026-06-20T18:00:00+03:00,18:00,507.0,10.96,9.55
2026-06-20T19:00:00+03:00,19:00,1450.0,31.35,27.3
2026-06-20T20:00:00+03:00,20:00,1999.01,43.23,37.64
2026-06-20T21:00:00+03:00,21:00,1949.99,42.17,36.71
2026-06-20T22:00:00+03:00,22:00,1080.01,23.35,20.33
2026-06-20T23:00:00+03:00,23:00,702.0,15.18,13.22
2026-06-21T00:00:00+03:00,00:00,999.99,21.61,18.86
2026-06-21T01:00:00+03:00,01:00,945.0,20.42,17.83
2026-06-21T02:00:00+03:00,02:00,700.0,15.13,13.21
2026-06-21T03:00:00+03:00,03:00,730.01,15.78,13.77
2026-06-21T04:00:00+03:00,04:00,355.68,7.69,6.71
2026-06-21T05:00:00+03:00,05:00,237.0,5.12,4.47
2026-06-21T06:00:00+03:00,06:00,171.01,3.7,3.23
2026-06-21T07:00:00+03:00,07:00,0.0,0.0,0.0
2026-06-21T08:00:00+03:00,08:00,0.0,0.0,0.0
2026-06-21T09:00:00+03:00,09:00,0.0,0.0,0.0
2026-06-21T10:00:00+03:00,10:00,0.0,0.0,0.0
2026-06-21T11:00:00+03:00,11:00,0.0,0.0,0.0
2026-06-21T12:00:00+03:00,12:00,0.0,0.0,0.0
2026-06-21T13:00:00+03:00,13:00,0.0,0.0,0.0
2026-06-21T14:00:00+03:00,14:00,0.0,0.0,0.0
2026-06-21T15:00:00+03:00,15:00,0.0,0.0,0.0
2026-06-21T16:00:00+03:00,16:00,0.0,0.0,0.0
2026-06-21T17:00:00+03:00,17:00,171.0,3.7,3.23
2026-06-21T18:00:00+03:00,18:00,304.0,6.57,5.73
2026-06-21T19:00:00+03:00,19:00,1275.0,27.55,24.05
2026-06-21T20:00:00+03:00,20:00,1391.49,30.07,26.25
2026-06-21T21:00:00+03:00,21:00,999.98,21.61,18.86
2026-06-21T22:00:00+03:00,22:00,488.89,10.57,9.22
2026-06-21T23:00:00+03:00,23:00,302.99,6.55,5.72
2026-06-22T00:00:00+03:00,00:00,800.01,17.29,15.09
2026-06-22T01:00:00+03:00,01:00,500.0,10.81,9.43
2026-06-22T02:00:00+03:00,02:00,349.99,7.56,6.6
2026-06-22T03:00:00+03:00,03:00,303.99,6.57,5.73
2026-06-22T04:00:00+03:00,04:00,300.01,6.48,5.66
2026-06-22T05:00:00+03:00,05:00,222.99,4.82,4.21
2026-06-22T06:00:00+03:00,06:00,180.0,3.89,3.4
2026-06-22T07:00:00+03:00,07:00,171.0,3.7,3.23
2026-06-22T08:00:00+03:00,08:00,200.0,4.32,3.77
2026-06-22T09:00:00+03:00,09:00,199.0,4.3,3.75
2026-06-22T10:00:00+03:00,10:00,175.0,3.78,3.3
2026-06-22T11:00:00+03:00,11:00,174.99,3.78,3.3
2026-06-22T12:00:00+03:00,12:00,169.99,3.67,3.21
2026-06-22T13:00:00+03:00,13:00,170.01,3.67,3.21
2026-06-22T14:00:00+03:00,14:00,180.01,3.89,3.4
2026-06-22T15:00:00+03:00,15:00,220.01,4.75,4.15
2026-06-22T16:00:00+03:00,16:00,448.0,9.68,8.45
2026-06-22T17:00:00+03:00,17:00,1400.01,30.26,26.41
2026-06-22T18:00:00+03:00,18:00,1500.0,32.42,28.3
2026-06-22T19:00:00+03:00,19:00,2305.0,49.81,43.48
2026-06-22T20:00:00+03:00,20:00,3974.39,85.89,74.97
2026-06-22T21:00:00+03:00,21:00,3974.39,85.89,74.97
2026-06-22T22:00:00+03:00,22:00,1996.0,43.14,37.65
2026-06-22T23:00:00+03:00,23:00,1899.99,41.06,35.84
2026-06-23T00:00:00+03:00,00:00,1600.0,34.58,30.18
2026-06-23T01:00:00+03:00,01:00,1400.01,30.26,26.41
2026-06-23T02:00:00+03:00,02:00,1250.0,27.01,23.58
2026-06-23T03:00:00+03:00,03:00,1499.99,32.42,28.3
2026-06-23T04:00:00+03:00,04:00,1799.99,38.9,33.96
2026-06-23T05:00:00+03:00,05:00,1499.97,32.42,28.3
2026-06-23T06:00:00+03:00,06:00,700.0,15.13,13.21
2026-06-23T07:00:00+03:00,07:00,325.0,7.02,6.13
2026-06-23T08:00:00+03:00,08:00,1000.01,21.61,18.86
2026-06-23T09:00:00+03:00,09:00,899.99,19.45,16.98
2026-06-23T10:00:00+03:00,10:00,310.0,6.7,5.85
2026-06-23T11:00:00+03:00,11:00,250.01,5.4,4.72
2026-06-23T12:00:00+03:00,12:00,190.0,4.11,3.58
2026-06-23T13:00:00+03:00,13:00,248.0,5.36,4.68
2026-06-23T14:00:00+03:00,14:00,365.1,7.89,6.89
2026-06-23T15:00:00+03:00,15:00,702.0,15.17,13.24
2026-06-23T16:00:00+03:00,16:00,999.98,21.61,18.86
2026-06-23T17:00:00+03:00,17:00,2900.01,62.67,54.71
2026-06-23T18:00:00+03:00,18:00,1420.01,30.69,26.79
2026-06-23T19:00:00+03:00,19:00,3805.0,82.23,71.78
2026-06-23T20:00:00+03:00,20:00,4244.99,91.74,80.08
2026-06-23T21:00:00+03:00,21:00,4200.0,90.77,79.23
2026-06-23T22:00:00+03:00,22:00,3400.0,73.48,64.14
2026-06-23T23:00:00+03:00,23:00,2538.0,54.85,47.88
2026-06-24T00:00:00+03:00,00:00,2700.0,58.22,50.83
2026-06-24T01:00:00+03:00,01:00,1958.32,42.23,36.87
2026-06-24T02:00:00+03:00,02:00,1507.01,32.5,28.37
2026-06-24T03:00:00+03:00,03:00,2099.99,45.28,39.54
2026-06-24T04:00:00+03:00,04:00,2500.01,53.91,47.07
2026-06-24T05:00:00+03:00,05:00,1500.0,32.34,28.24
2026-06-24T06:00:00+03:00,06:00,1499.97,32.34,28.24
2026-06-24T07:00:00+03:00,07:00,550.01,11.86,10.36
2026-06-24T08:00:00+03:00,08:00,2451.0,52.85,46.14
2026-06-24T09:00:00+03:00,09:00,1499.97,32.34,28.24
2026-06-24T10:00:00+03:00,10:00,899.99,19.41,16.94
2026-06-24T11:00:00+03:00,11:00,500.01,10.78,9.41
2026-06-24T12:00:00+03:00,12:00,250.01,5.39,4.71
2026-06-24T13:00:00+03:00,13:00,500.01,10.78,9.41
2026-06-24T14:00:00+03:00,14:00,999.97,21.56,18.83
2026-06-24T15:00:00+03:00,15:00,999.98,21.56,18.83
2026-06-24T16:00:00+03:00,16:00,1175.0,25.34,22.12
2026-06-24T17:00:00+03:00,17:00,3653.79,78.79,68.79
2026-06-24T18:00:00+03:00,18:00,3789.25,81.71,71.34
2026-06-24T19:00:00+03:00,19:00,4050.0,87.33,76.25
2026-06-24T20:00:00+03:00,20:00,4294.77,92.61,80.86
2026-06-24T21:00:00+03:00,21:00,4250.01,91.64,80.01
2026-06-24T22:00:00+03:00,22:00,3250.0,70.08,61.19
2026-06-24T23:00:00+03:00,23:00,3799.98,81.94,71.54
2026-06-25T00:00:00+03:00,00:00,2450.99,52.83,46.32
2026-06-25T01:00:00+03:00,01:00,1850.0,39.88,34.96
2026-06-25T02:00:00+03:00,02:00,1649.99,35.57,31.18
2026-06-25T03:00:00+03:00,03:00,1499.98,32.33,28.34
2026-06-25T04:00:00+03:00,04:00,1499.98,32.33,28.34
2026-06-25T05:00:00+03:00,05:00,2195.2,47.32,41.48
2026-06-25T06:00:00+03:00,06:00,1800.01,38.8,34.01
2026-06-25T07:00:00+03:00,07:00,500.01,10.78,9.45
2026-06-25T08:00:00+03:00,08:00,1849.99,39.88,34.96
2026-06-25T09:00:00+03:00,09:00,1200.0,25.87,22.68
2026-06-25T10:00:00+03:00,10:00,349.98,7.54,6.61
2026-06-25T11:00:00+03:00,11:00,303.99,6.55,5.74
2026-06-25T12:00:00+03:00,12:00,190.0,4.1,3.59
2026-06-25T13:00:00+03:00,13:00,250.0,5.39,4.72
2026-06-25T14:00:00+03:00,14:00,399.67,8.61,7.55
2026-06-25T15:00:00+03:00,15:00,989.98,21.34,18.71
2026-06-25T16:00:00+03:00,16:00,1699.99,36.64,32.12
2026-06-25T17:00:00+03:00,17:00,2000.0,43.11,37.79
2026-06-25T18:00:00+03:00,18:00,2200.01,47.42,41.57
2026-06-25T19:00:00+03:00,19:00,4097.89,88.33,77.44
2026-06-25T20:00:00+03:00,20:00,4250.01,91.61,80.31
2026-06-25T21:00:00+03:00,21:00,4250.0,91.61,80.31
2026-06-25T22:00:00+03:00,22:00,2495.9,53.8,47.16
2026-06-25T23:00:00+03:00,23:00,1899.98,40.95,35.9
2026-06-26T00:00:00+03:00,00:00,2495.9,53.78,47.39
2026-06-26T01:00:00+03:00,01:00,1850.0,39.86,35.13
2026-06-26T02:00:00+03:00,02:00,1669.79,35.98,31.7
2026-06-26T03:00:00+03:00,03:00,1800.0,38.78,34.18
2026-06-26T04:00:00+03:00,04:00,2195.19,47.3,41.68
2026-06-26T05:00:00+03:00,05:00,1499.97,32.32,28.48
2026-06-26T06:00:00+03:00,06:00,910.01,19.61,17.28
2026-06-26T07:00:00+03:00,07:00,310.01,6.68,5.89
2026-06-26T08:00:00+03:00,08:00,1400.01,30.17,26.58
2026-06-26T09:00:00+03:00,09:00,900.0,19.39,17.09
2026-06-26T10:00:00+03:00,10:00,500.0,10.77,9.49
2026-06-26T11:00:00+03:00,11:00,369.56,7.96,7.02
2026-06-26T12:00:00+03:00,12:00,200.0,4.31,3.8
2026-06-26T13:00:00+03:00,13:00,200.01,4.31,3.8
2026-06-26T14:00:00+03:00,14:00,702.01,15.13,13.33
2026-06-26T15:00:00+03:00,15:00,1274.99,27.47,24.21
2026-06-26T16:00:00+03:00,16:00,1499.97,32.32,28.48
2026-06-26T17:00:00+03:00,17:00,1919.98,41.37,36.45
2026-06-26T18:00:00+03:00,18:00,1500.0,32.32,28.48
2026-06-26T19:00:00+03:00,19:00,3904.16,84.12,74.13
2026-06-26T20:00:00+03:00,20:00,4250.0,91.58,80.69
2026-06-26T21:00:00+03:00,21:00,4200.0,90.5,79.74
2026-06-26T22:00:00+03:00,22:00,3449.72,74.33,65.5
2026-06-26T23:00:00+03:00,23:00,2499.99,53.87,47.47
2026-06-27T00:00:00+03:00,00:00,2858.01,61.55,54.21
2026-06-27T01:00:00+03:00,01:00,2195.19,47.28,41.64
2026-06-27T02:00:00+03:00,02:00,1899.98,40.92,36.04
2026-06-27T03:00:00+03:00,03:00,2000.0,43.08,37.94
2026-06-27T04:00:00+03:00,04:00,2195.19,47.28,41.64
2026-06-27T05:00:00+03:00,05:00,1499.97,32.31,28.45
2026-06-27T06:00:00+03:00,06:00,500.0,10.77,9.48
2026-06-27T07:00:00+03:00,07:00,199.01,4.29,3.78
2026-06-27T08:00:00+03:00,08:00,199.0,4.29,3.77
2026-06-27T09:00:00+03:00,09:00,180.0,3.88,3.41
2026-06-27T10:00:00+03:00,10:00,171.01,3.68,3.24
2026-06-27T11:00:00+03:00,11:00,171.0,3.68,3.24
2026-06-27T12:00:00+03:00,12:00,170.0,3.66,3.22
2026-06-27T13:00:00+03:00,13:00,171.0,3.68,3.24
2026-06-27T14:00:00+03:00,14:00,175.0,3.77,3.32
2026-06-27T15:00:00+03:00,15:00,220.01,4.74,4.17
2026-06-27T16:00:00+03:00,16:00,330.0,7.11,6.26
2026-06-27T17:00:00+03:00,17:00,1011.29,21.78,19.18
2026-06-27T18:00:00+03:00,18:00,1523.0,32.8,28.89
2026-06-27T19:00:00+03:00,19:00,2587.01,55.72,49.07
2026-06-27T20:00:00+03:00,20:00,3860.0,83.14,73.22
2026-06-27T21:00:00+03:00,21:00,3600.01,77.54,68.29
2026-06-27T22:00:00+03:00,22:00,1899.99,40.92,36.04
2026-06-27T23:00:00+03:00,23:00,1899.98,40.92,36.04
2026-06-28T00:00:00+03:00,00:00,1500.0,32.29,28.34
2026-06-28T01:00:00+03:00,01:00,1499.98,32.29,28.34
2026-06-28T02:00:00+03:00,02:00,1499.97,32.29,28.34
2026-06-28T03:00:00+03:00,03:00,1429.01,30.77,27.0
2026-06-28T04:00:00+03:00,04:00,1400.0,30.14,26.45
2026-06-28T05:00:00+03:00,05:00,1080.0,23.25,20.4
2026-06-28T06:00:00+03:00,06:00,252.01,5.43,4.76
2026-06-28T07:00:00+03:00,07:00,170.0,3.66,3.21
2026-06-28T08:00:00+03:00,08:00,0.0,0.0,0.0
2026-06-28T09:00:00+03:00,09:00,0.0,0.0,0.0
2026-06-28T10:00:00+03:00,10:00,0.0,0.0,0.0
2026-06-28T11:00:00+03:00,11:00,0.0,0.0,0.0
2026-06-28T12:00:00+03:00,12:00,0.0,0.0,0.0
2026-06-28T13:00:00+03:00,13:00,0.0,0.0,0.0
2026-06-28T14:00:00+03:00,14:00,0.0,0.0,0.0
2026-06-28T15:00:00+03:00,15:00,0.0,0.0,0.0
2026-06-28T16:00:00+03:00,16:00,169.99,3.66,3.21
2026-06-28T17:00:00+03:00,17:00,180.01,3.88,3.4
2026-06-28T18:00:00+03:00,18:00,589.01,12.68,11.13
2026-06-28T19:00:00+03:00,19:00,1649.99,35.52,31.17
2026-06-28T20:00:00+03:00,20:00,1849.99,39.83,34.95
2026-06-28T21:00:00+03:00,21:00,1999.99,43.06,37.79
2026-06-28T22:00:00+03:00,22:00,1500.03,32.29,28.34
2026-06-28T23:00:00+03:00,23:00,1786.01,38.45,33.74
2026-06-29T00:00:00+03:00,00:00,1700.0,36.6,32.12
2026-06-29T01:00:00+03:00,01:00,1490.0,32.08,28.15
2026-06-29T02:00:00+03:00,02:00,1499.98,32.29,28.34
2026-06-29T03:00:00+03:00,03:00,1499.97,32.29,28.34
2026-06-29T04:00:00+03:00,04:00,1499.99,32.29,28.34
2026-06-29T05:00:00+03:00,05:00,1499.98,32.29,28.34
2026-06-29T06:00:00+03:00,06:00,500.01,10.76,9.45
2026-06-29T07:00:00+03:00,07:00,299.99,6.46,5.67
2026-06-29T08:00:00+03:00,08:00,1499.97,32.29,28.34
2026-06-29T09:00:00+03:00,09:00,1499.98,32.29,28.34
2026-06-29T10:00:00+03:00,10:00,1400.0,30.14,26.45
2026-06-29T11:00:00+03:00,11:00,993.11,21.38,18.76
2026-06-29T12:00:00+03:00,12:00,310.0,6.67,5.86
2026-06-29T13:00:00+03:00,13:00,656.01,14.12,12.39
2026-06-29T14:00:00+03:00,14:00,1499.98,32.29,28.34
2026-06-29T15:00:00+03:00,15:00,1499.98,32.29,28.34
2026-06-29T16:00:00+03:00,16:00,1849.02,39.81,34.93
2026-06-29T17:00:00+03:00,17:00,1799.97,38.75,34.01
2026-06-29T18:00:00+03:00,18:00,1799.97,38.75,34.01
2026-06-29T19:00:00+03:00,19:00,3600.0,77.51,68.02
2026-06-29T20:00:00+03:00,20:00,4300.01,92.58,81.24
2026-06-29T21:00:00+03:00,21:00,4300.01,92.58,81.24
2026-06-29T22:00:00+03:00,22:00,3000.0,64.59,56.68
2026-06-29T23:00:00+03:00,23:00,1500.0,32.29,28.34
2026-06-30T00:00:00+03:00,00:00,2445.19,52.64,46.2
2026-06-30T01:00:00+03:00,01:00,1899.99,40.91,35.9
2026-06-30T02:00:00+03:00,02:00,1899.99,40.91,35.9
2026-06-30T03:00:00+03:00,03:00,1899.99,40.91,35.9
2026-06-30T04:00:00+03:00,04:00,1912.0,41.16,36.12
2026-06-30T05:00:00+03:00,05:00,1499.99,32.29,28.34
2026-06-30T06:00:00+03:00,06:00,1800.0,38.75,34.01
2026-06-30T07:00:00+03:00,07:00,800.0,17.22,15.11
2026-06-30T08:00:00+03:00,08:00,1800.0,38.75,34.01
2026-06-30T09:00:00+03:00,09:00,1500.0,32.29,28.34
2026-06-30T10:00:00+03:00,10:00,1400.0,30.14,26.45
2026-06-30T11:00:00+03:00,11:00,1400.01,30.14,26.45
2026-06-30T12:00:00+03:00,12:00,500.0,10.76,9.45
2026-06-30T13:00:00+03:00,13:00,1400.0,30.14,26.45
2026-06-30T14:00:00+03:00,14:00,1799.97,38.75,34.01
2026-06-30T15:00:00+03:00,15:00,1175.0,25.3,22.2
2026-06-30T16:00:00+03:00,16:00,1400.0,30.14,26.45
2026-06-30T17:00:00+03:00,17:00,2900.01,62.44,54.79
2026-06-30T18:00:00+03:00,18:00,2999.13,64.57,56.66
2026-06-30T19:00:00+03:00,19:00,3880.9,83.55,73.32
2026-06-30T20:00:00+03:00,20:00,4307.31,92.73,81.38
2026-06-30T21:00:00+03:00,21:00,4300.01,92.58,81.24
2026-06-30T22:00:00+03:00,22:00,3999.98,86.12,75.57
2026-06-30T23:00:00+03:00,23:00,3617.39,77.88,68.34
2026-07-01T00:00:00+03:00,00:00,4090.67,87.87,77.04
2026-07-01T01:00:00+03:00,01:00,4000.0,85.92,75.34
2026-07-01T02:00:00+03:00,02:00,3575.03,76.79,67.33
2026-07-01T03:00:00+03:00,03:00,3544.71,76.14,66.76
2026-07-01T04:00:00+03:00,04:00,3506.05,75.31,66.03
2026-07-01T05:00:00+03:00,05:00,3000.0,64.44,56.5
2026-07-01T06:00:00+03:00,06:00,1899.99,40.81,35.78
2026-07-01T07:00:00+03:00,07:00,370.01,7.95,6.97
2026-07-01T08:00:00+03:00,08:00,2800.0,60.14,52.74
2026-07-01T09:00:00+03:00,09:00,3489.99,74.96,65.73
2026-07-01T10:00:00+03:00,10:00,2499.67,53.69,47.08
2026-07-01T11:00:00+03:00,11:00,2429.01,52.17,45.75
2026-07-01T12:00:00+03:00,12:00,1499.97,32.22,28.25
2026-07-01T13:00:00+03:00,13:00,2429.01,52.17,45.75
2026-07-01T14:00:00+03:00,14:00,3500.89,75.2,65.94
2026-07-01T15:00:00+03:00,15:00,3475.57,74.65,65.46
2026-07-01T16:00:00+03:00,16:00,3995.0,85.81,75.24
2026-07-01T17:00:00+03:00,17:00,4400.01,94.51,82.87
2026-07-01T18:00:00+03:00,18:00,4200.0,90.22,79.1
2026-07-01T19:00:00+03:00,19:00,3800.0,81.62,71.57
2026-07-01T20:00:00+03:00,20:00,4400.0,94.51,82.87
2026-07-01T21:00:00+03:00,21:00,4300.0,92.36,80.99
2026-07-01T22:00:00+03:00,22:00,3700.63,79.49,69.7
2026-07-01T23:00:00+03:00,23:00,4000.0,85.92,75.34
2026-07-02T00:00:00+03:00,00:00,3743.0,80.37,70.51
2026-07-02T01:00:00+03:00,01:00,3200.0,68.71,60.28
2026-07-02T02:00:00+03:00,02:00,3300.0,70.85,62.16
2026-07-02T03:00:00+03:00,03:00,3269.01,70.19,61.58
2026-07-02T04:00:00+03:00,04:00,3999.99,85.88,75.35
2026-07-02T05:00:00+03:00,05:00,3999.99,85.88,75.35
2026-07-02T06:00:00+03:00,06:00,3488.22,74.9,65.71
2026-07-02T07:00:00+03:00,07:00,1799.97,38.65,33.91
2026-07-02T08:00:00+03:00,08:00,3680.0,79.01,69.32
2026-07-02T09:00:00+03:00,09:00,3499.99,75.15,65.93
2026-07-02T10:00:00+03:00,10:00,2699.99,57.97,50.86
2026-07-02T11:00:00+03:00,11:00,2999.01,64.39,56.49
2026-07-02T12:00:00+03:00,12:00,1499.98,32.21,28.26
2026-07-02T13:00:00+03:00,13:00,2997.0,64.35,56.45
2026-07-02T14:00:00+03:00,14:00,2997.01,64.35,56.46
2026-07-02T15:00:00+03:00,15:00,2007.0,43.09,37.81
2026-07-02T16:00:00+03:00,16:00,2537.99,54.49,47.81
2026-07-02T17:00:00+03:00,17:00,3803.12,81.66,71.64
2026-07-02T18:00:00+03:00,18:00,2925.0,62.8,55.1
2026-07-02T19:00:00+03:00,19:00,4237.01,90.97,79.81
2026-07-02T20:00:00+03:00,20:00,4500.0,96.62,84.77
2026-07-02T21:00:00+03:00,21:00,4500.0,96.62,84.77
2026-07-02T22:00:00+03:00,22:00,4000.01,85.88,75.35
2026-07-02T23:00:00+03:00,23:00,3499.4,75.14,65.92
2026-07-03T00:00:00+03:00,00:00,3500.99,75.15,65.95
2026-07-03T01:00:00+03:00,01:00,3000.0,64.4,56.51
2026-07-03T02:00:00+03:00,02:00,3499.99,75.13,65.93
2026-07-03T03:00:00+03:00,03:00,3500.0,75.13,65.93
2026-07-03T04:00:00+03:00,04:00,4090.79,87.81,77.06
2026-07-03T05:00:00+03:00,05:00,3600.0,77.28,67.81
2026-07-03T06:00:00+03:00,06:00,2450.99,52.61,46.17
2026-07-03T07:00:00+03:00,07:00,1799.98,38.64,33.9
2026-07-03T08:00:00+03:00,08:00,3599.99,77.28,67.81
2026-07-03T09:00:00+03:00,09:00,3499.99,75.13,65.93
2026-07-03T10:00:00+03:00,10:00,2537.99,54.48,47.81
2026-07-03T11:00:00+03:00,11:00,2250.0,48.3,42.38
2026-07-03T12:00:00+03:00,12:00,1499.98,32.2,28.25
2026-07-03T13:00:00+03:00,13:00,1897.17,40.72,35.74
2026-07-03T14:00:00+03:00,14:00,3549.05,76.18,66.85
2026-07-03T15:00:00+03:00,15:00,3499.99,75.13,65.93
2026-07-03T16:00:00+03:00,16:00,3000.01,64.4,56.51
2026-07-03T17:00:00+03:00,17:00,3804.29,81.66,71.66
2026-07-03T18:00:00+03:00,18:00,3389.89,72.77,63.85
2026-07-03T19:00:00+03:00,19:00,3852.62,82.7,72.57
2026-07-03T20:00:00+03:00,20:00,4235.01,90.91,79.77
2026-07-03T21:00:00+03:00,21:00,4200.0,90.15,79.11
2026-07-03T22:00:00+03:00,22:00,3488.19,74.88,65.7
2026-07-03T23:00:00+03:00,23:00,2924.18,62.77,55.08
2026-07-04T00:00:00+03:00,00:00,3400.0,72.95,63.95
2026-07-04T01:00:00+03:00,01:00,3677.01,78.89,69.16
2026-07-04T02:00:00+03:00,02:00,3400.01,72.95,63.95
2026-07-04T03:00:00+03:00,03:00,3658.0,78.48,68.8
2026-07-04T04:00:00+03:00,04:00,3677.01,78.89,69.16
2026-07-04T05:00:00+03:00,05:00,3389.89,72.73,63.76
2026-07-04T06:00:00+03:00,06:00,2538.0,54.45,47.73
2026-07-04T07:00:00+03:00,07:00,1500.0,32.18,28.21
2026-07-04T08:00:00+03:00,08:00,1850.0,39.69,34.79
2026-07-04T09:00:00+03:00,09:00,1764.01,37.85,33.18
2026-07-04T10:00:00+03:00,10:00,1499.97,32.18,28.21
2026-07-04T11:00:00+03:00,11:00,1499.97,32.18,28.21
2026-07-04T12:00:00+03:00,12:00,700.01,15.02,13.17
2026-07-04T13:00:00+03:00,13:00,1499.97,32.18,28.21
2026-07-04T14:00:00+03:00,14:00,1696.72,36.4,31.91
2026-07-04T15:00:00+03:00,15:00,1691.9,36.3,31.82
2026-07-04T16:00:00+03:00,16:00,1499.97,32.18,28.21
2026-07-04T17:00:00+03:00,17:00,1499.99,32.18,28.21
2026-07-04T18:00:00+03:00,18:00,1499.98,32.18,28.21
2026-07-04T19:00:00+03:00,19:00,3000.0,64.37,56.42
2026-07-04T20:00:00+03:00,20:00,4045.41,86.8,76.09
2026-07-04T21:00:00+03:00,21:00,4030.12,86.47,75.8
2026-07-04T22:00:00+03:00,22:00,3400.01,72.95,63.95
2026-07-04T23:00:00+03:00,23:00,2099.99,45.06,39.5
2026-07-05T00:00:00+03:00,00:00,3400.01,72.91,63.68
2026-07-05T01:00:00+03:00,01:00,2874.99,61.65,53.84
2026-07-05T02:00:00+03:00,02:00,1900.0,40.74,35.58
2026-07-05T03:00:00+03:00,03:00,2425.09,52.0,45.42
2026-07-05T04:00:00+03:00,04:00,1708.64,36.64,32.0
2026-07-05T05:00:00+03:00,05:00,1499.97,32.16,28.09
2026-07-05T06:00:00+03:00,06:00,2000.0,42.89,37.46
2026-07-05T07:00:00+03:00,07:00,303.99,6.52,5.69
2026-07-05T08:00:00+03:00,08:00,174.99,3.75,3.28
2026-07-05T09:00:00+03:00,09:00,170.01,3.65,3.18
2026-07-05T10:00:00+03:00,10:00,169.98,3.65,3.18
2026-07-05T11:00:00+03:00,11:00,169.99,3.65,3.18
2026-07-05T12:00:00+03:00,12:00,170.0,3.65,3.18
2026-07-05T13:00:00+03:00,13:00,171.01,3.67,3.2
2026-07-05T14:00:00+03:00,14:00,196.01,4.2,3.67
2026-07-05T15:00:00+03:00,15:00,200.0,4.29,3.75
2026-07-05T16:00:00+03:00,16:00,449.99,9.65,8.43
2026-07-05T17:00:00+03:00,17:00,920.0,19.73,17.23
2026-07-05T18:00:00+03:00,18:00,1587.23,34.04,29.73
2026-07-05T19:00:00+03:00,19:00,1899.99,40.74,35.58
2026-07-05T20:00:00+03:00,20:00,3023.6,64.84,56.63
2026-07-05T21:00:00+03:00,21:00,3500.01,75.05,65.55
2026-07-05T22:00:00+03:00,22:00,3000.0,64.33,56.18
2026-07-05T23:00:00+03:00,23:00,2425.1,52.0,45.42
2026-07-06T00:00:00+03:00,00:00,2560.29,54.9,47.95
2026-07-06T01:00:00+03:00,01:00,2050.0,43.96,38.39
2026-07-06T02:00:00+03:00,02:00,1899.99,40.74,35.58
2026-07-06T03:00:00+03:00,03:00,1750.0,37.53,32.77
2026-07-06T04:00:00+03:00,04:00,2425.1,52.0,45.42
2026-07-06T05:00:00+03:00,05:00,1500.0,32.17,28.09
2026-07-06T06:00:00+03:00,06:00,1500.0,32.17,28.09
2026-07-06T07:00:00+03:00,07:00,800.0,17.15,14.98
2026-07-06T08:00:00+03:00,08:00,2999.0,64.31,56.17
2026-07-06T09:00:00+03:00,09:00,2425.1,52.0,45.42
2026-07-06T10:00:00+03:00,10:00,1499.99,32.17,28.09
2026-07-06T11:00:00+03:00,11:00,1499.99,32.17,28.09
2026-07-06T12:00:00+03:00,12:00,600.01,12.87,11.24
2026-07-06T13:00:00+03:00,13:00,1400.01,30.02,26.22
2026-07-06T14:00:00+03:00,14:00,2518.75,54.01,47.17
2026-07-06T15:00:00+03:00,15:00,2397.18,51.4,44.89
2026-07-06T16:00:00+03:00,16:00,2099.99,45.03,39.33
2026-07-06T17:00:00+03:00,17:00,2799.01,60.02,52.42
2026-07-06T18:00:00+03:00,18:00,2176.69,46.68,40.77
2026-07-06T19:00:00+03:00,19:00,3499.99,75.05,65.55
2026-07-06T20:00:00+03:00,20:00,4235.0,90.81,79.31
2026-07-06T21:00:00+03:00,21:00,4400.0,94.35,82.4
2026-07-06T22:00:00+03:00,22:00,3499.0,75.03,65.53
2026-07-06T23:00:00+03:00,23:00,2537.99,54.42,47.53
2026-07-07T00:00:00+03:00,00:00,3400.01,72.91,63.68
2026-07-07T01:00:00+03:00,01:00,3499.99,75.05,65.55
2026-07-07T02:00:00+03:00,02:00,3499.0,75.03,65.53
2026-07-07T03:00:00+03:00,03:00,3579.7,76.76,67.04
2026-07-07T04:00:00+03:00,04:00,3400.0,72.91,63.68
2026-07-07T05:00:00+03:00,05:00,2865.59,61.45,53.67
2026-07-07T06:00:00+03:00,06:00,1999.99,42.89,37.46
2026-07-07T07:00:00+03:00,07:00,1275.0,27.34,23.88
2026-07-07T08:00:00+03:00,08:00,2718.55,58.3,50.91
2026-07-07T09:00:00+03:00,09:00,2200.01,47.18,41.2
2026-07-07T10:00:00+03:00,10:00,1500.0,32.17,28.09
2026-07-07T11:00:00+03:00,11:00,1807.04,38.75,33.84
2026-07-07T12:00:00+03:00,12:00,1400.0,30.02,26.22
2026-07-07T13:00:00+03:00,13:00,1999.98,42.89,37.46
2026-07-07T14:00:00+03:00,14:00,1999.99,42.89,37.46
2026-07-07T15:00:00+03:00,15:00,1987.57,42.62,37.22
2026-07-07T16:00:00+03:00,16:00,2395.31,51.36,44.86
2026-07-07T17:00:00+03:00,17:00,2865.59,61.45,53.67
2026-07-07T18:00:00+03:00,18:00,2451.0,52.56,45.9
2026-07-07T19:00:00+03:00,19:00,2874.99,61.65,53.84
2026-07-07T20:00:00+03:00,20:00,4245.0,91.03,79.5
2026-07-07T21:00:00+03:00,21:00,4435.01,95.1,83.06
2026-07-07T22:00:00+03:00,22:00,3692.66,79.18,69.16
2026-07-07T23:00:00+03:00,23:00,2999.99,64.33,56.18
2026-07-08T00:00:00+03:00,00:00,3199.01,68.45,59.94
2026-07-08T01:00:00+03:00,01:00,3184.9,68.15,59.67
2026-07-08T02:00:00+03:00,02:00,3199.01,68.45,59.94
2026-07-08T03:00:00+03:00,03:00,3379.01,72.3,63.31
2026-07-08T04:00:00+03:00,04:00,3188.89,68.23,59.75
2026-07-08T05:00:00+03:00,05:00,2600.01,55.63,48.72
2026-07-08T06:00:00+03:00,06:00,2050.0,43.86,38.41
2026-07-08T07:00:00+03:00,07:00,1499.97,32.09,28.1
2026-07-08T08:00:00+03:00,08:00,2797.99,59.87,52.42
2026-07-08T09:00:00+03:00,09:00,2499.68,53.48,46.84
2026-07-08T10:00:00+03:00,10:00,1672.0,35.78,31.33
2026-07-08T11:00:00+03:00,11:00,1799.97,38.51,33.73
2026-07-08T12:00:00+03:00,12:00,998.0,21.35,18.7
2026-07-08T13:00:00+03:00,13:00,1799.97,38.51,33.73
2026-07-08T14:00:00+03:00,14:00,2116.41,45.28,39.65
2026-07-08T15:00:00+03:00,15:00,2500.0,53.49,46.84
2026-07-08T16:00:00+03:00,16:00,3400.01,72.75,63.7
2026-07-08T17:00:00+03:00,17:00,3449.99,73.82,64.64
2026-07-08T18:00:00+03:00,18:00,3323.7,71.12,62.27
2026-07-08T19:00:00+03:00,19:00,4000.0,85.59,74.95
2026-07-08T20:00:00+03:00,20:00,4497.79,96.24,84.27
2026-07-08T21:00:00+03:00,21:00,4300.01,92.01,80.57
2026-07-08T22:00:00+03:00,22:00,3686.23,78.87,69.07
2026-07-08T23:00:00+03:00,23:00,3323.7,71.12,62.27
2026-07-09T00:00:00+03:00,00:00,3600.01,77.0,67.37
2026-07-09T01:00:00+03:00,01:00,3618.42,77.4,67.72
2026-07-09T02:00:00+03:00,02:00,3055.01,65.34,57.17
2026-07-09T03:00:00+03:00,03:00,3014.09,64.47,56.41
2026-07-09T04:00:00+03:00,04:00,4000.0,85.56,74.86
2026-07-09T05:00:00+03:00,05:00,3613.15,77.28,67.62
2026-07-09T06:00:00+03:00,06:00,3897.18,83.36,72.93
2026-07-09T07:00:00+03:00,07:00,2050.01,43.85,38.36
2026-07-09T08:00:00+03:00,08:00,3336.04,71.36,62.43
2026-07-09T09:00:00+03:00,09:00,2767.37,59.19,51.79
2026-07-09T10:00:00+03:00,10:00,2000.01,42.78,37.43
2026-07-09T11:00:00+03:00,11:00,1899.99,40.64,35.56
2026-07-09T12:00:00+03:00,12:00,1475.99,31.57,27.62
2026-07-09T13:00:00+03:00,13:00,2413.63,51.63,45.17
2026-07-09T14:00:00+03:00,14:00,3478.04,74.39,65.09
2026-07-09T15:00:00+03:00,15:00,3200.01,68.45,59.89
2026-07-09T16:00:00+03:00,16:00,3500.0,74.86,65.5
2026-07-09T17:00:00+03:00,17:00,3600.0,77.0,67.37
2026-07-09T18:00:00+03:00,18:00,3457.18,73.95,64.7
2026-07-09T19:00:00+03:00,19:00,3377.0,72.23,63.2
2026-07-09T20:00:00+03:00,20:00,4300.0,91.97,80.47
2026-07-09T21:00:00+03:00,21:00,4300.01,91.97,80.47
2026-07-09T22:00:00+03:00,22:00,3691.99,78.97,69.09
2026-07-09T23:00:00+03:00,23:00,3603.81,77.08,67.44
2026-07-10T00:00:00+03:00,00:00,3325.0,71.09,62.3
2026-07-10T01:00:00+03:00,01:00,3600.0,76.97,67.45
2026-07-10T02:00:00+03:00,02:00,3400.0,72.7,63.7
2026-07-10T03:00:00+03:00,03:00,3325.01,71.09,62.3
2026-07-10T04:00:00+03:00,04:00,4100.01,87.66,76.82
2026-07-10T05:00:00+03:00,05:00,3553.5,75.98,66.58
2026-07-10T06:00:00+03:00,06:00,2895.45,61.91,54.25
2026-07-10T07:00:00+03:00,07:00,2050.01,43.83,38.41
2026-07-10T08:00:00+03:00,08:00,3932.88,84.09,73.69
2026-07-10T09:00:00+03:00,09:00,3719.09,79.52,69.68
2026-07-10T10:00:00+03:00,10:00,2399.99,51.32,44.97
2026-07-10T11:00:00+03:00,11:00,2600.0,55.59,48.71
2026-07-10T12:00:00+03:00,12:00,1400.0,29.93,26.23
2026-07-10T13:00:00+03:00,13:00,1499.98,32.07,28.1
2026-07-10T14:00:00+03:00,14:00,3325.0,71.09,62.3
2026-07-10T15:00:00+03:00,15:00,3000.01,64.14,56.21
2026-07-10T16:00:00+03:00,16:00,3325.0,71.09,62.3
2026-07-10T17:00:00+03:00,17:00,3000.01,64.14,56.21
2026-07-10T18:00:00+03:00,18:00,3000.01,64.14,56.21
2026-07-10T19:00:00+03:00,19:00,3797.99,81.21,71.16
2026-07-10T20:00:00+03:00,20:00,4295.0,91.83,80.47
2026-07-10T21:00:00+03:00,21:00,4021.01,85.98,75.34
2026-07-10T22:00:00+03:00,22:00,3000.0,64.14,56.21
2026-07-10T23:00:00+03:00,23:00,3400.0,72.7,63.7
2026-07-11T00:00:00+03:00,00:00,3800.0,81.22,71.05
2026-07-11T01:00:00+03:00,01:00,3325.0,71.07,62.17
2026-07-11T02:00:00+03:00,02:00,3449.01,73.72,64.49
2026-07-11T03:00:00+03:00,03:00,3323.69,71.04,62.15
2026-07-11T04:00:00+03:00,04:00,3662.0,78.27,68.47
2026-07-11T05:00:00+03:00,05:00,3449.0,73.72,64.49
2026-07-11T06:00:00+03:00,06:00,2300.01,49.16,43.01
2026-07-11T07:00:00+03:00,07:00,1000.0,21.37,18.7
2026-07-11T08:00:00+03:00,08:00,1850.0,39.54,34.59
2026-07-11T09:00:00+03:00,09:00,1721.43,36.79,32.19
2026-07-11T10:00:00+03:00,10:00,1499.98,32.06,28.05
2026-07-11T11:00:00+03:00,11:00,1400.0,29.92,26.18
2026-07-11T12:00:00+03:00,12:00,500.0,10.69,9.35
2026-07-11T13:00:00+03:00,13:00,999.94,21.37,18.7
2026-07-11T14:00:00+03:00,14:00,1200.0,25.65,22.44
2026-07-11T15:00:00+03:00,15:00,1064.54,22.75,19.9
2026-07-11T16:00:00+03:00,16:00,1500.0,32.06,28.05
2026-07-11T17:00:00+03:00,17:00,2718.55,58.11,50.83
2026-07-11T18:00:00+03:00,18:00,3200.0,68.4,59.83
2026-07-11T19:00:00+03:00,19:00,3325.0,71.07,62.17
2026-07-11T20:00:00+03:00,20:00,4500.0,96.18,84.14
2026-07-11T21:00:00+03:00,21:00,4450.01,95.12,83.21
2026-07-11T22:00:00+03:00,22:00,3000.0,64.12,56.09
2026-07-11T23:00:00+03:00,23:00,2800.47,59.86,52.36
2026-07-12T00:00:00+03:00,00:00,3570.33,76.28,66.71
2026-07-12T01:00:00+03:00,01:00,3449.01,73.68,64.44
2026-07-12T02:00:00+03:00,02:00,3449.0,73.68,64.44
2026-07-12T03:00:00+03:00,03:00,3400.01,72.64,63.53
2026-07-12T04:00:00+03:00,04:00,3399.89,72.63,63.53
2026-07-12T05:00:00+03:00,05:00,2698.0,57.64,50.41
2026-07-12T06:00:00+03:00,06:00,3300.0,70.5,61.66
2026-07-12T07:00:00+03:00,07:00,1498.88,32.02,28.01
2026-07-12T08:00:00+03:00,08:00,240.0,5.13,4.48
2026-07-12T09:00:00+03:00,09:00,171.01,3.65,3.2
2026-07-12T10:00:00+03:00,10:00,170.0,3.63,3.18
2026-07-12T11:00:00+03:00,11:00,170.99,3.65,3.19
2026-07-12T12:00:00+03:00,12:00,170.01,3.63,3.18
2026-07-12T13:00:00+03:00,13:00,174.99,3.74,3.27
2026-07-12T14:00:00+03:00,14:00,200.0,4.27,3.74
2026-07-12T15:00:00+03:00,15:00,222.0,4.74,4.15
2026-07-12T16:00:00+03:00,16:00,499.0,10.66,9.32
2026-07-12T17:00:00+03:00,17:00,1898.88,40.57,35.48
2026-07-12T18:00:00+03:00,18:00,3000.0,64.09,56.05
2026-07-12T19:00:00+03:00,19:00,3200.0,68.36,59.79
2026-07-12T20:00:00+03:00,20:00,4140.0,88.45,77.35
2026-07-12T21:00:00+03:00,21:00,4151.0,88.68,77.56
2026-07-12T22:00:00+03:00,22:00,3399.88,72.63,63.53
2026-07-12T23:00:00+03:00,23:00,3474.9,74.24,64.93
2026-07-13T00:00:00+03:00,00:00,3599.99,76.91,67.27
2026-07-13T01:00:00+03:00,01:00,3191.27,68.18,59.63
2026-07-13T02:00:00+03:00,02:00,2800.48,59.83,52.33
2026-07-13T03:00:00+03:00,03:00,3400.01,72.64,63.53
2026-07-13T04:00:00+03:00,04:00,3151.66,67.33,58.89
2026-07-13T05:00:00+03:00,05:00,2800.48,59.83,52.33
2026-07-13T06:00:00+03:00,06:00,1799.97,38.45,33.63
2026-07-13T07:00:00+03:00,07:00,1000.0,21.36,18.68
2026-07-13T08:00:00+03:00,08:00,2199.01,46.98,41.09
2026-07-13T09:00:00+03:00,09:00,1990.0,42.51,37.18
2026-07-13T10:00:00+03:00,10:00,1476.0,31.53,27.58
2026-07-13T11:00:00+03:00,11:00,1515.01,32.37,28.31
2026-07-13T12:00:00+03:00,12:00,1000.0,21.36,18.68
2026-07-13T13:00:00+03:00,13:00,1499.99,32.05,28.03
2026-07-13T14:00:00+03:00,14:00,2399.68,51.27,44.84
2026-07-13T15:00:00+03:00,15:00,1849.99,39.52,34.57
2026-07-13T16:00:00+03:00,16:00,3150.0,67.3,58.86
2026-07-13T17:00:00+03:00,17:00,3325.01,71.03,62.13
2026-07-13T18:00:00+03:00,18:00,2050.01,43.8,38.3
2026-07-13T19:00:00+03:00,19:00,3650.99,78.0,68.22
2026-07-13T20:00:00+03:00,20:00,4500.0,96.14,84.08
2026-07-13T21:00:00+03:00,21:00,4488.89,95.9,83.87
2026-07-13T22:00:00+03:00,22:00,3349.01,71.55,62.58
2026-07-13T23:00:00+03:00,23:00,2938.85,62.78,54.91
2026-07-14T00:00:00+03:00,00:00,3875.99,82.81,72.42
2026-07-14T01:00:00+03:00,01:00,3457.17,73.86,64.6
2026-07-14T02:00:00+03:00,02:00,3000.0,64.09,56.05
2026-07-14T03:00:00+03:00,03:00,3325.0,71.03,62.13
2026-07-14T04:00:00+03:00,04:00,3499.72,74.77,65.39
2026-07-14T05:00:00+03:00,05:00,2999.99,64.09,56.05
2026-07-14T06:00:00+03:00,06:00,2198.0,46.96,41.07
2026-07-14T07:00:00+03:00,07:00,1200.0,25.64,22.42
2026-07-14T08:00:00+03:00,08:00,2050.01,43.8,38.3
2026-07-14T09:00:00+03:00,09:00,2050.01,43.8,38.3
2026-07-14T10:00:00+03:00,10:00,1499.98,32.05,28.03
2026-07-14T11:00:00+03:00,11:00,1799.98,38.45,33.63
2026-07-14T12:00:00+03:00,12:00,899.99,19.23,16.82
2026-07-14T13:00:00+03:00,13:00,1400.0,29.91,26.16
2026-07-14T14:00:00+03:00,14:00,1799.97,38.45,33.63
2026-07-14T15:00:00+03:00,15:00,1650.0,35.25,30.83
2026-07-14T16:00:00+03:00,16:00,2305.0,49.24,43.07
2026-07-14T17:00:00+03:00,17:00,2800.48,59.83,52.33
2026-07-14T18:00:00+03:00,18:00,2925.0,62.49,54.65
2026-07-14T19:00:00+03:00,19:00,3299.99,70.5,61.66
2026-07-14T20:00:00+03:00,20:00,4356.0,93.06,81.39
2026-07-14T21:00:00+03:00,21:00,4400.0,94.0,82.21
2026-07-14T22:00:00+03:00,22:00,3599.99,76.91,67.27
2026-07-14T23:00:00+03:00,23:00,3000.01,64.09,56.05
2026-07-15T00:00:00+03:00,00:00,3325.0,70.88,62.03
2026-07-15T01:00:00+03:00,01:00,2717.2,57.92,50.69
2026-07-15T02:00:00+03:00,02:00,2153.64,45.91,40.18
2026-07-15T03:00:00+03:00,03:00,2900.0,61.82,54.1
2026-07-15T04:00:00+03:00,04:00,2717.19,57.92,50.69
2026-07-15T05:00:00+03:00,05:00,2108.0,44.94,39.33
2026-07-15T06:00:00+03:00,06:00,2108.0,44.94,39.33
2026-07-15T07:00:00+03:00,07:00,999.94,21.32,18.66
2026-07-15T08:00:00+03:00,08:00,1499.98,31.97,27.98
2026-07-15T09:00:00+03:00,09:00,1499.97,31.97,27.98
2026-07-15T10:00:00+03:00,10:00,1001.0,21.34,18.67
2026-07-15T11:00:00+03:00,11:00,1274.99,27.18,23.79
2026-07-15T12:00:00+03:00,12:00,521.43,11.12,9.73
2026-07-15T13:00:00+03:00,13:00,1274.99,27.18,23.79
2026-07-15T14:00:00+03:00,14:00,2300.01,49.03,42.91
2026-07-15T15:00:00+03:00,15:00,2108.01,44.94,39.33
2026-07-15T16:00:00+03:00,16:00,1400.01,29.84,26.12
2026-07-15T17:00:00+03:00,17:00,2108.01,44.94,39.33
2026-07-15T18:00:00+03:00,18:00,2900.01,61.82,54.1
2026-07-15T19:00:00+03:00,19:00,3409.81,72.69,63.61
2026-07-15T20:00:00+03:00,20:00,4009.65,85.47,74.81
2026-07-15T21:00:00+03:00,21:00,3941.74,84.02,73.54
2026-07-15T22:00:00+03:00,22:00,3299.99,70.34,61.57
2026-07-15T23:00:00+03:00,23:00,3000.01,63.95,55.97
2026-07-16T00:00:00+03:00,00:00,3860.01,82.26,72.18
2026-07-16T01:00:00+03:00,01:00,3995.01,85.14,74.7
2026-07-16T02:00:00+03:00,02:00,3400.0,72.46,63.58
2026-07-16T03:00:00+03:00,03:00,3595.01,76.61,67.22
2026-07-16T04:00:00+03:00,04:00,3586.83,76.44,67.07
2026-07-16T05:00:00+03:00,05:00,3500.0,74.59,65.45
2026-07-16T06:00:00+03:00,06:00,2709.2,57.73,50.66
2026-07-16T07:00:00+03:00,07:00,1399.99,29.83,26.18
2026-07-16T08:00:00+03:00,08:00,2300.0,49.01,43.01
2026-07-16T09:00:00+03:00,09:00,1880.01,40.06,35.15
2026-07-16T10:00:00+03:00,10:00,1499.97,31.97,28.05
2026-07-16T11:00:00+03:00,11:00,2000.0,42.62,37.4
2026-07-16T12:00:00+03:00,12:00,955.99,20.37,17.88
2026-07-16T13:00:00+03:00,13:00,1900.0,40.49,35.53
2026-07-16T14:00:00+03:00,14:00,2300.01,49.01,43.01
2026-07-16T15:00:00+03:00,15:00,2050.01,43.69,38.33
2026-07-16T16:00:00+03:00,16:00,2875.0,61.27,53.76
2026-07-16T17:00:00+03:00,17:00,3299.47,70.31,61.7
2026-07-16T18:00:00+03:00,18:00,2709.2,57.73,50.66
2026-07-16T19:00:00+03:00,19:00,3999.01,85.22,74.78
2026-07-16T20:00:00+03:00,20:00,4487.17,95.62,83.9
2026-07-16T21:00:00+03:00,21:00,4486.34,95.61,83.89
2026-07-16T22:00:00+03:00,22:00,3457.18,73.67,64.65
2026-07-16T23:00:00+03:00,23:00,2999.99,63.93,56.1
2026-07-17T00:00:00+03:00,00:00,3957.17,84.33,73.99
2026-07-17T01:00:00+03:00,01:00,3400.01,72.46,63.58
2026-07-17T02:00:00+03:00,02:00,3000.0,63.93,56.1
2026-07-17T03:00:00+03:00,03:00,3651.0,77.8,68.27
2026-07-17T04:00:00+03:00,04:00,3495.0,74.48,65.35
2026-07-17T05:00:00+03:00,05:00,3200.01,68.19,59.84
2026-07-17T06:00:00+03:00,06:00,2300.0,49.01,43.01
2026-07-17T07:00:00+03:00,07:00,998.6,21.28,18.67
2026-07-17T08:00:00+03:00,08:00,2700.0,57.54,50.49
2026-07-17T09:00:00+03:00,09:00,2150.0,45.82,40.2
2026-07-17T10:00:00+03:00,10:00,1900.0,40.49,35.53
2026-07-17T11:00:00+03:00,11:00,1522.99,32.46,28.48
2026-07-17T12:00:00+03:00,12:00,1000.0,21.31,18.7
2026-07-17T13:00:00+03:00,13:00,1387.18,29.56,25.94
2026-07-17T14:00:00+03:00,14:00,2731.0,58.2,51.07
2026-07-17T15:00:00+03:00,15:00,1499.98,31.97,28.05
2026-07-17T16:00:00+03:00,16:00,2050.01,43.69,38.33
2026-07-17T17:00:00+03:00,17:00,3299.99,70.32,61.71
2026-07-17T18:00:00+03:00,18:00,2987.17,63.66,55.86
2026-07-17T19:00:00+03:00,19:00,3499.48,74.58,65.44
2026-07-17T20:00:00+03:00,20:00,4400.01,93.77,82.28
2026-07-17T21:00:00+03:00,21:00,4487.18,95.62,83.91
2026-07-17T22:00:00+03:00,22:00,3995.0,85.14,74.7
2026-07-17T23:00:00+03:00,23:00,3370.0,71.82,63.02
2026-07-18T00:00:00+03:00,00:00,3937.17,83.83,73.11
2026-07-18T01:00:00+03:00,01:00,3495.01,74.41,64.9
2026-07-18T02:00:00+03:00,02:00,3099.99,66.0,57.56
2026-07-18T03:00:00+03:00,03:00,3250.0,69.2,60.35
2026-07-18T04:00:00+03:00,04:00,3499.71,74.51,64.98
2026-07-18T05:00:00+03:00,05:00,3194.0,68.01,59.31
2026-07-18T06:00:00+03:00,06:00,2100.0,44.71,38.99
2026-07-18T07:00:00+03:00,07:00,1387.17,29.53,25.76
2026-07-18T08:00:00+03:00,08:00,2099.99,44.71,38.99
2026-07-18T09:00:00+03:00,09:00,1556.0,33.13,28.89
2026-07-18T10:00:00+03:00,10:00,1499.97,31.94,27.85
2026-07-18T11:00:00+03:00,11:00,1400.01,29.81,26.0
2026-07-18T12:00:00+03:00,12:00,800.0,17.03,14.85
2026-07-18T13:00:00+03:00,13:00,1499.97,31.94,27.85
2026-07-18T14:00:00+03:00,14:00,1499.97,31.94,27.85
2026-07-18T15:00:00+03:00,15:00,1250.01,26.61,23.21
2026-07-18T16:00:00+03:00,16:00,1499.98,31.94,27.85
2026-07-18T17:00:00+03:00,17:00,2694.0,57.36,50.02
2026-07-18T18:00:00+03:00,18:00,2999.48,63.86,55.7
2026-07-18T19:00:00+03:00,19:00,4000.0,85.17,74.27
2026-07-18T20:00:00+03:00,20:00,4404.99,93.79,81.79
2026-07-18T21:00:00+03:00,21:00,4477.17,95.33,83.13
2026-07-18T22:00:00+03:00,22:00,3849.07,81.95,71.47
2026-07-18T23:00:00+03:00,23:00,3497.82,74.47,64.95
2026-07-19T00:00:00+03:00,00:00,3566.81,75.91,66.36
2026-07-19T01:00:00+03:00,01:00,3474.89,73.96,64.65
2026-07-19T02:00:00+03:00,02:00,3023.6,64.35,56.26
2026-07-19T03:00:00+03:00,03:00,3474.88,73.96,64.65
2026-07-19T04:00:00+03:00,04:00,3290.96,70.04,61.23
2026-07-19T05:00:00+03:00,05:00,3499.47,74.48,65.11
2026-07-19T06:00:00+03:00,06:00,3250.01,69.17,60.47
2026-07-19T07:00:00+03:00,07:00,1898.88,40.41,35.33
2026-07-19T08:00:00+03:00,08:00,400.0,8.51,7.44
2026-07-19T09:00:00+03:00,09:00,1000.01,21.28,18.61
2026-07-19T10:00:00+03:00,10:00,656.01,13.96,12.21
2026-07-19T11:00:00+03:00,11:00,500.0,10.64,9.3
2026-07-19T12:00:00+03:00,12:00,499.88,10.64,9.3
2026-07-19T13:00:00+03:00,13:00,1390.01,29.58,25.86
2026-07-19T14:00:00+03:00,14:00,1499.97,31.92,27.91
2026-07-19T15:00:00+03:00,15:00,1000.01,21.28,18.61
2026-07-19T16:00:00+03:00,16:00,1499.99,31.92,27.91
2026-07-19T17:00:00+03:00,17:00,2898.88,61.7,53.94
2026-07-19T18:00:00+03:00,18:00,3000.0,63.85,55.82
2026-07-19T19:00:00+03:00,19:00,3744.01,79.68,69.66
2026-07-19T20:00:00+03:00,20:00,4298.88,91.49,79.98
2026-07-19T21:00:00+03:00,21:00,4400.01,93.65,81.87
2026-07-19T22:00:00+03:00,22:00,3996.0,85.05,74.35
2026-07-19T23:00:00+03:00,23:00,3777.01,80.39,70.27
2026-07-20T00:00:00+03:00,00:00,3803.54,80.95,70.77
2026-07-20T01:00:00+03:00,01:00,3389.84,72.15,63.07
2026-07-20T02:00:00+03:00,02:00,2925.01,62.25,54.42
2026-07-20T03:00:00+03:00,03:00,3499.48,74.48,65.11
2026-07-20T04:00:00+03:00,04:00,3499.48,74.48,65.11
2026-07-20T05:00:00+03:00,05:00,3400.01,72.36,63.26
2026-07-20T06:00:00+03:00,06:00,2125.99,45.25,39.56
2026-07-20T07:00:00+03:00,07:00,1499.97,31.92,27.91
2026-07-20T08:00:00+03:00,08:00,3200.0,68.11,59.54
2026-07-20T09:00:00+03:00,09:00,3023.61,64.35,56.26
2026-07-20T10:00:00+03:00,10:00,2199.0,46.8,40.91
2026-07-20T11:00:00+03:00,11:00,2398.84,51.05,44.63
2026-07-20T12:00:00+03:00,12:00,1400.0,29.8,26.05
2026-07-20T13:00:00+03:00,13:00,1899.99,40.44,35.35
2026-07-20T14:00:00+03:00,14:00,3000.0,63.85,55.82
2026-07-20T15:00:00+03:00,15:00,3389.84,72.15,63.07
2026-07-20T16:00:00+03:00,16:00,3519.5,74.91,65.48
2026-07-20T17:00:00+03:00,17:00,3599.9,76.62,66.98
2026-07-20T18:00:00+03:00,18:00,3577.33,76.14,66.56
2026-07-20T19:00:00+03:00,19:00,4499.99,95.77,83.73
2026-07-20T20:00:00+03:00,20:00,4500.0,95.77,83.73
2026-07-20T21:00:00+03:00,21:00,4500.0,95.77,83.73
2026-07-20T22:00:00+03:00,22:00,3999.0,85.11,74.4
2026-07-20T23:00:00+03:00,23:00,3483.01,74.13,64.8
2026-07-21T00:00:00+03:00,00:00,3677.33,78.26,68.42
2026-07-21T01:00:00+03:00,01:00,3677.34,78.26,68.42
2026-07-21T02:00:00+03:00,02:00,3535.0,75.24,65.77
2026-07-21T03:00:00+03:00,03:00,3249.99,69.17,60.47
2026-07-21T04:00:00+03:00,04:00,3250.0,69.17,60.47
2026-07-21T05:00:00+03:00,05:00,3300.0,70.23,61.4
2026-07-21T06:00:00+03:00,06:00,2300.0,48.95,42.79
2026-07-21T07:00:00+03:00,07:00,1211.29,25.78,22.54
2026-07-21T08:00:00+03:00,08:00,2900.0,61.72,53.96
2026-07-21T09:00:00+03:00,09:00,3000.01,63.85,55.82
2026-07-21T10:00:00+03:00,10:00,1898.88,40.41,35.33
2026-07-21T11:00:00+03:00,11:00,2000.0,42.57,37.21
2026-07-21T12:00:00+03:00,12:00,655.99,13.96,12.21
2026-07-21T13:00:00+03:00,13:00,1499.98,31.92,27.91
2026-07-21T14:00:00+03:00,14:00,3300.0,70.23,61.4
2026-07-21T15:00:00+03:00,15:00,3300.0,70.23,61.4
2026-07-21T16:00:00+03:00,16:00,3370.0,71.72,62.7
2026-07-21T17:00:00+03:00,17:00,3449.99,73.43,64.19
2026-07-21T18:00:00+03:00,18:00,3524.34,75.01,65.57
2026-07-21T19:00:00+03:00,19:00,4300.0,91.52,80.0
2026-07-21T20:00:00+03:00,20:00,4500.0,95.77,83.73
2026-07-21T21:00:00+03:00,21:00,4497.68,95.72,83.68
2026-07-21T22:00:00+03:00,22:00,3966.33,84.42,73.8
2026-07-21T23:00:00+03:00,23:00,3499.48,74.48,65.11
2026-07-22T00:00:00+03:00,00:00,3891.45,82.63,72.26
2026-07-22T01:00:00+03:00,01:00,3602.0,76.49,66.89
2026-07-22T02:00:00+03:00,02:00,2993.0,63.55,55.58
2026-07-22T03:00:00+03:00,03:00,3449.01,73.24,64.05
2026-07-22T04:00:00+03:00,04:00,3484.15,73.98,64.7
2026-07-22T05:00:00+03:00,05:00,3555.0,75.49,66.01
2026-07-22T06:00:00+03:00,06:00,3963.5,84.16,73.6
2026-07-22T07:00:00+03:00,07:00,2117.71,44.97,39.33
2026-07-22T08:00:00+03:00,08:00,3739.15,79.4,69.43
2026-07-22T09:00:00+03:00,09:00,3795.0,80.58,70.47
2026-07-22T10:00:00+03:00,10:00,3250.0,69.01,60.35
2026-07-22T11:00:00+03:00,11:00,3449.01,73.24,64.05
2026-07-22T12:00:00+03:00,12:00,2699.0,57.31,50.12
2026-07-22T13:00:00+03:00,13:00,3300.01,70.07,61.28
2026-07-22T14:00:00+03:00,14:00,3600.0,76.44,66.85
2026-07-22T15:00:00+03:00,15:00,3083.01,65.47,57.25
2026-07-22T16:00:00+03:00,16:00,3599.99,76.44,66.85
2026-07-22T17:00:00+03:00,17:00,3900.01,82.81,72.42
2026-07-22T18:00:00+03:00,18:00,3915.27,83.14,72.71
2026-07-22T19:00:00+03:00,19:00,4499.67,95.55,83.56
2026-07-22T20:00:00+03:00,20:00,4500.0,95.55,83.56
2026-07-22T21:00:00+03:00,21:00,4500.0,95.55,83.56
2026-07-22T22:00:00+03:00,22:00,4099.99,87.06,76.14
2026-07-22T23:00:00+03:00,23:00,3600.0,76.44,66.85
2026-07-23T00:00:00+03:00,00:00,3798.0,80.61,70.58
2026-07-23T01:00:00+03:00,01:00,3499.99,74.29,65.05
2026-07-23T02:00:00+03:00,02:00,3000.01,63.68,55.75
2026-07-23T03:00:00+03:00,03:00,3156.64,67.0,58.66
2026-07-23T04:00:00+03:00,04:00,3499.48,74.28,65.04
2026-07-23T05:00:00+03:00,05:00,3590.01,76.2,66.72
2026-07-23T06:00:00+03:00,06:00,2699.99,57.31,50.18
2026-07-23T07:00:00+03:00,07:00,2050.0,43.51,38.1
2026-07-23T08:00:00+03:00,08:00,3370.0,71.53,62.63
2026-07-23T09:00:00+03:00,09:00,3300.0,70.04,61.33
2026-07-23T10:00:00+03:00,10:00,2413.64,51.23,44.86
2026-07-23T11:00:00+03:00,11:00,2212.57,46.96,41.12
2026-07-23T12:00:00+03:00,12:00,1499.98,31.84,27.88
2026-07-23T13:00:00+03:00,13:00,2050.01,43.51,38.1
2026-07-23T14:00:00+03:00,14:00,2672.01,56.71,49.66
2026-07-23T15:00:00+03:00,15:00,2700.0,57.31,50.18
2026-07-23T16:00:00+03:00,16:00,3499.47,74.28,65.04
2026-07-23T17:00:00+03:00,17:00,3597.99,76.37,66.87
2026-07-23T18:00:00+03:00,18:00,3500.0,74.29,65.05
2026-07-23T19:00:00+03:00,19:00,3960.4,84.06,73.6
2026-07-23T20:00:00+03:00,20:00,4499.01,95.49,83.61
2026-07-23T21:00:00+03:00,21:00,4500.0,95.51,83.63
2026-07-23T22:00:00+03:00,22:00,3900.0,82.78,72.48
2026-07-23T23:00:00+03:00,23:00,3490.01,74.08,64.86
2026-07-25T00:00:00+03:00,00:00,3200.0,67.87,59.47
2026-07-25T01:00:00+03:00,01:00,3249.01,68.91,60.39
2026-07-25T02:00:00+03:00,02:00,3483.45,73.89,64.74
2026-07-25T03:00:00+03:00,03:00,3299.99,69.99,61.33
2026-07-25T04:00:00+03:00,04:00,3000.0,63.63,55.76
2026-07-25T05:00:00+03:00,05:00,2873.54,60.95,53.41
2026-07-25T06:00:00+03:00,06:00,2050.01,43.48,38.1
2026-07-25T07:00:00+03:00,07:00,1499.98,31.82,27.88
2026-07-25T08:00:00+03:00,08:00,2149.99,45.6,39.96
2026-07-25T09:00:00+03:00,09:00,1600.01,33.94,29.74
2026-07-25T10:00:00+03:00,10:00,1849.99,39.24,34.38
2026-07-25T11:00:00+03:00,11:00,1500.0,31.82,27.88
2026-07-25T12:00:00+03:00,12:00,1499.97,31.81,27.88
2026-07-25T13:00:00+03:00,13:00,1800.01,38.18,33.45
2026-07-25T14:00:00+03:00,14:00,900.0,19.09,16.73
2026-07-25T15:00:00+03:00,15:00,530.01,11.24,9.85
2026-07-25T16:00:00+03:00,16:00,1499.98,31.82,27.88
2026-07-25T17:00:00+03:00,17:00,2000.0,42.42,37.17
2026-07-25T18:00:00+03:00,18:00,2499.99,53.03,46.46
2026-07-25T19:00:00+03:00,19:00,3000.0,63.63,55.76
2026-07-25T20:00:00+03:00,20:00,3990.01,84.63,74.16
2026-07-25T21:00:00+03:00,21:00,4023.0,85.33,74.77
2026-07-25T22:00:00+03:00,22:00,3544.0,75.17,65.87
2026-07-25T23:00:00+03:00,23:00,3244.01,68.81,60.29
2026-07-26T00:00:00+03:00,00:00,2597.5,55.07,48.37
2026-07-26T01:00:00+03:00,01:00,3250.0,68.91,60.53
2026-07-26T02:00:00+03:00,02:00,3200.01,67.85,59.6
2026-07-26T03:00:00+03:00,03:00,3499.48,74.2,65.17
2026-07-26T04:00:00+03:00,04:00,3590.0,76.12,66.86
2026-07-26T05:00:00+03:00,05:00,3300.0,69.97,61.46
2026-07-26T06:00:00+03:00,06:00,3444.0,73.02,64.14
2026-07-26T07:00:00+03:00,07:00,2300.01,48.77,42.83
2026-07-26T08:00:00+03:00,08:00,1299.0,27.54,24.19
2026-07-26T09:00:00+03:00,09:00,250.01,5.3,4.66
2026-07-26T10:00:00+03:00,10:00,250.0,5.3,4.66
2026-07-26T11:00:00+03:00,11:00,250.01,5.3,4.66
2026-07-26T12:00:00+03:00,12:00,240.01,5.09,4.47
2026-07-26T13:00:00+03:00,13:00,304.0,6.45,5.66
2026-07-26T14:00:00+03:00,14:00,999.99,21.2,18.62
2026-07-26T15:00:00+03:00,15:00,1499.98,31.8,27.94
2026-07-26T16:00:00+03:00,16:00,656.02,13.91,12.22
2026-07-26T17:00:00+03:00,17:00,2999.01,63.59,55.85
2026-07-26T18:00:00+03:00,18:00,3544.01,75.14,66.0
2026-07-26T19:00:00+03:00,19:00,4300.0,91.17,80.08
2026-07-26T20:00:00+03:00,20:00,4044.0,85.74,75.31
2026-07-26T21:00:00+03:00,21:00,3777.01,80.08,70.34
2026-07-26T22:00:00+03:00,22:00,3743.0,79.36,69.71
2026-07-26T23:00:00+03:00,23:00,3595.01,76.22,66.95
2026-07-27T00:00:00+03:00,00:00,3560.5,75.49,66.31
2026-07-27T01:00:00+03:00,01:00,2597.5,55.07,48.37
2026-07-27T02:00:00+03:00,02:00,2597.5,55.07,48.37
2026-07-27T03:00:00+03:00,03:00,2985.0,63.29,55.59
2026-07-27T04:00:00+03:00,04:00,3250.0,68.91,60.53
2026-07-27T05:00:00+03:00,05:00,3192.45,67.69,59.46
2026-07-27T06:00:00+03:00,06:00,2597.49,55.07,48.37
2026-07-27T07:00:00+03:00,07:00,1812.56,38.43,33.76
2026-07-27T08:00:00+03:00,08:00,2597.5,55.07,48.37
2026-07-27T09:00:00+03:00,09:00,2100.0,44.52,39.11
2026-07-27T10:00:00+03:00,10:00,1988.67,42.16,37.04
2026-07-27T11:00:00+03:00,11:00,2284.99,48.45,42.55
2026-07-27T12:00:00+03:00,12:00,1000.0,21.2,18.62
2026-07-27T13:00:00+03:00,13:00,2050.0,43.46,38.18
2026-07-27T14:00:00+03:00,14:00,2100.0,44.52,39.11
2026-07-27T15:00:00+03:00,15:00,1499.98,31.8,27.94
2026-07-27T16:00:00+03:00,16:00,2790.01,59.15,51.96
2026-07-27T17:00:00+03:00,17:00,3964.33,84.05,73.83
2026-07-27T18:00:00+03:00,18:00,3000.01,63.61,55.87
2026-07-27T19:00:00+03:00,19:00,4300.0,91.17,80.08
2026-07-27T20:00:00+03:00,20:00,4500.0,95.41,83.81
2026-07-27T21:00:00+03:00,21:00,4500.0,95.41,83.81
2026-07-27T22:00:00+03:00,22:00,3964.34,84.05,73.83
2026-07-27T23:00:00+03:00,23:00,3780.01,80.14,70.4
2026-07-28T00:00:00+03:00,00:00,3891.68,82.51,72.48
2026-07-28T01:00:00+03:00,01:00,3499.99,74.21,65.18
2026-07-28T02:00:00+03:00,02:00,2850.0,60.43,53.08
2026-07-28T03:00:00+03:00,03:00,3749.93,79.51,69.84
2026-07-28T04:00:00+03:00,04:00,3500.0,74.21,65.18
2026-07-28T05:00:00+03:00,05:00,3499.48,74.2,65.17
2026-07-28T06:00:00+03:00,06:00,3589.01,76.1,66.84
2026-07-28T07:00:00+03:00,07:00,1999.99,42.4,37.25
2026-07-28T08:00:00+03:00,08:00,2750.0,58.31,51.22
2026-07-28T09:00:00+03:00,09:00,2228.8,47.26,41.51
2026-07-28T10:00:00+03:00,10:00,1400.01,29.68,26.07
2026-07-28T11:00:00+03:00,11:00,2011.0,42.64,37.45
2026-07-28T12:00:00+03:00,12:00,330.0,7.0,6.15
2026-07-28T13:00:00+03:00,13:00,1400.01,29.68,26.07
2026-07-28T14:00:00+03:00,14:00,1500.0,31.8,27.94
2026-07-28T15:00:00+03:00,15:00,1001.0,21.22,18.64
2026-07-28T16:00:00+03:00,16:00,1999.98,42.4,37.25
2026-07-28T17:00:00+03:00,17:00,2798.0,59.32,52.11
2026-07-28T18:00:00+03:00,18:00,3023.61,64.11,56.31
2026-07-28T19:00:00+03:00,19:00,3685.0,78.13,68.63
2026-07-28T20:00:00+03:00,20:00,4000.0,84.81,74.49
2026-07-28T21:00:00+03:00,21:00,3750.0,79.51,69.84
2026-07-28T22:00:00+03:00,22:00,3398.01,72.05,63.28
2026-07-28T23:00:00+03:00,23:00,2749.99,58.31,51.21
2026-07-29T00:00:00+03:00,00:00,3000.0,63.47,55.68
2026-07-29T01:00:00+03:00,01:00,1499.98,31.73,27.84
2026-07-29T02:00:00+03:00,02:00,1499.98,31.73,27.84
2026-07-29T03:00:00+03:00,03:00,1600.01,33.85,29.7
2026-07-29T04:00:00+03:00,04:00,1899.99,40.2,35.27
2026-07-29T05:00:00+03:00,05:00,1800.01,38.08,33.41
2026-07-29T06:00:00+03:00,06:00,1725.01,36.49,32.02
2026-07-29T07:00:00+03:00,07:00,500.0,10.58,9.28
2026-07-29T08:00:00+03:00,08:00,1499.98,31.73,27.84
2026-07-29T09:00:00+03:00,09:00,1499.98,31.73,27.84
2026-07-29T10:00:00+03:00,10:00,900.0,19.04,16.71
2026-07-29T11:00:00+03:00,11:00,800.0,16.92,14.85
2026-07-29T12:00:00+03:00,12:00,252.0,5.33,4.68
2026-07-29T13:00:00+03:00,13:00,500.01,10.58,9.28
2026-07-29T14:00:00+03:00,14:00,1499.97,31.73,27.84
2026-07-29T15:00:00+03:00,15:00,997.0,21.09,18.51
2026-07-29T16:00:00+03:00,16:00,1555.99,32.92,28.88
2026-07-29T17:00:00+03:00,17:00,2888.11,61.1,53.61
2026-07-29T18:00:00+03:00,18:00,2050.01,43.37,38.05
2026-07-29T19:00:00+03:00,19:00,3650.99,77.24,67.77
2026-07-29T20:00:00+03:00,20:00,3995.01,84.52,74.15
2026-07-29T21:00:00+03:00,21:00,3795.0,80.29,70.44
2026-07-29T22:00:00+03:00,22:00,3000.0,63.47,55.68
2026-07-29T23:00:00+03:00,23:00,2000.0,42.31,37.12
2026-07-30T00:00:00+03:00,00:00,2849.99,60.27,53.03
2026-07-30T01:00:00+03:00,01:00,1998.0,42.25,37.18
2026-07-30T02:00:00+03:00,02:00,1994.94,42.19,37.12
2026-07-30T03:00:00+03:00,03:00,1999.98,42.29,37.21
2026-07-30T04:00:00+03:00,04:00,1949.99,41.23,36.28
2026-07-30T05:00:00+03:00,05:00,1555.99,32.9,28.95
2026-07-30T06:00:00+03:00,06:00,1997.99,42.25,37.18
2026-07-30T07:00:00+03:00,07:00,998.0,21.1,18.57
2026-07-30T08:00:00+03:00,08:00,2100.0,44.41,39.07
2026-07-30T09:00:00+03:00,09:00,1499.97,31.72,27.91
2026-07-30T10:00:00+03:00,10:00,1400.0,29.6,26.05
2026-07-30T11:00:00+03:00,11:00,1249.99,26.43,23.26
2026-07-30T12:00:00+03:00,12:00,310.01,6.56,5.77
2026-07-30T13:00:00+03:00,13:00,1000.0,21.15,18.61
2026-07-30T14:00:00+03:00,14:00,800.0,16.92,14.89
2026-07-30T15:00:00+03:00,15:00,1556.0,32.9,28.95
2026-07-30T16:00:00+03:00,16:00,1509.44,31.92,28.09
2026-07-30T17:00:00+03:00,17:00,2200.0,46.52,40.93
2026-07-30T18:00:00+03:00,18:00,2451.0,51.83,45.6
2026-07-30T19:00:00+03:00,19:00,4000.0,84.58,74.43
2026-07-30T20:00:00+03:00,20:00,4199.47,88.8,78.14
2026-07-30T21:00:00+03:00,21:00,4099.99,86.7,76.29
2026-07-30T22:00:00+03:00,22:00,3349.01,70.82,62.31
2026-07-30T23:00:00+03:00,23:00,2999.99,63.44,55.82
2026-07-31T00:00:00+03:00,00:00,2388.01,50.48,44.32
2026-07-31T01:00:00+03:00,01:00,2153.63,45.52,39.97
2026-07-31T02:00:00+03:00,02:00,1671.99,35.34,31.03
2026-07-31T03:00:00+03:00,03:00,1800.01,38.05,33.4
2026-07-31T04:00:00+03:00,04:00,1750.0,36.99,32.48
2026-07-31T05:00:00+03:00,05:00,1750.0,36.99,32.48
2026-07-31T06:00:00+03:00,06:00,2100.0,44.39,38.97
2026-07-31T07:00:00+03:00,07:00,1042.0,22.03,19.34
2026-07-31T08:00:00+03:00,08:00,2305.0,48.72,42.77
2026-07-31T09:00:00+03:00,09:00,1999.98,42.28,37.11
2026-07-31T10:00:00+03:00,10:00,1200.0,25.37,22.27
2026-07-31T11:00:00+03:00,11:00,1499.97,31.71,27.84
2026-07-31T12:00:00+03:00,12:00,455.99,9.64,8.46
2026-07-31T13:00:00+03:00,13:00,550.0,11.63,10.21
2026-07-31T14:00:00+03:00,14:00,2400.0,50.73,44.54
2026-07-31T15:00:00+03:00,15:00,1499.97,31.71,27.84
2026-07-31T16:00:00+03:00,16:00,1550.0,32.76,28.76
2026-07-31T17:00:00+03:00,17:00,2400.0,50.73,44.54
2026-07-31T18:00:00+03:00,18:00,2849.99,60.24,52.89
2026-07-31T19:00:00+03:00,19:00,4099.99,86.67,76.08
2026-07-31T20:00:00+03:00,20:00,4200.01,88.78,77.94
2026-07-31T21:00:00+03:00,21:00,3895.0,82.33,72.28
2026-07-31T22:00:00+03:00,22:00,3023.61,63.91,56.11
2026-07-31T23:00:00+03:00,23:00,2790.01,58.98,51.78
2026-08-01T00:00:00+03:00,00:00,3023.6,63.89,55.76
2026-08-01T01:00:00+03:00,01:00,3000.0,63.39,55.32
2026-08-01T02:00:00+03:00,02:00,2849.99,60.22,52.56
2026-08-01T03:00:00+03:00,03:00,2874.99,60.75,53.02
2026-08-01T04:00:00+03:00,04:00,2750.0,58.11,50.71
2026-08-01T05:00:00+03:00,05:00,2399.99,50.71,44.26
2026-08-01T06:00:00+03:00,06:00,2999.99,63.39,55.32
2026-08-01T07:00:00+03:00,07:00,1400.0,29.58,25.82
2026-08-01T08:00:00+03:00,08:00,1200.0,25.36,22.13
2026-08-01T09:00:00+03:00,09:00,998.0,21.09,18.4
2026-08-01T10:00:00+03:00,10:00,500.0,10.56,9.22
2026-08-01T11:00:00+03:00,11:00,998.0,21.09,18.4
2026-08-01T12:00:00+03:00,12:00,350.0,7.4,6.45
2026-08-01T13:00:00+03:00,13:00,1400.0,29.58,25.82
2026-08-01T14:00:00+03:00,14:00,2644.49,55.88,48.77
2026-08-01T15:00:00+03:00,15:00,1499.97,31.69,27.66
2026-08-01T16:00:00+03:00,16:00,1499.99,31.69,27.66
2026-08-01T17:00:00+03:00,17:00,2300.01,48.6,42.41
2026-08-01T18:00:00+03:00,18:00,2330.01,49.23,42.97
2026-08-01T19:00:00+03:00,19:00,4127.0,87.2,76.11
2026-08-01T20:00:00+03:00,20:00,4300.01,90.86,79.3
2026-08-01T21:00:00+03:00,21:00,4200.01,88.74,77.45
2026-08-01T22:00:00+03:00,22:00,3499.97,73.95,64.54
2026-08-01T23:00:00+03:00,23:00,3407.01,71.99,62.83
2026-08-02T00:00:00+03:00,00:00,4000.0,84.49,73.42
2026-08-02T01:00:00+03:00,01:00,3787.99,80.01,69.52
2026-08-02T02:00:00+03:00,02:00,2912.68,61.52,53.46
2026-08-02T03:00:00+03:00,03:00,3000.0,63.36,55.06
2026-08-02T04:00:00+03:00,04:00,3400.0,71.81,62.4
2026-08-02T05:00:00+03:00,05:00,3249.99,68.64,59.65
2026-08-02T06:00:00+03:00,06:00,2499.99,52.8,45.88
2026-08-02T07:00:00+03:00,07:00,1499.98,31.68,27.53
2026-08-02T08:00:00+03:00,08:00,1499.97,31.68,27.53
2026-08-02T09:00:00+03:00,09:00,500.0,10.56,9.18
2026-08-02T10:00:00+03:00,10:00,250.35,5.29,4.59
2026-08-02T11:00:00+03:00,11:00,300.01,6.34,5.51
2026-08-02T12:00:00+03:00,12:00,300.01,6.34,5.51
2026-08-02T13:00:00+03:00,13:00,1027.0,21.69,18.85
2026-08-02T14:00:00+03:00,14:00,1556.0,32.87,28.56
2026-08-02T15:00:00+03:00,15:00,1556.0,32.87,28.56
2026-08-02T16:00:00+03:00,16:00,2498.0,52.76,45.85
2026-08-02T17:00:00+03:00,17:00,1499.98,31.68,27.53
2026-08-02T18:00:00+03:00,18:00,2498.0,52.76,45.85
2026-08-02T19:00:00+03:00,19:00,3299.99,69.7,60.57
2026-08-02T20:00:00+03:00,20:00,3875.99,81.87,71.14
2026-08-02T21:00:00+03:00,21:00,4000.01,84.49,73.42
2026-08-02T22:00:00+03:00,22:00,3397.18,71.75,62.35
2026-08-02T23:00:00+03:00,23:00,3397.18,71.75,62.35
2026-08-03T00:00:00+03:00,00:00,3500.0,73.93,64.24
2026-08-03T01:00:00+03:00,01:00,3000.0,63.36,55.06
2026-08-03T02:00:00+03:00,02:00,3130.69,66.12,57.46
2026-08-03T03:00:00+03:00,03:00,3101.99,65.52,56.93
2026-08-03T04:00:00+03:00,04:00,3370.01,71.18,61.85
2026-08-03T05:00:00+03:00,05:00,3250.0,68.64,59.65
2026-08-03T06:00:00+03:00,06:00,2999.99,63.36,55.06
2026-08-03T07:00:00+03:00,07:00,2700.0,57.03,49.56
2026-08-03T08:00:00+03:00,08:00,3802.29,80.31,69.79
2026-08-03T09:00:00+03:00,09:00,3600.0,76.04,66.07
2026-08-03T10:00:00+03:00,10:00,2999.99,63.36,55.06
2026-08-03T11:00:00+03:00,11:00,3437.01,72.59,63.08
2026-08-03T12:00:00+03:00,12:00,2330.0,49.21,42.76
2026-08-03T13:00:00+03:00,13:00,3437.01,72.59,63.08
2026-08-03T14:00:00+03:00,14:00,3437.0,72.59,63.08
2026-08-03T15:00:00+03:00,15:00,3123.49,65.97,57.33
2026-08-03T16:00:00+03:00,16:00,3101.99,65.52,56.93
2026-08-03T17:00:00+03:00,17:00,3800.0,80.26,69.75
2026-08-03T18:00:00+03:00,18:00,3930.17,83.01,72.13
2026-08-03T19:00:00+03:00,19:00,4499.99,95.05,82.59
2026-08-03T20:00:00+03:00,20:00,4500.0,95.05,82.59
2026-08-03T21:00:00+03:00,21:00,4400.01,92.93,80.76
2026-08-03T22:00:00+03:00,22:00,3500.0,73.93,64.24
2026-08-03T23:00:00+03:00,23:00,3436.01,72.57,63.06
2026-08-04T00:00:00+03:00,00:00,3444.01,72.74,63.21
2026-08-04T01:00:00+03:00,01:00,3544.86,74.87,65.06
2026-08-04T02:00:00+03:00,02:00,3370.01,71.18,61.85
2026-08-04T03:00:00+03:00,03:00,3000.0,63.36,55.06
2026-08-04T04:00:00+03:00,04:00,3300.0,69.7,60.57
2026-08-04T05:00:00+03:00,05:00,3300.0,69.7,60.57
2026-08-04T06:00:00+03:00,06:00,3599.99,76.04,66.07
2026-08-04T07:00:00+03:00,07:00,2400.0,50.69,44.05
2026-08-04T08:00:00+03:00,08:00,3299.99,69.7,60.57
2026-08-04T09:00:00+03:00,09:00,2999.99,63.36,55.06
2026-08-04T10:00:00+03:00,10:00,2199.01,46.45,40.36
2026-08-04T11:00:00+03:00,11:00,2330.01,49.21,42.76
2026-08-04T12:00:00+03:00,12:00,1470.4,31.06,26.99
2026-08-04T13:00:00+03:00,13:00,2199.99,46.47,40.38
2026-08-04T14:00:00+03:00,14:00,2300.0,48.58,42.21
2026-08-04T15:00:00+03:00,15:00,2673.86,56.48,49.08
2026-08-04T16:00:00+03:00,16:00,3743.0,79.06,68.7
2026-08-04T17:00:00+03:00,17:00,3597.0,75.97,66.02
2026-08-04T18:00:00+03:00,18:00,3524.01,74.43,64.68
2026-08-04T19:00:00+03:00,19:00,4394.94,92.83,80.66
2026-08-04T20:00:00+03:00,20:00,4404.99,93.04,80.85
2026-08-04T21:00:00+03:00,21:00,4399.0,92.91,80.74
2026-08-04T22:00:00+03:00,22:00,3742.99,79.06,68.7
2026-08-04T23:00:00+03:00,23:00,3398.95,71.79,62.38
2026-08-05T00:00:00+03:00,00:00,3600.0,75.87,65.83
2026-08-05T01:00:00+03:00,01:00,3250.01,68.49,59.43
2026-08-05T02:00:00+03:00,02:00,3483.43,73.41,63.7
2026-08-05T03:00:00+03:00,03:00,3250.0,68.49,59.43
2026-08-05T04:00:00+03:00,04:00,3463.99,73.0,63.34
2026-08-05T05:00:00+03:00,05:00,3463.99,73.0,63.34
2026-08-05T06:00:00+03:00,06:00,3262.49,68.76,59.66
2026-08-05T07:00:00+03:00,07:00,2600.0,54.79,47.54
2026-08-05T08:00:00+03:00,08:00,3183.22,67.09,58.21
2026-08-05T09:00:00+03:00,09:00,2984.13,62.89,54.57
2026-08-05T10:00:00+03:00,10:00,2000.0,42.15,36.57
2026-08-05T11:00:00+03:00,11:00,2451.0,51.65,44.82
2026-08-05T12:00:00+03:00,12:00,1499.97,31.61,27.43
2026-08-05T13:00:00+03:00,13:00,2739.19,57.73,50.09
2026-08-05T14:00:00+03:00,14:00,2994.99,63.12,54.76
2026-08-05T15:00:00+03:00,15:00,3190.0,67.23,58.33
2026-08-05T16:00:00+03:00,16:00,3483.43,73.41,63.7
2026-08-05T17:00:00+03:00,17:00,3499.0,73.74,63.98
2026-08-05T18:00:00+03:00,18:00,3400.0,71.65,62.17
2026-08-05T19:00:00+03:00,19:00,4150.0,87.46,75.88
2026-08-05T20:00:00+03:00,20:00,4300.01,90.62,78.63
2026-08-05T21:00:00+03:00,21:00,4184.68,88.19,76.52
2026-08-05T22:00:00+03:00,22:00,3484.01,73.43,63.71
2026-08-05T23:00:00+03:00,23:00,3359.41,70.8,61.43
2026-08-06T00:00:00+03:00,00:00,3600.0,75.84,65.88
2026-08-06T01:00:00+03:00,01:00,3200.01,67.41,58.56
2026-08-06T02:00:00+03:00,02:00,3175.86,66.9,58.12
2026-08-06T03:00:00+03:00,03:00,3376.23,71.12,61.79
2026-08-06T04:00:00+03:00,04:00,3529.99,74.36,64.6
2026-08-06T05:00:00+03:00,05:00,3490.0,73.52,63.87
2026-08-06T06:00:00+03:00,06:00,2899.01,61.07,53.06
2026-08-06T07:00:00+03:00,07:00,2300.01,48.45,42.09
2026-08-06T08:00:00+03:00,08:00,3400.0,71.63,62.22
2026-08-06T09:00:00+03:00,09:00,3023.6,63.7,55.34
2026-08-06T10:00:00+03:00,10:00,2320.0,48.87,42.46
2026-08-06T11:00:00+03:00,11:00,2350.0,49.51,43.01
2026-08-06T12:00:00+03:00,12:00,1499.98,31.6,27.45
2026-08-06T13:00:00+03:00,13:00,2785.69,58.68,50.98
2026-08-06T14:00:00+03:00,14:00,3000.0,63.2,54.9
2026-08-06T15:00:00+03:00,15:00,3329.35,70.14,60.93
2026-08-06T16:00:00+03:00,16:00,3400.01,71.63,62.22
2026-08-06T17:00:00+03:00,17:00,3829.14,80.67,70.08
2026-08-06T18:00:00+03:00,18:00,3709.08,78.14,67.88
2026-08-06T19:00:00+03:00,19:00,4273.95,90.04,78.22
2026-08-06T20:00:00+03:00,20:00,4400.0,92.69,80.53
2026-08-06T21:00:00+03:00,21:00,4300.01,90.58,78.7
2026-08-06T22:00:00+03:00,22:00,4000.0,84.26,73.2
2026-08-06T23:00:00+03:00,23:00,3542.44,74.63,64.83
2026-08-07T00:00:00+03:00,00:00,3594.01,75.68,65.57
2026-08-07T01:00:00+03:00,01:00,3500.01,73.7,63.86
2026-08-07T02:00:00+03:00,02:00,3300.0,69.49,60.21
2026-08-07T03:00:00+03:00,03:00,3023.61,63.67,55.17
2026-08-07T04:00:00+03:00,04:00,3366.0,70.88,61.41
2026-08-07T05:00:00+03:00,05:00,3430.0,72.23,62.58
2026-08-07T06:00:00+03:00,06:00,3400.0,71.6,62.03
2026-08-07T07:00:00+03:00,07:00,2499.99,52.64,45.61
2026-08-07T08:00:00+03:00,08:00,3600.0,75.81,65.68
2026-08-07T09:00:00+03:00,09:00,3465.01,72.97,63.22
2026-08-07T10:00:00+03:00,10:00,2858.0,60.18,52.14
2026-08-07T11:00:00+03:00,11:00,2900.0,61.07,52.91
2026-08-07T12:00:00+03:00,12:00,1499.98,31.59,27.37
2026-08-07T13:00:00+03:00,13:00,2278.98,47.99,41.58
2026-08-07T14:00:00+03:00,14:00,3395.0,71.49,61.94
2026-08-07T15:00:00+03:00,15:00,3400.01,71.6,62.03
2026-08-07T16:00:00+03:00,16:00,3400.01,71.6,62.03
2026-08-07T17:00:00+03:00,17:00,3784.14,79.69,69.04
2026-08-07T18:00:00+03:00,18:00,3999.99,84.23,72.98
2026-08-07T19:00:00+03:00,19:00,4199.47,88.43,76.62
2026-08-07T20:00:00+03:00,20:00,4400.01,92.66,80.28
2026-08-07T21:00:00+03:00,21:00,4200.01,88.44,76.63
2026-08-07T22:00:00+03:00,22:00,3999.99,84.23,72.98
2026-08-07T23:00:00+03:00,23:00,3594.01,75.68,65.57
2026-08-08T00:00:00+03:00,00:00,3998.0,84.16,72.91
2026-08-08T01:00:00+03:00,01:00,3369.69,70.93,61.45
2026-08-08T02:00:00+03:00,02:00,3200.0,67.36,58.36
2026-08-08T03:00:00+03:00,03:00,3023.61,63.65,55.14
2026-08-08T04:00:00+03:00,04:00,3010.0,63.36,54.89
2026-08-08T05:00:00+03:00,05:00,3517.31,74.04,64.14
2026-08-08T06:00:00+03:00,06:00,3500.0,73.68,63.83
2026-08-08T07:00:00+03:00,07:00,2099.99,44.21,38.3
2026-08-08T08:00:00+03:00,08:00,1499.99,31.58,27.35
2026-08-08T09:00:00+03:00,09:00,1749.99,36.84,31.91
2026-08-08T10:00:00+03:00,10:00,1556.0,32.75,28.38
2026-08-08T11:00:00+03:00,11:00,1999.99,42.1,36.47
2026-08-08T12:00:00+03:00,12:00,925.01,19.47,16.87
2026-08-08T13:00:00+03:00,13:00,1499.98,31.57,27.35
2026-08-08T14:00:00+03:00,14:00,1499.99,31.58,27.35
2026-08-08T15:00:00+03:00,15:00,1499.99,31.58,27.35
2026-08-08T16:00:00+03:00,16:00,2330.0,49.05,42.49
2026-08-08T17:00:00+03:00,17:00,3400.01,71.57,62.0
2026-08-08T18:00:00+03:00,18:00,3490.01,73.47,63.64
2026-08-08T19:00:00+03:00,19:00,3999.01,84.18,72.93
2026-08-08T20:00:00+03:00,20:00,4059.02,85.44,74.02
2026-08-08T21:00:00+03:00,21:00,3999.99,84.2,72.95
2026-08-08T22:00:00+03:00,22:00,3460.0,72.83,63.1
2026-08-08T23:00:00+03:00,23:00,3400.01,71.57,62.0
2026-08-09T00:00:00+03:00,00:00,3899.96,82.06,71.2
2026-08-09T01:00:00+03:00,01:00,2999.99,63.13,54.77
2026-08-09T02:00:00+03:00,02:00,2699.99,56.81,49.29
2026-08-09T03:00:00+03:00,03:00,3000.0,63.13,54.77
2026-08-09T04:00:00+03:00,04:00,2640.0,55.55,48.2
2026-08-09T05:00:00+03:00,05:00,2639.99,55.55,48.2
2026-08-09T06:00:00+03:00,06:00,2874.99,60.5,52.49
2026-08-09T07:00:00+03:00,07:00,1236.51,26.02,22.57
2026-08-09T08:00:00+03:00,08:00,250.0,5.26,4.56
2026-08-09T09:00:00+03:00,09:00,200.01,4.21,3.65
2026-08-09T10:00:00+03:00,10:00,175.0,3.68,3.19
2026-08-09T11:00:00+03:00,11:00,180.0,3.79,3.29
2026-08-09T12:00:00+03:00,12:00,180.01,3.79,3.29
2026-08-09T13:00:00+03:00,13:00,196.0,4.12,3.58
2026-08-09T14:00:00+03:00,14:00,175.0,3.68,3.19
2026-08-09T15:00:00+03:00,15:00,248.0,5.22,4.53
2026-08-09T16:00:00+03:00,16:00,545.59,11.48,9.96
2026-08-09T17:00:00+03:00,17:00,2121.71,44.65,38.74
2026-08-09T18:00:00+03:00,18:00,2499.01,52.59,45.62
2026-08-09T19:00:00+03:00,19:00,3900.0,82.07,71.2
2026-08-09T20:00:00+03:00,20:00,3999.99,84.17,73.03
2026-08-09T21:00:00+03:00,21:00,3899.99,82.07,71.2
2026-08-09T22:00:00+03:00,22:00,3500.0,73.65,63.9
2026-08-09T23:00:00+03:00,23:00,3463.21,72.87,63.23
2026-08-10T00:00:00+03:00,00:00,3800.0,79.96,69.37
2026-08-10T01:00:00+03:00,01:00,2639.99,55.55,48.2
2026-08-10T02:00:00+03:00,02:00,1800.0,37.88,32.86
2026-08-10T03:00:00+03:00,03:00,1750.0,36.82,31.95
2026-08-10T04:00:00+03:00,04:00,1999.99,42.08,36.51
2026-08-10T05:00:00+03:00,05:00,2200.01,46.29,40.16
2026-08-10T06:00:00+03:00,06:00,1700.0,35.77,31.04
2026-08-10T07:00:00+03:00,07:00,1250.0,26.3,22.82
2026-08-10T08:00:00+03:00,08:00,2149.99,45.24,39.25
2026-08-10T09:00:00+03:00,09:00,2149.99,45.24,39.25
2026-08-10T10:00:00+03:00,10:00,1499.98,31.56,27.38
2026-08-10T11:00:00+03:00,11:00,1706.0,35.9,31.15
2026-08-10T12:00:00+03:00,12:00,1499.97,31.56,27.38
2026-08-10T13:00:00+03:00,13:00,2500.01,52.61,45.64
2026-08-10T14:00:00+03:00,14:00,3487.37,73.38,63.67
2026-08-10T15:00:00+03:00,15:00,2999.0,63.11,54.75
2026-08-10T16:00:00+03:00,16:00,3658.01,76.97,66.78
2026-08-10T17:00:00+03:00,17:00,3983.88,83.83,72.73
2026-08-10T18:00:00+03:00,18:00,3794.01,79.84,69.27
2026-08-10T19:00:00+03:00,19:00,4025.57,84.71,73.49
2026-08-10T20:00:00+03:00,20:00,4300.0,90.48,78.5
2026-08-10T21:00:00+03:00,21:00,4000.01,84.17,73.03
2026-08-10T22:00:00+03:00,22:00,3600.0,75.75,65.72
2026-08-10T23:00:00+03:00,23:00,3483.43,73.3,63.6
2026-08-11T00:00:00+03:00,00:00,3562.72,74.97,65.04
2026-08-11T01:00:00+03:00,01:00,3300.0,69.44,60.25
2026-08-11T02:00:00+03:00,02:00,3225.0,67.86,58.88
2026-08-11T03:00:00+03:00,03:00,3000.0,63.13,54.77
2026-08-11T04:00:00+03:00,04:00,3000.01,63.13,54.77
2026-08-11T05:00:00+03:00,05:00,3200.0,67.34,58.42
2026-08-11T06:00:00+03:00,06:00,2887.17,60.75,52.71
2026-08-11T07:00:00+03:00,07:00,1999.99,42.08,36.51
2026-08-11T08:00:00+03:00,08:00,3469.0,73.0,63.33
2026-08-11T09:00:00+03:00,09:00,2987.17,62.86,54.54
2026-08-11T10:00:00+03:00,10:00,2484.98,52.29,45.37
2026-08-11T11:00:00+03:00,11:00,2570.01,54.08,46.92
2026-08-11T12:00:00+03:00,12:00,1559.52,32.82,28.47
2026-08-11T13:00:00+03:00,13:00,2800.01,58.92,51.12
2026-08-11T14:00:00+03:00,14:00,3285.99,69.15,59.99
2026-08-11T15:00:00+03:00,15:00,2900.0,61.02,52.94
2026-08-11T16:00:00+03:00,16:00,3286.0,69.15,59.99
2026-08-11T17:00:00+03:00,17:00,3651.0,76.83,66.65
2026-08-11T18:00:00+03:00,18:00,3580.0,75.33,65.36
2026-08-11T19:00:00+03:00,19:00,4000.01,84.17,73.03
2026-08-11T20:00:00+03:00,20:00,4299.02,90.46,78.49
2026-08-11T21:00:00+03:00,21:00,4082.19,85.9,74.53
2026-08-11T22:00:00+03:00,22:00,3000.0,63.13,54.77
2026-08-11T23:00:00+03:00,23:00,3457.18,72.75,63.12
2026-08-12T00:00:00+03:00,00:00,3850.01,80.84,69.95
2026-08-12T01:00:00+03:00,01:00,3267.18,68.6,59.36
2026-08-12T02:00:00+03:00,02:00,3000.0,62.99,54.5
2026-08-12T03:00:00+03:00,03:00,3267.18,68.6,59.36
2026-08-12T04:00:00+03:00,04:00,3300.0,69.29,59.95
2026-08-12T05:00:00+03:00,05:00,3499.99,73.49,63.59
2026-08-12T06:00:00+03:00,06:00,3285.99,69.0,59.7
2026-08-12T07:00:00+03:00,07:00,2200.01,46.19,39.97
2026-08-12T08:00:00+03:00,08:00,3100.01,65.09,56.32
2026-08-12T09:00:00+03:00,09:00,2800.01,58.79,50.87
2026-08-12T10:00:00+03:00,10:00,1998.99,41.97,36.32
2026-08-12T11:00:00+03:00,11:00,2330.0,48.92,42.33
2026-08-12T12:00:00+03:00,12:00,1256.0,26.37,22.82
2026-08-12T13:00:00+03:00,13:00,2500.0,52.49,45.42
2026-08-12T14:00:00+03:00,14:00,2370.0,49.76,43.06
2026-08-12T15:00:00+03:00,15:00,2295.87,48.21,41.71
2026-08-12T16:00:00+03:00,16:00,3296.04,69.21,59.88
2026-08-12T17:00:00+03:00,17:00,3753.72,78.82,68.2
2026-08-12T18:00:00+03:00,18:00,3366.0,70.68,61.15
2026-08-12T19:00:00+03:00,19:00,3700.0,77.69,67.22
2026-08-12T20:00:00+03:00,20:00,4000.0,83.99,72.67
2026-08-12T21:00:00+03:00,21:00,3722.07,78.15,67.62
2026-08-12T22:00:00+03:00,22:00,3534.01,74.2,64.21
2026-08-12T23:00:00+03:00,23:00,3400.01,71.39,61.77
2026-08-13T00:00:00+03:00,00:00,3496.13,73.37,63.6
2026-08-13T01:00:00+03:00,01:00,2992.0,62.79,54.43
2026-08-13T02:00:00+03:00,02:00,2700.09,56.66,49.12
2026-08-13T03:00:00+03:00,03:00,2700.0,56.66,49.12
2026-08-13T04:00:00+03:00,04:00,2500.01,52.47,45.48
2026-08-13T05:00:00+03:00,05:00,2800.0,58.76,50.94
2026-08-13T06:00:00+03:00,06:00,2700.0,56.66,49.12
2026-08-13T07:00:00+03:00,07:00,1499.98,31.48,27.29
2026-08-13T08:00:00+03:00,08:00,2399.99,50.37,43.66
2026-08-13T09:00:00+03:00,09:00,2199.01,46.15,40.0
2026-08-13T10:00:00+03:00,10:00,1987.18,41.7,36.15
2026-08-13T11:00:00+03:00,11:00,2100.0,44.07,38.2
2026-08-13T12:00:00+03:00,12:00,1000.01,20.99,18.19
2026-08-13T13:00:00+03:00,13:00,1999.98,41.97,36.38
2026-08-13T14:00:00+03:00,14:00,3000.0,62.96,54.58
2026-08-13T15:00:00+03:00,15:00,2899.01,60.84,52.74
2026-08-13T16:00:00+03:00,16:00,2999.01,62.94,54.56
2026-08-13T17:00:00+03:00,17:00,3121.06,65.5,56.78
2026-08-13T18:00:00+03:00,18:00,3000.0,62.96,54.58
2026-08-13T19:00:00+03:00,19:00,3876.0,81.34,70.51
2026-08-13T20:00:00+03:00,20:00,4000.0,83.94,72.77
2026-08-13T21:00:00+03:00,21:00,3860.0,81.01,70.22
2026-08-13T22:00:00+03:00,22:00,3387.18,71.08,61.62
2026-08-13T23:00:00+03:00,23:00,2330.01,48.9,42.39
2026-08-14T00:00:00+03:00,00:00,3479.51,72.99,63.27
2026-08-14T01:00:00+03:00,01:00,2984.98,62.62,54.27
2026-08-14T02:00:00+03:00,02:00,2284.5,47.93,41.54
2026-08-14T03:00:00+03:00,03:00,1990.01,41.75,36.18
2026-08-14T04:00:00+03:00,04:00,1900.0,39.86,34.55
2026-08-14T05:00:00+03:00,05:00,2002.02,42.0,36.4
2026-08-14T06:00:00+03:00,06:00,2099.99,44.05,38.18
2026-08-14T07:00:00+03:00,07:00,1484.85,31.15,27.0
2026-08-14T08:00:00+03:00,08:00,2682.0,56.26,48.76
2026-08-14T09:00:00+03:00,09:00,1999.98,41.96,36.36
2026-08-14T10:00:00+03:00,10:00,1996.0,41.87,36.29
2026-08-14T11:00:00+03:00,11:00,2199.99,46.15,40.0
2026-08-14T12:00:00+03:00,12:00,1499.97,31.47,27.27
2026-08-14T13:00:00+03:00,13:00,1999.98,41.96,36.36
2026-08-14T14:00:00+03:00,14:00,3075.01,64.51,55.91
2026-08-14T15:00:00+03:00,15:00,2999.99,62.94,54.55
2026-08-14T16:00:00+03:00,16:00,2999.99,62.94,54.55
2026-08-14T17:00:00+03:00,17:00,3636.01,76.28,66.11
2026-08-14T18:00:00+03:00,18:00,3600.0,75.52,65.46
2026-08-14T19:00:00+03:00,19:00,3744.48,78.55,68.08
2026-08-14T20:00:00+03:00,20:00,4142.43,86.9,75.32
2026-08-14T21:00:00+03:00,21:00,3974.88,83.39,72.27
2026-08-14T22:00:00+03:00,22:00,3385.0,71.01,61.55
2026-08-14T23:00:00+03:00,23:00,3536.0,74.18,64.29
2026-08-15T00:00:00+03:00,00:00,3500.0,73.4,63.66
2026-08-15T01:00:00+03:00,01:00,2995.01,62.81,54.48
2026-08-15T02:00:00+03:00,02:00,2519.99,52.85,45.84
2026-08-15T03:00:00+03:00,03:00,2279.99,47.81,41.47
2026-08-15T04:00:00+03:00,04:00,2279.99,47.81,41.47
2026-08-15T05:00:00+03:00,05:00,2400.0,50.33,43.66
2026-08-15T06:00:00+03:00,06:00,2520.0,52.85,45.84
2026-08-15T07:00:00+03:00,07:00,1629.99,34.18,29.65
2026-08-15T08:00:00+03:00,08:00,1587.0,33.28,28.87
2026-08-15T09:00:00+03:00,09:00,1389.98,29.15,25.28
2026-08-15T10:00:00+03:00,10:00,1065.01,22.33,19.37
2026-08-15T11:00:00+03:00,11:00,1299.99,27.26,23.65
2026-08-15T12:00:00+03:00,12:00,989.89,20.76,18.01
2026-08-15T13:00:00+03:00,13:00,1499.99,31.46,27.28
2026-08-15T14:00:00+03:00,14:00,2012.0,42.19,36.6
2026-08-15T15:00:00+03:00,15:00,1400.01,29.36,25.47
2026-08-15T16:00:00+03:00,16:00,2012.0,42.19,36.6
2026-08-15T17:00:00+03:00,17:00,3100.01,65.01,56.39
2026-08-15T18:00:00+03:00,18:00,3464.99,72.66,63.03
2026-08-15T19:00:00+03:00,19:00,3694.0,77.47,67.19
2026-08-15T20:00:00+03:00,20:00,3894.99,81.68,70.85
2026-08-15T21:00:00+03:00,21:00,3744.47,78.52,68.11
2026-08-15T22:00:00+03:00,22:00,3250.01,68.15,59.12
2026-08-15T23:00:00+03:00,23:00,3096.99,64.95,56.33
2026-08-16T00:00:00+03:00,00:00,3184.0,66.72,57.74
2026-08-16T01:00:00+03:00,01:00,3029.99,63.49,54.95
2026-08-16T02:00:00+03:00,02:00,2894.0,60.64,52.49
2026-08-16T03:00:00+03:00,03:00,3055.0,64.02,55.41
2026-08-16T04:00:00+03:00,04:00,3200.01,67.06,58.04
2026-08-16T05:00:00+03:00,05:00,3494.48,73.23,63.38
2026-08-16T06:00:00+03:00,06:00,3766.93,78.94,68.32
2026-08-16T07:00:00+03:00,07:00,2498.03,52.35,45.3
2026-08-16T08:00:00+03:00,08:00,999.99,20.96,18.14
2026-08-16T09:00:00+03:00,09:00,574.99,12.05,10.43
2026-08-16T10:00:00+03:00,10:00,303.0,6.35,5.5
2026-08-16T11:00:00+03:00,11:00,350.0,7.33,6.35
2026-08-16T12:00:00+03:00,12:00,499.99,10.48,9.07
2026-08-16T13:00:00+03:00,13:00,1499.98,31.43,27.2
2026-08-16T14:00:00+03:00,14:00,2893.99,60.64,52.49
2026-08-16T15:00:00+03:00,15:00,1499.99,31.43,27.2
2026-08-16T16:00:00+03:00,16:00,1556.0,32.61,28.22
2026-08-16T17:00:00+03:00,17:00,2990.01,62.66,54.23
2026-08-16T18:00:00+03:00,18:00,3344.99,70.1,60.66
2026-08-16T19:00:00+03:00,19:00,3584.01,75.1,65.0
2026-08-16T20:00:00+03:00,20:00,3795.01,79.53,68.83
2026-08-16T21:00:00+03:00,21:00,3800.0,79.63,68.92
2026-08-16T22:00:00+03:00,22:00,3590.0,75.23,65.11
2026-08-16T23:00:00+03:00,23:00,3665.01,76.8,66.47
2026-08-17T00:00:00+03:00,00:00,3584.0,75.1,65.0
2026-08-17T01:00:00+03:00,01:00,3200.0,67.06,58.04
2026-08-17T02:00:00+03:00,02:00,3200.0,67.06,58.04
2026-08-17T03:00:00+03:00,03:00,3000.0,62.87,54.41
2026-08-17T04:00:00+03:00,04:00,2799.18,58.66,50.77
2026-08-17T05:00:00+03:00,05:00,2900.01,60.77,52.59
2026-08-17T06:00:00+03:00,06:00,3075.0,64.44,55.77
2026-08-17T07:00:00+03:00,07:00,2400.0,50.29,43.53
2026-08-17T08:00:00+03:00,08:00,3875.0,81.2,70.28
2026-08-17T09:00:00+03:00,09:00,3700.0,77.53,67.1
2026-08-17T10:00:00+03:00,10:00,2879.99,60.35,52.23
2026-08-17T11:00:00+03:00,11:00,3232.0,67.73,58.62
2026-08-17T12:00:00+03:00,12:00,2799.18,58.66,50.77
2026-08-17T13:00:00+03:00,13:00,3500.0,73.34,63.48
2026-08-17T14:00:00+03:00,14:00,3482.3,72.97,63.15
2026-08-17T15:00:00+03:00,15:00,3023.61,63.36,54.84
2026-08-17T16:00:00+03:00,16:00,3232.0,67.73,58.62
2026-08-17T17:00:00+03:00,17:00,3974.74,83.29,72.09
2026-08-17T18:00:00+03:00,18:00,3733.53,78.24,67.71
2026-08-17T19:00:00+03:00,19:00,4299.94,90.11,77.98
2026-08-17T20:00:00+03:00,20:00,4500.0,94.3,81.61
2026-08-17T21:00:00+03:00,21:00,4299.93,90.11,77.98
2026-08-17T22:00:00+03:00,22:00,3768.0,78.96,68.34
2026-08-17T23:00:00+03:00,23:00,3480.0,72.92,63.11
2026-08-18T00:00:00+03:00,00:00,3999.99,83.82,72.54
2026-08-18T01:00:00+03:00,01:00,3433.98,71.96,62.28
2026-08-18T02:00:00+03:00,02:00,3365.08,70.52,61.03
2026-08-18T03:00:00+03:00,03:00,3400.01,71.25,61.66
2026-08-18T04:00:00+03:00,04:00,3433.99,71.96,62.28
2026-08-18T05:00:00+03:00,05:00,3498.99,73.32,63.46
2026-08-18T06:00:00+03:00,06:00,3496.93,73.28,63.42
2026-08-18T07:00:00+03:00,07:00,2973.74,62.32,53.93
2026-08-18T08:00:00+03:00,08:00,3773.79,79.08,68.44
2026-08-18T09:00:00+03:00,09:00,3023.6,63.36,54.84
2026-08-18T10:00:00+03:00,10:00,2330.0,48.83,42.26
2026-08-18T11:00:00+03:00,11:00,2330.0,48.83,42.26
2026-08-18T12:00:00+03:00,12:00,1499.97,31.43,27.2
2026-08-18T13:00:00+03:00,13:00,2330.0,48.83,42.26
2026-08-18T14:00:00+03:00,14:00,2828.01,59.26,51.29
2026-08-18T15:00:00+03:00,15:00,2973.74,62.32,53.93
2026-08-18T16:00:00+03:00,16:00,3741.01,78.39,67.85
2026-08-18T17:00:00+03:00,17:00,3990.01,83.61,72.36
2026-08-18T18:00:00+03:00,18:00,3899.99,81.73,70.73
2026-08-18T19:00:00+03:00,19:00,4500.0,94.3,81.61
2026-08-18T20:00:00+03:00,20:00,4500.0,94.3,81.61
2026-08-18T21:00:00+03:00,21:00,4500.0,94.3,81.61
2026-08-18T22:00:00+03:00,22:00,3494.47,73.23,63.38
2026-08-18T23:00:00+03:00,23:00,3594.01,75.31,65.18
2026-08-19T00:00:00+03:00,00:00,3584.01,74.96,64.64
2026-08-19T01:00:00+03:00,01:00,3476.06,72.7,62.69
2026-08-19T02:00:00+03:00,02:00,3300.0,69.02,59.52
2026-08-19T03:00:00+03:00,03:00,3023.6,63.24,54.53
2026-08-19T04:00:00+03:00,04:00,3250.0,67.98,58.62
2026-08-19T05:00:00+03:00,05:00,3400.0,71.11,61.32
2026-08-19T06:00:00+03:00,06:00,3299.99,69.02,59.52
2026-08-19T07:00:00+03:00,07:00,2941.98,61.53,53.06
2026-08-19T08:00:00+03:00,08:00,3400.0,71.11,61.32
2026-08-19T09:00:00+03:00,09:00,2700.01,56.47,48.7
2026-08-19T10:00:00+03:00,10:00,1700.0,35.56,30.66
2026-08-19T11:00:00+03:00,11:00,1800.0,37.65,32.46
2026-08-19T12:00:00+03:00,12:00,1488.99,31.14,26.86
2026-08-19T13:00:00+03:00,13:00,2470.0,51.66,44.55
2026-08-19T14:00:00+03:00,14:00,2800.01,58.56,50.5
2026-08-19T15:00:00+03:00,15:00,1999.99,41.83,36.07
2026-08-19T16:00:00+03:00,16:00,2999.99,62.75,54.11
2026-08-19T17:00:00+03:00,17:00,3999.99,83.66,72.14
2026-08-19T18:00:00+03:00,18:00,3600.0,75.3,64.93
2026-08-19T19:00:00+03:00,19:00,4372.31,91.45,78.86
2026-08-19T20:00:00+03:00,20:00,4400.01,92.03,79.36
2026-08-19T21:00:00+03:00,21:00,3872.07,80.99,69.84
2026-08-19T22:00:00+03:00,22:00,3376.96,70.63,60.91
2026-08-19T23:00:00+03:00,23:00,3365.99,70.4,60.71
2026-08-20T00:00:00+03:00,00:00,3590.0,75.06,64.84
2026-08-20T01:00:00+03:00,01:00,3393.94,70.96,61.3
2026-08-20T02:00:00+03:00,02:00,3323.7,69.49,60.03
2026-08-20T03:00:00+03:00,03:00,3075.0,64.29,55.54
2026-08-20T04:00:00+03:00,04:00,2899.01,60.61,52.36
2026-08-20T05:00:00+03:00,05:00,3000.0,62.72,54.18
2026-08-20T06:00:00+03:00,06:00,2974.79,62.2,53.73
2026-08-20T07:00:00+03:00,07:00,2470.0,51.64,44.61
2026-08-20T08:00:00+03:00,08:00,2999.99,62.72,54.18
2026-08-20T09:00:00+03:00,09:00,2500.0,52.27,45.15
2026-08-20T10:00:00+03:00,10:00,2295.88,48.0,41.47
2026-08-20T11:00:00+03:00,11:00,2273.98,47.54,41.07
2026-08-20T12:00:00+03:00,12:00,1499.98,31.36,27.09
2026-08-20T13:00:00+03:00,13:00,1999.99,41.82,36.12
2026-08-20T14:00:00+03:00,14:00,2550.0,53.31,46.06
2026-08-20T15:00:00+03:00,15:00,3190.01,66.7,57.62
2026-08-20T16:00:00+03:00,16:00,3390.01,70.88,61.23
2026-08-20T17:00:00+03:00,17:00,3479.51,72.75,62.85
2026-08-20T18:00:00+03:00,18:00,3700.0,77.36,66.83
2026-08-20T19:00:00+03:00,19:00,4250.01,88.86,76.76
2026-08-20T20:00:00+03:00,20:00,4293.95,89.78,77.56
2026-08-20T21:00:00+03:00,21:00,3975.0,83.11,71.79
2026-08-20T22:00:00+03:00,22:00,3495.3,73.08,63.13
2026-08-20T23:00:00+03:00,23:00,3390.0,70.88,61.23
2026-08-21T00:00:00+03:00,00:00,3527.24,73.72,63.55
2026-08-21T01:00:00+03:00,01:00,3446.29,72.03,62.09
2026-08-21T02:00:00+03:00,02:00,3000.0,62.7,54.05
2026-08-21T03:00:00+03:00,03:00,3199.0,66.86,57.63
2026-08-21T04:00:00+03:00,04:00,3264.88,68.24,58.82
2026-08-21T05:00:00+03:00,05:00,3470.19,72.53,62.52
2026-08-21T06:00:00+03:00,06:00,3493.0,73.0,62.93
2026-08-21T07:00:00+03:00,07:00,2700.0,56.43,48.64
2026-08-21T08:00:00+03:00,08:00,3527.25,73.72,63.55
2026-08-21T09:00:00+03:00,09:00,3400.01,71.06,61.25
2026-08-21T10:00:00+03:00,10:00,2243.44,46.89,40.42
2026-08-21T11:00:00+03:00,11:00,2399.99,50.16,43.24
2026-08-21T12:00:00+03:00,12:00,1499.98,31.35,27.02
2026-08-21T13:00:00+03:00,13:00,1999.0,41.78,36.01
2026-08-21T14:00:00+03:00,14:00,2584.21,54.01,46.56
2026-08-21T15:00:00+03:00,15:00,2300.01,48.07,41.44
2026-08-21T16:00:00+03:00,16:00,3244.99,67.82,58.46
2026-08-21T17:00:00+03:00,17:00,3590.0,75.03,64.68
2026-08-21T18:00:00+03:00,18:00,3527.25,73.72,63.55
2026-08-21T19:00:00+03:00,19:00,4250.0,88.83,76.57
2026-08-21T20:00:00+03:00,20:00,4400.0,91.96,79.27
2026-08-21T21:00:00+03:00,21:00,4227.25,88.35,76.16
2026-08-21T22:00:00+03:00,22:00,3599.0,75.22,64.84
2026-08-21T23:00:00+03:00,23:00,3527.24,73.72,63.55
2026-08-22T00:00:00+03:00,00:00,3572.0,74.63,63.81
2026-08-22T01:00:00+03:00,01:00,3611.11,75.44,64.51
2026-08-22T02:00:00+03:00,02:00,3517.77,73.49,62.84
2026-08-22T03:00:00+03:00,03:00,3443.47,71.94,61.52
2026-08-22T04:00:00+03:00,04:00,3000.0,62.68,53.59
2026-08-22T05:00:00+03:00,05:00,3494.0,73.0,62.42
2026-08-22T06:00:00+03:00,06:00,3611.12,75.45,64.51
2026-08-22T07:00:00+03:00,07:00,3333.34,69.64,59.55
2026-08-22T08:00:00+03:00,08:00,3499.99,73.12,62.53
2026-08-22T09:00:00+03:00,09:00,2925.0,61.11,52.25
2026-08-22T10:00:00+03:00,10:00,2300.0,48.05,41.09
2026-08-22T11:00:00+03:00,11:00,2900.01,60.59,51.81
2026-08-22T12:00:00+03:00,12:00,2099.99,43.87,37.52
2026-08-22T13:00:00+03:00,13:00,2999.0,62.66,53.58
2026-08-22T14:00:00+03:00,14:00,3385.01,70.72,60.47
2026-08-22T15:00:00+03:00,15:00,3033.62,63.38,54.2
2026-08-22T16:00:00+03:00,16:00,3517.78,73.5,62.84
2026-08-22T17:00:00+03:00,17:00,3690.01,77.09,65.92
2026-08-22T18:00:00+03:00,18:00,3800.14,79.39,67.89
2026-08-22T19:00:00+03:00,19:00,4500.0,94.02,80.39
2026-08-22T20:00:00+03:00,20:00,4500.0,94.02,80.39
2026-08-22T21:00:00+03:00,21:00,4427.18,92.49,79.09
2026-08-22T22:00:00+03:00,22:00,3788.78,79.16,67.69
2026-08-22T23:00:00+03:00,23:00,3457.78,72.24,61.77
2026-08-23T00:00:00+03:00,00:00,3572.0,74.6,63.77
2026-08-23T01:00:00+03:00,01:00,3489.06,72.87,62.29
2026-08-23T02:00:00+03:00,02:00,3000.0,62.66,53.56
2026-08-23T03:00:00+03:00,03:00,3320.0,69.34,59.27
2026-08-23T04:00:00+03:00,04:00,3380.9,70.61,60.36
2026-08-23T05:00:00+03:00,05:00,3379.93,70.59,60.34
2026-08-23T06:00:00+03:00,06:00,4100.01,85.63,73.19
2026-08-23T07:00:00+03:00,07:00,3000.01,62.66,53.56
2026-08-23T08:00:00+03:00,08:00,1499.97,31.33,26.78
2026-08-23T09:00:00+03:00,09:00,1499.97,31.33,26.78
2026-08-23T10:00:00+03:00,10:00,921.0,19.24,16.44
2026-08-23T11:00:00+03:00,11:00,595.0,12.43,10.62
2026-08-23T12:00:00+03:00,12:00,250.01,5.22,4.46
2026-08-23T13:00:00+03:00,13:00,303.0,6.33,5.41
2026-08-23T14:00:00+03:00,14:00,456.0,9.52,8.14
2026-08-23T15:00:00+03:00,15:00,655.99,13.7,11.71
2026-08-23T16:00:00+03:00,16:00,960.0,20.05,17.14
2026-08-23T17:00:00+03:00,17:00,2603.64,54.38,46.48
2026-08-23T18:00:00+03:00,18:00,2668.99,55.74,47.65
2026-08-23T19:00:00+03:00,19:00,3800.01,79.37,67.84
2026-08-23T20:00:00+03:00,20:00,4067.86,84.96,72.62
2026-08-23T21:00:00+03:00,21:00,3911.01,81.68,69.82
2026-08-23T22:00:00+03:00,22:00,3489.06,72.87,62.29
2026-08-23T23:00:00+03:00,23:00,2800.01,58.48,49.99
2026-08-24T00:00:00+03:00,00:00,3667.59,76.6,65.47
2026-08-24T01:00:00+03:00,01:00,2700.0,56.39,48.2
2026-08-24T02:00:00+03:00,02:00,2019.0,42.17,36.04
2026-08-24T03:00:00+03:00,03:00,1999.99,41.77,35.7
2026-08-24T04:00:00+03:00,04:00,2019.0,42.17,36.04
2026-08-24T05:00:00+03:00,05:00,2265.3,47.31,40.44
2026-08-24T06:00:00+03:00,06:00,2019.01,42.17,36.04
2026-08-24T07:00:00+03:00,07:00,1000.0,20.89,17.85
2026-08-24T08:00:00+03:00,08:00,2900.01,60.57,51.77
2026-08-24T09:00:00+03:00,09:00,2400.0,50.13,42.84
2026-08-24T10:00:00+03:00,10:00,2023.75,42.27,36.13
2026-08-24T11:00:00+03:00,11:00,2198.11,45.91,39.24
2026-08-24T12:00:00+03:00,12:00,1400.0,29.24,24.99
2026-08-24T13:00:00+03:00,13:00,1722.4,35.97,30.75
2026-08-24T14:00:00+03:00,14:00,2800.0,58.48,49.99
2026-08-24T15:00:00+03:00,15:00,2330.01,48.66,41.6
2026-08-24T16:00:00+03:00,16:00,3472.38,72.52,61.99
2026-08-24T17:00:00+03:00,17:00,3697.0,77.21,66.0
2026-08-24T18:00:00+03:00,18:00,3790.86,79.17,67.67
2026-08-24T19:00:00+03:00,19:00,4249.53,88.75,75.86
2026-08-24T20:00:00+03:00,20:00,4249.53,88.75,75.86
2026-08-24T21:00:00+03:00,21:00,3986.47,83.26,71.17
2026-08-24T22:00:00+03:00,22:00,3200.01,66.83,57.13
2026-08-24T23:00:00+03:00,23:00,3468.87,72.45,61.93
2026-08-25T00:00:00+03:00,00:00,3697.0,77.21,66.0
2026-08-25T01:00:00+03:00,01:00,3300.0,68.92,58.91
2026-08-25T02:00:00+03:00,02:00,3300.0,68.92,58.91
2026-08-25T03:00:00+03:00,03:00,2900.0,60.57,51.77
2026-08-25T04:00:00+03:00,04:00,2900.01,60.57,51.77
2026-08-25T05:00:00+03:00,05:00,3187.32,66.57,56.9
2026-08-25T06:00:00+03:00,06:00,2904.99,60.67,51.86
2026-08-25T07:00:00+03:00,07:00,1499.98,31.33,26.78
2026-08-25T08:00:00+03:00,08:00,2875.0,60.05,51.32
2026-08-25T09:00:00+03:00,09:00,2330.01,48.66,41.6
2026-08-25T10:00:00+03:00,10:00,2154.99,45.01,38.47
2026-08-25T11:00:00+03:00,11:00,2319.99,48.45,41.42
2026-08-25T12:00:00+03:00,12:00,1499.97,31.33,26.78
2026-08-25T13:00:00+03:00,13:00,2949.01,61.59,52.65
2026-08-25T14:00:00+03:00,14:00,2949.01,61.59,52.65
2026-08-25T15:00:00+03:00,15:00,2800.0,58.48,49.99
2026-08-25T16:00:00+03:00,16:00,3277.24,68.45,58.51
2026-08-25T17:00:00+03:00,17:00,3594.47,75.07,64.17
2026-08-25T18:00:00+03:00,18:00,3323.7,69.42,59.33
2026-08-25T19:00:00+03:00,19:00,4183.43,87.37,74.68
2026-08-25T20:00:00+03:00,20:00,4295.0,89.7,76.67
2026-08-25T21:00:00+03:00,21:00,3827.01,79.93,68.32
2026-08-25T22:00:00+03:00,22:00,3473.0,72.54,62.0
2026-08-25T23:00:00+03:00,23:00,3400.0,71.01,60.7
2026-08-26T00:00:00+03:00,00:00,3800.0,79.18,67.86
2026-08-26T01:00:00+03:00,01:00,3366.58,70.15,60.12
2026-08-26T02:00:00+03:00,02:00,3246.28,67.64,57.98
2026-08-26T03:00:00+03:00,03:00,3023.61,63.0,54.0
2026-08-26T04:00:00+03:00,04:00,3071.99,64.01,54.86
2026-08-26T05:00:00+03:00,05:00,3400.01,70.84,60.72
2026-08-26T06:00:00+03:00,06:00,3442.33,71.73,61.48
2026-08-26T07:00:00+03:00,07:00,3250.0,67.72,58.04
2026-08-26T08:00:00+03:00,08:00,3800.0,79.18,67.86
2026-08-26T09:00:00+03:00,09:00,3615.12,75.33,64.56
2026-08-26T10:00:00+03:00,10:00,3365.99,70.14,60.11
2026-08-26T11:00:00+03:00,11:00,3466.01,72.22,61.9
2026-08-26T12:00:00+03:00,12:00,2699.99,56.26,48.22
2026-08-26T13:00:00+03:00,13:00,3597.99,74.97,64.26
2026-08-26T14:00:00+03:00,14:00,3466.01,72.22,61.9
2026-08-26T15:00:00+03:00,15:00,2899.01,60.41,51.77
2026-08-26T16:00:00+03:00,16:00,3800.01,79.18,67.86
2026-08-26T17:00:00+03:00,17:00,4489.99,93.56,80.19
2026-08-26T18:00:00+03:00,18:00,4500.0,93.76,80.37
2026-08-26T19:00:00+03:00,19:00,4500.0,93.76,80.37
2026-08-26T20:00:00+03:00,20:00,4500.0,93.76,80.37
2026-08-26T21:00:00+03:00,21:00,4500.0,93.76,80.37
2026-08-26T22:00:00+03:00,22:00,3749.69,78.13,66.97
2026-08-26T23:00:00+03:00,23:00,3689.01,76.87,65.88
2026-08-27T00:00:00+03:00,00:00,3477.0,72.42,62.1
2026-08-27T01:00:00+03:00,01:00,3505.0,73.0,62.6
2026-08-27T02:00:00+03:00,02:00,3420.3,71.24,61.09
2026-08-27T03:00:00+03:00,03:00,3400.0,70.82,60.73
2026-08-27T04:00:00+03:00,04:00,3000.0,62.48,53.58
2026-08-27T05:00:00+03:00,05:00,3431.57,71.47,61.29
2026-08-27T06:00:00+03:00,06:00,3477.0,72.42,62.1
2026-08-27T07:00:00+03:00,07:00,2258.29,47.04,40.33
2026-08-27T08:00:00+03:00,08:00,3594.47,74.87,64.2
2026-08-27T09:00:00+03:00,09:00,3594.47,74.87,64.2
2026-08-27T10:00:00+03:00,10:00,3264.99,68.0,58.31
2026-08-27T11:00:00+03:00,11:00,3500.0,72.9,62.51
2026-08-27T12:00:00+03:00,12:00,2125.99,44.28,37.97
2026-08-27T13:00:00+03:00,13:00,3594.48,74.87,64.2
2026-08-27T14:00:00+03:00,14:00,3483.17,72.55,62.21
2026-08-27T15:00:00+03:00,15:00,3265.0,68.0,58.31
2026-08-27T16:00:00+03:00,16:00,3590.01,74.77,64.12
2026-08-27T17:00:00+03:00,17:00,3700.0,77.06,66.08
2026-08-27T18:00:00+03:00,18:00,3845.68,80.1,68.69
2026-08-27T19:00:00+03:00,19:00,4300.0,89.56,76.8
2026-08-27T20:00:00+03:00,20:00,4250.0,88.52,75.91
2026-08-27T21:00:00+03:00,21:00,4077.0,84.92,72.82
2026-08-27T22:00:00+03:00,22:00,3544.01,73.82,63.3
2026-08-27T23:00:00+03:00,23:00,3495.29,72.8,62.43
