date,time,consumption
2026-03-14T00:00:00+03:00,00:00,39169.39
2026-03-14T01:00:00+03:00,01:00,37327.54
2026-03-14T02:00:00+03:00,02:00,35790.22
2026-03-14T03:00:00+03:00,03:00,35253.48
2026-03-14T04:00:00+03:00,04:00,35784.33
2026-03-14T05:00:00+03:00,05:00,36005.13
2026-03-14T06:00:00+03:00,06:00,35343.86
2026-03-14T07:00:00+03:00,07:00,35280.34
2026-03-14T08:00:00+03:00,08:00,39127.47
2026-03-14T09:00:00+03:00,09:00,41482.14
2026-03-14T10:00:00+03:00,10:00,42554.82
2026-03-14T11:00:00+03:00,11:00,43507.75
2026-03-14T12:00:00+03:00,12:00,42947.27
2026-03-14T13:00:00+03:00,13:00,43212.04
2026-03-14T14:00:00+03:00,14:00,43014.03
2026-03-14T15:00:00+03:00,15:00,42338.06
2026-03-14T16:00:00+03:00,16:00,42010.18
2026-03-14T17:00:00+03:00,17:00,42932.27
2026-03-14T18:00:00+03:00,18:00,44135.95
2026-03-14T19:00:00+03:00,19:00,43333.02
2026-03-14T20:00:00+03:00,20:00,44487.62
2026-03-14T21:00:00+03:00,21:00,42750.64
2026-03-14T22:00:00+03:00,22:00,41192.93
2026-03-14T23:00:00+03:00,23:00,39621.96
2026-03-15T00:00:00+03:00,00:00,37586.47
2026-03-15T01:00:00+03:00,01:00,35896.06
2026-03-15T02:00:00+03:00,02:00,34399.96
2026-03-15T03:00:00+03:00,03:00,33550.8
2026-03-15T04:00:00+03:00,04:00,34096.65
2026-03-15T05:00:00+03:00,05:00,33980.17
2026-03-15T06:00:00+03:00,06:00,32590.26
2026-03-15T07:00:00+03:00,07:00,31039.04
2026-03-15T08:00:00+03:00,08:00,31947.56
2026-03-15T09:00:00+03:00,09:00,33272.56
2026-03-15T10:00:00+03:00,10:00,34934.51
2026-03-15T11:00:00+03:00,11:00,36368.25
2026-03-15T12:00:00+03:00,12:00,36958.97
2026-03-15T13:00:00+03:00,13:00,37691.7
2026-03-15T14:00:00+03:00,14:00,37463.04
2026-03-15T15:00:00+03:00,15:00,37266.69
2026-03-15T16:00:00+03:00,16:00,37648.13
2026-03-15T17:00:00+03:00,17:00,39065.51
2026-03-15T18:00:00+03:00,18:00,40875.28
2026-03-15T19:00:00+03:00,19:00,40563.69
2026-03-15T20:00:00+03:00,20:00,41293.12
2026-03-15T21:00:00+03:00,21:00,39569.56
2026-03-15T22:00:00+03:00,22:00,38637.88
2026-03-15T23:00:00+03:00,23:00,37735.26
2026-03-16T00:00:00+03:00,00:00,36327.29
2026-03-16T01:00:00+03:00,01:00,34626.84
2026-03-16T02:00:00+03:00,02:00,33124.11
2026-03-16T03:00:00+03:00,03:00,32766.06
2026-03-16T04:00:00+03:00,04:00,33683.11
2026-03-16T05:00:00+03:00,05:00,34173.71
2026-03-16T06:00:00+03:00,06:00,33834.8
2026-03-16T07:00:00+03:00,07:00,35135.23
2026-03-16T08:00:00+03:00,08:00,41706.7
2026-03-16T09:00:00+03:00,09:00,44481.55
2026-03-16T10:00:00+03:00,10:00,44978.01
2026-03-16T11:00:00+03:00,11:00,45327.12
2026-03-16T12:00:00+03:00,12:00,44177.5
2026-03-16T13:00:00+03:00,13:00,44146.84
2026-03-16T14:00:00+03:00,14:00,43688.09
2026-03-16T15:00:00+03:00,15:00,42524.35
2026-03-16T16:00:00+03:00,16:00,42261.89
2026-03-16T17:00:00+03:00,17:00,41979.63
2026-03-16T18:00:00+03:00,18:00,43715.66
2026-03-16T19:00:00+03:00,19:00,43772.37
2026-03-16T20:00:00+03:00,20:00,44834.68
2026-03-16T21:00:00+03:00,21:00,43261.34
2026-03-16T22:00:00+03:00,22:00,41827.76
2026-03-16T23:00:00+03:00,23:00,40623.5
2026-03-17T00:00:00+03:00,00:00,38908.36
2026-03-17T01:00:00+03:00,01:00,37109.98
2026-03-17T02:00:00+03:00,02:00,35730.98
2026-03-17T03:00:00+03:00,03:00,35056.08
2026-03-17T04:00:00+03:00,04:00,35504.57
2026-03-17T05:00:00+03:00,05:00,35695.53
2026-03-17T06:00:00+03:00,06:00,35644.45
2026-03-17T07:00:00+03:00,07:00,36975.7
2026-03-17T08:00:00+03:00,08:00,42254.13
2026-03-17T09:00:00+03:00,09:00,43804.88
2026-03-17T10:00:00+03:00,10:00,44041.07
2026-03-17T11:00:00+03:00,11:00,44435.05
2026-03-17T12:00:00+03:00,12:00,43056.5
2026-03-17T13:00:00+03:00,13:00,42792.68
2026-03-17T14:00:00+03:00,14:00,42566.6
2026-03-17T15:00:00+03:00,15:00,41850.84
2026-03-17T16:00:00+03:00,16:00,41139.49
2026-03-17T17:00:00+03:00,17:00,41538.03
2026-03-17T18:00:00+03:00,18:00,43866.4
2026-03-17T19:00:00+03:00,19:00,43465.87
2026-03-17T20:00:00+03:00,20:00,44750.2
2026-03-17T21:00:00+03:00,21:00,43022.88
2026-03-17T22:00:00+03:00,22:00,41926.15
2026-03-17T23:00:00+03:00,23:00,40144.94
2026-03-18T00:00:00+03:00,00:00,38611.63
2026-03-18T01:00:00+03:00,01:00,36429.76
2026-03-18T02:00:00+03:00,02:00,34997.75
2026-03-18T03:00:00+03:00,03:00,34462.02
2026-03-18T04:00:00+03:00,04:00,34859.26
2026-03-18T05:00:00+03:00,05:00,35000.2
2026-03-18T06:00:00+03:00,06:00,34751.8
2026-03-18T07:00:00+03:00,07:00,35668.97
2026-03-18T08:00:00+03:00,08:00,40657.47
2026-03-18T09:00:00+03:00,09:00,42973.43
2026-03-18T10:00:00+03:00,10:00,43138.07
2026-03-18T11:00:00+03:00,11:00,43581.97
2026-03-18T12:00:00+03:00,12:00,42610.96
2026-03-18T13:00:00+03:00,13:00,42698.51
2026-03-18T14:00:00+03:00,14:00,42589.62
2026-03-18T15:00:00+03:00,15:00,41736.42
2026-03-18T16:00:00+03:00,16:00,41314.87
2026-03-18T17:00:00+03:00,17:00,41513.53
2026-03-18T18:00:00+03:00,18:00,42982.41
2026-03-18T19:00:00+03:00,19:00,42211.8
2026-03-18T20:00:00+03:00,20:00,43019.55
2026-03-18T21:00:00+03:00,21:00,41386.54
2026-03-18T22:00:00+03:00,22:00,39933.09
2026-03-18T23:00:00+03:00,23:00,38034.63
2026-03-19T00:00:00+03:00,00:00,36426.3
2026-03-19T01:00:00+03:00,01:00,34343.43
2026-03-19T02:00:00+03:00,02:00,32459.34
2026-03-19T03:00:00+03:00,03:00,31631.09
2026-03-19T04:00:00+03:00,04:00,31838.74
2026-03-19T05:00:00+03:00,05:00,31536.32
2026-03-19T06:00:00+03:00,06:00,30058.37
2026-03-19T07:00:00+03:00,07:00,28725.9
2026-03-19T08:00:00+03:00,08:00,30357.63
2026-03-19T09:00:00+03:00,09:00,32458.26
2026-03-19T10:00:00+03:00,10:00,34449.8
2026-03-19T11:00:00+03:00,11:00,35338.15
2026-03-19T12:00:00+03:00,12:00,35252.31
2026-03-19T13:00:00+03:00,13:00,34493.35
2026-03-19T14:00:00+03:00,14:00,34137.43
2026-03-19T15:00:00+03:00,15:00,34392.6
2026-03-19T16:00:00+03:00,16:00,34920.76
2026-03-19T17:00:00+03:00,17:00,36395.18
2026-03-19T18:00:00+03:00,18:00,37923.64
2026-03-19T19:00:00+03:00,19:00,37598.35
2026-03-19T20:00:00+03:00,20:00,38611.06
2026-03-19T21:00:00+03:00,21:00,37448.35
2026-03-19T22:00:00+03:00,22:00,36210.41
2026-03-19T23:00:00+03:00,23:00,34881.67
2026-03-20T00:00:00+03:00,00:00,32933.78
2026-03-20T01:00:00+03:00,01:00,30214.41
2026-03-20T02:00:00+03:00,02:00,28004.99
2026-03-20T03:00:00+03:00,03:00,26613.98
2026-03-20T04:00:00+03:00,04:00,25854.18
2026-03-20T05:00:00+03:00,05:00,26103.03
2026-03-20T06:00:00+03:00,06:00,27462.81
2026-03-20T07:00:00+03:00,07:00,28032.98
2026-03-20T08:00:00+03:00,08:00,29106.29
2026-03-20T09:00:00+03:00,09:00,30054.12
2026-03-20T10:00:00+03:00,10:00,30203.13
2026-03-20T11:00:00+03:00,11:00,29915.06
2026-03-20T12:00:00+03:00,12:00,29790.03
2026-03-20T13:00:00+03:00,13:00,29296.69
2026-03-20T14:00:00+03:00,14:00,27922.43
2026-03-20T15:00:00+03:00,15:00,27743.46
2026-03-20T16:00:00+03:00,16:00,27969.48
2026-03-20T17:00:00+03:00,17:00,28945.99
2026-03-20T18:00:00+03:00,18:00,30712.84
2026-03-20T19:00:00+03:00,19:00,32896.35
2026-03-20T20:00:00+03:00,20:00,32749.74
2026-03-20T21:00:00+03:00,21:00,32183.67
2026-03-20T22:00:00+03:00,22:00,31595.1
2026-03-20T23:00:00+03:00,23:00,31106.11
2026-03-21T00:00:00+03:00,00:00,29830.31
2026-03-21T01:00:00+03:00,01:00,28011.61
2026-03-21T02:00:00+03:00,02:00,26649.95
2026-03-21T03:00:00+03:00,03:00,25708.73
2026-03-21T04:00:00+03:00,04:00,25351.41
2026-03-21T05:00:00+03:00,05:00,25511.04
2026-03-21T06:00:00+03:00,06:00,25601.47
2026-03-21T07:00:00+03:00,07:00,25315.22
2026-03-21T08:00:00+03:00,08:00,26263.31
2026-03-21T09:00:00+03:00,09:00,28222.32
2026-03-21T10:00:00+03:00,10:00,29987.65
2026-03-21T11:00:00+03:00,11:00,31114.71
2026-03-21T12:00:00+03:00,12:00,31824.93
2026-03-21T13:00:00+03:00,13:00,31449.62
2026-03-21T14:00:00+03:00,14:00,30457.02
2026-03-21T15:00:00+03:00,15:00,29608.21
2026-03-21T16:00:00+03:00,16:00,29663.65
2026-03-21T17:00:00+03:00,17:00,31092.68
2026-03-21T18:00:00+03:00,18:00,32698.22
2026-03-21T19:00:00+03:00,19:00,34769.75
2026-03-21T20:00:00+03:00,20:00,34502.36
2026-03-21T21:00:00+03:00,21:00,33598.07
2026-03-21T22:00:00+03:00,22:00,32767.97
2026-03-21T23:00:00+03:00,23:00,32010.29
2026-03-22T00:00:00+03:00,00:00,30805.15
2026-03-22T01:00:00+03:00,01:00,28962.33
2026-03-22T02:00:00+03:00,02:00,27325.33
2026-03-22T03:00:00+03:00,03:00,26176.61
2026-03-22T04:00:00+03:00,04:00,25647.38
2026-03-22T05:00:00+03:00,05:00,25683.71
2026-03-22T06:00:00+03:00,06:00,25905.15
2026-03-22T07:00:00+03:00,07:00,25937.08
2026-03-22T08:00:00+03:00,08:00,27027.06
2026-03-22T09:00:00+03:00,09:00,28641.03
2026-03-22T10:00:00+03:00,10:00,30366.34
2026-03-22T11:00:00+03:00,11:00,31829.52
2026-03-22T12:00:00+03:00,12:00,32379.94
2026-03-22T13:00:00+03:00,13:00,32359.57
2026-03-22T14:00:00+03:00,14:00,31998.33
2026-03-22T15:00:00+03:00,15:00,30639.44
2026-03-22T16:00:00+03:00,16:00,30693.87
2026-03-22T17:00:00+03:00,17:00,31903.03
2026-03-22T18:00:00+03:00,18:00,33949.73
2026-03-22T19:00:00+03:00,19:00,36501.71
2026-03-22T20:00:00+03:00,20:00,36535.62
2026-03-22T21:00:00+03:00,21:00,35713.52
2026-03-22T22:00:00+03:00,22:00,34688.58
2026-03-22T23:00:00+03:00,23:00,33180.69
2026-03-23T00:00:00+03:00,00:00,32050.4
2026-03-23T01:00:00+03:00,01:00,30229.31
2026-03-23T02:00:00+03:00,02:00,29019.05
2026-03-23T03:00:00+03:00,03:00,28403.55
2026-03-23T04:00:00+03:00,04:00,28389.1
2026-03-23T05:00:00+03:00,05:00,29013.86
2026-03-23T06:00:00+03:00,06:00,30530.57
2026-03-23T07:00:00+03:00,07:00,33656.87
2026-03-23T08:00:00+03:00,08:00,42385.18
2026-03-23T09:00:00+03:00,09:00,46406.05
2026-03-23T10:00:00+03:00,10:00,47220.85
2026-03-23T11:00:00+03:00,11:00,47360.14
2026-03-23T12:00:00+03:00,12:00,46149.76
2026-03-23T13:00:00+03:00,13:00,45516.64
2026-03-23T14:00:00+03:00,14:00,46171.63
2026-03-23T15:00:00+03:00,15:00,45598.51
2026-03-23T16:00:00+03:00,16:00,45375.93
2026-03-23T17:00:00+03:00,17:00,45200.07
2026-03-23T18:00:00+03:00,18:00,44754.76
2026-03-23T19:00:00+03:00,19:00,45754.84
2026-03-23T20:00:00+03:00,20:00,45121.29
2026-03-23T21:00:00+03:00,21:00,43692.35
2026-03-23T22:00:00+03:00,22:00,42138.4
2026-03-23T23:00:00+03:00,23:00,40203.6
2026-03-24T00:00:00+03:00,00:00,37760.04
2026-03-24T01:00:00+03:00,01:00,35753.3
2026-03-24T02:00:00+03:00,02:00,34131.43
2026-03-24T03:00:00+03:00,03:00,33218.04
2026-03-24T04:00:00+03:00,04:00,32990.75
2026-03-24T05:00:00+03:00,05:00,33458.46
2026-03-24T06:00:00+03:00,06:00,34619.17
2026-03-24T07:00:00+03:00,07:00,37136.52
2026-03-24T08:00:00+03:00,08:00,44589.32
2026-03-24T09:00:00+03:00,09:00,47655.76
2026-03-24T10:00:00+03:00,10:00,47944.89
2026-03-24T11:00:00+03:00,11:00,48745.52
2026-03-24T12:00:00+03:00,12:00,46476.57
2026-03-24T13:00:00+03:00,13:00,45707.4
2026-03-24T14:00:00+03:00,14:00,45602.93
2026-03-24T15:00:00+03:00,15:00,45439.43
2026-03-24T16:00:00+03:00,16:00,44936.98
2026-03-24T17:00:00+03:00,17:00,45000.16
2026-03-24T18:00:00+03:00,18:00,44816.41
2026-03-24T19:00:00+03:00,19:00,46192.58
2026-03-24T20:00:00+03:00,20:00,45460.28
2026-03-24T21:00:00+03:00,21:00,43912.51
2026-03-24T22:00:00+03:00,22:00,42226.66
2026-03-24T23:00:00+03:00,23:00,40157.98
2026-03-25T00:00:00+03:00,00:00,37781.2
2026-03-25T01:00:00+03:00,01:00,35350.8
2026-03-25T02:00:00+03:00,02:00,33978.26
2026-03-25T03:00:00+03:00,03:00,32949.3
2026-03-25T04:00:00+03:00,04:00,32846.46
2026-03-25T05:00:00+03:00,05:00,33516.74
2026-03-25T06:00:00+03:00,06:00,34764.07
2026-03-25T07:00:00+03:00,07:00,37312.33
2026-03-25T08:00:00+03:00,08:00,43881.01
2026-03-25T09:00:00+03:00,09:00,46388.36
2026-03-25T10:00:00+03:00,10:00,46166.65
2026-03-25T11:00:00+03:00,11:00,46459.52
2026-03-25T12:00:00+03:00,12:00,44453.85
2026-03-25T13:00:00+03:00,13:00,45013.07
2026-03-25T14:00:00+03:00,14:00,44779.97
2026-03-25T15:00:00+03:00,15:00,43677.51
2026-03-25T16:00:00+03:00,16:00,44029.08
2026-03-25T17:00:00+03:00,17:00,44599.31
2026-03-25T18:00:00+03:00,18:00,44448.42
2026-03-25T19:00:00+03:00,19:00,45885.29
2026-03-25T20:00:00+03:00,20:00,45340.98
2026-03-25T21:00:00+03:00,21:00,44138.28
2026-03-25T22:00:00+03:00,22:00,42494.75
2026-03-25T23:00:00+03:00,23:00,40433.47
2026-03-26T00:00:00+03:00,00:00,38367.28
2026-03-26T01:00:00+03:00,01:00,36229.07
2026-03-26T02:00:00+03:00,02:00,34785.1
2026-03-26T03:00:00+03:00,03:00,33854.8
2026-03-26T04:00:00+03:00,04:00,33770.16
2026-03-26T05:00:00+03:00,05:00,34202.96
2026-03-26T06:00:00+03:00,06:00,35286.09
2026-03-26T07:00:00+03:00,07:00,37958.4
2026-03-26T08:00:00+03:00,08:00,44359.66
2026-03-26T09:00:00+03:00,09:00,47078.54
2026-03-26T10:00:00+03:00,10:00,46835.92
2026-03-26T11:00:00+03:00,11:00,46420.43
2026-03-26T12:00:00+03:00,12:00,44269.15
2026-03-26T13:00:00+03:00,13:00,44468.53
2026-03-26T14:00:00+03:00,14:00,44124.0
2026-03-26T15:00:00+03:00,15:00,42631.25
2026-03-26T16:00:00+03:00,16:00,42615.21
2026-03-26T17:00:00+03:00,17:00,42655.43
2026-03-26T18:00:00+03:00,18:00,43056.86
2026-03-26T19:00:00+03:00,19:00,45212.05
2026-03-26T20:00:00+03:00,20:00,45247.12
2026-03-26T21:00:00+03:00,21:00,43844.18
2026-03-26T22:00:00+03:00,22:00,42207.92
2026-03-26T23:00:00+03:00,23:00,40017.4
2026-03-27T00:00:00+03:00,00:00,38263.67
2026-03-27T01:00:00+03:00,01:00,36276.15
2026-03-27T02:00:00+03:00,02:00,34909.69
2026-03-27T03:00:00+03:00,03:00,33809.04
2026-03-27T04:00:00+03:00,04:00,33658.25
2026-03-27T05:00:00+03:00,05:00,34422.34
2026-03-27T06:00:00+03:00,06:00,35613.03
2026-03-27T07:00:00+03:00,07:00,38022.47
2026-03-27T08:00:00+03:00,08:00,43721.36
2026-03-27T09:00:00+03:00,09:00,45197.2
2026-03-27T10:00:00+03:00,10:00,44159.32
2026-03-27T11:00:00+03:00,11:00,43944.3
2026-03-27T12:00:00+03:00,12:00,42302.83
2026-03-27T13:00:00+03:00,13:00,40591.11
2026-03-27T14:00:00+03:00,14:00,41250.94
2026-03-27T15:00:00+03:00,15:00,40788.64
2026-03-27T16:00:00+03:00,16:00,40764.46
2026-03-27T17:00:00+03:00,17:00,41948.7
2026-03-27T18:00:00+03:00,18:00,42422.35
2026-03-27T19:00:00+03:00,19:00,44330.5
2026-03-27T20:00:00+03:00,20:00,44170.27
2026-03-27T21:00:00+03:00,21:00,42547.64
2026-03-27T22:00:00+03:00,22:00,40588.85
2026-03-27T23:00:00+03:00,23:00,39155.98
2026-03-28T00:00:00+03:00,00:00,37197.53
2026-03-28T01:00:00+03:00,01:00,35295.99
2026-03-28T02:00:00+03:00,02:00,33850.87
2026-03-28T03:00:00+03:00,03:00,32949.06
2026-03-28T04:00:00+03:00,04:00,32554.62
2026-03-28T05:00:00+03:00,05:00,32805.84
2026-03-28T06:00:00+03:00,06:00,33617.58
2026-03-28T07:00:00+03:00,07:00,34521.66
2026-03-28T08:00:00+03:00,08:00,38362.07
2026-03-28T09:00:00+03:00,09:00,40380.42
2026-03-28T10:00:00+03:00,10:00,41714.5
2026-03-28T11:00:00+03:00,11:00,42806.48
2026-03-28T12:00:00+03:00,12:00,42283.09
2026-03-28T13:00:00+03:00,13:00,41910.67
2026-03-28T14:00:00+03:00,14:00,41296.06
2026-03-28T15:00:00+03:00,15:00,39861.33
2026-03-28T16:00:00+03:00,16:00,39978.18
2026-03-28T17:00:00+03:00,17:00,40892.24
2026-03-28T18:00:00+03:00,18:00,42132.07
2026-03-28T19:00:00+03:00,19:00,43582.49
2026-03-28T20:00:00+03:00,20:00,43138.09
2026-03-28T21:00:00+03:00,21:00,41660.82
2026-03-28T22:00:00+03:00,22:00,39834.68
2026-03-28T23:00:00+03:00,23:00,38085.7
2026-03-29T00:00:00+03:00,00:00,36353.56
2026-03-29T01:00:00+03:00,01:00,34316.72
2026-03-29T02:00:00+03:00,02:00,32811.47
2026-03-29T03:00:00+03:00,03:00,31751.46
2026-03-29T04:00:00+03:00,04:00,31158.03
2026-03-29T05:00:00+03:00,05:00,31204.8
2026-03-29T06:00:00+03:00,06:00,31117.88
2026-03-29T07:00:00+03:00,07:00,30481.62
2026-03-29T08:00:00+03:00,08:00,31667.85
2026-03-29T09:00:00+03:00,09:00,33696.87
2026-03-29T10:00:00+03:00,10:00,35927.01
2026-03-29T11:00:00+03:00,11:00,37552.05
2026-03-29T12:00:00+03:00,12:00,37609.24
2026-03-29T13:00:00+03:00,13:00,38079.58
2026-03-29T14:00:00+03:00,14:00,37710.67
2026-03-29T15:00:00+03:00,15:00,37002.25
2026-03-29T16:00:00+03:00,16:00,36804.31
2026-03-29T17:00:00+03:00,17:00,37221.89
2026-03-29T18:00:00+03:00,18:00,38388.55
2026-03-29T19:00:00+03:00,19:00,40715.13
2026-03-29T20:00:00+03:00,20:00,40710.13
2026-03-29T21:00:00+03:00,21:00,39470.95
2026-03-29T22:00:00+03:00,22:00,38048.04
2026-03-29T23:00:00+03:00,23:00,36550.22
2026-03-30T00:00:00+03:00,00:00,34664.43
2026-03-30T01:00:00+03:00,01:00,32875.13
2026-03-30T02:00:00+03:00,02:00,31455.77
2026-03-30T03:00:00+03:00,03:00,30639.49
2026-03-30T04:00:00+03:00,04:00,30479.89
2026-03-30T05:00:00+03:00,05:00,31082.19
2026-03-30T06:00:00+03:00,06:00,32431.15
2026-03-30T07:00:00+03:00,07:00,35447.97
2026-03-30T08:00:00+03:00,08:00,42756.97
2026-03-30T09:00:00+03:00,09:00,46013.87
2026-03-30T10:00:00+03:00,10:00,47098.35
2026-03-30T11:00:00+03:00,11:00,47841.3
2026-03-30T12:00:00+03:00,12:00,45800.34
2026-03-30T13:00:00+03:00,13:00,45843.27
2026-03-30T14:00:00+03:00,14:00,46326.22
2026-03-30T15:00:00+03:00,15:00,46054.78
2026-03-30T16:00:00+03:00,16:00,46189.77
2026-03-30T17:00:00+03:00,17:00,45564.37
2026-03-30T18:00:00+03:00,18:00,44483.04
2026-03-30T19:00:00+03:00,19:00,45551.28
2026-03-30T20:00:00+03:00,20:00,45546.85
2026-03-30T21:00:00+03:00,21:00,43936.35
2026-03-30T22:00:00+03:00,22:00,42082.85
2026-03-30T23:00:00+03:00,23:00,40007.88
2026-03-31T00:00:00+03:00,00:00,37844.88
2026-03-31T01:00:00+03:00,01:00,35451.26
2026-03-31T02:00:00+03:00,02:00,34008.64
2026-03-31T03:00:00+03:00,03:00,33603.32
2026-03-31T04:00:00+03:00,04:00,33287.73
2026-03-31T05:00:00+03:00,05:00,34000.5
2026-03-31T06:00:00+03:00,06:00,35320.19
2026-03-31T07:00:00+03:00,07:00,38126.41
2026-03-31T08:00:00+03:00,08:00,43644.46
2026-03-31T09:00:00+03:00,09:00,44870.96
2026-03-31T10:00:00+03:00,10:00,44877.33
2026-03-31T11:00:00+03:00,11:00,45385.62
2026-03-31T12:00:00+03:00,12:00,42776.16
2026-03-31T13:00:00+03:00,13:00,42940.17
2026-03-31T14:00:00+03:00,14:00,43453.57
2026-03-31T15:00:00+03:00,15:00,42734.27
2026-03-31T16:00:00+03:00,16:00,43124.78
2026-03-31T17:00:00+03:00,17:00,43001.24
2026-03-31T18:00:00+03:00,18:00,42635.57
2026-03-31T19:00:00+03:00,19:00,44471.84
2026-03-31T20:00:00+03:00,20:00,44512.5
2026-03-31T21:00:00+03:00,21:00,43188.77
2026-03-31T22:00:00+03:00,22:00,41555.68
2026-03-31T23:00:00+03:00,23:00,39659.37
2026-04-01T00:00:00+03:00,00:00,37473.13
2026-04-01T01:00:00+03:00,01:00,35547.52
2026-04-01T02:00:00+03:00,02:00,34246.32
2026-04-01T03:00:00+03:00,03:00,33302.95
2026-04-01T04:00:00+03:00,04:00,33171.21
2026-04-01T05:00:00+03:00,05:00,33925.78
2026-04-01T06:00:00+03:00,06:00,35276.62
2026-04-01T07:00:00+03:00,07:00,37921.86
2026-04-01T08:00:00+03:00,08:00,42834.75
2026-04-01T09:00:00+03:00,09:00,43786.55
2026-04-01T10:00:00+03:00,10:00,43230.34
2026-04-01T11:00:00+03:00,11:00,43111.9
2026-04-01T12:00:00+03:00,12:00,41567.21
2026-04-01T13:00:00+03:00,13:00,42210.14
2026-04-01T14:00:00+03:00,14:00,42993.38
2026-04-01T15:00:00+03:00,15:00,42898.99
2026-04-01T16:00:00+03:00,16:00,43393.8
2026-04-01T17:00:00+03:00,17:00,43888.1
2026-04-01T18:00:00+03:00,18:00,43423.11
2026-04-01T19:00:00+03:00,19:00,44533.43
2026-04-01T20:00:00+03:00,20:00,44225.09
2026-04-01T21:00:00+03:00,21:00,42674.68
2026-04-01T22:00:00+03:00,22:00,41053.26
2026-04-01T23:00:00+03:00,23:00,39177.95
2026-04-02T00:00:00+03:00,00:00,36964.31
2026-04-02T01:00:00+03:00,01:00,35056.25
2026-04-02T02:00:00+03:00,02:00,33707.74
2026-04-02T03:00:00+03:00,03:00,32725.9
2026-04-02T04:00:00+03:00,04:00,32419.3
2026-04-02T05:00:00+03:00,05:00,32785.52
2026-04-02T06:00:00+03:00,06:00,33556.17
2026-04-02T07:00:00+03:00,07:00,36121.59
2026-04-02T08:00:00+03:00,08:00,42856.25
2026-04-02T09:00:00+03:00,09:00,45640.63
2026-04-02T10:00:00+03:00,10:00,46411.74
2026-04-02T11:00:00+03:00,11:00,47249.75
2026-04-02T12:00:00+03:00,12:00,45731.16
2026-04-02T13:00:00+03:00,13:00,46023.42
2026-04-02T14:00:00+03:00,14:00,45513.1
2026-04-02T15:00:00+03:00,15:00,44311.62
2026-04-02T16:00:00+03:00,16:00,43793.54
2026-04-02T17:00:00+03:00,17:00,43314.37
2026-04-02T18:00:00+03:00,18:00,43093.69
2026-04-02T19:00:00+03:00,19:00,44646.7
2026-04-02T20:00:00+03:00,20:00,44579.9
2026-04-02T21:00:00+03:00,21:00,43287.98
2026-04-02T22:00:00+03:00,22:00,41510.95
2026-04-02T23:00:00+03:00,23:00,39477.69
2026-04-03T00:00:00+03:00,00:00,37488.34
2026-04-03T01:00:00+03:00,01:00,35506.18
2026-04-03T02:00:00+03:00,02:00,33992.46
2026-04-03T03:00:00+03:00,03:00,32919.33
2026-04-03T04:00:00+03:00,04:00,32725.25
2026-04-03T05:00:00+03:00,05:00,33284.43
2026-04-03T06:00:00+03:00,06:00,34259.71
2026-04-03T07:00:00+03:00,07:00,36824.39
2026-04-03T08:00:00+03:00,08:00,43439.23
2026-04-03T09:00:00+03:00,09:00,45986.8
2026-04-03T10:00:00+03:00,10:00,45970.64
2026-04-03T11:00:00+03:00,11:00,47399.35
2026-04-03T12:00:00+03:00,12:00,45583.61
2026-04-03T13:00:00+03:00,13:00,44142.71
2026-04-03T14:00:00+03:00,14:00,45326.66
2026-04-03T15:00:00+03:00,15:00,44463.35
2026-04-03T16:00:00+03:00,16:00,44047.05
2026-04-03T17:00:00+03:00,17:00,43699.56
2026-04-03T18:00:00+03:00,18:00,43002.95
2026-04-03T19:00:00+03:00,19:00,44416.97
2026-04-03T20:00:00+03:00,20:00,44119.7
2026-04-03T21:00:00+03:00,21:00,42510.17
2026-04-03T22:00:00+03:00,22:00,40810.47
2026-04-03T23:00:00+03:00,23:00,39222.7
2026-04-04T00:00:00+03:00,00:00,37410.45
2026-04-04T01:00:00+03:00,01:00,35614.35
2026-04-04T02:00:00+03:00,02:00,34065.99
2026-04-04T03:00:00+03:00,03:00,33053.24
2026-04-04T04:00:00+03:00,04:00,32623.4
2026-04-04T05:00:00+03:00,05:00,33080.83
2026-04-04T06:00:00+03:00,06:00,33279.79
2026-04-04T07:00:00+03:00,07:00,34295.06
2026-04-04T08:00:00+03:00,08:00,38601.18
2026-04-04T09:00:00+03:00,09:00,40954.47
2026-04-04T10:00:00+03:00,10:00,41623.72
2026-04-04T11:00:00+03:00,11:00,42586.36
2026-04-04T12:00:00+03:00,12:00,41373.5
2026-04-04T13:00:00+03:00,13:00,41453.87
2026-04-04T14:00:00+03:00,14:00,40950.02
2026-04-04T15:00:00+03:00,15:00,39821.35
2026-04-04T16:00:00+03:00,16:00,39003.91
2026-04-04T17:00:00+03:00,17:00,39168.8
2026-04-04T18:00:00+03:00,18:00,40423.46
2026-04-04T19:00:00+03:00,19:00,42541.15
2026-04-04T20:00:00+03:00,20:00,42448.68
2026-04-04T21:00:00+03:00,21:00,40993.65
2026-04-04T22:00:00+03:00,22:00,39532.12
2026-04-04T23:00:00+03:00,23:00,37765.44
2026-04-05T00:00:00+03:00,00:00,35779.97
2026-04-05T01:00:00+03:00,01:00,33967.9
2026-04-05T02:00:00+03:00,02:00,32415.63
2026-04-05T03:00:00+03:00,03:00,31341.79
2026-04-05T04:00:00+03:00,04:00,30907.39
2026-04-05T05:00:00+03:00,05:00,31023.69
2026-04-05T06:00:00+03:00,06:00,30857.57
2026-04-05T07:00:00+03:00,07:00,30435.05
2026-04-05T08:00:00+03:00,08:00,31343.47
2026-04-05T09:00:00+03:00,09:00,32178.76
2026-04-05T10:00:00+03:00,10:00,33084.27
2026-04-05T11:00:00+03:00,11:00,34195.93
2026-04-05T12:00:00+03:00,12:00,34467.37
2026-04-05T13:00:00+03:00,13:00,34344.14
2026-04-05T14:00:00+03:00,14:00,33446.34
2026-04-05T15:00:00+03:00,15:00,32682.74
2026-04-05T16:00:00+03:00,16:00,32290.74
2026-04-05T17:00:00+03:00,17:00,33444.13
2026-04-05T18:00:00+03:00,18:00,35461.11
2026-04-05T19:00:00+03:00,19:00,38414.79
2026-04-05T20:00:00+03:00,20:00,39337.79
2026-04-05T21:00:00+03:00,21:00,38245.55
2026-04-05T22:00:00+03:00,22:00,36818.07
2026-04-05T23:00:00+03:00,23:00,35268.1
2026-04-06T00:00:00+03:00,00:00,33658.2
2026-04-06T01:00:00+03:00,01:00,31629.8
2026-04-06T02:00:00+03:00,02:00,30312.57
2026-04-06T03:00:00+03:00,03:00,29730.3
2026-04-06T04:00:00+03:00,04:00,29642.71
2026-04-06T05:00:00+03:00,05:00,30384.86
2026-04-06T06:00:00+03:00,06:00,31939.88
2026-04-06T07:00:00+03:00,07:00,35171.68
2026-04-06T08:00:00+03:00,08:00,41133.43
2026-04-06T09:00:00+03:00,09:00,42523.47
2026-04-06T10:00:00+03:00,10:00,42151.03
2026-04-06T11:00:00+03:00,11:00,42113.02
2026-04-06T12:00:00+03:00,12:00,40385.85
2026-04-06T13:00:00+03:00,13:00,41112.54
2026-04-06T14:00:00+03:00,14:00,41338.68
2026-04-06T15:00:00+03:00,15:00,40806.27
2026-04-06T16:00:00+03:00,16:00,40515.77
2026-04-06T17:00:00+03:00,17:00,40158.72
2026-04-06T18:00:00+03:00,18:00,40276.19
2026-04-06T19:00:00+03:00,19:00,42415.77
2026-04-06T20:00:00+03:00,20:00,43100.71
2026-04-06T21:00:00+03:00,21:00,41891.62
2026-04-06T22:00:00+03:00,22:00,40326.67
2026-04-06T23:00:00+03:00,23:00,38305.4
2026-04-07T00:00:00+03:00,00:00,36465.69
2026-04-07T01:00:00+03:00,01:00,34826.26
2026-04-07T02:00:00+03:00,02:00,33507.43
2026-04-07T03:00:00+03:00,03:00,32810.41
2026-04-07T04:00:00+03:00,04:00,32569.04
2026-04-07T05:00:00+03:00,05:00,33177.84
2026-04-07T06:00:00+03:00,06:00,34405.87
2026-04-07T07:00:00+03:00,07:00,36843.66
2026-04-07T08:00:00+03:00,08:00,42244.38
2026-04-07T09:00:00+03:00,09:00,42856.47
2026-04-07T10:00:00+03:00,10:00,42418.33
2026-04-07T11:00:00+03:00,11:00,42917.33
2026-04-07T12:00:00+03:00,12:00,41490.19
2026-04-07T13:00:00+03:00,13:00,41511.48
2026-04-07T14:00:00+03:00,14:00,41473.82
2026-04-07T15:00:00+03:00,15:00,40331.22
2026-04-07T16:00:00+03:00,16:00,39939.72
2026-04-07T17:00:00+03:00,17:00,40200.68
2026-04-07T18:00:00+03:00,18:00,41032.42
2026-04-07T19:00:00+03:00,19:00,43103.6
2026-04-07T20:00:00+03:00,20:00,43263.58
2026-04-07T21:00:00+03:00,21:00,41828.18
2026-04-07T22:00:00+03:00,22:00,40051.87
2026-04-07T23:00:00+03:00,23:00,38055.84
2026-04-08T00:00:00+03:00,00:00,36024.77
2026-04-08T01:00:00+03:00,01:00,34272.65
2026-04-08T02:00:00+03:00,02:00,33141.35
2026-04-08T03:00:00+03:00,03:00,32228.03
2026-04-08T04:00:00+03:00,04:00,32046.22
2026-04-08T05:00:00+03:00,05:00,32613.97
2026-04-08T06:00:00+03:00,06:00,33423.48
2026-04-08T07:00:00+03:00,07:00,36019.43
2026-04-08T08:00:00+03:00,08:00,42032.97
2026-04-08T09:00:00+03:00,09:00,44130.35
2026-04-08T10:00:00+03:00,10:00,44089.44
2026-04-08T11:00:00+03:00,11:00,44451.12
2026-04-08T12:00:00+03:00,12:00,43108.42
2026-04-08T13:00:00+03:00,13:00,43191.23
2026-04-08T14:00:00+03:00,14:00,44426.0
2026-04-08T15:00:00+03:00,15:00,43773.26
2026-04-08T16:00:00+03:00,16:00,43413.6
2026-04-08T17:00:00+03:00,17:00,43115.54
2026-04-08T18:00:00+03:00,18:00,42039.21
2026-04-08T19:00:00+03:00,19:00,43470.32
2026-04-08T20:00:00+03:00,20:00,43898.48
2026-04-08T21:00:00+03:00,21:00,42637.4
2026-04-08T22:00:00+03:00,22:00,40494.5
2026-04-08T23:00:00+03:00,23:00,38246.43
2026-04-09T00:00:00+03:00,00:00,36184.2
2026-04-09T01:00:00+03:00,01:00,34598.31
2026-04-09T02:00:00+03:00,02:00,33571.91
2026-04-09T03:00:00+03:00,03:00,32980.72
2026-04-09T04:00:00+03:00,04:00,32866.57
2026-04-09T05:00:00+03:00,05:00,33557.18
2026-04-09T06:00:00+03:00,06:00,34697.73
2026-04-09T07:00:00+03:00,07:00,37497.59
2026-04-09T08:00:00+03:00,08:00,43431.21
2026-04-09T09:00:00+03:00,09:00,45017.54
2026-04-09T10:00:00+03:00,10:00,44925.27
2026-04-09T11:00:00+03:00,11:00,44963.43
2026-04-09T12:00:00+03:00,12:00,43129.7
2026-04-09T13:00:00+03:00,13:00,43444.97
2026-04-09T14:00:00+03:00,14:00,43945.17
2026-04-09T15:00:00+03:00,15:00,43640.16
2026-04-09T16:00:00+03:00,16:00,43649.28
2026-04-09T17:00:00+03:00,17:00,43380.76
2026-04-09T18:00:00+03:00,18:00,43165.34
2026-04-09T19:00:00+03:00,19:00,44668.79
2026-04-09T20:00:00+03:00,20:00,45053.13
2026-04-09T21:00:00+03:00,21:00,43643.68
2026-04-09T22:00:00+03:00,22:00,41703.56
2026-04-09T23:00:00+03:00,23:00,39667.41
2026-04-10T00:00:00+03:00,00:00,37313.01
2026-04-10T01:00:00+03:00,01:00,35381.57
2026-04-10T02:00:00+03:00,02:00,34178.48
2026-04-10T03:00:00+03:00,03:00,33370.87
2026-04-10T04:00:00+03:00,04:00,33205.81
2026-04-10T05:00:00+03:00,05:00,33836.83
2026-04-10T06:00:00+03:00,06:00,34739.01
2026-04-10T07:00:00+03:00,07:00,37819.08
2026-04-10T08:00:00+03:00,08:00,43666.03
2026-04-10T09:00:00+03:00,09:00,45990.01
2026-04-10T10:00:00+03:00,10:00,46147.25
2026-04-10T11:00:00+03:00,11:00,46336.95
2026-04-10T12:00:00+03:00,12:00,44281.47
2026-04-10T13:00:00+03:00,13:00,43322.46
2026-04-10T14:00:00+03:00,14:00,44748.53
2026-04-10T15:00:00+03:00,15:00,44112.03
2026-04-10T16:00:00+03:00,16:00,44396.28
2026-04-10T17:00:00+03:00,17:00,43954.47
2026-04-10T18:00:00+03:00,18:00,42984.93
2026-04-10T19:00:00+03:00,19:00,44553.3
2026-04-10T20:00:00+03:00,20:00,44832.67
2026-04-10T21:00:00+03:00,21:00,43520.43
2026-04-10T22:00:00+03:00,22:00,41830.13
2026-04-10T23:00:00+03:00,23:00,39914.34
2026-04-11T00:00:00+03:00,00:00,37937.67
2026-04-11T01:00:00+03:00,01:00,36159.76
2026-04-11T02:00:00+03:00,02:00,34659.13
2026-04-11T03:00:00+03:00,03:00,33679.58
2026-04-11T04:00:00+03:00,04:00,33431.72
2026-04-11T05:00:00+03:00,05:00,33793.64
2026-04-11T06:00:00+03:00,06:00,33817.83
2026-04-11T07:00:00+03:00,07:00,35260.87
2026-04-11T08:00:00+03:00,08:00,39760.4
2026-04-11T09:00:00+03:00,09:00,41660.35
2026-04-11T10:00:00+03:00,10:00,42222.84
2026-04-11T11:00:00+03:00,11:00,43044.39
2026-04-11T12:00:00+03:00,12:00,41404.42
2026-04-11T13:00:00+03:00,13:00,41232.21
2026-04-11T14:00:00+03:00,14:00,41179.71
2026-04-11T15:00:00+03:00,15:00,40292.73
2026-04-11T16:00:00+03:00,16:00,39776.68
2026-04-11T17:00:00+03:00,17:00,40112.78
2026-04-11T18:00:00+03:00,18:00,40731.66
2026-04-11T19:00:00+03:00,19:00,42946.56
2026-04-11T20:00:00+03:00,20:00,43258.33
2026-04-11T21:00:00+03:00,21:00,41900.33
2026-04-11T22:00:00+03:00,22:00,40311.68
2026-04-11T23:00:00+03:00,23:00,38358.76
2026-04-12T00:00:00+03:00,00:00,36238.98
2026-04-12T01:00:00+03:00,01:00,34139.08
2026-04-12T02:00:00+03:00,02:00,32460.26
2026-04-12T03:00:00+03:00,03:00,31492.27
2026-04-12T04:00:00+03:00,04:00,31255.04
2026-04-12T05:00:00+03:00,05:00,31545.36
2026-04-12T06:00:00+03:00,06:00,30833.04
2026-04-12T07:00:00+03:00,07:00,31496.28
2026-04-12T08:00:00+03:00,08:00,32491.02
2026-04-12T09:00:00+03:00,09:00,32786.52
2026-04-12T10:00:00+03:00,10:00,33807.42
2026-04-12T11:00:00+03:00,11:00,35000.97
2026-04-12T12:00:00+03:00,12:00,34906.49
2026-04-12T13:00:00+03:00,13:00,35084.53
2026-04-12T14:00:00+03:00,14:00,34689.28
2026-04-12T15:00:00+03:00,15:00,33479.44
2026-04-12T16:00:00+03:00,16:00,33357.86
2026-04-12T17:00:00+03:00,17:00,34025.4
2026-04-12T18:00:00+03:00,18:00,36127.56
2026-04-12T19:00:00+03:00,19:00,39190.94
2026-04-12T20:00:00+03:00,20:00,40765.37
2026-04-12T21:00:00+03:00,21:00,39630.47
2026-04-12T22:00:00+03:00,22:00,38346.9
2026-04-12T23:00:00+03:00,23:00,36761.87
2026-04-13T00:00:00+03:00,00:00,34876.28
2026-04-13T01:00:00+03:00,01:00,32884.38
2026-04-13T02:00:00+03:00,02:00,31512.05
2026-04-13T03:00:00+03:00,03:00,30888.41
2026-04-13T04:00:00+03:00,04:00,30894.38
2026-04-13T05:00:00+03:00,05:00,31874.94
2026-04-13T06:00:00+03:00,06:00,33263.75
2026-04-13T07:00:00+03:00,07:00,36281.59
2026-04-13T08:00:00+03:00,08:00,42314.35
2026-04-13T09:00:00+03:00,09:00,44109.18
2026-04-13T10:00:00+03:00,10:00,44113.87
2026-04-13T11:00:00+03:00,11:00,44581.38
2026-04-13T12:00:00+03:00,12:00,42770.38
2026-04-13T13:00:00+03:00,13:00,42574.49
2026-04-13T14:00:00+03:00,14:00,41913.48
2026-04-13T15:00:00+03:00,15:00,40774.98
2026-04-13T16:00:00+03:00,16:00,40550.11
2026-04-13T17:00:00+03:00,17:00,41125.09
2026-04-13T18:00:00+03:00,18:00,41260.93
2026-04-13T19:00:00+03:00,19:00,43748.28
2026-04-13T20:00:00+03:00,20:00,44775.74
2026-04-13T21:00:00+03:00,21:00,43335.44
2026-04-13T22:00:00+03:00,22:00,41382.95
2026-04-13T23:00:00+03:00,23:00,39503.24
2026-04-14T00:00:00+03:00,00:00,37487.39
2026-04-14T01:00:00+03:00,01:00,35540.05
2026-04-14T02:00:00+03:00,02:00,34506.66
2026-04-14T03:00:00+03:00,03:00,33803.45
2026-04-14T04:00:00+03:00,04:00,33563.55
2026-04-14T05:00:00+03:00,05:00,34315.38
2026-04-14T06:00:00+03:00,06:00,35290.21
2026-04-14T07:00:00+03:00,07:00,37839.92
2026-04-14T08:00:00+03:00,08:00,43433.66
2026-04-14T09:00:00+03:00,09:00,44554.33
2026-04-14T10:00:00+03:00,10:00,44104.14
2026-04-14T11:00:00+03:00,11:00,43916.88
2026-04-14T12:00:00+03:00,12:00,41767.88
2026-04-14T13:00:00+03:00,13:00,41451.43
2026-04-14T14:00:00+03:00,14:00,41544.7
2026-04-14T15:00:00+03:00,15:00,40743.55
2026-04-14T16:00:00+03:00,16:00,41246.11
2026-04-14T17:00:00+03:00,17:00,41431.01
2026-04-14T18:00:00+03:00,18:00,42187.13
2026-04-14T19:00:00+03:00,19:00,43987.05
2026-04-14T20:00:00+03:00,20:00,44447.87
2026-04-14T21:00:00+03:00,21:00,42368.97
2026-04-14T22:00:00+03:00,22:00,41272.76
2026-04-14T23:00:00+03:00,23:00,38631.86
2026-04-15T00:00:00+03:00,00:00,36890.69
2026-04-15T01:00:00+03:00,01:00,35062.66
2026-04-15T02:00:00+03:00,02:00,33829.58
2026-04-15T03:00:00+03:00,03:00,33103.08
2026-04-15T04:00:00+03:00,04:00,32716.91
2026-04-15T05:00:00+03:00,05:00,33467.8
2026-04-15T06:00:00+03:00,06:00,33653.08
2026-04-15T07:00:00+03:00,07:00,36544.47
2026-04-15T08:00:00+03:00,08:00,42310.25
2026-04-15T09:00:00+03:00,09:00,44149.63
2026-04-15T10:00:00+03:00,10:00,43628.01
2026-04-15T11:00:00+03:00,11:00,43807.41
2026-04-15T12:00:00+03:00,12:00,41211.43
2026-04-15T13:00:00+03:00,13:00,40961.32
2026-04-15T14:00:00+03:00,14:00,40212.77
2026-04-15T15:00:00+03:00,15:00,39951.87
2026-04-15T16:00:00+03:00,16:00,40279.2
2026-04-15T17:00:00+03:00,17:00,40290.53
2026-04-15T18:00:00+03:00,18:00,40215.34
2026-04-15T19:00:00+03:00,19:00,42214.96
2026-04-15T20:00:00+03:00,20:00,42952.68
2026-04-15T21:00:00+03:00,21:00,41595.68
2026-04-15T22:00:00+03:00,22:00,39614.46
2026-04-15T23:00:00+03:00,23:00,37957.36
2026-04-16T00:00:00+03:00,00:00,36495.55
2026-04-16T01:00:00+03:00,01:00,34795.94
2026-04-16T02:00:00+03:00,02:00,33781.7
2026-04-16T03:00:00+03:00,03:00,32960.28
2026-04-16T04:00:00+03:00,04:00,32653.18
2026-04-16T05:00:00+03:00,05:00,33407.6
2026-04-16T06:00:00+03:00,06:00,34015.18
2026-04-16T07:00:00+03:00,07:00,36374.52
2026-04-16T08:00:00+03:00,08:00,41778.02
2026-04-16T09:00:00+03:00,09:00,43273.44
2026-04-16T10:00:00+03:00,10:00,42059.73
2026-04-16T11:00:00+03:00,11:00,43834.34
2026-04-16T12:00:00+03:00,12:00,41250.62
2026-04-16T13:00:00+03:00,13:00,41721.25
2026-04-16T14:00:00+03:00,14:00,41144.05
2026-04-16T15:00:00+03:00,15:00,40353.02
2026-04-16T16:00:00+03:00,16:00,41027.34
2026-04-16T17:00:00+03:00,17:00,41170.09
2026-04-16T18:00:00+03:00,18:00,40788.33
2026-04-16T19:00:00+03:00,19:00,42555.18
2026-04-16T20:00:00+03:00,20:00,43266.95
2026-04-16T21:00:00+03:00,21:00,41521.94
2026-04-16T22:00:00+03:00,22:00,39623.0
2026-04-16T23:00:00+03:00,23:00,37642.75
2026-04-17T00:00:00+03:00,00:00,35969.85
2026-04-17T01:00:00+03:00,01:00,34013.07
2026-04-17T02:00:00+03:00,02:00,33021.45
2026-04-17T03:00:00+03:00,03:00,32196.97
2026-04-17T04:00:00+03:00,04:00,31831.15
2026-04-17T05:00:00+03:00,05:00,32355.91
2026-04-17T06:00:00+03:00,06:00,31544.9
2026-04-17T07:00:00+03:00,07:00,32513.8
2026-04-17T08:00:00+03:00,08:00,37628.48
2026-04-17T09:00:00+03:00,09:00,39858.44
2026-04-19T00:00:00+03:00,00:00,33967.65
2026-04-19T01:00:00+03:00,01:00,32558.81
2026-04-19T02:00:00+03:00,02:00,31088.73
2026-04-19T03:00:00+03:00,03:00,30604.92
2026-04-19T04:00:00+03:00,04:00,30160.11
2026-04-19T05:00:00+03:00,05:00,30390.88
2026-04-19T06:00:00+03:00,06:00,29570.16
2026-04-19T07:00:00+03:00,07:00,29596.07
2026-04-19T08:00:00+03:00,08:00,30703.72
2026-04-19T09:00:00+03:00,09:00,31812.61
2026-04-19T10:00:00+03:00,10:00,33626.41
2026-04-19T11:00:00+03:00,11:00,34737.78
2026-04-19T12:00:00+03:00,12:00,34926.67
2026-04-19T13:00:00+03:00,13:00,35002.2
2026-04-19T14:00:00+03:00,14:00,34574.96
2026-04-19T15:00:00+03:00,15:00,34265.88
2026-04-19T16:00:00+03:00,16:00,33752.45
2026-04-19T17:00:00+03:00,17:00,34132.31
2026-04-19T18:00:00+03:00,18:00,34039.66
2026-04-19T19:00:00+03:00,19:00,37541.27
2026-04-19T20:00:00+03:00,20:00,38987.56
2026-04-19T21:00:00+03:00,21:00,38153.5
2026-04-19T22:00:00+03:00,22:00,36667.36
2026-04-19T23:00:00+03:00,23:00,34683.51
2026-04-20T00:00:00+03:00,00:00,32928.63
2026-04-20T01:00:00+03:00,01:00,31700.32
2026-04-20T02:00:00+03:00,02:00,29869.07
2026-04-20T03:00:00+03:00,03:00,29508.37
2026-04-20T04:00:00+03:00,04:00,29586.65
2026-04-20T05:00:00+03:00,05:00,30309.66
2026-04-20T06:00:00+03:00,06:00,31299.11
2026-04-20T07:00:00+03:00,07:00,34433.31
2026-04-20T08:00:00+03:00,08:00,40649.6
2026-04-20T09:00:00+03:00,09:00,42566.14
2026-04-20T10:00:00+03:00,10:00,42593.06
2026-04-20T11:00:00+03:00,11:00,43279.9
2026-04-20T12:00:00+03:00,12:00,41381.65
2026-04-20T13:00:00+03:00,13:00,41151.15
2026-04-20T14:00:00+03:00,14:00,41597.97
2026-04-20T15:00:00+03:00,15:00,41049.73
2026-04-20T16:00:00+03:00,16:00,39908.17
2026-04-20T17:00:00+03:00,17:00,40105.22
2026-04-20T18:00:00+03:00,18:00,39858.77
2026-04-20T19:00:00+03:00,19:00,41709.48
2026-04-20T20:00:00+03:00,20:00,42973.55
2026-04-20T21:00:00+03:00,21:00,41766.26
2026-04-20T22:00:00+03:00,22:00,39883.34
2026-04-20T23:00:00+03:00,23:00,37780.31
2026-04-21T00:00:00+03:00,00:00,35857.82
2026-04-21T01:00:00+03:00,01:00,34168.42
2026-04-21T02:00:00+03:00,02:00,32976.22
2026-04-21T03:00:00+03:00,03:00,32416.01
2026-04-21T04:00:00+03:00,04:00,32283.7
2026-04-21T05:00:00+03:00,05:00,32906.93
2026-04-21T06:00:00+03:00,06:00,33181.94
2026-04-21T07:00:00+03:00,07:00,36299.93
2026-04-21T08:00:00+03:00,08:00,41563.12
2026-04-21T09:00:00+03:00,09:00,42321.94
2026-04-21T10:00:00+03:00,10:00,42037.63
2026-04-21T11:00:00+03:00,11:00,42250.96
2026-04-21T12:00:00+03:00,12:00,40284.54
2026-04-21T13:00:00+03:00,13:00,40152.42
2026-04-21T14:00:00+03:00,14:00,39788.21
2026-04-21T15:00:00+03:00,15:00,38726.0
2026-04-21T16:00:00+03:00,16:00,38667.54
2026-04-21T17:00:00+03:00,17:00,39447.4
2026-04-21T18:00:00+03:00,18:00,40006.08
2026-04-21T19:00:00+03:00,19:00,41898.04
2026-04-21T20:00:00+03:00,20:00,42952.48
2026-04-21T21:00:00+03:00,21:00,41751.24
2026-04-21T22:00:00+03:00,22:00,39952.87
2026-04-21T23:00:00+03:00,23:00,38025.1
2026-04-22T00:00:00+03:00,00:00,36003.25
2026-04-22T01:00:00+03:00,01:00,34113.2
2026-04-22T02:00:00+03:00,02:00,32936.6
2026-04-22T03:00:00+03:00,03:00,32242.61
2026-04-22T04:00:00+03:00,04:00,32104.8
2026-04-22T05:00:00+03:00,05:00,32730.09
2026-04-22T06:00:00+03:00,06:00,33384.62
2026-04-22T07:00:00+03:00,07:00,35935.25
2026-04-22T08:00:00+03:00,08:00,40741.11
2026-04-22T09:00:00+03:00,09:00,42856.34
2026-04-22T10:00:00+03:00,10:00,42949.19
2026-04-22T11:00:00+03:00,11:00,43790.52
2026-04-22T12:00:00+03:00,12:00,41771.38
2026-04-22T13:00:00+03:00,13:00,43231.04
2026-04-22T14:00:00+03:00,14:00,43146.68
2026-04-22T15:00:00+03:00,15:00,42561.78
2026-04-22T16:00:00+03:00,16:00,42514.42
2026-04-22T17:00:00+03:00,17:00,42199.43
2026-04-22T18:00:00+03:00,18:00,41538.22
2026-04-22T19:00:00+03:00,19:00,42694.67
2026-04-22T20:00:00+03:00,20:00,43373.0
2026-04-22T21:00:00+03:00,21:00,41962.47
2026-04-22T22:00:00+03:00,22:00,39637.61
2026-04-22T23:00:00+03:00,23:00,37587.6
2026-04-23T00:00:00+03:00,00:00,35040.06
2026-04-23T01:00:00+03:00,01:00,33094.08
2026-04-23T02:00:00+03:00,02:00,31191.06
2026-04-23T03:00:00+03:00,03:00,30752.35
2026-04-23T04:00:00+03:00,04:00,30769.54
2026-04-23T05:00:00+03:00,05:00,31014.12
2026-04-23T06:00:00+03:00,06:00,30956.45
2026-04-23T07:00:00+03:00,07:00,31844.17
2026-04-23T08:00:00+03:00,08:00,35442.33
2026-04-23T09:00:00+03:00,09:00,37705.78
2026-04-23T10:00:00+03:00,10:00,38920.15
2026-04-23T11:00:00+03:00,11:00,39298.03
2026-04-23T12:00:00+03:00,12:00,38738.06
2026-04-23T13:00:00+03:00,13:00,39137.48
2026-04-23T14:00:00+03:00,14:00,38272.45
2026-04-23T15:00:00+03:00,15:00,37503.29
2026-04-23T16:00:00+03:00,16:00,37042.88
2026-04-23T17:00:00+03:00,17:00,37374.65
2026-04-23T18:00:00+03:00,18:00,37938.86
2026-04-23T19:00:00+03:00,19:00,39684.83
2026-04-23T20:00:00+03:00,20:00,40722.11
2026-04-23T21:00:00+03:00,21:00,39578.94
2026-04-23T22:00:00+03:00,22:00,37796.63
2026-04-23T23:00:00+03:00,23:00,36019.03
2026-04-24T00:00:00+03:00,00:00,34721.12
2026-04-24T01:00:00+03:00,01:00,33045.93
2026-04-24T02:00:00+03:00,02:00,31869.8
2026-04-24T03:00:00+03:00,03:00,31178.18
2026-04-24T04:00:00+03:00,04:00,31224.44
2026-04-24T05:00:00+03:00,05:00,31812.77
2026-04-24T06:00:00+03:00,06:00,32258.96
2026-04-24T07:00:00+03:00,07:00,35054.96
2026-04-24T08:00:00+03:00,08:00,40511.59
2026-04-24T09:00:00+03:00,09:00,42021.09
2026-04-24T10:00:00+03:00,10:00,41584.61
2026-04-24T11:00:00+03:00,11:00,42141.74
2026-04-24T12:00:00+03:00,12:00,39784.84
2026-04-24T13:00:00+03:00,13:00,39048.44
2026-04-24T14:00:00+03:00,14:00,40187.42
2026-04-24T15:00:00+03:00,15:00,39400.69
2026-04-24T16:00:00+03:00,16:00,39231.04
2026-04-24T17:00:00+03:00,17:00,39611.41
2026-04-24T18:00:00+03:00,18:00,39382.2
2026-04-24T19:00:00+03:00,19:00,40984.0
2026-04-24T20:00:00+03:00,20:00,42160.77
2026-04-24T21:00:00+03:00,21:00,41111.29
2026-04-24T22:00:00+03:00,22:00,39490.23
2026-04-24T23:00:00+03:00,23:00,37603.55
2026-04-25T00:00:00+03:00,00:00,36032.3
2026-04-25T01:00:00+03:00,01:00,34163.86
2026-04-25T02:00:00+03:00,02:00,32705.68
2026-04-25T03:00:00+03:00,03:00,31986.92
2026-04-25T04:00:00+03:00,04:00,31813.03
2026-04-25T05:00:00+03:00,05:00,32155.95
2026-04-25T06:00:00+03:00,06:00,31911.12
2026-04-25T07:00:00+03:00,07:00,33085.87
2026-04-25T08:00:00+03:00,08:00,36261.74
2026-04-25T09:00:00+03:00,09:00,37363.88
2026-04-25T10:00:00+03:00,10:00,38046.7
2026-04-25T11:00:00+03:00,11:00,38063.16
2026-04-25T12:00:00+03:00,12:00,36730.28
2026-04-25T13:00:00+03:00,13:00,36371.03
2026-04-25T14:00:00+03:00,14:00,35503.51
2026-04-25T15:00:00+03:00,15:00,35019.43
2026-04-25T16:00:00+03:00,16:00,34927.09
2026-04-25T17:00:00+03:00,17:00,35892.73
2026-04-25T18:00:00+03:00,18:00,36913.91
2026-04-25T19:00:00+03:00,19:00,38717.56
2026-04-25T20:00:00+03:00,20:00,40256.91
2026-04-25T21:00:00+03:00,21:00,39152.2
2026-04-25T22:00:00+03:00,22:00,37726.54
2026-04-25T23:00:00+03:00,23:00,35869.49
2026-04-26T00:00:00+03:00,00:00,33768.26
2026-04-26T01:00:00+03:00,01:00,32157.14
2026-04-26T02:00:00+03:00,02:00,30831.07
2026-04-26T03:00:00+03:00,03:00,29933.41
2026-04-26T04:00:00+03:00,04:00,29596.73
2026-04-26T05:00:00+03:00,05:00,29623.22
2026-04-26T06:00:00+03:00,06:00,29119.14
2026-04-26T07:00:00+03:00,07:00,28774.59
2026-04-26T08:00:00+03:00,08:00,29374.85
2026-04-26T09:00:00+03:00,09:00,30306.65
2026-04-26T10:00:00+03:00,10:00,30728.29
2026-04-26T11:00:00+03:00,11:00,31210.81
2026-04-26T12:00:00+03:00,12:00,31598.2
2026-04-26T13:00:00+03:00,13:00,32119.39
2026-04-26T14:00:00+03:00,14:00,31548.29
2026-04-26T15:00:00+03:00,15:00,30909.96
2026-04-26T16:00:00+03:00,16:00,30429.19
2026-04-26T17:00:00+03:00,17:00,31268.05
2026-04-26T18:00:00+03:00,18:00,32923.03
2026-04-26T19:00:00+03:00,19:00,35641.65
2026-04-26T20:00:00+03:00,20:00,37194.22
2026-04-26T21:00:00+03:00,21:00,36419.68
2026-04-26T22:00:00+03:00,22:00,35001.61
2026-04-26T23:00:00+03:00,23:00,33248.9
2026-04-27T00:00:00+03:00,00:00,31986.34
2026-04-27T01:00:00+03:00,01:00,29890.41
2026-04-27T02:00:00+03:00,02:00,28866.24
2026-04-27T03:00:00+03:00,03:00,28371.78
2026-04-27T04:00:00+03:00,04:00,28274.22
2026-04-27T05:00:00+03:00,05:00,28646.15
2026-04-27T06:00:00+03:00,06:00,28284.72
2026-04-27T07:00:00+03:00,07:00,29549.63
2026-04-27T08:00:00+03:00,08:00,34429.68
2026-04-27T09:00:00+03:00,09:00,36392.9
2026-04-27T10:00:00+03:00,10:00,13752.85
2026-04-28T00:00:00+03:00,00:00,35364.46
2026-04-28T01:00:00+03:00,01:00,33750.92
2026-04-28T02:00:00+03:00,02:00,32473.97
2026-04-28T03:00:00+03:00,03:00,31799.11
2026-04-28T04:00:00+03:00,04:00,31340.98
2026-04-28T05:00:00+03:00,05:00,32142.88
2026-04-28T06:00:00+03:00,06:00,32669.14
2026-04-28T07:00:00+03:00,07:00,35496.41
2026-04-28T08:00:00+03:00,08:00,40503.55
2026-04-28T09:00:00+03:00,09:00,41764.29
2026-04-28T10:00:00+03:00,10:00,41747.36
2026-04-28T11:00:00+03:00,11:00,41451.49
2026-04-28T12:00:00+03:00,12:00,39948.02
2026-04-28T13:00:00+03:00,13:00,40196.04
2026-04-28T14:00:00+03:00,14:00,40199.29
2026-04-28T15:00:00+03:00,15:00,39495.96
2026-04-28T16:00:00+03:00,16:00,39796.26
2026-04-28T17:00:00+03:00,17:00,39746.19
2026-04-28T18:00:00+03:00,18:00,39943.14
2026-04-28T19:00:00+03:00,19:00,41700.94
2026-04-28T20:00:00+03:00,20:00,42795.16
2026-04-28T21:00:00+03:00,21:00,41667.55
2026-04-28T22:00:00+03:00,22:00,39861.01
2026-04-28T23:00:00+03:00,23:00,37774.91
2026-04-29T00:00:00+03:00,00:00,35677.61
2026-04-29T01:00:00+03:00,01:00,33946.26
2026-04-29T02:00:00+03:00,02:00,32537.02
2026-04-29T03:00:00+03:00,03:00,31935.88
2026-04-29T04:00:00+03:00,04:00,31837.84
2026-04-29T05:00:00+03:00,05:00,32244.66
2026-04-29T06:00:00+03:00,06:00,32934.02
2026-04-29T07:00:00+03:00,07:00,35557.8
2026-04-29T08:00:00+03:00,08:00,40507.72
2026-04-29T09:00:00+03:00,09:00,41755.62
2026-04-29T10:00:00+03:00,10:00,41471.93
2026-04-29T11:00:00+03:00,11:00,42014.02
2026-04-29T12:00:00+03:00,12:00,39887.16
2026-04-29T13:00:00+03:00,13:00,40124.42
2026-04-29T14:00:00+03:00,14:00,40105.48
2026-04-29T15:00:00+03:00,15:00,39723.46
2026-04-29T16:00:00+03:00,16:00,37990.1
2026-04-29T17:00:00+03:00,17:00,38103.56
2026-04-29T18:00:00+03:00,18:00,37999.47
2026-04-29T19:00:00+03:00,19:00,39639.11
2026-04-29T20:00:00+03:00,20:00,41157.03
2026-04-29T21:00:00+03:00,21:00,40100.77
2026-04-29T22:00:00+03:00,22:00,38475.95
2026-04-29T23:00:00+03:00,23:00,36020.58
2026-04-30T00:00:00+03:00,00:00,35946.23
2026-04-30T01:00:00+03:00,01:00,34238.97
2026-04-30T02:00:00+03:00,02:00,32839.85
2026-04-30T03:00:00+03:00,03:00,32228.51
2026-04-30T04:00:00+03:00,04:00,32083.3
2026-04-30T05:00:00+03:00,05:00,32431.62
2026-04-30T06:00:00+03:00,06:00,32906.07
2026-04-30T07:00:00+03:00,07:00,35581.86
2026-04-30T08:00:00+03:00,08:00,40281.36
2026-04-30T09:00:00+03:00,09:00,41592.07
2026-04-30T10:00:00+03:00,10:00,41291.14
2026-04-30T11:00:00+03:00,11:00,41733.27
2026-04-30T12:00:00+03:00,12:00,39416.16
2026-04-30T13:00:00+03:00,13:00,39570.58
2026-04-30T14:00:00+03:00,14:00,39759.43
2026-04-30T15:00:00+03:00,15:00,39548.32
2026-04-30T16:00:00+03:00,16:00,39646.53
2026-04-30T17:00:00+03:00,17:00,39849.29
2026-04-30T18:00:00+03:00,18:00,39564.99
2026-04-30T19:00:00+03:00,19:00,41103.63
2026-04-30T20:00:00+03:00,20:00,42414.92
2026-04-30T21:00:00+03:00,21:00,41024.5
2026-04-30T22:00:00+03:00,22:00,38790.96
2026-04-30T23:00:00+03:00,23:00,36670.63
2026-05-01T00:00:00+03:00,00:00,34088.99
2026-05-01T01:00:00+03:00,01:00,32136.88
2026-05-01T02:00:00+03:00,02:00,29871.44
2026-05-01T03:00:00+03:00,03:00,29952.14
2026-05-01T04:00:00+03:00,04:00,29345.11
2026-05-01T05:00:00+03:00,05:00,29711.26
2026-05-01T06:00:00+03:00,06:00,28767.93
2026-05-01T07:00:00+03:00,07:00,29608.39
2026-05-01T08:00:00+03:00,08:00,32442.02
2026-05-01T09:00:00+03:00,09:00,34510.42
2026-05-01T10:00:00+03:00,10:00,36308.87
2026-05-01T11:00:00+03:00,11:00,37858.54
2026-05-01T12:00:00+03:00,12:00,37186.12
2026-05-01T13:00:00+03:00,13:00,36449.08
2026-05-01T14:00:00+03:00,14:00,37326.54
2026-05-01T15:00:00+03:00,15:00,37980.89
2026-05-01T16:00:00+03:00,16:00,38274.54
2026-05-01T17:00:00+03:00,17:00,37998.72
2026-05-01T18:00:00+03:00,18:00,37294.69
2026-05-01T19:00:00+03:00,19:00,38301.23
2026-05-01T20:00:00+03:00,20:00,39147.59
2026-05-01T21:00:00+03:00,21:00,37924.12
2026-05-01T22:00:00+03:00,22:00,36179.35
2026-05-01T23:00:00+03:00,23:00,34282.47
2026-05-02T00:00:00+03:00,00:00,33166.14
2026-05-02T01:00:00+03:00,01:00,31420.72
2026-05-02T02:00:00+03:00,02:00,30040.87
2026-05-02T03:00:00+03:00,03:00,29017.48
2026-05-02T04:00:00+03:00,04:00,29025.79
2026-05-02T05:00:00+03:00,05:00,28710.49
2026-05-02T06:00:00+03:00,06:00,28162.77
2026-05-02T07:00:00+03:00,07:00,29812.41
2026-05-02T08:00:00+03:00,08:00,34110.49
2026-05-02T09:00:00+03:00,09:00,37076.51
2026-05-02T10:00:00+03:00,10:00,38908.59
2026-05-02T11:00:00+03:00,11:00,40202.88
2026-05-02T12:00:00+03:00,12:00,39343.54
2026-05-02T13:00:00+03:00,13:00,39450.1
2026-05-02T14:00:00+03:00,14:00,39634.2
2026-05-02T15:00:00+03:00,15:00,39206.75
2026-05-02T16:00:00+03:00,16:00,38872.34
2026-05-02T17:00:00+03:00,17:00,38391.3
2026-05-02T18:00:00+03:00,18:00,38035.38
2026-05-02T19:00:00+03:00,19:00,38949.79
2026-05-02T20:00:00+03:00,20:00,39876.85
2026-05-02T21:00:00+03:00,21:00,38747.73
2026-05-02T22:00:00+03:00,22:00,36991.01
2026-05-02T23:00:00+03:00,23:00,35380.4
2026-05-03T00:00:00+03:00,00:00,33425.49
2026-05-03T01:00:00+03:00,01:00,31661.17
2026-05-03T02:00:00+03:00,02:00,30371.53
2026-05-03T03:00:00+03:00,03:00,29386.74
2026-05-03T04:00:00+03:00,04:00,29195.89
2026-05-03T05:00:00+03:00,05:00,28783.38
2026-05-03T06:00:00+03:00,06:00,27781.22
2026-05-03T07:00:00+03:00,07:00,28002.47
2026-05-03T08:00:00+03:00,08:00,29812.89
2026-05-03T09:00:00+03:00,09:00,32068.96
2026-05-03T10:00:00+03:00,10:00,34594.75
2026-05-03T11:00:00+03:00,11:00,35815.84
2026-05-03T12:00:00+03:00,12:00,36221.61
2026-05-03T13:00:00+03:00,13:00,37070.78
2026-05-03T14:00:00+03:00,14:00,37115.72
2026-05-03T15:00:00+03:00,15:00,36712.64
2026-05-03T16:00:00+03:00,16:00,36510.26
2026-05-03T17:00:00+03:00,17:00,36670.95
2026-05-03T18:00:00+03:00,18:00,36893.87
2026-05-03T19:00:00+03:00,19:00,37731.6
2026-05-03T20:00:00+03:00,20:00,38749.93
2026-05-03T21:00:00+03:00,21:00,37843.81
2026-05-03T22:00:00+03:00,22:00,36240.77
2026-05-03T23:00:00+03:00,23:00,34868.88
2026-05-04T00:00:00+03:00,00:00,32985.06
2026-05-04T01:00:00+03:00,01:00,31167.91
2026-05-04T02:00:00+03:00,02:00,30078.96
2026-05-04T03:00:00+03:00,03:00,29491.75
2026-05-04T04:00:00+03:00,04:00,29295.58
2026-05-04T05:00:00+03:00,05:00,29802.58
2026-05-04T06:00:00+03:00,06:00,30243.86
2026-05-04T07:00:00+03:00,07:00,33675.57
2026-05-04T08:00:00+03:00,08:00,41725.02
2026-05-04T09:00:00+03:00,09:00,44112.91
2026-05-04T10:00:00+03:00,10:00,45386.64
2026-05-04T11:00:00+03:00,11:00,46781.42
2026-05-04T12:00:00+03:00,12:00,45168.38
2026-05-04T13:00:00+03:00,13:00,45875.24
2026-05-04T14:00:00+03:00,14:00,46328.65
2026-05-04T15:00:00+03:00,15:00,45454.23
2026-05-04T16:00:00+03:00,16:00,45066.28
2026-05-04T17:00:00+03:00,17:00,44842.36
2026-05-04T18:00:00+03:00,18:00,43312.66
2026-05-04T19:00:00+03:00,19:00,44003.03
2026-05-04T20:00:00+03:00,20:00,44879.5
2026-05-04T21:00:00+03:00,21:00,43691.42
2026-05-04T22:00:00+03:00,22:00,41631.04
2026-05-04T23:00:00+03:00,23:00,39675.0
2026-05-05T00:00:00+03:00,00:00,37133.28
2026-05-05T01:00:00+03:00,01:00,35188.94
2026-05-05T02:00:00+03:00,02:00,33740.26
2026-05-05T03:00:00+03:00,03:00,33116.92
2026-05-05T04:00:00+03:00,04:00,33091.54
2026-05-05T05:00:00+03:00,05:00,33298.19
2026-05-05T06:00:00+03:00,06:00,32939.19
2026-05-05T07:00:00+03:00,07:00,36321.45
2026-05-05T08:00:00+03:00,08:00,42454.12
2026-05-05T09:00:00+03:00,09:00,45033.46
2026-05-05T10:00:00+03:00,10:00,45217.73
2026-05-05T11:00:00+03:00,11:00,45236.29
2026-05-05T12:00:00+03:00,12:00,43432.44
2026-05-05T13:00:00+03:00,13:00,44070.26
2026-05-05T14:00:00+03:00,14:00,43947.67
2026-05-05T15:00:00+03:00,15:00,43203.67
2026-05-05T16:00:00+03:00,16:00,42830.21
2026-05-05T17:00:00+03:00,17:00,42272.12
2026-05-05T18:00:00+03:00,18:00,41117.13
2026-05-05T19:00:00+03:00,19:00,42042.9
2026-05-05T20:00:00+03:00,20:00,43724.39
2026-05-05T21:00:00+03:00,21:00,42777.43
2026-05-05T22:00:00+03:00,22:00,40839.84
2026-05-05T23:00:00+03:00,23:00,38069.26
2026-05-06T00:00:00+03:00,00:00,36729.71
2026-05-06T01:00:00+03:00,01:00,34821.71
2026-05-06T02:00:00+03:00,02:00,33510.12
2026-05-06T03:00:00+03:00,03:00,32932.67
2026-05-06T04:00:00+03:00,04:00,32876.87
2026-05-06T05:00:00+03:00,05:00,33233.21
2026-05-06T06:00:00+03:00,06:00,33673.3
2026-05-06T07:00:00+03:00,07:00,36180.55
2026-05-06T08:00:00+03:00,08:00,41329.65
2026-05-06T09:00:00+03:00,09:00,42805.39
2026-05-06T10:00:00+03:00,10:00,43088.18
2026-05-06T11:00:00+03:00,11:00,43975.16
2026-05-06T12:00:00+03:00,12:00,42136.18
2026-05-06T13:00:00+03:00,13:00,41634.96
2026-05-06T14:00:00+03:00,14:00,41701.03
2026-05-06T15:00:00+03:00,15:00,40479.06
2026-05-06T16:00:00+03:00,16:00,40090.14
2026-05-06T17:00:00+03:00,17:00,40239.28
2026-05-06T18:00:00+03:00,18:00,39744.1
2026-05-06T19:00:00+03:00,19:00,41334.1
2026-05-06T20:00:00+03:00,20:00,43610.87
2026-05-06T21:00:00+03:00,21:00,42652.42
2026-05-06T22:00:00+03:00,22:00,40857.87
2026-05-06T23:00:00+03:00,23:00,38596.59
2026-05-07T00:00:00+03:00,00:00,36696.63
2026-05-07T01:00:00+03:00,01:00,34938.08
2026-05-07T02:00:00+03:00,02:00,33597.12
2026-05-07T03:00:00+03:00,03:00,32731.98
2026-05-07T04:00:00+03:00,04:00,32687.17
2026-05-07T05:00:00+03:00,05:00,32906.78
2026-05-07T06:00:00+03:00,06:00,33361.64
2026-05-07T07:00:00+03:00,07:00,35789.13
2026-05-07T08:00:00+03:00,08:00,40198.5
2026-05-07T09:00:00+03:00,09:00,42002.74
2026-05-07T10:00:00+03:00,10:00,42118.95
2026-05-07T11:00:00+03:00,11:00,42530.95
2026-05-07T12:00:00+03:00,12:00,40750.81
2026-05-07T13:00:00+03:00,13:00,41052.01
2026-05-07T14:00:00+03:00,14:00,40866.77
2026-05-07T15:00:00+03:00,15:00,39879.91
2026-05-07T16:00:00+03:00,16:00,39476.86
2026-05-07T17:00:00+03:00,17:00,39839.53
2026-05-07T18:00:00+03:00,18:00,39678.24
2026-05-07T19:00:00+03:00,19:00,41045.3
2026-05-07T20:00:00+03:00,20:00,42977.13
2026-05-07T21:00:00+03:00,21:00,41992.21
2026-05-07T22:00:00+03:00,22:00,40107.91
2026-05-07T23:00:00+03:00,23:00,37912.52
2026-05-08T00:00:00+03:00,00:00,36151.89
2026-05-08T01:00:00+03:00,01:00,34402.65
2026-05-08T02:00:00+03:00,02:00,33037.87
2026-05-08T03:00:00+03:00,03:00,32200.86
2026-05-08T04:00:00+03:00,04:00,31996.31
2026-05-08T05:00:00+03:00,05:00,32467.94
2026-05-08T06:00:00+03:00,06:00,32895.41
2026-05-08T07:00:00+03:00,07:00,35375.49
2026-05-08T08:00:00+03:00,08:00,40489.62
2026-05-08T09:00:00+03:00,09:00,41882.36
2026-05-08T10:00:00+03:00,10:00,42295.61
2026-05-08T11:00:00+03:00,11:00,42852.61
2026-05-08T12:00:00+03:00,12:00,40250.53
2026-05-08T13:00:00+03:00,13:00,39252.21
2026-05-08T14:00:00+03:00,14:00,40840.89
2026-05-08T15:00:00+03:00,15:00,40303.68
2026-05-08T16:00:00+03:00,16:00,40793.54
2026-05-08T17:00:00+03:00,17:00,40687.51
2026-05-08T18:00:00+03:00,18:00,40093.61
2026-05-08T19:00:00+03:00,19:00,40923.95
2026-05-08T20:00:00+03:00,20:00,42417.79
2026-05-08T21:00:00+03:00,21:00,41246.18
2026-05-08T22:00:00+03:00,22:00,39550.61
2026-05-08T23:00:00+03:00,23:00,37418.73
2026-05-09T00:00:00+03:00,00:00,35963.01
2026-05-09T01:00:00+03:00,01:00,34141.12
2026-05-09T02:00:00+03:00,02:00,32787.72
2026-05-09T03:00:00+03:00,03:00,31942.89
2026-05-09T04:00:00+03:00,04:00,31635.55
2026-05-09T05:00:00+03:00,05:00,31594.17
2026-05-09T06:00:00+03:00,06:00,31360.94
2026-05-09T07:00:00+03:00,07:00,32727.89
2026-05-09T08:00:00+03:00,08:00,36982.87
2026-05-09T09:00:00+03:00,09:00,39159.29
2026-05-09T10:00:00+03:00,10:00,40121.48
2026-05-09T11:00:00+03:00,11:00,40265.23
2026-05-09T12:00:00+03:00,12:00,38797.67
2026-05-09T13:00:00+03:00,13:00,39661.61
2026-05-09T14:00:00+03:00,14:00,39506.53
2026-05-09T15:00:00+03:00,15:00,38429.05
2026-05-09T16:00:00+03:00,16:00,37717.88
2026-05-09T17:00:00+03:00,17:00,37950.8
2026-05-09T18:00:00+03:00,18:00,38130.75
2026-05-09T19:00:00+03:00,19:00,39271.83
2026-05-09T20:00:00+03:00,20:00,40838.02
2026-05-09T21:00:00+03:00,21:00,39857.06
2026-05-09T22:00:00+03:00,22:00,38304.13
2026-05-09T23:00:00+03:00,23:00,36332.62
2026-05-10T00:00:00+03:00,00:00,34347.92
2026-05-10T01:00:00+03:00,01:00,32550.88
2026-05-10T02:00:00+03:00,02:00,31206.56
2026-05-10T03:00:00+03:00,03:00,30368.37
2026-05-10T04:00:00+03:00,04:00,30055.1
2026-05-10T05:00:00+03:00,05:00,29561.15
2026-05-10T06:00:00+03:00,06:00,28544.93
2026-05-10T07:00:00+03:00,07:00,28763.22
2026-05-10T08:00:00+03:00,08:00,30202.21
2026-05-10T09:00:00+03:00,09:00,31722.54
2026-05-10T10:00:00+03:00,10:00,33369.59
2026-05-10T11:00:00+03:00,11:00,34168.51
2026-05-10T12:00:00+03:00,12:00,34128.44
2026-05-10T13:00:00+03:00,13:00,34484.48
2026-05-10T14:00:00+03:00,14:00,34214.93
2026-05-10T15:00:00+03:00,15:00,33182.16
2026-05-10T16:00:00+03:00,16:00,32716.48
2026-05-10T17:00:00+03:00,17:00,32567.83
2026-05-10T18:00:00+03:00,18:00,33493.53
2026-05-10T19:00:00+03:00,19:00,35705.06
2026-05-10T20:00:00+03:00,20:00,37649.59
2026-05-10T21:00:00+03:00,21:00,37213.16
2026-05-10T22:00:00+03:00,22:00,35876.43
2026-05-10T23:00:00+03:00,23:00,34417.05
2026-05-11T00:00:00+03:00,00:00,32449.11
2026-05-11T01:00:00+03:00,01:00,30903.94
2026-05-11T02:00:00+03:00,02:00,29613.45
2026-05-11T03:00:00+03:00,03:00,29007.15
2026-05-11T04:00:00+03:00,04:00,29106.19
2026-05-11T05:00:00+03:00,05:00,29356.15
2026-05-11T06:00:00+03:00,06:00,29611.44
2026-05-11T07:00:00+03:00,07:00,32990.03
2026-05-11T08:00:00+03:00,08:00,39430.35
2026-05-11T09:00:00+03:00,09:00,41446.4
2026-05-11T10:00:00+03:00,10:00,41781.95
2026-05-11T11:00:00+03:00,11:00,42616.07
2026-05-11T12:00:00+03:00,12:00,40987.4
2026-05-11T13:00:00+03:00,13:00,41907.92
2026-05-11T14:00:00+03:00,14:00,42673.21
2026-05-11T15:00:00+03:00,15:00,41877.5
2026-05-11T16:00:00+03:00,16:00,41364.61
2026-05-11T17:00:00+03:00,17:00,41331.69
2026-05-11T18:00:00+03:00,18:00,40343.57
2026-05-11T19:00:00+03:00,19:00,41372.52
2026-05-11T20:00:00+03:00,20:00,42199.0
2026-05-11T21:00:00+03:00,21:00,41618.3
2026-05-11T22:00:00+03:00,22:00,39791.72
2026-05-11T23:00:00+03:00,23:00,37766.88
2026-05-12T00:00:00+03:00,00:00,35620.42
2026-05-12T01:00:00+03:00,01:00,33886.88
2026-05-12T02:00:00+03:00,02:00,32596.5
2026-05-12T03:00:00+03:00,03:00,31654.22
2026-05-12T04:00:00+03:00,04:00,31658.72
2026-05-12T05:00:00+03:00,05:00,31808.42
2026-05-12T06:00:00+03:00,06:00,31852.6
2026-05-12T07:00:00+03:00,07:00,34481.85
2026-05-12T08:00:00+03:00,08:00,40610.38
2026-05-12T09:00:00+03:00,09:00,43116.14
2026-05-12T10:00:00+03:00,10:00,43111.5
2026-05-12T11:00:00+03:00,11:00,43572.74
2026-05-12T12:00:00+03:00,12:00,41590.57
2026-05-12T13:00:00+03:00,13:00,41931.61
2026-05-12T14:00:00+03:00,14:00,42177.1
2026-05-12T15:00:00+03:00,15:00,41842.69
2026-05-12T16:00:00+03:00,16:00,41568.65
2026-05-12T17:00:00+03:00,17:00,41426.86
2026-05-12T18:00:00+03:00,18:00,40684.55
2026-05-12T19:00:00+03:00,19:00,41694.43
2026-05-12T20:00:00+03:00,20:00,43141.51
2026-05-12T21:00:00+03:00,21:00,42095.7
2026-05-12T22:00:00+03:00,22:00,40201.44
2026-05-12T23:00:00+03:00,23:00,37626.78
2026-05-13T00:00:00+03:00,00:00,35783.37
2026-05-13T01:00:00+03:00,01:00,33936.34
2026-05-13T02:00:00+03:00,02:00,32711.99
2026-05-13T03:00:00+03:00,03:00,31916.83
2026-05-13T04:00:00+03:00,04:00,31832.49
2026-05-13T05:00:00+03:00,05:00,31927.73
2026-05-13T06:00:00+03:00,06:00,32422.61
2026-05-13T07:00:00+03:00,07:00,35292.27
2026-05-13T08:00:00+03:00,08:00,41030.83
2026-05-13T09:00:00+03:00,09:00,43006.87
2026-05-13T10:00:00+03:00,10:00,43256.78
2026-05-13T11:00:00+03:00,11:00,44377.84
2026-05-13T12:00:00+03:00,12:00,42771.66
2026-05-13T13:00:00+03:00,13:00,43025.89
2026-05-13T14:00:00+03:00,14:00,43232.91
2026-05-13T15:00:00+03:00,15:00,42222.93
2026-05-13T16:00:00+03:00,16:00,41872.29
2026-05-13T17:00:00+03:00,17:00,41778.41
2026-05-13T18:00:00+03:00,18:00,40943.31
2026-05-13T19:00:00+03:00,19:00,41387.99
2026-05-13T20:00:00+03:00,20:00,43190.79
2026-05-13T21:00:00+03:00,21:00,42109.19
2026-05-13T22:00:00+03:00,22:00,40250.61
2026-05-13T23:00:00+03:00,23:00,38339.25
2026-05-14T00:00:00+03:00,00:00,36329.44
2026-05-14T01:00:00+03:00,01:00,34645.1
2026-05-14T02:00:00+03:00,02:00,33269.48
2026-05-14T03:00:00+03:00,03:00,32530.82
2026-05-14T04:00:00+03:00,04:00,32418.48
2026-05-14T05:00:00+03:00,05:00,32472.85
2026-05-14T06:00:00+03:00,06:00,32591.18
2026-05-14T07:00:00+03:00,07:00,35587.03
2026-05-14T08:00:00+03:00,08:00,41153.01
2026-05-14T09:00:00+03:00,09:00,43196.69
2026-05-14T10:00:00+03:00,10:00,43368.34
2026-05-14T11:00:00+03:00,11:00,43802.34
2026-05-14T12:00:00+03:00,12:00,42782.05
2026-05-14T13:00:00+03:00,13:00,43482.38
2026-05-14T14:00:00+03:00,14:00,45040.57
2026-05-14T15:00:00+03:00,15:00,44281.07
2026-05-14T16:00:00+03:00,16:00,43525.95
2026-05-14T17:00:00+03:00,17:00,42921.27
2026-05-14T18:00:00+03:00,18:00,41092.31
2026-05-14T19:00:00+03:00,19:00,41430.44
2026-05-14T20:00:00+03:00,20:00,42844.38
2026-05-14T21:00:00+03:00,21:00,41888.08
2026-05-14T22:00:00+03:00,22:00,39959.94
2026-05-14T23:00:00+03:00,23:00,38263.92
2026-05-15T00:00:00+03:00,00:00,36379.47
2026-05-15T01:00:00+03:00,01:00,34662.43
2026-05-15T02:00:00+03:00,02:00,33205.72
2026-05-15T03:00:00+03:00,03:00,32515.64
2026-05-15T04:00:00+03:00,04:00,32492.37
2026-05-15T05:00:00+03:00,05:00,32599.71
2026-05-15T06:00:00+03:00,06:00,32888.18
2026-05-15T07:00:00+03:00,07:00,36004.86
2026-05-15T08:00:00+03:00,08:00,41985.26
2026-05-15T09:00:00+03:00,09:00,44059.3
2026-05-15T10:00:00+03:00,10:00,44532.27
2026-05-15T11:00:00+03:00,11:00,45683.35
2026-05-15T12:00:00+03:00,12:00,42711.62
2026-05-15T13:00:00+03:00,13:00,42031.13
2026-05-15T14:00:00+03:00,14:00,44009.97
2026-05-15T15:00:00+03:00,15:00,42385.95
2026-05-15T16:00:00+03:00,16:00,41746.73
2026-05-15T17:00:00+03:00,17:00,41099.12
2026-05-15T18:00:00+03:00,18:00,40303.5
2026-05-15T19:00:00+03:00,19:00,41284.26
2026-05-15T20:00:00+03:00,20:00,42803.7
2026-05-15T21:00:00+03:00,21:00,42069.94
2026-05-15T22:00:00+03:00,22:00,40015.16
2026-05-15T23:00:00+03:00,23:00,38309.11
2026-05-16T00:00:00+03:00,00:00,36657.75
2026-05-16T01:00:00+03:00,01:00,34583.71
2026-05-16T02:00:00+03:00,02:00,33394.76
2026-05-16T03:00:00+03:00,03:00,32474.63
2026-05-16T04:00:00+03:00,04:00,32453.21
2026-05-16T05:00:00+03:00,05:00,32327.86
2026-05-16T06:00:00+03:00,06:00,32159.9
2026-05-16T07:00:00+03:00,07:00,33903.83
2026-05-16T08:00:00+03:00,08:00,38280.49
2026-05-16T09:00:00+03:00,09:00,40491.69
2026-05-16T10:00:00+03:00,10:00,41627.32
2026-05-16T11:00:00+03:00,11:00,42444.35
2026-05-16T12:00:00+03:00,12:00,41163.57
2026-05-16T13:00:00+03:00,13:00,41453.01
2026-05-16T14:00:00+03:00,14:00,40899.07
2026-05-16T15:00:00+03:00,15:00,39195.06
2026-05-16T16:00:00+03:00,16:00,38290.08
2026-05-16T17:00:00+03:00,17:00,38473.84
2026-05-16T18:00:00+03:00,18:00,39142.19
2026-05-16T19:00:00+03:00,19:00,40390.58
2026-05-16T20:00:00+03:00,20:00,41771.14
2026-05-16T21:00:00+03:00,21:00,40927.95
2026-05-16T22:00:00+03:00,22:00,39036.69
2026-05-16T23:00:00+03:00,23:00,36747.27
2026-05-17T00:00:00+03:00,00:00,34957.04
2026-05-17T01:00:00+03:00,01:00,33082.08
2026-05-17T02:00:00+03:00,02:00,31601.4
2026-05-17T03:00:00+03:00,03:00,30793.09
2026-05-17T04:00:00+03:00,04:00,30349.33
2026-05-17T05:00:00+03:00,05:00,29944.99
2026-05-17T06:00:00+03:00,06:00,29023.85
2026-05-17T07:00:00+03:00,07:00,29906.61
2026-05-17T08:00:00+03:00,08:00,32344.38
2026-05-17T09:00:00+03:00,09:00,34906.81
2026-05-17T10:00:00+03:00,10:00,36719.17
2026-05-17T11:00:00+03:00,11:00,37524.32
2026-05-17T12:00:00+03:00,12:00,37286.27
2026-05-17T13:00:00+03:00,13:00,37421.78
2026-05-17T14:00:00+03:00,14:00,37004.92
2026-05-17T15:00:00+03:00,15:00,35990.87
2026-05-17T16:00:00+03:00,16:00,34715.69
2026-05-17T17:00:00+03:00,17:00,34346.72
2026-05-17T18:00:00+03:00,18:00,34757.9
2026-05-17T19:00:00+03:00,19:00,36586.28
2026-05-17T20:00:00+03:00,20:00,38867.49
2026-05-17T21:00:00+03:00,21:00,38503.67
2026-05-17T22:00:00+03:00,22:00,37076.92
2026-05-17T23:00:00+03:00,23:00,35306.37
2026-05-18T00:00:00+03:00,00:00,33614.23
2026-05-18T01:00:00+03:00,01:00,31878.86
2026-05-18T02:00:00+03:00,02:00,30709.39
2026-05-18T03:00:00+03:00,03:00,29901.51
2026-05-18T04:00:00+03:00,04:00,29887.97
2026-05-18T05:00:00+03:00,05:00,29983.08
2026-05-18T06:00:00+03:00,06:00,30882.26
2026-05-18T07:00:00+03:00,07:00,34089.73
2026-05-18T08:00:00+03:00,08:00,40247.08
2026-05-18T09:00:00+03:00,09:00,42429.9
2026-05-18T10:00:00+03:00,10:00,43562.78
2026-05-18T11:00:00+03:00,11:00,44231.97
2026-05-18T12:00:00+03:00,12:00,42842.84
2026-05-18T13:00:00+03:00,13:00,43019.34
2026-05-18T14:00:00+03:00,14:00,43575.78
2026-05-18T15:00:00+03:00,15:00,42299.01
2026-05-18T16:00:00+03:00,16:00,41695.03
2026-05-18T17:00:00+03:00,17:00,40943.63
2026-05-18T18:00:00+03:00,18:00,40128.57
2026-05-18T19:00:00+03:00,19:00,41254.16
2026-05-18T20:00:00+03:00,20:00,42966.61
2026-05-18T21:00:00+03:00,21:00,42010.5
2026-05-18T22:00:00+03:00,22:00,40112.87
2026-05-18T23:00:00+03:00,23:00,37768.95
2026-05-19T00:00:00+03:00,00:00,35681.55
2026-05-19T01:00:00+03:00,01:00,33757.79
2026-05-19T02:00:00+03:00,02:00,32362.2
2026-05-19T03:00:00+03:00,03:00,31493.54
2026-05-19T04:00:00+03:00,04:00,31196.99
2026-05-19T05:00:00+03:00,05:00,30947.37
2026-05-19T06:00:00+03:00,06:00,30833.38
2026-05-19T07:00:00+03:00,07:00,32490.17
2026-05-19T08:00:00+03:00,08:00,36964.98
2026-05-19T09:00:00+03:00,09:00,39370.28
2026-05-19T10:00:00+03:00,10:00,40129.48
2026-05-19T11:00:00+03:00,11:00,41215.12
2026-05-19T12:00:00+03:00,12:00,39879.79
2026-05-19T13:00:00+03:00,13:00,40351.38
2026-05-19T14:00:00+03:00,14:00,40508.66
2026-05-19T15:00:00+03:00,15:00,39499.73
2026-05-19T16:00:00+03:00,16:00,38764.16
2026-05-19T17:00:00+03:00,17:00,38800.8
2026-05-19T18:00:00+03:00,18:00,38774.64
2026-05-19T19:00:00+03:00,19:00,39562.48
2026-05-19T20:00:00+03:00,20:00,41191.07
2026-05-19T21:00:00+03:00,21:00,40756.37
2026-05-19T22:00:00+03:00,22:00,39149.21
2026-05-19T23:00:00+03:00,23:00,37351.55
2026-05-20T00:00:00+03:00,00:00,35626.28
2026-05-20T01:00:00+03:00,01:00,33572.02
2026-05-20T02:00:00+03:00,02:00,32315.31
2026-05-20T03:00:00+03:00,03:00,31699.32
2026-05-20T04:00:00+03:00,04:00,31597.5
2026-05-20T05:00:00+03:00,05:00,31363.34
2026-05-20T06:00:00+03:00,06:00,31502.85
2026-05-20T07:00:00+03:00,07:00,34687.95
2026-05-20T08:00:00+03:00,08:00,41827.16
2026-05-20T09:00:00+03:00,09:00,44298.21
2026-05-20T10:00:00+03:00,10:00,44973.69
2026-05-20T11:00:00+03:00,11:00,45556.88
2026-05-20T12:00:00+03:00,12:00,44014.5
2026-05-20T13:00:00+03:00,13:00,44216.73
2026-05-20T14:00:00+03:00,14:00,44825.43
2026-05-20T15:00:00+03:00,15:00,44391.83
2026-05-20T16:00:00+03:00,16:00,43744.12
2026-05-20T17:00:00+03:00,17:00,42863.62
2026-05-20T18:00:00+03:00,18:00,41217.47
2026-05-20T19:00:00+03:00,19:00,40992.06
2026-05-20T20:00:00+03:00,20:00,42184.48
2026-05-20T21:00:00+03:00,21:00,41733.71
2026-05-20T22:00:00+03:00,22:00,40064.04
2026-05-20T23:00:00+03:00,23:00,38224.45
2026-05-21T00:00:00+03:00,00:00,36037.02
2026-05-21T01:00:00+03:00,01:00,34078.63
2026-05-21T02:00:00+03:00,02:00,33325.66
2026-05-21T03:00:00+03:00,03:00,32515.93
2026-05-21T04:00:00+03:00,04:00,32243.87
2026-05-21T05:00:00+03:00,05:00,31953.87
2026-05-21T06:00:00+03:00,06:00,31770.39
2026-05-21T07:00:00+03:00,07:00,34944.22
2026-05-21T08:00:00+03:00,08:00,41438.28
2026-05-21T09:00:00+03:00,09:00,44180.1
2026-05-21T10:00:00+03:00,10:00,45006.89
2026-05-21T11:00:00+03:00,11:00,45209.06
2026-05-21T12:00:00+03:00,12:00,43318.77
2026-05-21T13:00:00+03:00,13:00,44371.86
2026-05-21T14:00:00+03:00,14:00,44797.63
2026-05-21T15:00:00+03:00,15:00,43688.27
2026-05-21T16:00:00+03:00,16:00,43117.29
2026-05-21T17:00:00+03:00,17:00,42616.65
2026-05-21T18:00:00+03:00,18:00,41041.19
2026-05-21T19:00:00+03:00,19:00,41540.12
2026-05-21T20:00:00+03:00,20:00,42954.27
2026-05-21T21:00:00+03:00,21:00,42232.06
2026-05-21T22:00:00+03:00,22:00,40239.11
2026-05-21T23:00:00+03:00,23:00,38440.69
2026-05-22T00:00:00+03:00,00:00,36491.97
2026-05-22T01:00:00+03:00,01:00,34476.78
2026-05-22T02:00:00+03:00,02:00,33137.74
2026-05-22T03:00:00+03:00,03:00,32326.81
2026-05-22T04:00:00+03:00,04:00,31955.77
2026-05-22T05:00:00+03:00,05:00,31641.62
2026-05-22T06:00:00+03:00,06:00,31837.73
2026-05-22T07:00:00+03:00,07:00,33325.61
2026-05-22T08:00:00+03:00,08:00,38525.08
2026-05-22T09:00:00+03:00,09:00,39803.31
2026-05-22T10:00:00+03:00,10:00,41103.85
2026-05-22T11:00:00+03:00,11:00,12600.91
2026-05-23T00:00:00+03:00,00:00,36044.06
2026-05-23T01:00:00+03:00,01:00,34061.52
2026-05-23T02:00:00+03:00,02:00,32596.6
2026-05-23T03:00:00+03:00,03:00,31507.06
2026-05-23T04:00:00+03:00,04:00,31461.57
2026-05-23T05:00:00+03:00,05:00,31080.29
2026-05-23T06:00:00+03:00,06:00,30764.12
2026-05-23T07:00:00+03:00,07:00,32390.47
2026-05-23T08:00:00+03:00,08:00,37181.03
2026-05-23T09:00:00+03:00,09:00,39500.06
2026-05-23T10:00:00+03:00,10:00,40646.34
2026-05-23T11:00:00+03:00,11:00,41480.56
2026-05-23T12:00:00+03:00,12:00,40658.27
2026-05-23T13:00:00+03:00,13:00,40780.23
2026-05-23T14:00:00+03:00,14:00,40604.15
2026-05-23T15:00:00+03:00,15:00,40167.19
2026-05-23T16:00:00+03:00,16:00,38706.14
2026-05-23T17:00:00+03:00,17:00,38010.5
2026-05-23T18:00:00+03:00,18:00,37798.47
2026-05-23T19:00:00+03:00,19:00,38820.55
2026-05-23T20:00:00+03:00,20:00,40005.35
2026-05-23T21:00:00+03:00,21:00,39360.77
2026-05-23T22:00:00+03:00,22:00,37605.36
2026-05-23T23:00:00+03:00,23:00,35271.43
2026-05-24T00:00:00+03:00,00:00,33228.16
2026-05-24T01:00:00+03:00,01:00,31342.15
2026-05-24T02:00:00+03:00,02:00,29980.47
2026-05-24T03:00:00+03:00,03:00,29189.65
2026-05-24T04:00:00+03:00,04:00,28840.69
2026-05-24T05:00:00+03:00,05:00,28423.84
2026-05-24T06:00:00+03:00,06:00,27992.05
2026-05-24T07:00:00+03:00,07:00,28607.28
2026-05-24T08:00:00+03:00,08:00,30541.84
2026-05-24T09:00:00+03:00,09:00,33093.21
2026-05-24T10:00:00+03:00,10:00,35313.71
2026-05-24T11:00:00+03:00,11:00,36630.54
2026-05-24T12:00:00+03:00,12:00,36763.63
2026-05-24T13:00:00+03:00,13:00,36411.03
2026-05-24T14:00:00+03:00,14:00,35591.53
2026-05-24T15:00:00+03:00,15:00,34607.47
2026-05-24T16:00:00+03:00,16:00,34084.57
2026-05-24T17:00:00+03:00,17:00,34093.79
2026-05-24T18:00:00+03:00,18:00,34249.62
2026-05-24T19:00:00+03:00,19:00,35714.27
2026-05-24T20:00:00+03:00,20:00,37421.13
2026-05-24T21:00:00+03:00,21:00,37027.52
2026-05-24T22:00:00+03:00,22:00,35503.1
2026-05-24T23:00:00+03:00,23:00,34013.3
2026-05-25T00:00:00+03:00,00:00,32360.45
2026-05-25T01:00:00+03:00,01:00,30468.8
2026-05-25T02:00:00+03:00,02:00,28830.06
2026-05-25T03:00:00+03:00,03:00,28278.65
2026-05-25T04:00:00+03:00,04:00,28237.11
2026-05-25T05:00:00+03:00,05:00,27676.04
2026-05-25T06:00:00+03:00,06:00,27466.04
2026-05-25T07:00:00+03:00,07:00,28728.99
2026-05-25T08:00:00+03:00,08:00,32210.22
2026-05-25T09:00:00+03:00,09:00,34714.56
2026-05-25T10:00:00+03:00,10:00,36299.2
2026-05-25T11:00:00+03:00,11:00,37599.51
2026-05-25T12:00:00+03:00,12:00,37722.91
2026-05-25T13:00:00+03:00,13:00,37341.57
2026-05-25T14:00:00+03:00,14:00,37131.6
2026-05-25T15:00:00+03:00,15:00,35371.81
2026-05-25T16:00:00+03:00,16:00,34851.88
2026-05-25T17:00:00+03:00,17:00,34457.35
2026-05-25T18:00:00+03:00,18:00,34461.95
2026-05-25T19:00:00+03:00,19:00,35820.3
2026-05-25T20:00:00+03:00,20:00,37491.34
2026-05-25T21:00:00+03:00,21:00,37226.67
2026-05-25T22:00:00+03:00,22:00,35617.18
2026-05-25T23:00:00+03:00,23:00,33707.52
2026-05-26T00:00:00+03:00,00:00,31466.85
2026-05-26T01:00:00+03:00,01:00,29439.22
2026-05-26T02:00:00+03:00,02:00,27884.83
2026-05-26T03:00:00+03:00,03:00,27009.34
2026-05-26T04:00:00+03:00,04:00,26462.82
2026-05-26T05:00:00+03:00,05:00,25846.83
2026-05-26T06:00:00+03:00,06:00,25220.36
2026-05-26T07:00:00+03:00,07:00,25676.55
2026-05-26T08:00:00+03:00,08:00,28179.94
2026-05-26T09:00:00+03:00,09:00,30588.21
2026-05-26T10:00:00+03:00,10:00,32645.0
2026-05-26T11:00:00+03:00,11:00,34141.36
2026-05-26T12:00:00+03:00,12:00,34226.46
2026-05-26T13:00:00+03:00,13:00,34002.09
2026-05-26T14:00:00+03:00,14:00,32850.88
2026-05-26T15:00:00+03:00,15:00,31572.45
2026-05-26T16:00:00+03:00,16:00,30337.37
2026-05-26T17:00:00+03:00,17:00,29486.21
2026-05-26T18:00:00+03:00,18:00,29973.01
2026-05-26T19:00:00+03:00,19:00,32219.1
2026-05-26T20:00:00+03:00,20:00,34068.49
2026-05-26T21:00:00+03:00,21:00,34324.93
2026-05-26T22:00:00+03:00,22:00,33016.66
2026-05-26T23:00:00+03:00,23:00,31315.39
2026-05-27T00:00:00+03:00,00:00,29127.27
2026-05-27T01:00:00+03:00,01:00,26695.06
2026-05-27T02:00:00+03:00,02:00,24917.12
2026-05-27T03:00:00+03:00,03:00,24102.07
2026-05-27T04:00:00+03:00,04:00,24027.2
2026-05-27T05:00:00+03:00,05:00,24154.11
2026-05-27T06:00:00+03:00,06:00,24239.2
2026-05-27T07:00:00+03:00,07:00,24913.32
2026-05-27T08:00:00+03:00,08:00,26078.86
2026-05-27T09:00:00+03:00,09:00,27325.77
2026-05-27T10:00:00+03:00,10:00,28351.13
2026-05-27T11:00:00+03:00,11:00,28583.17
2026-05-27T12:00:00+03:00,12:00,28735.23
2026-05-27T13:00:00+03:00,13:00,28632.03
2026-05-27T14:00:00+03:00,14:00,27895.53
2026-05-27T15:00:00+03:00,15:00,26931.64
2026-05-27T16:00:00+03:00,16:00,26212.89
2026-05-27T17:00:00+03:00,17:00,25636.26
2026-05-27T18:00:00+03:00,18:00,26384.38
2026-05-27T19:00:00+03:00,19:00,27957.99
2026-05-27T20:00:00+03:00,20:00,30233.91
2026-05-27T21:00:00+03:00,21:00,30446.23
2026-05-27T22:00:00+03:00,22:00,29293.54
2026-05-27T23:00:00+03:00,23:00,28364.08
2026-05-28T00:00:00+03:00,00:00,27391.81
2026-05-28T01:00:00+03:00,01:00,25830.69
2026-05-28T02:00:00+03:00,02:00,24557.51
2026-05-28T03:00:00+03:00,03:00,23768.16
2026-05-28T04:00:00+03:00,04:00,23447.92
2026-05-28T05:00:00+03:00,05:00,22802.27
2026-05-28T06:00:00+03:00,06:00,22263.04
2026-05-28T07:00:00+03:00,07:00,23778.98
2026-05-28T08:00:00+03:00,08:00,26290.95
2026-05-28T09:00:00+03:00,09:00,29099.02
2026-05-28T10:00:00+03:00,10:00,30727.69
2026-05-28T11:00:00+03:00,11:00,31668.77
2026-05-28T12:00:00+03:00,12:00,31910.79
2026-05-28T13:00:00+03:00,13:00,31018.22
2026-05-28T14:00:00+03:00,14:00,29651.51
2026-05-28T15:00:00+03:00,15:00,28556.31
2026-05-28T16:00:00+03:00,16:00,28003.67
2026-05-28T17:00:00+03:00,17:00,28167.05
2026-05-28T18:00:00+03:00,18:00,28187.16
2026-05-28T19:00:00+03:00,19:00,29018.17
2026-05-28T20:00:00+03:00,20:00,30828.64
2026-05-28T21:00:00+03:00,21:00,30733.65
2026-05-28T22:00:00+03:00,22:00,29744.81
2026-05-28T23:00:00+03:00,23:00,28781.13
2026-05-29T00:00:00+03:00,00:00,27711.83
2026-05-29T01:00:00+03:00,01:00,26126.53
2026-05-29T02:00:00+03:00,02:00,25004.82
2026-05-29T03:00:00+03:00,03:00,24128.57
2026-05-29T04:00:00+03:00,04:00,23848.31
2026-05-29T05:00:00+03:00,05:00,23015.99
2026-05-29T06:00:00+03:00,06:00,22558.81
2026-05-29T07:00:00+03:00,07:00,23250.19
2026-05-29T08:00:00+03:00,08:00,25771.53
2026-05-29T09:00:00+03:00,09:00,27808.61
2026-05-29T10:00:00+03:00,10:00,29730.61
2026-05-29T11:00:00+03:00,11:00,31075.36
2026-05-29T12:00:00+03:00,12:00,31687.16
2026-05-29T13:00:00+03:00,13:00,31247.57
2026-05-29T14:00:00+03:00,14:00,31019.3
2026-05-29T15:00:00+03:00,15:00,29685.54
2026-05-29T16:00:00+03:00,16:00,28940.3
2026-05-29T17:00:00+03:00,17:00,27362.73
2026-05-29T18:00:00+03:00,18:00,28011.23
2026-05-29T19:00:00+03:00,19:00,29979.16
2026-05-29T20:00:00+03:00,20:00,31589.3
2026-05-29T21:00:00+03:00,21:00,31649.84
2026-05-29T22:00:00+03:00,22:00,30419.86
2026-05-29T23:00:00+03:00,23:00,29432.22
2026-05-30T00:00:00+03:00,00:00,28122.38
2026-05-30T01:00:00+03:00,01:00,26541.0
2026-05-30T02:00:00+03:00,02:00,25417.29
2026-05-30T03:00:00+03:00,03:00,24594.36
2026-05-30T04:00:00+03:00,04:00,24412.14
2026-05-30T05:00:00+03:00,05:00,23764.93
2026-05-30T06:00:00+03:00,06:00,23336.34
2026-05-30T07:00:00+03:00,07:00,24328.5
2026-05-30T08:00:00+03:00,08:00,26510.65
2026-05-30T09:00:00+03:00,09:00,28974.12
2026-05-30T10:00:00+03:00,10:00,31022.17
2026-05-30T11:00:00+03:00,11:00,32630.34
2026-05-30T12:00:00+03:00,12:00,32991.23
2026-05-30T13:00:00+03:00,13:00,32919.77
2026-05-30T14:00:00+03:00,14:00,31809.21
2026-05-30T15:00:00+03:00,15:00,30402.29
2026-05-30T16:00:00+03:00,16:00,28917.73
2026-05-30T17:00:00+03:00,17:00,27918.58
2026-05-30T18:00:00+03:00,18:00,28867.95
2026-05-30T19:00:00+03:00,19:00,30979.33
2026-05-30T20:00:00+03:00,20:00,33315.03
2026-05-30T21:00:00+03:00,21:00,33053.44
2026-05-30T22:00:00+03:00,22:00,31736.53
2026-05-30T23:00:00+03:00,23:00,29845.1
2026-05-31T00:00:00+03:00,00:00,29114.63
2026-05-31T01:00:00+03:00,01:00,27412.89
2026-05-31T02:00:00+03:00,02:00,26187.2
2026-05-31T03:00:00+03:00,03:00,25414.88
2026-05-31T04:00:00+03:00,04:00,25279.34
2026-05-31T05:00:00+03:00,05:00,24642.26
2026-05-31T06:00:00+03:00,06:00,24226.7
2026-05-31T07:00:00+03:00,07:00,25430.94
2026-05-31T08:00:00+03:00,08:00,27491.22
2026-05-31T09:00:00+03:00,09:00,29958.36
2026-05-31T10:00:00+03:00,10:00,32225.15
2026-05-31T11:00:00+03:00,11:00,34082.83
2026-05-31T12:00:00+03:00,12:00,34759.22
2026-05-31T13:00:00+03:00,13:00,34482.67
2026-05-31T14:00:00+03:00,14:00,33417.81
2026-05-31T15:00:00+03:00,15:00,32026.65
2026-05-31T16:00:00+03:00,16:00,31252.32
2026-05-31T17:00:00+03:00,17:00,30936.36
2026-05-31T18:00:00+03:00,18:00,31605.03
2026-05-31T19:00:00+03:00,19:00,33429.11
2026-05-31T20:00:00+03:00,20:00,35485.93
2026-05-31T21:00:00+03:00,21:00,35501.71
2026-05-31T22:00:00+03:00,22:00,34069.1
2026-05-31T23:00:00+03:00,23:00,32499.8
2026-06-01T00:00:00+03:00,00:00,31104.89
2026-06-01T01:00:00+03:00,01:00,29399.07
2026-06-01T02:00:00+03:00,02:00,28345.58
2026-06-01T03:00:00+03:00,03:00,27720.08
2026-06-01T04:00:00+03:00,04:00,27662.18
2026-06-01T05:00:00+03:00,05:00,27453.33
2026-06-01T06:00:00+03:00,06:00,28313.51
2026-06-01T07:00:00+03:00,07:00,31739.57
2026-06-01T08:00:00+03:00,08:00,37879.87
2026-06-01T09:00:00+03:00,09:00,40653.62
2026-06-01T10:00:00+03:00,10:00,41227.1
2026-06-01T11:00:00+03:00,11:00,42937.45
2026-06-01T12:00:00+03:00,12:00,41479.42
2026-06-01T13:00:00+03:00,13:00,42434.29
2026-06-01T14:00:00+03:00,14:00,42948.27
2026-06-01T15:00:00+03:00,15:00,41679.49
2026-06-01T16:00:00+03:00,16:00,41193.22
2026-06-01T17:00:00+03:00,17:00,40538.96
2026-06-01T18:00:00+03:00,18:00,39719.89
2026-06-01T19:00:00+03:00,19:00,40572.97
2026-06-01T20:00:00+03:00,20:00,42308.32
2026-06-01T21:00:00+03:00,21:00,41909.96
2026-06-01T22:00:00+03:00,22:00,39935.66
2026-06-01T23:00:00+03:00,23:00,37663.08
2026-06-02T00:00:00+03:00,00:00,35786.18
2026-06-02T01:00:00+03:00,01:00,33886.21
2026-06-02T02:00:00+03:00,02:00,32531.49
2026-06-02T03:00:00+03:00,03:00,31839.56
2026-06-02T04:00:00+03:00,04:00,31577.37
2026-06-02T05:00:00+03:00,05:00,31299.11
2026-06-02T06:00:00+03:00,06:00,32032.47
2026-06-02T07:00:00+03:00,07:00,34976.91
2026-06-02T08:00:00+03:00,08:00,40214.18
2026-06-02T09:00:00+03:00,09:00,42612.94
2026-06-02T10:00:00+03:00,10:00,43192.16
2026-06-02T11:00:00+03:00,11:00,44006.95
2026-06-02T12:00:00+03:00,12:00,42763.5
2026-06-02T13:00:00+03:00,13:00,43524.79
2026-06-02T14:00:00+03:00,14:00,44266.51
2026-06-02T15:00:00+03:00,15:00,43204.79
2026-06-02T16:00:00+03:00,16:00,42780.86
2026-06-02T17:00:00+03:00,17:00,42274.98
2026-06-02T18:00:00+03:00,18:00,41288.05
2026-06-02T19:00:00+03:00,19:00,41480.0
2026-06-02T20:00:00+03:00,20:00,42986.94
2026-06-02T21:00:00+03:00,21:00,42465.42
2026-06-02T22:00:00+03:00,22:00,40415.82
2026-06-02T23:00:00+03:00,23:00,38259.93
2026-06-03T00:00:00+03:00,00:00,35787.3
2026-06-03T01:00:00+03:00,01:00,34048.61
2026-06-03T02:00:00+03:00,02:00,32624.69
2026-06-03T03:00:00+03:00,03:00,31847.99
2026-06-03T04:00:00+03:00,04:00,31402.09
2026-06-03T05:00:00+03:00,05:00,30788.89
2026-06-03T06:00:00+03:00,06:00,30883.93
2026-06-03T07:00:00+03:00,07:00,33766.26
2026-06-03T08:00:00+03:00,08:00,39237.22
2026-06-03T09:00:00+03:00,09:00,40053.68
2026-06-03T10:00:00+03:00,10:00,38413.35
2026-06-04T00:00:00+03:00,00:00,36797.67
2026-06-04T01:00:00+03:00,01:00,34934.2
2026-06-04T02:00:00+03:00,02:00,33771.64
2026-06-04T03:00:00+03:00,03:00,32829.51
2026-06-04T04:00:00+03:00,04:00,32546.86
2026-06-04T05:00:00+03:00,05:00,32336.65
2026-06-04T06:00:00+03:00,06:00,32903.26
2026-06-04T07:00:00+03:00,07:00,35861.28
2026-06-04T08:00:00+03:00,08:00,41631.79
2026-06-04T09:00:00+03:00,09:00,43664.63
2026-06-04T10:00:00+03:00,10:00,44147.11
2026-06-04T11:00:00+03:00,11:00,44747.49
2026-06-04T12:00:00+03:00,12:00,43926.41
2026-06-04T13:00:00+03:00,13:00,44757.6
2026-06-04T14:00:00+03:00,14:00,45475.89
2026-06-04T15:00:00+03:00,15:00,44155.57
2026-06-04T16:00:00+03:00,16:00,43980.62
2026-06-04T17:00:00+03:00,17:00,43521.89
2026-06-04T18:00:00+03:00,18:00,42142.28
2026-06-04T19:00:00+03:00,19:00,42657.1
2026-06-04T20:00:00+03:00,20:00,44395.8
2026-06-04T21:00:00+03:00,21:00,43765.25
2026-06-04T22:00:00+03:00,22:00,41731.19
2026-06-04T23:00:00+03:00,23:00,39202.55
2026-06-05T00:00:00+03:00,00:00,37632.5
2026-06-05T01:00:00+03:00,01:00,35788.44
2026-06-05T02:00:00+03:00,02:00,34235.95
2026-06-05T03:00:00+03:00,03:00,33334.21
2026-06-05T04:00:00+03:00,04:00,33193.23
2026-06-05T05:00:00+03:00,05:00,33019.93
2026-06-05T06:00:00+03:00,06:00,33625.57
2026-06-05T07:00:00+03:00,07:00,36630.27
2026-06-05T08:00:00+03:00,08:00,42278.95
2026-06-05T09:00:00+03:00,09:00,44741.44
2026-06-05T10:00:00+03:00,10:00,45423.01
2026-06-05T11:00:00+03:00,11:00,46183.35
2026-06-05T12:00:00+03:00,12:00,44026.87
2026-06-05T13:00:00+03:00,13:00,43954.88
2026-06-05T14:00:00+03:00,14:00,46740.39
2026-06-05T15:00:00+03:00,15:00,46120.52
2026-06-05T16:00:00+03:00,16:00,44864.55
2026-06-05T17:00:00+03:00,17:00,43710.48
2026-06-05T18:00:00+03:00,18:00,42353.52
2026-06-05T19:00:00+03:00,19:00,42233.14
2026-06-05T20:00:00+03:00,20:00,42764.58
2026-06-05T21:00:00+03:00,21:00,42729.82
2026-06-05T22:00:00+03:00,22:00,40671.82
2026-06-05T23:00:00+03:00,23:00,38754.39
2026-06-06T00:00:00+03:00,00:00,36906.89
2026-06-06T01:00:00+03:00,01:00,35219.38
2026-06-06T02:00:00+03:00,02:00,33799.97
2026-06-06T03:00:00+03:00,03:00,32784.62
2026-06-06T04:00:00+03:00,04:00,32571.56
2026-06-06T05:00:00+03:00,05:00,32095.28
2026-06-06T06:00:00+03:00,06:00,32094.09
2026-06-06T07:00:00+03:00,07:00,33698.11
2026-06-06T08:00:00+03:00,08:00,38033.8
2026-06-06T09:00:00+03:00,09:00,40576.31
2026-06-06T10:00:00+03:00,10:00,41633.96
2026-06-06T11:00:00+03:00,11:00,42246.86
2026-06-06T12:00:00+03:00,12:00,41646.33
2026-06-06T13:00:00+03:00,13:00,42394.98
2026-06-06T14:00:00+03:00,14:00,42578.41
2026-06-06T15:00:00+03:00,15:00,42123.07
2026-06-06T16:00:00+03:00,16:00,41031.98
2026-06-06T17:00:00+03:00,17:00,40648.34
2026-06-06T18:00:00+03:00,18:00,40021.95
2026-06-06T19:00:00+03:00,19:00,40522.2
2026-06-06T20:00:00+03:00,20:00,41797.29
2026-06-06T21:00:00+03:00,21:00,41461.68
2026-06-06T22:00:00+03:00,22:00,39631.36
2026-06-06T23:00:00+03:00,23:00,37680.69
2026-06-07T00:00:00+03:00,00:00,35561.95
2026-06-07T01:00:00+03:00,01:00,33846.09
2026-06-07T02:00:00+03:00,02:00,32353.9
2026-06-07T03:00:00+03:00,03:00,31363.49
2026-06-07T04:00:00+03:00,04:00,30959.64
2026-06-07T05:00:00+03:00,05:00,30169.98
2026-06-07T06:00:00+03:00,06:00,29482.33
2026-06-07T07:00:00+03:00,07:00,30245.96
2026-06-07T08:00:00+03:00,08:00,31741.92
2026-06-07T09:00:00+03:00,09:00,33881.14
2026-06-07T10:00:00+03:00,10:00,36052.5
2026-06-07T11:00:00+03:00,11:00,37203.17
2026-06-07T12:00:00+03:00,12:00,37901.87
2026-06-07T13:00:00+03:00,13:00,38249.83
2026-06-07T14:00:00+03:00,14:00,37606.84
2026-06-07T15:00:00+03:00,15:00,36479.08
2026-06-07T16:00:00+03:00,16:00,35447.34
2026-06-07T17:00:00+03:00,17:00,35376.63
2026-06-07T18:00:00+03:00,18:00,36550.6
2026-06-07T19:00:00+03:00,19:00,37856.68
2026-06-07T20:00:00+03:00,20:00,39481.91
2026-06-07T21:00:00+03:00,21:00,39386.87
2026-06-07T22:00:00+03:00,22:00,37706.37
2026-06-07T23:00:00+03:00,23:00,35983.42
2026-06-08T00:00:00+03:00,00:00,34712.64
2026-06-08T01:00:00+03:00,01:00,32864.99
2026-06-08T02:00:00+03:00,02:00,31394.38
2026-06-08T03:00:00+03:00,03:00,30962.13
2026-06-08T04:00:00+03:00,04:00,30824.96
2026-06-08T05:00:00+03:00,05:00,30212.53
2026-06-08T06:00:00+03:00,06:00,31381.65
2026-06-08T07:00:00+03:00,07:00,34928.61
2026-06-08T08:00:00+03:00,08:00,41835.2
2026-06-08T09:00:00+03:00,09:00,44680.94
2026-06-08T10:00:00+03:00,10:00,45721.69
2026-06-08T11:00:00+03:00,11:00,46699.33
2026-06-08T12:00:00+03:00,12:00,45580.37
2026-06-08T13:00:00+03:00,13:00,46627.75
2026-06-08T14:00:00+03:00,14:00,47265.36
2026-06-08T15:00:00+03:00,15:00,46457.17
2026-06-08T16:00:00+03:00,16:00,45578.56
2026-06-08T17:00:00+03:00,17:00,44789.89
2026-06-08T18:00:00+03:00,18:00,43403.65
2026-06-08T19:00:00+03:00,19:00,43551.72
2026-06-08T20:00:00+03:00,20:00,44722.25
2026-06-08T21:00:00+03:00,21:00,44316.71
2026-06-08T22:00:00+03:00,22:00,42268.37
2026-06-08T23:00:00+03:00,23:00,39881.91
2026-06-09T00:00:00+03:00,00:00,37772.04
2026-06-09T01:00:00+03:00,01:00,36030.17
2026-06-09T02:00:00+03:00,02:00,34655.47
2026-06-09T03:00:00+03:00,03:00,33704.98
2026-06-09T04:00:00+03:00,04:00,33422.42
2026-06-09T05:00:00+03:00,05:00,33047.45
2026-06-09T06:00:00+03:00,06:00,33699.9
2026-06-09T07:00:00+03:00,07:00,36828.04
2026-06-09T08:00:00+03:00,08:00,43025.23
2026-06-09T09:00:00+03:00,09:00,45494.91
2026-06-09T10:00:00+03:00,10:00,45918.21
2026-06-09T11:00:00+03:00,11:00,46408.23
2026-06-09T12:00:00+03:00,12:00,44958.08
2026-06-09T13:00:00+03:00,13:00,45846.04
2026-06-09T14:00:00+03:00,14:00,47102.17
2026-06-09T15:00:00+03:00,15:00,46612.39
2026-06-09T16:00:00+03:00,16:00,45818.66
2026-06-09T17:00:00+03:00,17:00,45089.88
2026-06-09T18:00:00+03:00,18:00,43665.13
2026-06-09T19:00:00+03:00,19:00,43316.04
2026-06-09T20:00:00+03:00,20:00,44449.72
2026-06-09T21:00:00+03:00,21:00,43860.25
2026-06-09T22:00:00+03:00,22:00,42077.83
2026-06-09T23:00:00+03:00,23:00,39945.07
2026-06-10T00:00:00+03:00,00:00,37742.07
2026-06-10T01:00:00+03:00,01:00,35886.58
2026-06-10T02:00:00+03:00,02:00,34484.26
2026-06-10T03:00:00+03:00,03:00,33624.97
2026-06-10T04:00:00+03:00,04:00,33288.39
2026-06-10T05:00:00+03:00,05:00,32921.08
2026-06-10T06:00:00+03:00,06:00,33698.71
2026-06-10T07:00:00+03:00,07:00,36907.08
2026-06-10T08:00:00+03:00,08:00,43036.85
2026-06-10T09:00:00+03:00,09:00,45359.17
2026-06-10T10:00:00+03:00,10:00,46444.04
2026-06-10T11:00:00+03:00,11:00,47199.05
2026-06-10T12:00:00+03:00,12:00,45421.22
2026-06-10T13:00:00+03:00,13:00,46377.58
2026-06-10T14:00:00+03:00,14:00,47083.24
2026-06-10T15:00:00+03:00,15:00,46466.8
2026-06-10T16:00:00+03:00,16:00,46414.99
2026-06-10T17:00:00+03:00,17:00,45352.16
2026-06-10T18:00:00+03:00,18:00,43645.48
2026-06-10T19:00:00+03:00,19:00,43599.8
2026-06-10T20:00:00+03:00,20:00,44906.74
2026-06-10T21:00:00+03:00,21:00,44424.77
2026-06-10T22:00:00+03:00,22:00,42560.66
2026-06-10T23:00:00+03:00,23:00,40315.55
2026-06-11T00:00:00+03:00,00:00,38326.46
2026-06-11T01:00:00+03:00,01:00,36076.32
2026-06-11T02:00:00+03:00,02:00,34588.54
2026-06-11T03:00:00+03:00,03:00,34041.91
2026-06-11T04:00:00+03:00,04:00,33665.15
2026-06-11T05:00:00+03:00,05:00,33230.01
2026-06-11T06:00:00+03:00,06:00,34040.25
2026-06-11T07:00:00+03:00,07:00,37207.12
2026-06-11T08:00:00+03:00,08:00,43374.91
2026-06-11T09:00:00+03:00,09:00,45805.09
2026-06-11T10:00:00+03:00,10:00,46611.4
2026-06-11T11:00:00+03:00,11:00,47065.48
2026-06-11T12:00:00+03:00,12:00,45753.44
2026-06-11T13:00:00+03:00,13:00,46755.52
2026-06-11T14:00:00+03:00,14:00,47537.61
2026-06-11T15:00:00+03:00,15:00,47225.04
2026-06-11T16:00:00+03:00,16:00,46170.94
2026-06-11T17:00:00+03:00,17:00,45199.34
2026-06-11T18:00:00+03:00,18:00,43956.14
2026-06-11T19:00:00+03:00,19:00,44133.39
2026-06-11T20:00:00+03:00,20:00,45272.47
2026-06-11T21:00:00+03:00,21:00,44971.25
2026-06-11T22:00:00+03:00,22:00,42643.32
2026-06-11T23:00:00+03:00,23:00,40707.71
2026-06-12T00:00:00+03:00,00:00,39133.08
2026-06-12T01:00:00+03:00,01:00,36966.44
2026-06-12T02:00:00+03:00,02:00,35421.12
2026-06-12T03:00:00+03:00,03:00,34385.74
2026-06-12T04:00:00+03:00,04:00,34242.19
2026-06-12T05:00:00+03:00,05:00,33763.2
2026-06-12T06:00:00+03:00,06:00,34334.02
2026-06-12T07:00:00+03:00,07:00,37229.12
2026-06-12T08:00:00+03:00,08:00,43119.49
2026-06-12T09:00:00+03:00,09:00,45976.74
2026-06-12T10:00:00+03:00,10:00,46940.85
2026-06-12T11:00:00+03:00,11:00,47860.28
2026-06-12T12:00:00+03:00,12:00,46047.54
2026-06-12T13:00:00+03:00,13:00,45635.56
2026-06-12T14:00:00+03:00,14:00,47827.82
2026-06-12T15:00:00+03:00,15:00,46752.05
2026-06-12T16:00:00+03:00,16:00,45654.25
2026-06-12T17:00:00+03:00,17:00,44835.84
2026-06-12T18:00:00+03:00,18:00,43548.8
2026-06-12T19:00:00+03:00,19:00,43450.2
2026-06-12T20:00:00+03:00,20:00,44525.46
2026-06-12T21:00:00+03:00,21:00,44143.1
2026-06-12T22:00:00+03:00,22:00,42450.23
2026-06-12T23:00:00+03:00,23:00,40457.18
2026-06-13T00:00:00+03:00,00:00,38221.3
2026-06-13T01:00:00+03:00,01:00,36409.08
2026-06-13T02:00:00+03:00,02:00,34973.04
2026-06-13T03:00:00+03:00,03:00,33898.84
2026-06-13T04:00:00+03:00,04:00,33588.48
2026-06-13T05:00:00+03:00,05:00,32958.87
2026-06-13T06:00:00+03:00,06:00,32993.94
2026-06-13T07:00:00+03:00,07:00,34694.16
2026-06-13T08:00:00+03:00,08:00,38821.6
2026-06-13T09:00:00+03:00,09:00,41449.53
2026-06-13T10:00:00+03:00,10:00,42763.8
2026-06-13T11:00:00+03:00,11:00,43259.71
2026-06-13T12:00:00+03:00,12:00,43168.5
2026-06-13T13:00:00+03:00,13:00,43889.46
2026-06-13T14:00:00+03:00,14:00,44175.7
2026-06-13T15:00:00+03:00,15:00,42906.66
2026-06-13T16:00:00+03:00,16:00,42029.94
2026-06-13T17:00:00+03:00,17:00,41054.51
2026-06-13T18:00:00+03:00,18:00,40129.23
2026-06-13T19:00:00+03:00,19:00,40052.37
2026-06-13T20:00:00+03:00,20:00,40862.09
2026-06-13T21:00:00+03:00,21:00,40664.07
2026-06-13T22:00:00+03:00,22:00,38601.16
2026-06-13T23:00:00+03:00,23:00,36810.01
2026-06-14T00:00:00+03:00,00:00,34933.64
2026-06-14T01:00:00+03:00,01:00,33211.47
2026-06-14T02:00:00+03:00,02:00,31829.24
2026-06-14T03:00:00+03:00,03:00,30808.44
2026-06-14T04:00:00+03:00,04:00,30483.71
2026-06-14T05:00:00+03:00,05:00,29363.13
2026-06-14T06:00:00+03:00,06:00,29631.97
2026-06-14T07:00:00+03:00,07:00,30495.3
2026-06-14T08:00:00+03:00,08:00,31653.01
2026-06-14T09:00:00+03:00,09:00,33042.61
2026-06-14T10:00:00+03:00,10:00,34315.01
2026-06-14T11:00:00+03:00,11:00,35527.22
2026-06-14T12:00:00+03:00,12:00,36040.43
2026-06-14T13:00:00+03:00,13:00,36727.65
2026-06-14T14:00:00+03:00,14:00,36518.19
2026-06-14T15:00:00+03:00,15:00,35645.73
2026-06-14T16:00:00+03:00,16:00,35179.6
2026-06-14T17:00:00+03:00,17:00,34797.93
2026-06-14T18:00:00+03:00,18:00,35460.66
2026-06-14T19:00:00+03:00,19:00,36662.0
2026-06-14T20:00:00+03:00,20:00,38549.07
2026-06-14T21:00:00+03:00,21:00,38883.1
2026-06-14T22:00:00+03:00,22:00,37508.18
2026-06-14T23:00:00+03:00,23:00,36050.99
2026-06-15T00:00:00+03:00,00:00,34595.81
2026-06-15T01:00:00+03:00,01:00,32739.39
2026-06-15T02:00:00+03:00,02:00,31398.52
2026-06-15T03:00:00+03:00,03:00,30668.63
2026-06-15T04:00:00+03:00,04:00,30757.34
2026-06-15T05:00:00+03:00,05:00,30437.1
2026-06-15T06:00:00+03:00,06:00,31576.1
2026-06-15T07:00:00+03:00,07:00,34840.0
2026-06-15T08:00:00+03:00,08:00,41536.23
2026-06-15T09:00:00+03:00,09:00,44160.85
2026-06-15T10:00:00+03:00,10:00,45215.24
2026-06-15T11:00:00+03:00,11:00,46318.17
2026-06-15T12:00:00+03:00,12:00,45322.07
2026-06-15T13:00:00+03:00,13:00,46284.74
2026-06-15T14:00:00+03:00,14:00,46978.36
2026-06-15T15:00:00+03:00,15:00,45882.82
2026-06-15T16:00:00+03:00,16:00,44973.75
2026-06-15T17:00:00+03:00,17:00,44004.7
2026-06-15T18:00:00+03:00,18:00,43132.18
2026-06-15T19:00:00+03:00,19:00,43663.55
2026-06-15T20:00:00+03:00,20:00,44815.68
2026-06-15T21:00:00+03:00,21:00,44652.39
2026-06-15T22:00:00+03:00,22:00,42901.77
2026-06-15T23:00:00+03:00,23:00,40804.38
2026-06-16T00:00:00+03:00,00:00,38534.94
2026-06-16T01:00:00+03:00,01:00,36681.85
2026-06-16T02:00:00+03:00,02:00,35358.3
2026-06-16T03:00:00+03:00,03:00,34167.7
2026-06-16T04:00:00+03:00,04:00,33854.82
2026-06-16T05:00:00+03:00,05:00,33594.97
2026-06-16T06:00:00+03:00,06:00,34298.55
2026-06-16T07:00:00+03:00,07:00,37221.21
2026-06-16T08:00:00+03:00,08:00,43186.78
2026-06-16T09:00:00+03:00,09:00,45855.52
2026-06-16T10:00:00+03:00,10:00,46734.99
2026-06-16T11:00:00+03:00,11:00,47927.96
2026-06-16T12:00:00+03:00,12:00,46577.43
2026-06-16T13:00:00+03:00,13:00,47392.77
2026-06-16T14:00:00+03:00,14:00,47918.36
2026-06-16T15:00:00+03:00,15:00,46746.23
2026-06-16T16:00:00+03:00,16:00,46145.26
2026-06-16T17:00:00+03:00,17:00,45177.38
2026-06-16T18:00:00+03:00,18:00,44327.96
2026-06-16T19:00:00+03:00,19:00,44818.72
2026-06-16T20:00:00+03:00,20:00,45739.92
2026-06-16T21:00:00+03:00,21:00,45309.04
2026-06-16T22:00:00+03:00,22:00,42852.25
2026-06-16T23:00:00+03:00,23:00,41402.73
2026-06-17T00:00:00+03:00,00:00,38825.42
2026-06-17T01:00:00+03:00,01:00,36796.45
2026-06-17T02:00:00+03:00,02:00,35471.12
2026-06-17T03:00:00+03:00,03:00,34460.78
2026-06-17T04:00:00+03:00,04:00,34246.58
2026-06-17T05:00:00+03:00,05:00,33468.97
2026-06-17T06:00:00+03:00,06:00,33763.7
2026-06-17T07:00:00+03:00,07:00,36139.78
2026-06-17T08:00:00+03:00,08:00,42382.48
2026-06-17T09:00:00+03:00,09:00,44537.05
2026-06-17T10:00:00+03:00,10:00,44693.76
2026-06-17T11:00:00+03:00,11:00,45673.45
2026-06-17T12:00:00+03:00,12:00,41244.33
2026-06-18T00:00:00+03:00,00:00,40242.76
2026-06-18T01:00:00+03:00,01:00,38050.51
2026-06-18T02:00:00+03:00,02:00,36510.32
2026-06-18T03:00:00+03:00,03:00,35539.39
2026-06-18T04:00:00+03:00,04:00,35155.22
2026-06-18T05:00:00+03:00,05:00,34610.01
2026-06-18T06:00:00+03:00,06:00,35187.97
2026-06-18T07:00:00+03:00,07:00,38114.79
2026-06-18T08:00:00+03:00,08:00,44307.91
2026-06-18T09:00:00+03:00,09:00,46905.59
2026-06-18T10:00:00+03:00,10:00,48373.16
2026-06-18T11:00:00+03:00,11:00,49345.15
2026-06-18T12:00:00+03:00,12:00,47669.63
2026-06-18T13:00:00+03:00,13:00,48442.13
2026-06-18T14:00:00+03:00,14:00,49103.07
2026-06-18T15:00:00+03:00,15:00,48658.05
2026-06-18T16:00:00+03:00,16:00,47662.65
2026-06-18T17:00:00+03:00,17:00,46655.15
2026-06-18T18:00:00+03:00,18:00,44609.03
2026-06-18T19:00:00+03:00,19:00,44524.06
2026-06-18T20:00:00+03:00,20:00,45442.94
2026-06-18T21:00:00+03:00,21:00,45236.97
2026-06-18T22:00:00+03:00,22:00,42897.08
2026-06-18T23:00:00+03:00,23:00,40936.58
2026-06-19T00:00:00+03:00,00:00,38706.1
2026-06-19T01:00:00+03:00,01:00,36821.81
2026-06-19T02:00:00+03:00,02:00,35571.62
2026-06-19T03:00:00+03:00,03:00,34657.94
2026-06-19T04:00:00+03:00,04:00,34386.49
2026-06-19T05:00:00+03:00,05:00,33738.06
2026-06-19T06:00:00+03:00,06:00,34319.5
2026-06-19T07:00:00+03:00,07:00,37293.86
2026-06-19T08:00:00+03:00,08:00,43971.09
2026-06-19T09:00:00+03:00,09:00,46829.35
2026-06-19T10:00:00+03:00,10:00,48306.12
2026-06-19T11:00:00+03:00,11:00,49379.6
2026-06-19T12:00:00+03:00,12:00,47257.29
2026-06-19T13:00:00+03:00,13:00,46543.11
2026-06-19T14:00:00+03:00,14:00,48456.49
2026-06-19T15:00:00+03:00,15:00,47512.43
2026-06-19T16:00:00+03:00,16:00,46548.21
2026-06-19T17:00:00+03:00,17:00,45230.33
2026-06-19T18:00:00+03:00,18:00,43020.68
2026-06-19T19:00:00+03:00,19:00,42824.47
2026-06-19T20:00:00+03:00,20:00,44243.81
2026-06-19T21:00:00+03:00,21:00,43753.25
2026-06-19T22:00:00+03:00,22:00,42063.54
2026-06-19T23:00:00+03:00,23:00,39748.75
2026-06-20T00:00:00+03:00,00:00,38161.17
2026-06-20T01:00:00+03:00,01:00,36636.14
2026-06-20T02:00:00+03:00,02:00,35198.25
2026-06-20T03:00:00+03:00,03:00,34385.63
2026-06-20T04:00:00+03:00,04:00,33847.28
2026-06-20T05:00:00+03:00,05:00,33304.84
2026-06-20T06:00:00+03:00,06:00,33568.07
2026-06-20T07:00:00+03:00,07:00,35283.53
2026-06-20T08:00:00+03:00,08:00,39378.6
2026-06-20T09:00:00+03:00,09:00,42176.72
2026-06-20T10:00:00+03:00,10:00,43520.56
2026-06-20T11:00:00+03:00,11:00,44740.88
2026-06-20T12:00:00+03:00,12:00,43788.18
2026-06-20T13:00:00+03:00,13:00,44317.69
2026-06-20T14:00:00+03:00,14:00,43706.5
2026-06-20T15:00:00+03:00,15:00,42700.55
2026-06-20T16:00:00+03:00,16:00,41850.89
2026-06-20T17:00:00+03:00,17:00,41031.83
2026-06-20T18:00:00+03:00,18:00,41091.3
2026-06-20T19:00:00+03:00,19:00,41755.35
2026-06-20T20:00:00+03:00,20:00,42999.75
2026-06-20T21:00:00+03:00,21:00,42769.4
2026-06-20T22:00:00+03:00,22:00,40851.78
2026-06-20T23:00:00+03:00,23:00,38771.34
2026-06-21T00:00:00+03:00,00:00,36855.05
2026-06-21T01:00:00+03:00,01:00,35162.37
2026-06-21T02:00:00+03:00,02:00,33623.54
2026-06-21T03:00:00+03:00,03:00,32460.4
2026-06-21T04:00:00+03:00,04:00,32066.89
2026-06-21T05:00:00+03:00,05:00,31203.75
2026-06-21T06:00:00+03:00,06:00,30617.46
2026-06-21T07:00:00+03:00,07:00,31356.01
2026-06-21T08:00:00+03:00,08:00,33047.46
2026-06-21T09:00:00+03:00,09:00,34858.05
2026-06-21T10:00:00+03:00,10:00,36754.52
2026-06-21T11:00:00+03:00,11:00,37658.58
2026-06-21T12:00:00+03:00,12:00,38302.35
2026-06-21T13:00:00+03:00,13:00,38727.36
2026-06-21T14:00:00+03:00,14:00,38659.37
2026-06-21T15:00:00+03:00,15:00,37980.46
2026-06-21T16:00:00+03:00,16:00,36941.65
2026-06-21T17:00:00+03:00,17:00,36503.82
2026-06-21T18:00:00+03:00,18:00,37339.65
2026-06-21T19:00:00+03:00,19:00,38642.14
2026-06-21T20:00:00+03:00,20:00,40321.35
2026-06-21T21:00:00+03:00,21:00,40747.83
2026-06-21T22:00:00+03:00,22:00,39237.44
2026-06-21T23:00:00+03:00,23:00,37697.44
2026-06-22T00:00:00+03:00,00:00,36469.8
2026-06-22T01:00:00+03:00,01:00,34509.5
2026-06-22T02:00:00+03:00,02:00,33255.92
2026-06-22T03:00:00+03:00,03:00,32434.94
2026-06-22T04:00:00+03:00,04:00,32029.75
2026-06-22T05:00:00+03:00,05:00,31736.45
2026-06-22T06:00:00+03:00,06:00,32497.19
2026-06-22T07:00:00+03:00,07:00,35858.28
2026-06-22T08:00:00+03:00,08:00,42945.16
2026-06-22T09:00:00+03:00,09:00,46449.53
2026-06-22T10:00:00+03:00,10:00,47706.85
2026-06-22T11:00:00+03:00,11:00,48213.44
2026-06-22T12:00:00+03:00,12:00,47282.13
2026-06-22T13:00:00+03:00,13:00,48307.35
2026-06-22T14:00:00+03:00,14:00,49252.81
2026-06-22T15:00:00+03:00,15:00,48170.09
2026-06-22T16:00:00+03:00,16:00,48054.71
2026-06-22T17:00:00+03:00,17:00,46985.23
2026-06-22T18:00:00+03:00,18:00,45900.35
2026-06-22T19:00:00+03:00,19:00,46035.71
2026-06-22T20:00:00+03:00,20:00,47144.34
2026-06-22T21:00:00+03:00,21:00,46944.61
2026-06-22T22:00:00+03:00,22:00,44794.52
2026-06-22T23:00:00+03:00,23:00,42687.1
2026-06-23T00:00:00+03:00,00:00,40701.01
2026-06-23T01:00:00+03:00,01:00,38558.57
2026-06-23T02:00:00+03:00,02:00,36984.92
2026-06-23T03:00:00+03:00,03:00,36057.48
2026-06-23T04:00:00+03:00,04:00,35601.67
2026-06-23T05:00:00+03:00,05:00,34921.71
2026-06-23T06:00:00+03:00,06:00,35331.06
2026-06-23T07:00:00+03:00,07:00,38603.29
2026-06-23T08:00:00+03:00,08:00,45304.12
2026-06-23T09:00:00+03:00,09:00,47997.34
2026-06-23T10:00:00+03:00,10:00,48986.16
2026-06-23T11:00:00+03:00,11:00,49998.04
2026-06-23T12:00:00+03:00,12:00,48476.41
2026-06-23T13:00:00+03:00,13:00,48713.71
2026-06-23T14:00:00+03:00,14:00,49556.11
2026-06-23T15:00:00+03:00,15:00,47890.68
2026-06-23T16:00:00+03:00,16:00,47383.36
2026-06-23T17:00:00+03:00,17:00,46133.47
2026-06-23T18:00:00+03:00,18:00,44870.44
2026-06-23T19:00:00+03:00,19:00,45273.56
2026-06-23T20:00:00+03:00,20:00,46227.37
2026-06-23T21:00:00+03:00,21:00,46249.99
2026-06-23T22:00:00+03:00,22:00,44416.44
2026-06-23T23:00:00+03:00,23:00,42472.77
2026-06-24T00:00:00+03:00,00:00,40210.32
2026-06-24T01:00:00+03:00,01:00,38178.52
2026-06-24T02:00:00+03:00,02:00,36549.51
2026-06-24T03:00:00+03:00,03:00,35543.05
2026-06-24T04:00:00+03:00,04:00,34954.6
2026-06-24T05:00:00+03:00,05:00,34598.47
2026-06-24T06:00:00+03:00,06:00,35245.7
2026-06-24T07:00:00+03:00,07:00,38053.01
2026-06-24T08:00:00+03:00,08:00,44621.65
2026-06-24T09:00:00+03:00,09:00,47636.23
2026-06-24T10:00:00+03:00,10:00,48478.61
2026-06-24T11:00:00+03:00,11:00,49485.23
2026-06-24T12:00:00+03:00,12:00,48737.59
2026-06-24T13:00:00+03:00,13:00,49555.49
2026-06-24T14:00:00+03:00,14:00,50361.18
2026-06-24T15:00:00+03:00,15:00,49225.33
2026-06-24T16:00:00+03:00,16:00,48824.7
2026-06-24T17:00:00+03:00,17:00,47490.71
2026-06-24T18:00:00+03:00,18:00,46300.79
2026-06-24T19:00:00+03:00,19:00,46619.23
2026-06-24T20:00:00+03:00,20:00,47981.5
2026-06-24T21:00:00+03:00,21:00,47744.5
2026-06-24T22:00:00+03:00,22:00,45967.62
2026-06-24T23:00:00+03:00,23:00,43692.22
2026-06-25T00:00:00+03:00,00:00,41343.99
2026-06-25T01:00:00+03:00,01:00,39066.11
2026-06-25T02:00:00+03:00,02:00,37557.14
2026-06-25T03:00:00+03:00,03:00,36448.48
2026-06-25T04:00:00+03:00,04:00,35933.12
2026-06-25T05:00:00+03:00,05:00,35423.92
2026-06-25T06:00:00+03:00,06:00,36154.28
2026-06-25T07:00:00+03:00,07:00,39212.43
2026-06-25T08:00:00+03:00,08:00,45951.02
2026-06-25T09:00:00+03:00,09:00,48778.75
2026-06-25T10:00:00+03:00,10:00,50532.18
2026-06-25T11:00:00+03:00,11:00,50709.75
2026-06-25T12:00:00+03:00,12:00,50032.36
2026-06-25T13:00:00+03:00,13:00,51228.71
2026-06-25T14:00:00+03:00,14:00,52594.36
2026-06-25T15:00:00+03:00,15:00,51319.1
2026-06-25T16:00:00+03:00,16:00,50632.41
2026-06-25T17:00:00+03:00,17:00,49460.1
2026-06-25T18:00:00+03:00,18:00,47938.38
2026-06-25T19:00:00+03:00,19:00,47786.29
2026-06-25T20:00:00+03:00,20:00,49051.16
2026-06-25T21:00:00+03:00,21:00,48739.58
2026-06-25T22:00:00+03:00,22:00,46935.91
2026-06-25T23:00:00+03:00,23:00,45022.33
2026-06-26T00:00:00+03:00,00:00,42471.56
2026-06-26T01:00:00+03:00,01:00,39880.25
2026-06-26T02:00:00+03:00,02:00,38548.31
2026-06-26T03:00:00+03:00,03:00,37292.13
2026-06-26T04:00:00+03:00,04:00,36870.06
2026-06-26T05:00:00+03:00,05:00,36289.79
2026-06-26T06:00:00+03:00,06:00,36832.85
2026-06-26T07:00:00+03:00,07:00,39967.11
2026-06-26T08:00:00+03:00,08:00,46452.02
2026-06-26T09:00:00+03:00,09:00,49237.18
2026-06-26T10:00:00+03:00,10:00,50796.93
2026-06-26T11:00:00+03:00,11:00,51552.36
2026-06-26T12:00:00+03:00,12:00,50079.38
2026-06-26T13:00:00+03:00,13:00,50164.1
2026-06-26T14:00:00+03:00,14:00,52307.04
2026-06-26T15:00:00+03:00,15:00,51597.61
2026-06-26T16:00:00+03:00,16:00,50718.06
2026-06-26T17:00:00+03:00,17:00,49527.8
2026-06-26T18:00:00+03:00,18:00,48127.76
2026-06-26T19:00:00+03:00,19:00,47969.18
2026-06-26T20:00:00+03:00,20:00,49122.87
2026-06-26T21:00:00+03:00,21:00,48813.56
2026-06-26T22:00:00+03:00,22:00,46805.34
2026-06-26T23:00:00+03:00,23:00,44809.66
2026-06-27T00:00:00+03:00,00:00,42529.05
2026-06-27T01:00:00+03:00,01:00,40242.39
2026-06-27T02:00:00+03:00,02:00,38448.07
2026-06-27T03:00:00+03:00,03:00,37210.57
2026-06-27T04:00:00+03:00,04:00,36750.31
2026-06-27T05:00:00+03:00,05:00,35811.34
2026-06-27T06:00:00+03:00,06:00,35945.34
2026-06-27T07:00:00+03:00,07:00,37861.44
2026-06-27T08:00:00+03:00,08:00,42812.17
2026-06-27T09:00:00+03:00,09:00,45418.21
2026-06-27T10:00:00+03:00,10:00,47226.45
2026-06-27T11:00:00+03:00,11:00,48413.26
2026-06-27T12:00:00+03:00,12:00,48350.1
2026-06-27T13:00:00+03:00,13:00,48687.01
2026-06-27T14:00:00+03:00,14:00,48184.81
2026-06-27T15:00:00+03:00,15:00,46803.59
2026-06-27T16:00:00+03:00,16:00,45598.15
2026-06-27T17:00:00+03:00,17:00,44691.64
2026-06-27T18:00:00+03:00,18:00,45087.09
2026-06-27T19:00:00+03:00,19:00,46046.78
2026-06-27T20:00:00+03:00,20:00,47272.7
2026-06-27T21:00:00+03:00,21:00,46707.71
2026-06-27T22:00:00+03:00,22:00,44780.51
2026-06-27T23:00:00+03:00,23:00,42354.28
2026-06-28T00:00:00+03:00,00:00,40261.45
2026-06-28T01:00:00+03:00,01:00,38163.42
2026-06-28T02:00:00+03:00,02:00,36394.19
2026-06-28T03:00:00+03:00,03:00,35075.84
2026-06-28T04:00:00+03:00,04:00,34255.46
2026-06-28T05:00:00+03:00,05:00,33254.18
2026-06-28T06:00:00+03:00,06:00,33174.97
2026-06-28T07:00:00+03:00,07:00,33765.54
2026-06-28T08:00:00+03:00,08:00,35024.35
2026-06-28T09:00:00+03:00,09:00,36276.25
2026-06-28T10:00:00+03:00,10:00,38043.6
2026-06-28T11:00:00+03:00,11:00,39066.85
2026-06-28T12:00:00+03:00,12:00,39894.24
2026-06-28T13:00:00+03:00,13:00,40105.15
2026-06-28T14:00:00+03:00,14:00,40108.02
2026-06-28T15:00:00+03:00,15:00,39167.22
2026-06-28T16:00:00+03:00,16:00,38907.94
2026-06-28T17:00:00+03:00,17:00,38950.26
2026-06-28T18:00:00+03:00,18:00,40451.86
2026-06-28T19:00:00+03:00,19:00,41916.32
2026-06-28T20:00:00+03:00,20:00,43628.56
2026-06-28T21:00:00+03:00,21:00,43842.68
2026-06-28T22:00:00+03:00,22:00,42513.74
2026-06-28T23:00:00+03:00,23:00,40929.37
2026-06-29T00:00:00+03:00,00:00,38745.61
2026-06-29T01:00:00+03:00,01:00,36257.66
2026-06-29T02:00:00+03:00,02:00,34780.05
2026-06-29T03:00:00+03:00,03:00,33754.5
2026-06-29T04:00:00+03:00,04:00,33307.86
2026-06-29T05:00:00+03:00,05:00,32845.46
2026-06-29T06:00:00+03:00,06:00,33725.62
2026-06-29T07:00:00+03:00,07:00,36401.11
2026-06-29T08:00:00+03:00,08:00,43653.23
2026-06-29T09:00:00+03:00,09:00,47295.42
2026-06-29T10:00:00+03:00,10:00,48638.16
2026-06-29T11:00:00+03:00,11:00,49406.56
2026-06-29T12:00:00+03:00,12:00,46761.73
2026-06-30T00:00:00+03:00,00:00,43151.38
2026-06-30T01:00:00+03:00,01:00,41369.72
2026-06-30T02:00:00+03:00,02:00,39444.33
2026-06-30T03:00:00+03:00,03:00,38223.19
2026-06-30T04:00:00+03:00,04:00,37555.45
2026-06-30T05:00:00+03:00,05:00,36904.83
2026-06-30T06:00:00+03:00,06:00,37579.95
2026-06-30T07:00:00+03:00,07:00,40452.26
2026-06-30T08:00:00+03:00,08:00,47094.93
2026-06-30T09:00:00+03:00,09:00,50615.79
2026-06-30T10:00:00+03:00,10:00,52104.55
2026-06-30T11:00:00+03:00,11:00,53377.08
2026-06-30T12:00:00+03:00,12:00,53090.15
2026-06-30T13:00:00+03:00,13:00,53821.14
2026-06-30T14:00:00+03:00,14:00,54612.27
2026-06-30T15:00:00+03:00,15:00,53548.75
2026-06-30T16:00:00+03:00,16:00,52611.81
2026-06-30T17:00:00+03:00,17:00,51326.71
2026-06-30T18:00:00+03:00,18:00,50027.97
2026-06-30T19:00:00+03:00,19:00,50109.41
2026-06-30T20:00:00+03:00,20:00,51092.16
2026-06-30T21:00:00+03:00,21:00,51015.56
2026-06-30T22:00:00+03:00,22:00,48994.45
2026-06-30T23:00:00+03:00,23:00,46813.87
2026-07-01T00:00:00+03:00,00:00,44345.51
2026-07-01T01:00:00+03:00,01:00,41911.55
2026-07-01T02:00:00+03:00,02:00,39446.17
2026-07-01T03:00:00+03:00,03:00,38329.33
2026-07-01T04:00:00+03:00,04:00,37981.54
2026-07-01T05:00:00+03:00,05:00,37237.5
2026-07-01T06:00:00+03:00,06:00,37613.01
2026-07-01T07:00:00+03:00,07:00,40624.18
2026-07-01T08:00:00+03:00,08:00,47334.25
2026-07-01T09:00:00+03:00,09:00,50523.42
2026-07-01T10:00:00+03:00,10:00,51877.08
2026-07-01T11:00:00+03:00,11:00,53305.59
2026-07-01T12:00:00+03:00,12:00,52397.01
2026-07-01T13:00:00+03:00,13:00,53545.09
2026-07-01T14:00:00+03:00,14:00,54110.81
2026-07-01T15:00:00+03:00,15:00,53290.45
2026-07-01T16:00:00+03:00,16:00,53022.39
2026-07-01T17:00:00+03:00,17:00,51653.14
2026-07-01T18:00:00+03:00,18:00,50154.87
2026-07-01T19:00:00+03:00,19:00,50121.44
2026-07-01T20:00:00+03:00,20:00,50903.21
2026-07-01T21:00:00+03:00,21:00,50902.76
2026-07-01T22:00:00+03:00,22:00,49183.21
2026-07-01T23:00:00+03:00,23:00,47153.7
2026-07-02T00:00:00+03:00,00:00,44762.24
2026-07-02T01:00:00+03:00,01:00,42110.96
2026-07-02T02:00:00+03:00,02:00,40644.56
2026-07-02T03:00:00+03:00,03:00,39255.32
2026-07-02T04:00:00+03:00,04:00,38535.75
2026-07-02T05:00:00+03:00,05:00,37892.33
2026-07-02T06:00:00+03:00,06:00,38378.87
2026-07-02T07:00:00+03:00,07:00,41507.17
2026-07-02T08:00:00+03:00,08:00,48152.75
2026-07-02T09:00:00+03:00,09:00,52089.35
2026-07-02T10:00:00+03:00,10:00,53591.9
2026-07-02T11:00:00+03:00,11:00,54408.13
2026-07-02T12:00:00+03:00,12:00,53471.85
2026-07-02T13:00:00+03:00,13:00,54661.7
2026-07-02T14:00:00+03:00,14:00,55407.94
2026-07-02T15:00:00+03:00,15:00,54541.88
2026-07-02T16:00:00+03:00,16:00,53629.0
2026-07-02T17:00:00+03:00,17:00,52274.62
2026-07-02T18:00:00+03:00,18:00,50633.43
2026-07-02T19:00:00+03:00,19:00,50646.21
2026-07-02T20:00:00+03:00,20:00,51369.4
2026-07-02T21:00:00+03:00,21:00,50966.08
2026-07-02T22:00:00+03:00,22:00,49412.9
2026-07-02T23:00:00+03:00,23:00,46350.51
2026-07-03T00:00:00+03:00,00:00,44888.27
2026-07-03T01:00:00+03:00,01:00,42576.35
2026-07-03T02:00:00+03:00,02:00,40626.78
2026-07-03T03:00:00+03:00,03:00,39188.8
2026-07-03T04:00:00+03:00,04:00,38452.66
2026-07-03T05:00:00+03:00,05:00,37541.79
2026-07-03T06:00:00+03:00,06:00,37451.75
2026-07-03T07:00:00+03:00,07:00,38199.69
2026-07-03T08:00:00+03:00,08:00,44860.73
2026-07-03T09:00:00+03:00,09:00,47560.67
2026-07-03T10:00:00+03:00,10:00,48329.33
2026-07-03T11:00:00+03:00,11:00,15466.8
2026-07-04T00:00:00+03:00,00:00,45135.26
2026-07-04T01:00:00+03:00,01:00,42815.4
2026-07-04T02:00:00+03:00,02:00,40957.34
2026-07-04T03:00:00+03:00,03:00,39606.09
2026-07-04T04:00:00+03:00,04:00,38623.07
2026-07-04T05:00:00+03:00,05:00,37799.42
2026-07-04T06:00:00+03:00,06:00,37701.05
2026-07-04T07:00:00+03:00,07:00,39968.32
2026-07-04T08:00:00+03:00,08:00,44762.06
2026-07-04T09:00:00+03:00,09:00,47783.71
2026-07-04T10:00:00+03:00,10:00,49347.37
2026-07-04T11:00:00+03:00,11:00,50265.17
2026-07-04T12:00:00+03:00,12:00,49381.53
2026-07-04T13:00:00+03:00,13:00,50096.8
2026-07-04T14:00:00+03:00,14:00,50272.85
2026-07-04T15:00:00+03:00,15:00,48908.53
2026-07-04T16:00:00+03:00,16:00,47352.17
2026-07-04T17:00:00+03:00,17:00,46398.32
2026-07-04T18:00:00+03:00,18:00,46439.25
2026-07-04T19:00:00+03:00,19:00,47093.11
2026-07-04T20:00:00+03:00,20:00,48666.96
2026-07-04T21:00:00+03:00,21:00,48340.09
2026-07-04T22:00:00+03:00,22:00,46614.81
2026-07-04T23:00:00+03:00,23:00,44220.38
2026-07-05T00:00:00+03:00,00:00,42171.27
2026-07-05T01:00:00+03:00,01:00,40162.6
2026-07-05T02:00:00+03:00,02:00,38313.13
2026-07-05T03:00:00+03:00,03:00,36937.15
2026-07-05T04:00:00+03:00,04:00,35968.57
2026-07-05T05:00:00+03:00,05:00,34963.0
2026-07-05T06:00:00+03:00,06:00,34490.23
2026-07-05T07:00:00+03:00,07:00,35423.92
2026-07-05T08:00:00+03:00,08:00,36966.6
2026-07-05T09:00:00+03:00,09:00,38486.53
2026-07-05T10:00:00+03:00,10:00,40024.65
2026-07-05T11:00:00+03:00,11:00,41390.32
2026-07-05T12:00:00+03:00,12:00,42062.4
2026-07-05T13:00:00+03:00,13:00,42973.18
2026-07-05T14:00:00+03:00,14:00,42734.12
2026-07-05T15:00:00+03:00,15:00,42125.55
2026-07-05T16:00:00+03:00,16:00,41570.06
2026-07-05T17:00:00+03:00,17:00,41465.85
2026-07-05T18:00:00+03:00,18:00,41707.83
2026-07-05T19:00:00+03:00,19:00,42472.47
2026-07-05T20:00:00+03:00,20:00,44144.61
2026-07-05T21:00:00+03:00,21:00,44525.6
2026-07-05T22:00:00+03:00,22:00,43075.56
2026-07-05T23:00:00+03:00,23:00,41333.46
2026-07-06T00:00:00+03:00,00:00,40254.41
2026-07-06T01:00:00+03:00,01:00,38211.71
2026-07-06T02:00:00+03:00,02:00,36321.3
2026-07-06T03:00:00+03:00,03:00,35423.83
2026-07-06T04:00:00+03:00,04:00,34828.87
2026-07-06T05:00:00+03:00,05:00,34265.13
2026-07-06T06:00:00+03:00,06:00,34729.1
2026-07-06T07:00:00+03:00,07:00,38347.69
2026-07-06T08:00:00+03:00,08:00,45766.45
2026-07-06T09:00:00+03:00,09:00,49123.17
2026-07-06T10:00:00+03:00,10:00,50578.27
2026-07-06T11:00:00+03:00,11:00,51531.15
2026-07-06T12:00:00+03:00,12:00,50952.05
2026-07-06T13:00:00+03:00,13:00,52191.85
2026-07-06T14:00:00+03:00,14:00,53082.99
2026-07-06T15:00:00+03:00,15:00,52206.86
2026-07-06T16:00:00+03:00,16:00,51033.97
2026-07-06T17:00:00+03:00,17:00,49942.34
2026-07-06T18:00:00+03:00,18:00,48339.33
2026-07-06T19:00:00+03:00,19:00,48189.56
2026-07-06T20:00:00+03:00,20:00,49259.9
2026-07-06T21:00:00+03:00,21:00,48922.04
2026-07-06T22:00:00+03:00,22:00,47096.0
2026-07-06T23:00:00+03:00,23:00,44860.55
2026-07-07T00:00:00+03:00,00:00,43139.93
2026-07-07T01:00:00+03:00,01:00,40898.94
2026-07-07T02:00:00+03:00,02:00,39266.53
2026-07-07T03:00:00+03:00,03:00,37909.38
2026-07-07T04:00:00+03:00,04:00,37140.58
2026-07-07T05:00:00+03:00,05:00,36523.77
2026-07-07T06:00:00+03:00,06:00,36727.32
2026-07-07T07:00:00+03:00,07:00,39723.25
2026-07-07T08:00:00+03:00,08:00,46308.23
2026-07-07T09:00:00+03:00,09:00,49510.37
2026-07-07T10:00:00+03:00,10:00,50761.38
2026-07-07T11:00:00+03:00,11:00,51880.19
2026-07-07T12:00:00+03:00,12:00,50593.26
2026-07-07T13:00:00+03:00,13:00,51891.49
2026-07-07T14:00:00+03:00,14:00,53176.5
2026-07-07T15:00:00+03:00,15:00,52176.87
2026-07-07T16:00:00+03:00,16:00,51394.54
2026-07-07T17:00:00+03:00,17:00,50182.96
2026-07-07T18:00:00+03:00,18:00,48668.39
2026-07-07T19:00:00+03:00,19:00,48545.36
2026-07-07T20:00:00+03:00,20:00,49815.98
2026-07-07T21:00:00+03:00,21:00,49467.1
2026-07-07T22:00:00+03:00,22:00,47328.83
2026-07-07T23:00:00+03:00,23:00,45623.26
2026-07-08T00:00:00+03:00,00:00,43399.78
2026-07-08T01:00:00+03:00,01:00,41079.15
2026-07-08T02:00:00+03:00,02:00,39311.88
2026-07-08T03:00:00+03:00,03:00,38237.9
2026-07-08T04:00:00+03:00,04:00,37313.58
2026-07-08T05:00:00+03:00,05:00,36752.91
2026-07-08T06:00:00+03:00,06:00,37080.04
2026-07-08T07:00:00+03:00,07:00,40011.26
2026-07-08T08:00:00+03:00,08:00,46826.97
2026-07-08T09:00:00+03:00,09:00,50017.32
2026-07-08T10:00:00+03:00,10:00,51280.91
2026-07-08T11:00:00+03:00,11:00,52276.52
2026-07-08T12:00:00+03:00,12:00,51349.18
2026-07-08T13:00:00+03:00,13:00,52383.25
2026-07-08T14:00:00+03:00,14:00,53508.35
2026-07-08T15:00:00+03:00,15:00,52484.2
2026-07-08T16:00:00+03:00,16:00,51558.41
2026-07-08T17:00:00+03:00,17:00,50577.31
2026-07-08T18:00:00+03:00,18:00,48855.98
2026-07-08T19:00:00+03:00,19:00,49153.42
2026-07-08T20:00:00+03:00,20:00,50604.4
2026-07-08T21:00:00+03:00,21:00,50425.57
2026-07-08T22:00:00+03:00,22:00,48562.98
2026-07-08T23:00:00+03:00,23:00,45909.19
2026-07-09T00:00:00+03:00,00:00,44040.87
2026-07-09T01:00:00+03:00,01:00,41928.75
2026-07-09T02:00:00+03:00,02:00,40022.36
2026-07-09T03:00:00+03:00,03:00,39066.58
2026-07-09T04:00:00+03:00,04:00,38197.79
2026-07-09T05:00:00+03:00,05:00,37615.97
2026-07-09T06:00:00+03:00,06:00,37681.55
2026-07-09T07:00:00+03:00,07:00,40903.31
2026-07-09T08:00:00+03:00,08:00,47594.95
2026-07-09T09:00:00+03:00,09:00,50743.16
2026-07-09T10:00:00+03:00,10:00,51910.52
2026-07-09T11:00:00+03:00,11:00,52901.17
2026-07-09T12:00:00+03:00,12:00,51767.23
2026-07-09T13:00:00+03:00,13:00,52980.89
2026-07-09T14:00:00+03:00,14:00,53788.91
2026-07-09T15:00:00+03:00,15:00,52657.44
2026-07-09T16:00:00+03:00,16:00,50980.57
2026-07-09T17:00:00+03:00,17:00,49799.64
2026-07-09T18:00:00+03:00,18:00,48421.98
2026-07-09T19:00:00+03:00,19:00,48375.47
2026-07-09T20:00:00+03:00,20:00,49982.43
2026-07-09T21:00:00+03:00,21:00,49620.82
2026-07-09T22:00:00+03:00,22:00,47940.47
2026-07-09T23:00:00+03:00,23:00,45578.57
2026-07-10T00:00:00+03:00,00:00,43844.04
2026-07-10T01:00:00+03:00,01:00,41686.7
2026-07-10T02:00:00+03:00,02:00,39813.7
2026-07-10T03:00:00+03:00,03:00,38604.14
2026-07-10T04:00:00+03:00,04:00,37826.54
2026-07-10T05:00:00+03:00,05:00,37139.47
2026-07-10T06:00:00+03:00,06:00,37640.05
2026-07-10T07:00:00+03:00,07:00,40911.17
2026-07-10T08:00:00+03:00,08:00,47771.53
2026-07-10T09:00:00+03:00,09:00,50854.99
2026-07-10T10:00:00+03:00,10:00,51972.94
2026-07-10T11:00:00+03:00,11:00,52733.32
2026-07-10T12:00:00+03:00,12:00,51240.91
2026-07-10T13:00:00+03:00,13:00,50948.33
2026-07-10T14:00:00+03:00,14:00,53127.34
2026-07-10T15:00:00+03:00,15:00,52757.14
2026-07-10T16:00:00+03:00,16:00,51698.8
2026-07-10T17:00:00+03:00,17:00,50117.17
2026-07-10T18:00:00+03:00,18:00,48426.53
2026-07-10T19:00:00+03:00,19:00,48627.9
2026-07-10T20:00:00+03:00,20:00,50033.54
2026-07-10T21:00:00+03:00,21:00,49305.27
2026-07-10T22:00:00+03:00,22:00,47576.46
2026-07-10T23:00:00+03:00,23:00,46034.59
2026-07-11T00:00:00+03:00,00:00,43772.87
2026-07-11T01:00:00+03:00,01:00,41557.38
2026-07-11T02:00:00+03:00,02:00,39871.43
2026-07-11T03:00:00+03:00,03:00,38587.45
2026-07-11T04:00:00+03:00,04:00,37672.05
2026-07-11T05:00:00+03:00,05:00,36900.3
2026-07-11T06:00:00+03:00,06:00,37024.0
2026-07-11T07:00:00+03:00,07:00,38960.77
2026-07-11T08:00:00+03:00,08:00,43671.12
2026-07-11T09:00:00+03:00,09:00,46687.71
2026-07-11T10:00:00+03:00,10:00,48354.65
2026-07-11T11:00:00+03:00,11:00,49111.19
2026-07-11T12:00:00+03:00,12:00,48845.5
2026-07-11T13:00:00+03:00,13:00,49307.91
2026-07-11T14:00:00+03:00,14:00,49137.59
2026-07-11T15:00:00+03:00,15:00,47967.27
2026-07-11T16:00:00+03:00,16:00,46664.93
2026-07-11T17:00:00+03:00,17:00,46069.15
2026-07-11T18:00:00+03:00,18:00,46375.73
2026-07-11T19:00:00+03:00,19:00,47177.83
2026-07-11T20:00:00+03:00,20:00,48907.26
2026-07-11T21:00:00+03:00,21:00,48305.76
2026-07-11T22:00:00+03:00,22:00,46653.48
2026-07-11T23:00:00+03:00,23:00,44533.0
2026-07-12T00:00:00+03:00,00:00,42539.23
2026-07-12T01:00:00+03:00,01:00,40258.86
2026-07-12T02:00:00+03:00,02:00,38408.94
2026-07-12T03:00:00+03:00,03:00,37112.12
2026-07-12T04:00:00+03:00,04:00,36082.7
2026-07-12T05:00:00+03:00,05:00,35243.62
2026-07-12T06:00:00+03:00,06:00,34644.36
2026-07-12T07:00:00+03:00,07:00,35416.2
2026-07-12T08:00:00+03:00,08:00,37039.53
2026-07-12T09:00:00+03:00,09:00,38867.67
2026-07-12T10:00:00+03:00,10:00,40560.82
2026-07-12T11:00:00+03:00,11:00,41914.74
2026-07-12T12:00:00+03:00,12:00,42377.34
2026-07-12T13:00:00+03:00,13:00,42930.27
2026-07-12T14:00:00+03:00,14:00,42738.87
2026-07-12T15:00:00+03:00,15:00,42130.06
2026-07-12T16:00:00+03:00,16:00,41532.73
2026-07-12T17:00:00+03:00,17:00,41406.32
2026-07-12T18:00:00+03:00,18:00,42800.84
2026-07-12T19:00:00+03:00,19:00,44213.56
2026-07-12T20:00:00+03:00,20:00,46163.69
2026-07-12T21:00:00+03:00,21:00,46451.91
2026-07-12T22:00:00+03:00,22:00,45012.94
2026-07-12T23:00:00+03:00,23:00,43365.62
2026-07-13T00:00:00+03:00,00:00,41475.96
2026-07-13T01:00:00+03:00,01:00,39293.72
2026-07-13T02:00:00+03:00,02:00,37687.0
2026-07-13T03:00:00+03:00,03:00,36459.79
2026-07-13T04:00:00+03:00,04:00,35628.2
2026-07-13T05:00:00+03:00,05:00,35095.2
2026-07-13T06:00:00+03:00,06:00,35783.9
2026-07-13T07:00:00+03:00,07:00,39467.48
2026-07-13T08:00:00+03:00,08:00,47223.56
2026-07-13T09:00:00+03:00,09:00,51096.15
2026-07-13T10:00:00+03:00,10:00,52341.72
2026-07-13T11:00:00+03:00,11:00,53872.92
2026-07-13T12:00:00+03:00,12:00,52818.5
2026-07-13T13:00:00+03:00,13:00,54143.83
2026-07-13T14:00:00+03:00,14:00,54768.95
2026-07-13T15:00:00+03:00,15:00,53676.12
2026-07-13T16:00:00+03:00,16:00,52493.51
2026-07-13T17:00:00+03:00,17:00,51386.83
2026-07-13T18:00:00+03:00,18:00,50150.59
2026-07-13T19:00:00+03:00,19:00,50264.39
2026-07-13T20:00:00+03:00,20:00,51887.47
2026-07-13T21:00:00+03:00,21:00,51387.9
2026-07-13T22:00:00+03:00,22:00,49540.61
2026-07-13T23:00:00+03:00,23:00,46701.18
2026-07-14T00:00:00+03:00,00:00,44997.87
2026-07-14T01:00:00+03:00,01:00,42749.12
2026-07-14T02:00:00+03:00,02:00,40533.33
2026-07-14T03:00:00+03:00,03:00,39474.29
2026-07-14T04:00:00+03:00,04:00,38511.19
2026-07-14T05:00:00+03:00,05:00,37857.49
2026-07-14T06:00:00+03:00,06:00,38149.23
2026-07-14T07:00:00+03:00,07:00,41330.63
2026-07-14T08:00:00+03:00,08:00,48258.92
2026-07-14T09:00:00+03:00,09:00,51319.54
2026-07-14T10:00:00+03:00,10:00,52559.76
2026-07-14T11:00:00+03:00,11:00,53652.99
2026-07-14T12:00:00+03:00,12:00,52501.21
2026-07-14T13:00:00+03:00,13:00,53028.05
2026-07-14T14:00:00+03:00,14:00,53936.37
2026-07-14T15:00:00+03:00,15:00,52640.94
2026-07-14T16:00:00+03:00,16:00,51765.21
2026-07-14T17:00:00+03:00,17:00,50649.38
2026-07-14T18:00:00+03:00,18:00,49444.07
2026-07-14T19:00:00+03:00,19:00,49410.78
2026-07-14T20:00:00+03:00,20:00,50828.72
2026-07-14T21:00:00+03:00,21:00,50646.5
2026-07-14T22:00:00+03:00,22:00,48529.03
2026-07-14T23:00:00+03:00,23:00,46197.61
2026-07-15T00:00:00+03:00,00:00,43248.44
2026-07-15T01:00:00+03:00,01:00,41114.94
2026-07-15T02:00:00+03:00,02:00,38725.24
2026-07-15T03:00:00+03:00,03:00,37950.65
2026-07-15T04:00:00+03:00,04:00,37146.15
2026-07-15T05:00:00+03:00,05:00,36430.17
2026-07-15T06:00:00+03:00,06:00,36249.66
2026-07-15T07:00:00+03:00,07:00,38013.03
2026-07-15T08:00:00+03:00,08:00,42220.37
2026-07-15T09:00:00+03:00,09:00,45002.35
2026-07-15T10:00:00+03:00,10:00,46690.5
2026-07-15T11:00:00+03:00,11:00,47740.09
2026-07-15T12:00:00+03:00,12:00,47638.24
2026-07-15T13:00:00+03:00,13:00,48326.7
2026-07-15T14:00:00+03:00,14:00,48664.26
2026-07-15T15:00:00+03:00,15:00,48107.65
2026-07-15T16:00:00+03:00,16:00,47107.94
2026-07-15T17:00:00+03:00,17:00,46662.48
2026-07-15T18:00:00+03:00,18:00,46856.21
2026-07-15T19:00:00+03:00,19:00,47480.16
2026-07-15T20:00:00+03:00,20:00,48949.39
2026-07-15T21:00:00+03:00,21:00,48787.08
2026-07-15T22:00:00+03:00,22:00,47638.19
2026-07-15T23:00:00+03:00,23:00,45752.86
2026-07-16T00:00:00+03:00,00:00,43838.67
2026-07-16T01:00:00+03:00,01:00,41645.86
2026-07-16T02:00:00+03:00,02:00,39998.93
2026-07-16T03:00:00+03:00,03:00,38289.84
2026-07-16T04:00:00+03:00,04:00,38115.87
2026-07-16T05:00:00+03:00,05:00,37193.28
2026-07-16T06:00:00+03:00,06:00,35891.95
2026-07-16T07:00:00+03:00,07:00,38493.03
2026-07-16T08:00:00+03:00,08:00,43755.18
2026-07-16T09:00:00+03:00,09:00,46193.66
2026-07-16T10:00:00+03:00,10:00,16893.95
2026-07-17T00:00:00+03:00,00:00,45512.69
2026-07-17T01:00:00+03:00,01:00,43449.22
2026-07-17T02:00:00+03:00,02:00,41587.94
2026-07-17T03:00:00+03:00,03:00,40375.45
2026-07-17T04:00:00+03:00,04:00,39096.72
2026-07-17T05:00:00+03:00,05:00,38598.51
2026-07-17T06:00:00+03:00,06:00,39089.24
2026-07-17T07:00:00+03:00,07:00,42157.36
2026-07-17T08:00:00+03:00,08:00,49086.96
2026-07-17T09:00:00+03:00,09:00,52756.59
2026-07-17T10:00:00+03:00,10:00,54006.23
2026-07-17T11:00:00+03:00,11:00,55371.91
2026-07-17T12:00:00+03:00,12:00,53776.62
2026-07-17T13:00:00+03:00,13:00,53334.89
2026-07-17T14:00:00+03:00,14:00,55453.08
2026-07-17T15:00:00+03:00,15:00,54534.68
2026-07-17T16:00:00+03:00,16:00,53312.39
2026-07-17T17:00:00+03:00,17:00,52166.91
2026-07-17T18:00:00+03:00,18:00,50715.74
2026-07-17T19:00:00+03:00,19:00,51065.51
2026-07-17T20:00:00+03:00,20:00,52184.89
2026-07-17T21:00:00+03:00,21:00,51883.33
2026-07-17T22:00:00+03:00,22:00,50156.54
2026-07-17T23:00:00+03:00,23:00,48165.12
2026-07-18T00:00:00+03:00,00:00,45833.92
2026-07-18T01:00:00+03:00,01:00,43673.85
2026-07-18T02:00:00+03:00,02:00,41677.78
2026-07-18T03:00:00+03:00,03:00,40387.32
2026-07-18T04:00:00+03:00,04:00,39403.65
2026-07-18T05:00:00+03:00,05:00,38652.09
2026-07-18T06:00:00+03:00,06:00,38566.91
2026-07-18T07:00:00+03:00,07:00,40495.17
2026-07-18T08:00:00+03:00,08:00,45426.5
2026-07-18T09:00:00+03:00,09:00,48724.05
2026-07-18T10:00:00+03:00,10:00,50510.08
2026-07-18T11:00:00+03:00,11:00,51525.37
2026-07-18T12:00:00+03:00,12:00,50894.26
2026-07-18T13:00:00+03:00,13:00,51619.69
2026-07-18T14:00:00+03:00,14:00,51405.97
2026-07-18T15:00:00+03:00,15:00,50442.84
2026-07-18T16:00:00+03:00,16:00,48986.19
2026-07-18T17:00:00+03:00,17:00,48246.32
2026-07-18T18:00:00+03:00,18:00,48527.2
2026-07-18T19:00:00+03:00,19:00,49515.03
2026-07-18T20:00:00+03:00,20:00,50861.14
2026-07-18T21:00:00+03:00,21:00,50424.74
2026-07-18T22:00:00+03:00,22:00,48510.85
2026-07-18T23:00:00+03:00,23:00,46556.51
2026-07-19T00:00:00+03:00,00:00,44193.25
2026-07-19T01:00:00+03:00,01:00,41793.88
2026-07-19T02:00:00+03:00,02:00,39916.53
2026-07-19T03:00:00+03:00,03:00,38376.68
2026-07-19T04:00:00+03:00,04:00,37271.34
2026-07-19T05:00:00+03:00,05:00,36482.7
2026-07-19T06:00:00+03:00,06:00,35600.32
2026-07-19T07:00:00+03:00,07:00,36800.61
2026-07-19T08:00:00+03:00,08:00,39014.95
2026-07-19T09:00:00+03:00,09:00,40907.94
2026-07-19T10:00:00+03:00,10:00,42421.17
2026-07-19T11:00:00+03:00,11:00,44078.26
2026-07-19T12:00:00+03:00,12:00,44838.0
2026-07-19T13:00:00+03:00,13:00,45245.14
2026-07-19T14:00:00+03:00,14:00,45123.87
2026-07-19T15:00:00+03:00,15:00,44486.18
2026-07-19T16:00:00+03:00,16:00,43662.6
2026-07-19T17:00:00+03:00,17:00,43792.2
2026-07-19T18:00:00+03:00,18:00,44808.34
2026-07-19T19:00:00+03:00,19:00,46168.42
2026-07-19T20:00:00+03:00,20:00,47897.93
2026-07-19T21:00:00+03:00,21:00,48140.24
2026-07-19T22:00:00+03:00,22:00,46999.87
2026-07-19T23:00:00+03:00,23:00,45370.5
2026-07-20T00:00:00+03:00,00:00,43640.04
2026-07-20T01:00:00+03:00,01:00,41197.62
2026-07-20T02:00:00+03:00,02:00,39191.06
2026-07-20T03:00:00+03:00,03:00,37942.66
2026-07-20T04:00:00+03:00,04:00,37035.68
2026-07-20T05:00:00+03:00,05:00,36382.87
2026-07-20T06:00:00+03:00,06:00,37037.54
2026-07-20T07:00:00+03:00,07:00,40488.43
2026-07-20T08:00:00+03:00,08:00,48717.72
2026-07-20T09:00:00+03:00,09:00,52981.11
2026-07-20T10:00:00+03:00,10:00,54647.01
2026-07-20T11:00:00+03:00,11:00,56085.11
2026-07-20T12:00:00+03:00,12:00,55353.33
2026-07-20T13:00:00+03:00,13:00,56628.26
2026-07-20T14:00:00+03:00,14:00,57312.27
2026-07-20T15:00:00+03:00,15:00,56247.31
2026-07-20T16:00:00+03:00,16:00,55125.93
2026-07-20T17:00:00+03:00,17:00,53842.33
2026-07-20T18:00:00+03:00,18:00,52448.87
2026-07-20T19:00:00+03:00,19:00,52718.25
2026-07-20T20:00:00+03:00,20:00,53996.8
2026-07-20T21:00:00+03:00,21:00,53512.04
2026-07-20T22:00:00+03:00,22:00,51524.48
2026-07-20T23:00:00+03:00,23:00,48300.96
2026-07-21T00:00:00+03:00,00:00,46701.55
2026-07-21T01:00:00+03:00,01:00,44115.06
2026-07-21T02:00:00+03:00,02:00,42017.14
2026-07-21T03:00:00+03:00,03:00,40715.58
2026-07-21T04:00:00+03:00,04:00,39771.81
2026-07-21T05:00:00+03:00,05:00,39450.4
2026-07-21T06:00:00+03:00,06:00,39696.13
2026-07-21T07:00:00+03:00,07:00,42934.72
2026-07-21T08:00:00+03:00,08:00,50213.33
2026-07-21T09:00:00+03:00,09:00,53919.24
2026-07-21T10:00:00+03:00,10:00,55220.28
2026-07-21T11:00:00+03:00,11:00,56810.5
2026-07-21T12:00:00+03:00,12:00,55696.97
2026-07-21T13:00:00+03:00,13:00,56696.81
2026-07-21T14:00:00+03:00,14:00,57449.76
2026-07-21T15:00:00+03:00,15:00,56489.5
2026-07-21T16:00:00+03:00,16:00,55552.18
2026-07-21T17:00:00+03:00,17:00,54454.15
2026-07-21T18:00:00+03:00,18:00,53102.85
2026-07-21T19:00:00+03:00,19:00,53435.6
2026-07-21T20:00:00+03:00,20:00,55044.81
2026-07-21T21:00:00+03:00,21:00,54449.52
2026-07-21T22:00:00+03:00,22:00,51430.57
2026-07-21T23:00:00+03:00,23:00,50067.25
2026-07-22T00:00:00+03:00,00:00,47238.37
2026-07-22T01:00:00+03:00,01:00,44742.48
2026-07-22T02:00:00+03:00,02:00,43012.58
2026-07-22T03:00:00+03:00,03:00,41722.86
2026-07-22T04:00:00+03:00,04:00,40717.96
2026-07-22T05:00:00+03:00,05:00,40295.92
2026-07-22T06:00:00+03:00,06:00,40528.01
2026-07-22T07:00:00+03:00,07:00,43511.78
2026-07-22T08:00:00+03:00,08:00,50930.37
2026-07-22T09:00:00+03:00,09:00,54366.83
2026-07-22T10:00:00+03:00,10:00,55950.85
2026-07-22T11:00:00+03:00,11:00,57201.73
2026-07-22T12:00:00+03:00,12:00,56279.03
2026-07-22T13:00:00+03:00,13:00,57436.84
2026-07-22T14:00:00+03:00,14:00,58288.38
2026-07-22T15:00:00+03:00,15:00,57100.81
2026-07-22T16:00:00+03:00,16:00,55899.19
2026-07-22T17:00:00+03:00,17:00,54952.88
2026-07-22T18:00:00+03:00,18:00,53209.81
2026-07-22T19:00:00+03:00,19:00,53333.07
2026-07-22T20:00:00+03:00,20:00,54360.99
2026-07-22T21:00:00+03:00,21:00,54212.79
2026-07-22T22:00:00+03:00,22:00,52303.14
2026-07-22T23:00:00+03:00,23:00,50498.5
2026-07-23T00:00:00+03:00,00:00,47644.49
2026-07-23T01:00:00+03:00,01:00,45095.65
2026-07-23T02:00:00+03:00,02:00,42656.25
2026-07-23T03:00:00+03:00,03:00,41659.56
2026-07-23T04:00:00+03:00,04:00,40797.21
2026-07-23T05:00:00+03:00,05:00,39946.83
2026-07-23T06:00:00+03:00,06:00,39929.57
2026-07-23T07:00:00+03:00,07:00,39579.64
2026-07-23T08:00:00+03:00,08:00,45381.67
2026-07-23T09:00:00+03:00,09:00,47146.58
2026-07-23T10:00:00+03:00,10:00,19277.69
2026-07-25T00:00:00+03:00,00:00,44457.53
2026-07-25T01:00:00+03:00,01:00,42211.07
2026-07-25T02:00:00+03:00,02:00,40126.33
2026-07-25T03:00:00+03:00,03:00,39503.18
2026-07-25T04:00:00+03:00,04:00,38432.85
2026-07-25T05:00:00+03:00,05:00,37812.31
2026-07-25T06:00:00+03:00,06:00,37583.31
2026-07-25T07:00:00+03:00,07:00,39315.61
2026-07-25T08:00:00+03:00,08:00,43782.67
2026-07-25T09:00:00+03:00,09:00,46143.78
2026-07-25T10:00:00+03:00,10:00,47417.36
2026-07-25T11:00:00+03:00,11:00,48811.31
2026-07-25T12:00:00+03:00,12:00,48290.93
2026-07-25T13:00:00+03:00,13:00,48323.1
2026-07-25T14:00:00+03:00,14:00,47568.38
2026-07-25T15:00:00+03:00,15:00,46463.61
2026-07-25T16:00:00+03:00,16:00,45242.82
2026-07-25T17:00:00+03:00,17:00,44511.37
2026-07-25T18:00:00+03:00,18:00,44156.56
2026-07-25T19:00:00+03:00,19:00,44834.34
2026-07-25T20:00:00+03:00,20:00,46260.94
2026-07-25T21:00:00+03:00,21:00,45902.56
2026-07-25T22:00:00+03:00,22:00,44160.5
2026-07-25T23:00:00+03:00,23:00,42361.11
2026-07-26T00:00:00+03:00,00:00,40304.34
2026-07-26T01:00:00+03:00,01:00,38355.12
2026-07-26T02:00:00+03:00,02:00,36743.77
2026-07-26T03:00:00+03:00,03:00,35683.59
2026-07-26T04:00:00+03:00,04:00,35095.42
2026-07-26T05:00:00+03:00,05:00,34536.87
2026-07-26T06:00:00+03:00,06:00,33842.93
2026-07-26T07:00:00+03:00,07:00,34700.66
2026-07-26T08:00:00+03:00,08:00,35942.76
2026-07-26T09:00:00+03:00,09:00,37464.44
2026-07-26T10:00:00+03:00,10:00,38827.63
2026-07-26T11:00:00+03:00,11:00,39535.19
2026-07-26T12:00:00+03:00,12:00,40376.61
2026-07-26T13:00:00+03:00,13:00,41007.75
2026-07-26T14:00:00+03:00,14:00,40829.24
2026-07-26T15:00:00+03:00,15:00,39806.06
2026-07-26T16:00:00+03:00,16:00,38816.71
2026-07-26T17:00:00+03:00,17:00,38941.45
2026-07-26T18:00:00+03:00,18:00,40495.04
2026-07-26T19:00:00+03:00,19:00,42573.19
2026-07-26T20:00:00+03:00,20:00,44598.67
2026-07-26T21:00:00+03:00,21:00,44278.69
2026-07-26T22:00:00+03:00,22:00,42799.02
2026-07-26T23:00:00+03:00,23:00,41425.1
2026-07-27T00:00:00+03:00,00:00,39711.67
2026-07-27T01:00:00+03:00,01:00,37526.71
2026-07-27T02:00:00+03:00,02:00,36032.42
2026-07-27T03:00:00+03:00,03:00,35008.73
2026-07-27T04:00:00+03:00,04:00,34233.07
2026-07-27T05:00:00+03:00,05:00,34088.08
2026-07-27T06:00:00+03:00,06:00,35012.97
2026-07-27T07:00:00+03:00,07:00,38429.2
2026-07-27T08:00:00+03:00,08:00,45830.82
2026-07-27T09:00:00+03:00,09:00,49305.4
2026-07-27T10:00:00+03:00,10:00,50458.18
2026-07-27T11:00:00+03:00,11:00,51648.79
2026-07-27T12:00:00+03:00,12:00,50571.54
2026-07-27T13:00:00+03:00,13:00,51686.58
2026-07-27T14:00:00+03:00,14:00,52272.87
2026-07-27T15:00:00+03:00,15:00,51473.07
2026-07-27T16:00:00+03:00,16:00,50583.28
2026-07-27T17:00:00+03:00,17:00,49905.26
2026-07-27T18:00:00+03:00,18:00,49151.3
2026-07-27T19:00:00+03:00,19:00,49621.21
2026-07-27T20:00:00+03:00,20:00,50982.75
2026-07-27T21:00:00+03:00,21:00,50329.76
2026-07-27T22:00:00+03:00,22:00,48195.26
2026-07-27T23:00:00+03:00,23:00,46300.34
2026-07-28T00:00:00+03:00,00:00,43916.52
2026-07-28T01:00:00+03:00,01:00,41373.99
2026-07-28T02:00:00+03:00,02:00,39452.11
2026-07-28T03:00:00+03:00,03:00,38797.17
2026-07-28T04:00:00+03:00,04:00,37891.44
2026-07-28T05:00:00+03:00,05:00,37727.64
2026-07-28T06:00:00+03:00,06:00,38078.6
2026-07-28T07:00:00+03:00,07:00,41449.15
2026-07-28T08:00:00+03:00,08:00,48203.98
2026-07-28T09:00:00+03:00,09:00,51766.63
2026-07-28T10:00:00+03:00,10:00,52622.3
2026-07-28T11:00:00+03:00,11:00,53841.61
2026-07-28T12:00:00+03:00,12:00,53222.66
2026-07-28T13:00:00+03:00,13:00,54245.56
2026-07-28T14:00:00+03:00,14:00,55145.8
2026-07-28T15:00:00+03:00,15:00,54107.32
2026-07-28T16:00:00+03:00,16:00,53288.08
2026-07-28T17:00:00+03:00,17:00,52132.79
2026-07-28T18:00:00+03:00,18:00,50898.89
2026-07-28T19:00:00+03:00,19:00,51483.78
2026-07-28T20:00:00+03:00,20:00,52660.98
2026-07-28T21:00:00+03:00,21:00,51807.35
2026-07-28T22:00:00+03:00,22:00,49738.0
2026-07-28T23:00:00+03:00,23:00,47753.54
2026-07-29T00:00:00+03:00,00:00,45199.24
2026-07-29T01:00:00+03:00,01:00,43123.03
2026-07-29T02:00:00+03:00,02:00,41209.68
2026-07-29T03:00:00+03:00,03:00,39921.32
2026-07-29T04:00:00+03:00,04:00,38942.6
2026-07-29T05:00:00+03:00,05:00,38536.52
2026-07-29T06:00:00+03:00,06:00,39000.96
2026-07-29T07:00:00+03:00,07:00,42287.35
2026-07-29T08:00:00+03:00,08:00,48838.98
2026-07-29T09:00:00+03:00,09:00,51726.66
2026-07-29T10:00:00+03:00,10:00,52582.82
2026-07-29T11:00:00+03:00,11:00,53451.39
2026-07-29T12:00:00+03:00,12:00,52650.42
2026-07-29T13:00:00+03:00,13:00,53596.21
2026-07-29T14:00:00+03:00,14:00,53823.58
2026-07-29T15:00:00+03:00,15:00,52600.51
2026-07-29T16:00:00+03:00,16:00,51870.13
2026-07-29T17:00:00+03:00,17:00,50649.3
2026-07-29T18:00:00+03:00,18:00,49925.16
2026-07-29T19:00:00+03:00,19:00,50787.45
2026-07-29T20:00:00+03:00,20:00,51784.21
2026-07-29T21:00:00+03:00,21:00,51044.91
2026-07-29T22:00:00+03:00,22:00,49203.04
2026-07-29T23:00:00+03:00,23:00,47099.85
2026-07-30T00:00:00+03:00,00:00,44885.99
2026-07-30T01:00:00+03:00,01:00,42626.37
2026-07-30T02:00:00+03:00,02:00,40721.44
2026-07-30T03:00:00+03:00,03:00,39492.2
2026-07-30T04:00:00+03:00,04:00,38725.52
2026-07-30T05:00:00+03:00,05:00,38364.79
2026-07-30T06:00:00+03:00,06:00,38564.86
2026-07-30T07:00:00+03:00,07:00,41540.78
2026-07-30T08:00:00+03:00,08:00,48475.56
2026-07-30T09:00:00+03:00,09:00,51764.82
2026-07-30T10:00:00+03:00,10:00,52809.23
2026-07-30T11:00:00+03:00,11:00,53351.33
2026-07-30T12:00:00+03:00,12:00,52661.41
2026-07-30T13:00:00+03:00,13:00,53493.55
2026-07-30T14:00:00+03:00,14:00,54101.09
2026-07-30T15:00:00+03:00,15:00,53027.62
2026-07-30T16:00:00+03:00,16:00,52133.49
2026-07-30T17:00:00+03:00,17:00,50999.28
2026-07-30T18:00:00+03:00,18:00,50291.87
2026-07-30T19:00:00+03:00,19:00,50960.88
2026-07-30T20:00:00+03:00,20:00,52438.67
2026-07-30T21:00:00+03:00,21:00,51420.53
2026-07-30T22:00:00+03:00,22:00,49454.91
2026-07-30T23:00:00+03:00,23:00,47404.3
2026-07-31T00:00:00+03:00,00:00,44914.17
2026-07-31T01:00:00+03:00,01:00,42742.43
2026-07-31T02:00:00+03:00,02:00,41040.31
2026-07-31T03:00:00+03:00,03:00,39726.39
2026-07-31T04:00:00+03:00,04:00,38791.86
2026-07-31T05:00:00+03:00,05:00,38576.44
2026-07-31T06:00:00+03:00,06:00,38779.88
2026-07-31T07:00:00+03:00,07:00,41834.1
2026-07-31T08:00:00+03:00,08:00,48718.97
2026-07-31T09:00:00+03:00,09:00,52056.12
2026-07-31T10:00:00+03:00,10:00,52973.63
2026-07-31T11:00:00+03:00,11:00,54194.21
2026-07-31T12:00:00+03:00,12:00,52633.33
2026-07-31T13:00:00+03:00,13:00,52331.16
2026-07-31T14:00:00+03:00,14:00,53937.47
2026-07-31T15:00:00+03:00,15:00,52979.72
2026-07-31T16:00:00+03:00,16:00,52418.09
2026-07-31T17:00:00+03:00,17:00,51159.35
2026-07-31T18:00:00+03:00,18:00,50360.99
2026-07-31T19:00:00+03:00,19:00,50961.87
2026-07-31T20:00:00+03:00,20:00,52169.47
2026-07-31T21:00:00+03:00,21:00,51287.08
2026-07-31T22:00:00+03:00,22:00,48774.9
2026-07-31T23:00:00+03:00,23:00,47346.49
2026-08-01T00:00:00+03:00,00:00,45256.84
2026-08-01T01:00:00+03:00,01:00,43135.95
2026-08-01T02:00:00+03:00,02:00,41360.46
2026-08-01T03:00:00+03:00,03:00,40066.2
2026-08-01T04:00:00+03:00,04:00,39026.5
2026-08-01T05:00:00+03:00,05:00,38617.0
2026-08-01T06:00:00+03:00,06:00,38527.38
2026-08-01T07:00:00+03:00,07:00,40595.83
2026-08-01T08:00:00+03:00,08:00,45119.26
2026-08-01T09:00:00+03:00,09:00,47174.29
2026-08-01T10:00:00+03:00,10:00,49011.85
2026-08-01T11:00:00+03:00,11:00,49595.89
2026-08-01T12:00:00+03:00,12:00,49439.07
2026-08-01T13:00:00+03:00,13:00,49994.65
2026-08-01T14:00:00+03:00,14:00,49968.35
2026-08-01T15:00:00+03:00,15:00,48675.36
2026-08-01T16:00:00+03:00,16:00,47614.82
2026-08-01T17:00:00+03:00,17:00,47099.05
2026-08-01T18:00:00+03:00,18:00,47939.6
2026-08-01T19:00:00+03:00,19:00,49029.73
2026-08-01T20:00:00+03:00,20:00,50345.78
2026-08-01T21:00:00+03:00,21:00,49478.17
2026-08-01T22:00:00+03:00,22:00,47846.65
2026-08-01T23:00:00+03:00,23:00,45761.1
2026-08-02T00:00:00+03:00,00:00,43719.91
2026-08-02T01:00:00+03:00,01:00,41728.21
2026-08-02T02:00:00+03:00,02:00,39255.81
2026-08-02T03:00:00+03:00,03:00,38471.31
2026-08-02T04:00:00+03:00,04:00,37496.63
2026-08-02T05:00:00+03:00,05:00,36849.22
2026-08-02T06:00:00+03:00,06:00,36395.3
2026-08-02T07:00:00+03:00,07:00,37446.53
2026-08-02T08:00:00+03:00,08:00,38863.16
2026-08-02T09:00:00+03:00,09:00,40603.8
2026-08-02T10:00:00+03:00,10:00,41785.55
2026-08-02T11:00:00+03:00,11:00,42893.5
2026-08-02T12:00:00+03:00,12:00,43541.14
2026-08-02T13:00:00+03:00,13:00,43975.31
2026-08-02T14:00:00+03:00,14:00,43694.12
2026-08-02T15:00:00+03:00,15:00,43255.44
2026-08-02T16:00:00+03:00,16:00,42869.53
2026-08-02T17:00:00+03:00,17:00,43163.47
2026-08-02T18:00:00+03:00,18:00,44687.24
2026-08-02T19:00:00+03:00,19:00,46135.32
2026-08-02T20:00:00+03:00,20:00,48054.03
2026-08-02T21:00:00+03:00,21:00,47574.51
2026-08-02T22:00:00+03:00,22:00,46333.0
2026-08-02T23:00:00+03:00,23:00,44647.5
2026-08-03T00:00:00+03:00,00:00,42831.08
2026-08-03T01:00:00+03:00,01:00,40777.42
2026-08-03T02:00:00+03:00,02:00,38839.69
2026-08-03T03:00:00+03:00,03:00,37712.04
2026-08-03T04:00:00+03:00,04:00,36849.25
2026-08-03T05:00:00+03:00,05:00,36855.96
2026-08-03T06:00:00+03:00,06:00,37635.13
2026-08-03T07:00:00+03:00,07:00,41120.94
2026-08-03T08:00:00+03:00,08:00,48562.65
2026-08-03T09:00:00+03:00,09:00,52534.84
2026-08-03T10:00:00+03:00,10:00,53866.12
2026-08-03T11:00:00+03:00,11:00,55096.2
2026-08-03T12:00:00+03:00,12:00,54300.71
2026-08-03T13:00:00+03:00,13:00,55654.98
2026-08-03T14:00:00+03:00,14:00,56393.92
2026-08-03T15:00:00+03:00,15:00,55711.46
2026-08-03T16:00:00+03:00,16:00,54923.78
2026-08-03T17:00:00+03:00,17:00,53458.15
2026-08-03T18:00:00+03:00,18:00,52036.55
2026-08-03T19:00:00+03:00,19:00,52227.13
2026-08-03T20:00:00+03:00,20:00,53633.37
2026-08-03T21:00:00+03:00,21:00,52711.89
2026-08-03T22:00:00+03:00,22:00,50404.81
2026-08-03T23:00:00+03:00,23:00,48441.41
2026-08-04T00:00:00+03:00,00:00,45505.17
2026-08-04T01:00:00+03:00,01:00,43691.29
2026-08-04T02:00:00+03:00,02:00,41804.97
2026-08-04T03:00:00+03:00,03:00,40690.61
2026-08-04T04:00:00+03:00,04:00,39714.87
2026-08-04T05:00:00+03:00,05:00,39566.28
2026-08-04T06:00:00+03:00,06:00,39696.74
2026-08-04T07:00:00+03:00,07:00,43096.05
2026-08-04T08:00:00+03:00,08:00,50095.37
2026-08-04T09:00:00+03:00,09:00,53599.59
2026-08-04T10:00:00+03:00,10:00,54933.79
2026-08-04T11:00:00+03:00,11:00,55726.04
2026-08-04T12:00:00+03:00,12:00,54603.97
2026-08-04T13:00:00+03:00,13:00,55753.02
2026-08-04T14:00:00+03:00,14:00,56847.39
2026-08-04T15:00:00+03:00,15:00,56114.42
2026-08-04T16:00:00+03:00,16:00,55368.02
2026-08-04T17:00:00+03:00,17:00,54181.16
2026-08-04T18:00:00+03:00,18:00,52866.36
2026-08-04T19:00:00+03:00,19:00,53061.22
2026-08-04T20:00:00+03:00,20:00,54174.0
2026-08-04T21:00:00+03:00,21:00,53106.07
2026-08-04T22:00:00+03:00,22:00,51190.21
2026-08-04T23:00:00+03:00,23:00,49109.28
2026-08-05T00:00:00+03:00,00:00,46387.86
2026-08-05T01:00:00+03:00,01:00,44056.92
2026-08-05T02:00:00+03:00,02:00,42322.41
2026-08-05T03:00:00+03:00,03:00,41082.24
2026-08-05T04:00:00+03:00,04:00,40043.82
2026-08-05T05:00:00+03:00,05:00,39839.13
2026-08-05T06:00:00+03:00,06:00,39864.96
2026-08-05T07:00:00+03:00,07:00,43061.21
2026-08-05T08:00:00+03:00,08:00,50214.14
2026-08-05T09:00:00+03:00,09:00,53904.66
2026-08-05T10:00:00+03:00,10:00,55165.11
2026-08-05T11:00:00+03:00,11:00,55799.24
2026-08-05T12:00:00+03:00,12:00,55438.05
2026-08-05T13:00:00+03:00,13:00,56602.39
2026-08-05T14:00:00+03:00,14:00,56963.61
2026-08-05T15:00:00+03:00,15:00,56730.49
2026-08-05T16:00:00+03:00,16:00,56480.28
2026-08-05T17:00:00+03:00,17:00,55405.01
2026-08-05T18:00:00+03:00,18:00,53566.09
2026-08-05T19:00:00+03:00,19:00,53694.68
2026-08-05T20:00:00+03:00,20:00,54853.34
2026-08-05T21:00:00+03:00,21:00,53909.24
2026-08-05T22:00:00+03:00,22:00,51867.83
2026-08-05T23:00:00+03:00,23:00,49404.96
2026-08-06T00:00:00+03:00,00:00,47192.0
2026-08-06T01:00:00+03:00,01:00,44775.1
2026-08-06T02:00:00+03:00,02:00,42901.78
2026-08-06T03:00:00+03:00,03:00,41637.58
2026-08-06T04:00:00+03:00,04:00,40650.52
2026-08-06T05:00:00+03:00,05:00,40477.87
2026-08-06T06:00:00+03:00,06:00,40648.27
2026-08-06T07:00:00+03:00,07:00,43732.92
2026-08-06T08:00:00+03:00,08:00,51311.8
2026-08-06T09:00:00+03:00,09:00,54882.7
2026-08-06T10:00:00+03:00,10:00,56086.9
2026-08-06T11:00:00+03:00,11:00,57081.44
2026-08-06T12:00:00+03:00,12:00,55646.29
2026-08-06T13:00:00+03:00,13:00,57039.63
2026-08-06T14:00:00+03:00,14:00,57896.31
2026-08-06T15:00:00+03:00,15:00,57079.17
2026-08-06T16:00:00+03:00,16:00,56057.02
2026-08-06T17:00:00+03:00,17:00,54786.5
2026-08-06T18:00:00+03:00,18:00,53460.85
2026-08-06T19:00:00+03:00,19:00,53755.69
2026-08-06T20:00:00+03:00,20:00,54831.32
2026-08-06T21:00:00+03:00,21:00,53793.11
2026-08-06T22:00:00+03:00,22:00,51741.4
2026-08-06T23:00:00+03:00,23:00,49690.43
2026-08-07T00:00:00+03:00,00:00,47098.74
2026-08-07T01:00:00+03:00,01:00,44678.15
2026-08-07T02:00:00+03:00,02:00,42775.5
2026-08-07T03:00:00+03:00,03:00,41405.83
2026-08-07T04:00:00+03:00,04:00,40370.29
2026-08-07T05:00:00+03:00,05:00,40031.99
2026-08-07T06:00:00+03:00,06:00,39707.14
2026-08-07T07:00:00+03:00,07:00,38355.53
2026-08-07T08:00:00+03:00,08:00,42902.32
2026-08-07T09:00:00+03:00,09:00,18450.92
2026-08-08T00:00:00+03:00,00:00,47045.22
2026-08-08T01:00:00+03:00,01:00,44836.56
2026-08-08T02:00:00+03:00,02:00,43020.16
2026-08-08T03:00:00+03:00,03:00,41406.12
2026-08-08T04:00:00+03:00,04:00,40099.36
2026-08-08T05:00:00+03:00,05:00,39901.68
2026-08-08T06:00:00+03:00,06:00,39861.4
2026-08-08T07:00:00+03:00,07:00,41503.69
2026-08-08T08:00:00+03:00,08:00,46715.23
2026-08-08T09:00:00+03:00,09:00,50091.64
2026-08-08T10:00:00+03:00,10:00,51634.75
2026-08-08T11:00:00+03:00,11:00,52854.17
2026-08-08T12:00:00+03:00,12:00,52150.13
2026-08-08T13:00:00+03:00,13:00,52863.71
2026-08-08T14:00:00+03:00,14:00,52968.26
2026-08-08T15:00:00+03:00,15:00,51750.6
2026-08-08T16:00:00+03:00,16:00,50938.23
2026-08-08T17:00:00+03:00,17:00,50604.78
2026-08-08T18:00:00+03:00,18:00,51216.72
2026-08-08T19:00:00+03:00,19:00,51819.81
2026-08-08T20:00:00+03:00,20:00,52866.49
2026-08-08T21:00:00+03:00,21:00,51582.43
2026-08-08T22:00:00+03:00,22:00,49583.75
2026-08-08T23:00:00+03:00,23:00,47105.72
2026-08-09T00:00:00+03:00,00:00,45073.67
2026-08-09T01:00:00+03:00,01:00,42583.28
2026-08-09T02:00:00+03:00,02:00,41270.92
2026-08-09T03:00:00+03:00,03:00,39842.85
2026-08-09T04:00:00+03:00,04:00,38658.87
2026-08-09T05:00:00+03:00,05:00,38242.19
2026-08-09T06:00:00+03:00,06:00,37479.45
2026-08-09T07:00:00+03:00,07:00,38239.95
2026-08-09T08:00:00+03:00,08:00,40277.69
2026-08-09T09:00:00+03:00,09:00,41958.91
2026-08-09T10:00:00+03:00,10:00,43531.02
2026-08-09T11:00:00+03:00,11:00,44780.57
2026-08-09T12:00:00+03:00,12:00,44928.84
2026-08-09T13:00:00+03:00,13:00,45830.04
2026-08-09T14:00:00+03:00,14:00,45858.25
2026-08-09T15:00:00+03:00,15:00,45448.62
2026-08-09T16:00:00+03:00,16:00,45456.57
2026-08-09T17:00:00+03:00,17:00,45196.14
2026-08-09T18:00:00+03:00,18:00,46158.22
2026-08-09T19:00:00+03:00,19:00,47406.27
2026-08-09T20:00:00+03:00,20:00,49089.88
2026-08-09T21:00:00+03:00,21:00,48414.74
2026-08-09T22:00:00+03:00,22:00,46787.29
2026-08-09T23:00:00+03:00,23:00,45074.33
2026-08-10T00:00:00+03:00,00:00,43783.96
2026-08-10T01:00:00+03:00,01:00,41859.59
2026-08-10T02:00:00+03:00,02:00,40049.84
2026-08-10T03:00:00+03:00,03:00,38995.68
2026-08-10T04:00:00+03:00,04:00,38095.71
2026-08-10T05:00:00+03:00,05:00,37946.9
2026-08-10T06:00:00+03:00,06:00,38485.64
2026-08-10T07:00:00+03:00,07:00,42039.52
2026-08-10T08:00:00+03:00,08:00,50122.68
2026-08-10T09:00:00+03:00,09:00,53694.87
2026-08-10T10:00:00+03:00,10:00,55741.61
2026-08-10T11:00:00+03:00,11:00,56593.85
2026-08-10T12:00:00+03:00,12:00,55584.55
2026-08-10T13:00:00+03:00,13:00,56968.12
2026-08-10T14:00:00+03:00,14:00,57738.32
2026-08-10T15:00:00+03:00,15:00,57007.05
2026-08-10T16:00:00+03:00,16:00,56240.72
2026-08-10T17:00:00+03:00,17:00,55376.57
2026-08-10T18:00:00+03:00,18:00,53719.26
2026-08-10T19:00:00+03:00,19:00,53896.82
2026-08-10T20:00:00+03:00,20:00,55015.58
2026-08-10T21:00:00+03:00,21:00,53292.8
2026-08-10T22:00:00+03:00,22:00,51822.59
2026-08-10T23:00:00+03:00,23:00,49731.26
2026-08-11T00:00:00+03:00,00:00,47033.41
2026-08-11T01:00:00+03:00,01:00,44711.63
2026-08-11T02:00:00+03:00,02:00,42874.07
2026-08-11T03:00:00+03:00,03:00,41309.93
2026-08-11T04:00:00+03:00,04:00,40193.48
2026-08-11T05:00:00+03:00,05:00,40154.99
2026-08-11T06:00:00+03:00,06:00,40189.73
2026-08-11T07:00:00+03:00,07:00,43288.75
2026-08-11T08:00:00+03:00,08:00,50436.94
2026-08-11T09:00:00+03:00,09:00,54175.23
2026-08-11T10:00:00+03:00,10:00,55398.83
2026-08-11T11:00:00+03:00,11:00,56729.65
2026-08-11T12:00:00+03:00,12:00,55808.75
2026-08-11T13:00:00+03:00,13:00,56511.76
2026-08-11T14:00:00+03:00,14:00,58200.48
2026-08-11T15:00:00+03:00,15:00,57170.91
2026-08-11T16:00:00+03:00,16:00,56356.44
2026-08-11T17:00:00+03:00,17:00,55216.46
2026-08-11T18:00:00+03:00,18:00,53965.9
2026-08-11T19:00:00+03:00,19:00,54352.02
2026-08-11T20:00:00+03:00,20:00,55143.52
2026-08-11T21:00:00+03:00,21:00,53996.21
2026-08-11T22:00:00+03:00,22:00,52093.72
2026-08-11T23:00:00+03:00,23:00,49207.37
2026-08-12T00:00:00+03:00,00:00,47076.64
2026-08-12T01:00:00+03:00,01:00,44726.72
2026-08-12T02:00:00+03:00,02:00,42102.2
2026-08-12T03:00:00+03:00,03:00,41361.37
2026-08-12T04:00:00+03:00,04:00,40274.07
2026-08-12T05:00:00+03:00,05:00,40246.13
2026-08-12T06:00:00+03:00,06:00,40615.08
2026-08-12T07:00:00+03:00,07:00,43698.5
2026-08-12T08:00:00+03:00,08:00,51111.5
2026-08-12T09:00:00+03:00,09:00,54715.25
2026-08-12T10:00:00+03:00,10:00,55935.9
2026-08-12T11:00:00+03:00,11:00,56834.02
2026-08-12T12:00:00+03:00,12:00,56021.86
2026-08-12T13:00:00+03:00,13:00,57325.79
2026-08-12T14:00:00+03:00,14:00,58335.92
2026-08-12T15:00:00+03:00,15:00,57254.61
2026-08-12T16:00:00+03:00,16:00,56507.22
2026-08-12T17:00:00+03:00,17:00,55538.4
2026-08-12T18:00:00+03:00,18:00,54150.1
2026-08-12T19:00:00+03:00,19:00,54644.44
2026-08-12T20:00:00+03:00,20:00,55531.67
2026-08-12T21:00:00+03:00,21:00,54165.09
2026-08-12T22:00:00+03:00,22:00,51060.41
2026-08-12T23:00:00+03:00,23:00,49442.85
2026-08-13T00:00:00+03:00,00:00,47451.12
2026-08-13T01:00:00+03:00,01:00,45381.33
2026-08-13T02:00:00+03:00,02:00,43451.82
2026-08-13T03:00:00+03:00,03:00,41909.86
2026-08-13T04:00:00+03:00,04:00,40945.6
2026-08-13T05:00:00+03:00,05:00,40788.4
2026-08-13T06:00:00+03:00,06:00,41044.54
2026-08-13T07:00:00+03:00,07:00,44108.09
2026-08-13T08:00:00+03:00,08:00,51220.59
2026-08-13T09:00:00+03:00,09:00,55075.27
2026-08-13T10:00:00+03:00,10:00,56511.12
2026-08-13T11:00:00+03:00,11:00,57666.11
2026-08-13T12:00:00+03:00,12:00,56647.25
2026-08-13T13:00:00+03:00,13:00,57810.77
2026-08-13T14:00:00+03:00,14:00,58682.06
2026-08-13T15:00:00+03:00,15:00,57490.12
2026-08-13T16:00:00+03:00,16:00,56336.1
2026-08-13T17:00:00+03:00,17:00,55233.61
2026-08-13T18:00:00+03:00,18:00,54066.96
2026-08-13T19:00:00+03:00,19:00,54401.59
2026-08-13T20:00:00+03:00,20:00,55446.94
2026-08-13T21:00:00+03:00,21:00,53970.15
2026-08-13T22:00:00+03:00,22:00,51838.8
2026-08-13T23:00:00+03:00,23:00,49077.97
2026-08-14T00:00:00+03:00,00:00,47250.39
2026-08-14T01:00:00+03:00,01:00,44710.44
2026-08-14T02:00:00+03:00,02:00,43275.65
2026-08-14T03:00:00+03:00,03:00,41928.21
2026-08-14T04:00:00+03:00,04:00,40886.4
2026-08-14T05:00:00+03:00,05:00,40809.17
2026-08-14T06:00:00+03:00,06:00,41064.81
2026-08-14T07:00:00+03:00,07:00,44081.84
2026-08-14T08:00:00+03:00,08:00,51006.07
2026-08-14T09:00:00+03:00,09:00,54274.12
2026-08-14T10:00:00+03:00,10:00,55088.58
2026-08-14T11:00:00+03:00,11:00,56279.43
2026-08-14T12:00:00+03:00,12:00,54198.18
2026-08-14T13:00:00+03:00,13:00,53952.03
2026-08-14T14:00:00+03:00,14:00,55688.86
2026-08-14T15:00:00+03:00,15:00,55257.95
2026-08-14T16:00:00+03:00,16:00,54029.93
2026-08-14T17:00:00+03:00,17:00,52940.18
2026-08-14T18:00:00+03:00,18:00,51720.85
2026-08-14T19:00:00+03:00,19:00,52043.44
2026-08-14T20:00:00+03:00,20:00,52708.86
2026-08-14T21:00:00+03:00,21:00,51231.61
2026-08-14T22:00:00+03:00,22:00,49325.06
2026-08-14T23:00:00+03:00,23:00,47491.64
2026-08-15T00:00:00+03:00,00:00,44372.86
2026-08-15T01:00:00+03:00,01:00,41837.94
2026-08-15T02:00:00+03:00,02:00,41748.54
2026-08-15T03:00:00+03:00,03:00,40451.95
2026-08-15T04:00:00+03:00,04:00,39448.09
2026-08-15T05:00:00+03:00,05:00,39203.96
2026-08-15T06:00:00+03:00,06:00,39078.48
2026-08-15T07:00:00+03:00,07:00,41097.62
2026-08-15T08:00:00+03:00,08:00,45833.26
2026-08-15T09:00:00+03:00,09:00,48273.13
2026-08-15T10:00:00+03:00,10:00,49824.94
2026-08-15T11:00:00+03:00,11:00,50228.51
2026-08-15T12:00:00+03:00,12:00,49352.29
2026-08-15T13:00:00+03:00,13:00,49830.22
2026-08-15T14:00:00+03:00,14:00,49777.64
2026-08-15T15:00:00+03:00,15:00,48985.55
2026-08-15T16:00:00+03:00,16:00,47715.68
2026-08-15T17:00:00+03:00,17:00,47513.16
2026-08-15T18:00:00+03:00,18:00,48319.71
2026-08-15T19:00:00+03:00,19:00,49206.28
2026-08-15T20:00:00+03:00,20:00,50192.29
2026-08-15T21:00:00+03:00,21:00,48983.3
2026-08-15T22:00:00+03:00,22:00,46716.37
2026-08-15T23:00:00+03:00,23:00,45071.15
2026-08-16T00:00:00+03:00,00:00,42742.68
2026-08-16T01:00:00+03:00,01:00,40893.67
2026-08-16T02:00:00+03:00,02:00,39157.4
2026-08-16T03:00:00+03:00,03:00,37900.81
2026-08-16T04:00:00+03:00,04:00,36844.3
2026-08-16T05:00:00+03:00,05:00,36453.67
2026-08-16T06:00:00+03:00,06:00,35958.23
2026-08-16T07:00:00+03:00,07:00,36745.83
2026-08-16T08:00:00+03:00,08:00,38509.63
2026-08-16T09:00:00+03:00,09:00,39820.71
2026-08-16T10:00:00+03:00,10:00,41486.9
2026-08-16T11:00:00+03:00,11:00,42530.72
2026-08-16T12:00:00+03:00,12:00,43064.28
2026-08-16T13:00:00+03:00,13:00,43123.37
2026-08-16T14:00:00+03:00,14:00,42339.97
2026-08-16T15:00:00+03:00,15:00,41889.88
2026-08-16T16:00:00+03:00,16:00,41368.57
2026-08-16T17:00:00+03:00,17:00,41827.91
2026-08-16T18:00:00+03:00,18:00,43079.14
2026-08-16T19:00:00+03:00,19:00,44720.05
2026-08-16T20:00:00+03:00,20:00,46209.53
2026-08-16T21:00:00+03:00,21:00,45181.0
2026-08-16T22:00:00+03:00,22:00,43754.92
2026-08-16T23:00:00+03:00,23:00,42278.31
2026-08-17T00:00:00+03:00,00:00,40644.03
2026-08-17T01:00:00+03:00,01:00,38665.23
2026-08-17T02:00:00+03:00,02:00,37085.5
2026-08-17T03:00:00+03:00,03:00,36109.7
2026-08-17T04:00:00+03:00,04:00,35324.55
2026-08-17T05:00:00+03:00,05:00,35703.0
2026-08-17T06:00:00+03:00,06:00,36281.06
2026-08-17T07:00:00+03:00,07:00,40070.01
2026-08-17T08:00:00+03:00,08:00,47623.76
2026-08-17T09:00:00+03:00,09:00,50636.44
2026-08-17T10:00:00+03:00,10:00,51899.88
2026-08-17T11:00:00+03:00,11:00,52769.52
2026-08-17T12:00:00+03:00,12:00,51845.81
2026-08-17T13:00:00+03:00,13:00,52490.29
2026-08-17T14:00:00+03:00,14:00,53456.32
2026-08-17T15:00:00+03:00,15:00,52501.07
2026-08-17T16:00:00+03:00,16:00,51884.08
2026-08-17T17:00:00+03:00,17:00,50679.71
2026-08-17T18:00:00+03:00,18:00,49486.34
2026-08-17T19:00:00+03:00,19:00,49920.19
2026-08-17T20:00:00+03:00,20:00,51284.85
2026-08-17T21:00:00+03:00,21:00,49810.2
2026-08-17T22:00:00+03:00,22:00,47699.0
2026-08-17T23:00:00+03:00,23:00,45592.63
2026-08-18T00:00:00+03:00,00:00,42844.1
2026-08-18T01:00:00+03:00,01:00,41361.05
2026-08-18T02:00:00+03:00,02:00,39725.71
2026-08-18T03:00:00+03:00,03:00,38663.44
2026-08-18T04:00:00+03:00,04:00,37806.97
2026-08-18T05:00:00+03:00,05:00,37826.27
2026-08-18T06:00:00+03:00,06:00,38318.47
2026-08-18T07:00:00+03:00,07:00,41475.21
2026-08-18T08:00:00+03:00,08:00,48226.4
2026-08-18T09:00:00+03:00,09:00,51044.93
2026-08-18T10:00:00+03:00,10:00,51903.87
2026-08-18T11:00:00+03:00,11:00,52859.27
2026-08-18T12:00:00+03:00,12:00,51927.45
2026-08-18T13:00:00+03:00,13:00,53320.82
2026-08-18T14:00:00+03:00,14:00,54001.72
2026-08-18T15:00:00+03:00,15:00,53074.36
2026-08-18T16:00:00+03:00,16:00,52492.64
2026-08-18T17:00:00+03:00,17:00,51583.72
2026-08-18T18:00:00+03:00,18:00,50711.03
2026-08-18T19:00:00+03:00,19:00,51469.51
2026-08-18T20:00:00+03:00,20:00,51929.93
2026-08-18T21:00:00+03:00,21:00,50221.09
2026-08-18T22:00:00+03:00,22:00,48432.53
2026-08-18T23:00:00+03:00,23:00,46387.54
2026-08-19T00:00:00+03:00,00:00,43497.8
2026-08-19T01:00:00+03:00,01:00,41901.57
2026-08-19T02:00:00+03:00,02:00,40301.25
2026-08-19T03:00:00+03:00,03:00,39148.68
2026-08-19T04:00:00+03:00,04:00,38192.33
2026-08-19T05:00:00+03:00,05:00,38273.25
2026-08-19T06:00:00+03:00,06:00,38888.99
2026-08-19T07:00:00+03:00,07:00,41887.1
2026-08-19T08:00:00+03:00,08:00,48675.34
2026-08-19T09:00:00+03:00,09:00,51982.27
2026-08-19T10:00:00+03:00,10:00,52156.22
2026-08-19T11:00:00+03:00,11:00,53109.57
2026-08-19T12:00:00+03:00,12:00,52091.27
2026-08-19T13:00:00+03:00,13:00,53299.9
2026-08-19T14:00:00+03:00,14:00,54421.69
2026-08-19T15:00:00+03:00,15:00,53860.98
2026-08-19T16:00:00+03:00,16:00,52905.28
2026-08-19T17:00:00+03:00,17:00,51655.82
2026-08-19T18:00:00+03:00,18:00,50821.46
2026-08-19T19:00:00+03:00,19:00,51501.86
2026-08-19T20:00:00+03:00,20:00,52198.9
2026-08-19T21:00:00+03:00,21:00,50440.37
2026-08-19T22:00:00+03:00,22:00,48551.19
2026-08-19T23:00:00+03:00,23:00,46596.07
2026-08-20T00:00:00+03:00,00:00,44372.49
2026-08-20T01:00:00+03:00,01:00,42558.76
2026-08-20T02:00:00+03:00,02:00,40909.58
2026-08-20T03:00:00+03:00,03:00,39688.28
2026-08-20T04:00:00+03:00,04:00,38792.91
2026-08-20T05:00:00+03:00,05:00,38822.8
2026-08-20T06:00:00+03:00,06:00,39524.81
2026-08-20T07:00:00+03:00,07:00,42347.13
2026-08-20T08:00:00+03:00,08:00,49499.97
2026-08-20T09:00:00+03:00,09:00,52929.17
2026-08-20T10:00:00+03:00,10:00,54133.22
2026-08-20T11:00:00+03:00,11:00,55113.17
2026-08-20T12:00:00+03:00,12:00,54289.61
2026-08-20T13:00:00+03:00,13:00,55269.95
2026-08-20T14:00:00+03:00,14:00,56120.85
2026-08-20T15:00:00+03:00,15:00,54626.78
2026-08-20T16:00:00+03:00,16:00,53743.59
2026-08-20T17:00:00+03:00,17:00,52831.99
2026-08-20T18:00:00+03:00,18:00,52362.76
2026-08-20T19:00:00+03:00,19:00,53008.08
2026-08-20T20:00:00+03:00,20:00,53285.07
2026-08-20T21:00:00+03:00,21:00,51997.39
2026-08-20T22:00:00+03:00,22:00,49936.17
2026-08-20T23:00:00+03:00,23:00,47114.54
2026-08-21T00:00:00+03:00,00:00,45230.73
2026-08-21T01:00:00+03:00,01:00,42911.06
2026-08-21T02:00:00+03:00,02:00,41245.61
2026-08-21T03:00:00+03:00,03:00,39949.53
2026-08-21T04:00:00+03:00,04:00,38590.85
2026-08-21T05:00:00+03:00,05:00,39258.37
2026-08-21T06:00:00+03:00,06:00,39934.56
2026-08-21T07:00:00+03:00,07:00,43112.68
2026-08-21T08:00:00+03:00,08:00,49083.8
2026-08-21T09:00:00+03:00,09:00,51908.18
2026-08-21T10:00:00+03:00,10:00,52873.39
2026-08-21T11:00:00+03:00,11:00,54545.99
2026-08-21T12:00:00+03:00,12:00,53011.66
2026-08-21T13:00:00+03:00,13:00,53379.89
2026-08-21T14:00:00+03:00,14:00,56356.39
2026-08-21T15:00:00+03:00,15:00,55155.32
2026-08-21T16:00:00+03:00,16:00,53980.54
2026-08-21T17:00:00+03:00,17:00,53025.51
2026-08-21T18:00:00+03:00,18:00,52542.13
2026-08-21T19:00:00+03:00,19:00,53246.78
2026-08-21T20:00:00+03:00,20:00,53969.43
2026-08-21T21:00:00+03:00,21:00,51959.71
2026-08-21T22:00:00+03:00,22:00,49897.05
2026-08-21T23:00:00+03:00,23:00,48166.45
2026-08-22T00:00:00+03:00,00:00,45619.32
2026-08-22T01:00:00+03:00,01:00,43452.5
2026-08-22T02:00:00+03:00,02:00,41671.92
2026-08-22T03:00:00+03:00,03:00,40438.23
2026-08-22T04:00:00+03:00,04:00,39468.49
2026-08-22T05:00:00+03:00,05:00,39303.19
2026-08-22T06:00:00+03:00,06:00,39592.43
2026-08-22T07:00:00+03:00,07:00,41507.75
2026-08-22T08:00:00+03:00,08:00,46145.48
2026-08-22T09:00:00+03:00,09:00,49317.28
2026-08-22T10:00:00+03:00,10:00,50788.62
2026-08-22T11:00:00+03:00,11:00,51936.87
2026-08-22T12:00:00+03:00,12:00,51593.85
2026-08-22T13:00:00+03:00,13:00,52144.6
2026-08-22T14:00:00+03:00,14:00,52099.58
2026-08-22T15:00:00+03:00,15:00,50798.39
2026-08-22T16:00:00+03:00,16:00,49503.01
2026-08-22T17:00:00+03:00,17:00,49512.49
2026-08-22T18:00:00+03:00,18:00,50790.2
2026-08-22T19:00:00+03:00,19:00,51811.04
2026-08-22T20:00:00+03:00,20:00,52151.12
2026-08-22T21:00:00+03:00,21:00,50421.04
2026-08-22T22:00:00+03:00,22:00,48579.3
2026-08-22T23:00:00+03:00,23:00,46451.43
2026-08-23T00:00:00+03:00,00:00,44194.0
2026-08-23T01:00:00+03:00,01:00,41838.71
2026-08-23T02:00:00+03:00,02:00,39971.37
2026-08-23T03:00:00+03:00,03:00,38733.66
2026-08-23T04:00:00+03:00,04:00,37640.65
2026-08-23T05:00:00+03:00,05:00,37281.49
2026-08-23T06:00:00+03:00,06:00,36972.98
2026-08-23T07:00:00+03:00,07:00,38201.95
2026-08-23T08:00:00+03:00,08:00,40050.34
2026-08-23T09:00:00+03:00,09:00,41579.61
2026-08-23T10:00:00+03:00,10:00,42986.62
2026-08-23T11:00:00+03:00,11:00,44556.32
2026-08-23T12:00:00+03:00,12:00,45025.98
2026-08-23T13:00:00+03:00,13:00,45317.17
2026-08-23T14:00:00+03:00,14:00,45440.51
2026-08-23T15:00:00+03:00,15:00,44659.56
2026-08-23T16:00:00+03:00,16:00,43770.21
2026-08-23T17:00:00+03:00,17:00,43976.35
2026-08-23T18:00:00+03:00,18:00,45952.02
2026-08-23T19:00:00+03:00,19:00,47770.21
2026-08-23T20:00:00+03:00,20:00,48771.18
2026-08-23T21:00:00+03:00,21:00,47444.82
2026-08-23T22:00:00+03:00,22:00,45912.57
2026-08-23T23:00:00+03:00,23:00,44503.34
2026-08-24T00:00:00+03:00,00:00,42702.85
2026-08-24T01:00:00+03:00,01:00,40593.57
2026-08-24T02:00:00+03:00,02:00,38932.22
2026-08-24T03:00:00+03:00,03:00,37791.6
2026-08-24T04:00:00+03:00,04:00,36909.29
2026-08-24T05:00:00+03:00,05:00,36539.85
2026-08-24T06:00:00+03:00,06:00,37891.05
2026-08-24T07:00:00+03:00,07:00,41515.62
2026-08-24T08:00:00+03:00,08:00,49215.16
2026-08-24T09:00:00+03:00,09:00,53040.96
2026-08-24T10:00:00+03:00,10:00,54714.64
2026-08-24T11:00:00+03:00,11:00,56182.29
2026-08-24T12:00:00+03:00,12:00,55428.83
2026-08-24T13:00:00+03:00,13:00,56608.48
2026-08-24T14:00:00+03:00,14:00,57464.26
2026-08-24T15:00:00+03:00,15:00,57061.91
2026-08-24T16:00:00+03:00,16:00,55577.99
2026-08-24T17:00:00+03:00,17:00,54650.15
2026-08-24T18:00:00+03:00,18:00,53995.37
2026-08-24T19:00:00+03:00,19:00,54588.04
2026-08-24T20:00:00+03:00,20:00,54955.0
2026-08-24T21:00:00+03:00,21:00,53369.03
2026-08-24T22:00:00+03:00,22:00,51285.63
2026-08-24T23:00:00+03:00,23:00,48833.92
2026-08-25T00:00:00+03:00,00:00,46204.79
2026-08-25T01:00:00+03:00,01:00,43802.29
2026-08-25T02:00:00+03:00,02:00,41926.62
2026-08-25T03:00:00+03:00,03:00,40672.5
2026-08-25T04:00:00+03:00,04:00,39682.67
2026-08-25T05:00:00+03:00,05:00,39461.15
2026-08-25T06:00:00+03:00,06:00,38724.58
2026-08-25T07:00:00+03:00,07:00,36713.27
2026-08-25T08:00:00+03:00,08:00,41483.72
